uri,cid,author_handle,author_name,text,author_data,post_data,embed_data,reply_count,repost_count,like_count,quote_count,bookmark_count,indexed_at,created_at,in_reply_to,in_reply_root,quotes,tags,mentions,links,langs,labels
at://did:plc:5bgeg5epcdwzdtnavkddal6u/app.bsky.feed.post/3mv25eslwe72w,bafyreifaifglrm7x4hj6qv7zuquzozxis4gfojswqslxha33ckgb57qf3e,sitkamedia.bsky.social,Sitka Media,"BC is installing new signs along the Canada-US border declaring the province will “NEVER be the 51st state.”

Premier David Eby says the signs send a “uniquely Canadian message” amid escalating tensions with US President Donald Trump.

🔗 Read more: https://loom.ly/2GQvPjc

#bcpoli #cdnpoli",,,,0,0,0,0,0,2026-09-08T23:10:01Z,2026-09-08T23:10:00Z,NA,NA,NA,,,,,
at://did:plc:ifi6xqgbojwquosnkvzx3gna/app.bsky.feed.post/3mv2556xmp22y,bafyreibnovaejwls37yuvktew7odfjgejvsfesmfvj44p2fglvhoplvaaa,leftcoasttreefrog.bsky.social,Left Coast Tree Frog 🕊️,"The Associated Press says it will still refer to Lake Ontario, not Lake America.
#cdnpoli
www.winnipegfreepress.com/canada/2026/...",,,,0,0,0,0,0,2026-09-08T23:05:46Z,2026-09-08T23:05:45Z,NA,NA,NA,,,,,
at://did:plc:abt5tpb7lqr7vopkrkwfswwq/app.bsky.feed.post/3mv24vewtvu2s,bafyreiad3qnl4q2z37i3dq6l3q7shki4rvxw636hqwf2aqzscqpewcbtly,canadareport.org,Canada Report,"Selon une étude | Les microplastiques pourraient propager la pollution

Canada’s fastest news scan: 25+ headlines, no clutter, updated all day: CanadaReport.org

#cdnpoli #Canada #News 
Read Original Article 🔗",,,,0,0,0,0,0,2026-09-08T23:01:23Z,NA,NA,NA,NA,,,,,
at://did:plc:rkyu6mb3uieyk6nel54xwisl/app.bsky.feed.post/3mv24u3nmyc2l,bafyreiez6lkljknb6jjxgh577jrnkf62z72z6gdeu66matv5mqhyxrrvk4,smikooman.bsky.social,Doug Johnson 🇨🇦,"B.C. Premier David Eby dons a Kenora, ON dinner jacket to say ""We're all in this together"" (à la Red Green). 

New signs are going up at B.C. borders: ""Welcome to British Columbia, Canada. Strong, proud, and will never be the 51st state. Sorry.""
🇨🇦💪 #CdnPoli",,,,0,2,6,0,0,2026-09-08T23:00:42Z,2026-09-08T23:00:39Z,NA,NA,NA,,,,,
at://did:plc:4ownlsrdmnvwgzmcdi2bof6s/app.bsky.feed.post/3mv24trtux22y,bafyreihynk5eozeorztpsgyggtl7stb4sb3ekvtipiyut5jldbclitavfe,peipolitical.bsky.social,PEIPolitical 🇨🇦,"Trump just now, on a deceased 9/11 rescuer:
""The Man in the Red Bandana. Have you heard of him? He's become more famous than me. I don't like it. Very unhappy. But he's become much more famous than me."" #cdnpoli",,,,2,4,4,0,0,2026-09-08T23:00:31Z,2026-09-08T23:00:29Z,NA,NA,NA,,,,,
at://did:plc:z22iojvb45xno3nblfy6fcwg/app.bsky.feed.post/3mv24tinhta25,bafyreihfflp47ki66y66g5eruqoqnqr2ahtqjxllcww2ehxnjxxq2bu764,trendtags.bsky.social,Trending Tags (Beta),"🌟 BlueSky trending hashtags (1h):

#bb28 #aiイラスト #art #scotus #nsfw #furry #aiart #zelda #furryart #awesomecharacters #cdnpoli #tummytuesday #oot #godzilla #photography",,,,0,0,0,1,0,2026-09-08T23:00:20Z,2026-09-08T23:00:19Z,NA,NA,NA,,,,,
at://did:plc:z22iojvb45xno3nblfy6fcwg/app.bsky.feed.post/3mv24ti2m6u2n,bafyreigmbczqxnpdsrgz2vw55tsi4j6amcog6zjxnpz3sn2fqmhacwd4ku,trendtags.bsky.social,Trending Tags (Beta),"🔥 BlueSky trending hashtags (30m):

#bb28 #zelda #art #aiイラスト #furryart #cdnpoli #tummytuesday #nsfw #furry #vore #aiart #섹블 #oot #oc #photography",,,,0,0,1,1,0,2026-09-08T23:00:19Z,2026-09-08T23:00:19Z,NA,NA,NA,,,,,
at://did:plc:z22iojvb45xno3nblfy6fcwg/app.bsky.feed.post/3mv24thcdwr2r,bafyreiehikqbt2qmowgrdi2diy63u5wmzznwp2hug6vleygxg6czk7jspu,trendtags.bsky.social,Trending Tags (Beta),"🚀 BlueSky trending hashtags (15m):

#bb28 #art #furryart #aiイラスト #furry #cdnpoli #oc #섹블 #nsfw #usopen #aiart #tummytuesday #zelda #섹트 #sunsetchat",,,,0,0,0,1,0,2026-09-08T23:00:18Z,2026-09-08T23:00:18Z,NA,NA,NA,,,,,
at://did:plc:4ownlsrdmnvwgzmcdi2bof6s/app.bsky.feed.post/3mv24odhiok2y,bafyreielytinwmwtnlo5v777pynu2vyjhdo3yztxuqizfqfk46a63q63iy,peipolitical.bsky.social,PEIPolitical 🇨🇦,"BC Premier David Eby just gave a strong message to Donald Trump
""Welcome to BC Canada. Strong, proud, & never the 51st state. Sorry. This is a uniquely Canadian message. It's confident, good humor, and it's unmistakably clear. British Columbia is part of Canada and Canada is not for sale."" #cdnpoli",,,,1,9,26,2,0,2026-09-08T22:57:28Z,2026-09-08T22:57:26Z,NA,NA,NA,,,,,
at://did:plc:g323nwoy6rzvxylyjmn243qu/app.bsky.feed.post/3mv24ln7hfc2i,bafyreielkpsueaodm7kr4dn2ytrsonj5f662m5dxg55pqvuobuarubrk5y,electricbluesfan.bsky.social,RichardJR,"1/6 🇺🇸 🇮🇸 TRUMP'S EXPANSIONIST MAP RATTLES NORDIC ALLIES 🇮🇸 🇺🇸

The U.S. President posted a map draping the American flag over North America, Greenland, and Iceland. 

Reykjavík just summoned the U.S. ambassador in protest.

Source: CBC News
#WorldPolitics #Geopolitics #CdnPoli #Iceland #Greenland",,,,1,0,1,0,0,2026-09-08T22:55:56Z,2026-09-08T22:55:56Z,NA,NA,NA,,,,,
at://did:plc:4ownlsrdmnvwgzmcdi2bof6s/app.bsky.feed.post/3mv24jqluyc2y,bafyreiguhwsxyx7bl7ljwpxcanfzqwichodmgbpizyk2umzllgixuui5bq,peipolitical.bsky.social,PEIPolitical 🇨🇦,"Jean Charest: ""Bombardier has more American content in their planes than Gulfstream. So if they choose to go ahead with this, not only are they going to shoot themselves in the foot, they're gonna shoot themselves in both feet."" #cdnpoli",,,,0,13,37,0,0,2026-09-08T22:54:53Z,2026-09-08T22:54:52Z,NA,NA,NA,,,,,
at://did:plc:eaeuyrvdlqvjgznelgcdimct/app.bsky.feed.post/3mv24hyz34c2o,bafyreifjkwvl5o74nre7w5wcvavpippoa4i4cdchhi7ebbhlq7usqmy7ke,madhat59kenwood.bsky.social,Ken Wood part owner of 🇨🇦,🤞🇨🇦💪 #cdnpoli,,,,0,1,2,0,0,2026-09-08T22:53:54Z,2026-09-08T22:53:54Z,NA,NA,at://did:plc:3o5sovtnjuhemyd7zrtiwnqy/app.bsky.feed.post/3mv234qvb7s2s,,,,,
at://did:plc:re7tflvczjceanwkco2bseqb/app.bsky.feed.post/3mv24eb5jsk2s,bafyreia6driufcq5qu5e5bedkrrf32ejsu74h7c3a3ldzil3kxpdeu2sx4,bella-andme.bsky.social,Sherry Lee,"Another sharp take by @deadder.bsky.social 

#cdnpoli",,,,0,1,1,0,0,2026-09-08T22:51:52Z,2026-09-08T22:51:48Z,NA,NA,NA,,,,,
at://did:plc:rvw7zea2uepqd5anhcg6y2q2/app.bsky.feed.post/3mv24dtapgk24,bafyreib35ctmkrriu3yvagw5d6xhuam5evd7k6i32aiixb3tqljoxu2xce,cdnmilitarysupport.bsky.social,,Canada to be the largest global uranium exporter. #CdnPoli,,,,0,1,1,0,0,2026-09-08T22:51:36Z,2026-09-08T22:51:34Z,NA,NA,NA,,,,,
at://did:plc:xuivv5lfdceerbemwheokikj/app.bsky.feed.post/3mv24bkqmbc2r,bafyreif64yyqeodht66fazdlikvpo2td6j3dbvzru5vw53w77wxqbh3z2a,mikebednarski.bsky.social,Michael Bednarski 🇨🇦,"If Canada bans goods from West Bank settlements, does that mean no more Soda Stream? #cdnpoli",,,,0,0,0,0,0,2026-09-08T22:50:18Z,2026-09-08T22:50:18Z,NA,NA,NA,,,,,
at://did:plc:re7tflvczjceanwkco2bseqb/app.bsky.feed.post/3mv245jop222g,bafyreigufaqdeum6okbsug33zhzgd2slkqvqtlndyd3mhmnr4ewfho3424,bella-andme.bsky.social,Sherry Lee,"Indeed. He evaded the direct question about running for a seat in Toronto (given that he was in a Toronto basement apartment) and reiterated he’s not seeking a seat. 
Could he be worried he wouldn’t win a seat if he ran? 

#pnpcbc #cdnpoli",,,,1,0,2,0,0,2026-09-08T22:48:03Z,2026-09-08T22:48:02Z,at://did:plc:sw5qmiw6x4mtoozq2fj6xoua/app.bsky.feed.post/3mv23wsn62k22,at://did:plc:tkfg6eimgd36nkcagcayhmvv/app.bsky.feed.post/3mv22pvqphc2p,NA,,,,,
at://did:plc:pcgt3dnccbxxg6fwj5cjjef2/app.bsky.feed.post/3mv23zmbjj5l2,bafyreifozivn5to53vnrdf2o2pwt67imx5ouvesakgtqispmo5pr2jny6m,pinhman.humanwords.party.ap.brid.gy,Gordon J Holtslander,"WesternStandard's Derek Fildebrandt: Bertasplaining independence to the Rest of Canada

Alberta needs to be independent because:

""Canada lowered its flag in self-flagellating shame for months to atone for a “mass graves” hoax. It opened the floodgates of third-world mass migration that is […]",,,,0,0,0,0,0,2026-09-08T22:45:54Z,2026-09-08T22:45:50Z,NA,NA,NA,,,,,
at://did:plc:e2gatef4rgurutqokoorvrpa/app.bsky.feed.post/3mv23yshy6c2a,bafyreibkn2ptnnybdzoudijhtqhketf2hi5klqke6mc3kgso2xiosqhv3y,karenatsharon.bsky.social,,"Canada, U.K., France to ban tr...
www.cbc.ca/news/world/c... #cdnpoli Good!",,,,0,1,0,0,0,2026-09-08T22:45:26Z,2026-09-08T22:45:24Z,NA,NA,NA,,,,,
at://did:plc:z22iojvb45xno3nblfy6fcwg/app.bsky.feed.post/3mv23ymynbw2s,bafyreicwwq6ctkiqcbjso6eszuf42e6yzjjaohte32dxh5r56vtvocuuky,trendtags.bsky.social,Trending Tags (Beta),"🚀 BlueSky trending hashtags (15m):

#bb28 #art #nsfw #cdnpoli #furry #furryart #tummytuesday #diaper #vore #zelda #aiイラスト #ocarinaoftime #fanart #scotus #digitalart",,,,0,0,1,1,0,2026-09-08T22:45:18Z,2026-09-08T22:45:18Z,NA,NA,NA,,,,,
at://did:plc:re7tflvczjceanwkco2bseqb/app.bsky.feed.post/3mv23yhq2cs2g,bafyreigwxrmsopervvwxtrf2j4akfss32t5mamuw57vtzh3k5f2c54zv2u,bella-andme.bsky.social,Sherry Lee,"There it is. 
Emilie Nicolas on “Power & Poiitics” calling out the nervousness Trump and Bessent are feeling - treasury bonds. 

#pnpcbc #cdnpoli
#uspoli
#tradewar",,,,1,0,0,0,0,2026-09-08T22:45:14Z,2026-09-08T22:45:13Z,NA,NA,NA,,,,,
at://did:plc:re7tflvczjceanwkco2bseqb/app.bsky.feed.post/3mv23mjeq2222,bafyreidkzyqeihwj3ananqmrizfrumtzxffiihiwki4h2ood3oq2kxt6my,bella-andme.bsky.social,Sherry Lee,"Avi Lewis talks and talks and talks - he loves the sound of his own voice. That’s not leadership. That’s pontificating. 

#pnpcbc #cdnpoli",,,,2,0,7,0,0,2026-09-08T22:38:37Z,2026-09-08T22:38:32Z,at://did:plc:tkfg6eimgd36nkcagcayhmvv/app.bsky.feed.post/3mv22pvqphc2p,at://did:plc:tkfg6eimgd36nkcagcayhmvv/app.bsky.feed.post/3mv22pvqphc2p,NA,,,,,
at://did:plc:tsnl57oooc2eelirafqdetul/app.bsky.feed.post/3mv23fgfbes2b,bafyreiawzwqvrpuryawgwq4dom2gioafvjgqx5zesxmd43h6yo2zh6ylla,lesundini.bsky.social,🍁lesundini,"USA food is to be guarded against under the Trump-Kennedy theory of nutrition and safety.
#cdnpoli",,,,0,1,0,0,0,2026-09-08T22:34:35Z,2026-09-08T22:34:34Z,at://did:plc:z6sw2k6f33atzhuaw77ynr6r/app.bsky.feed.post/3muzly5aeck2y,at://did:plc:z6sw2k6f33atzhuaw77ynr6r/app.bsky.feed.post/3muzly5aeck2y,NA,,,,,
at://did:plc:abt5tpb7lqr7vopkrkwfswwq/app.bsky.feed.post/3mv237y45vj2f,bafyreibqo4mpihzwuh7wnzj7rkiuj4rulc5kyyawfg3lcoilgfykjafvty,canadareport.org,Canada Report,"Elevra Lithium Announces NAL Expansion Pre-Feasibility Study

Canada’s fastest news scan: 25+ headlines, no clutter, updated all day: CanadaReport.org

#cdnpoli #Canada #News #Business #Economy 
Read Original Article 🔗",,,,0,0,0,0,0,2026-09-08T22:31:32Z,NA,NA,NA,NA,,,,,
at://did:plc:e2gatef4rgurutqokoorvrpa/app.bsky.feed.post/3mv237of6gk27,bafyreid72gl3urtfq67ydzwqqfw47sy6spkkwmkd2w7qxnm5i6np22xm74,karenatsharon.bsky.social,,"U.A.E. warned Netanyahu of maj...
www.cbc.ca/news/world/u...  So he knew and did nothing? Did he let it happen so his bribery trial would be put on hold? This man should be put on trial at the Hague. #Israel #cdnpoli",,,,0,0,1,0,0,2026-09-08T22:31:22Z,2026-09-08T22:31:21Z,NA,NA,NA,,,,,
at://did:plc:tsnl57oooc2eelirafqdetul/app.bsky.feed.post/3mv2375gl5k2b,bafyreibzrglz7vg5osuakk6envfcvzdeha2x3cieck5kh77cngxlngl2jy,lesundini.bsky.social,🍁lesundini,"Yep.  With over 100,000,000 more people than the USA the EU is still a good dance partner.   Educated, industrialized democratic --  a scarce catch in todays world.
It does lack  the military clout of the USA though.
#cdnpoli",,,,0,1,0,0,0,2026-09-08T22:31:05Z,2026-09-08T22:31:03Z,at://did:plc:z6sw2k6f33atzhuaw77ynr6r/app.bsky.feed.post/3muzrmjifhk2y,at://did:plc:z6sw2k6f33atzhuaw77ynr6r/app.bsky.feed.post/3muzrmjifhk2y,NA,,,,,
at://did:plc:mxc7liuon6iq5gzapmmwkq22/app.bsky.feed.post/3mv236hhut224,bafyreie7rmhgtkihsfr5ufplpzqpo47xzzkh446e7r4732owxalf3odp7q,youranoncentral.bsky.social,Anonymous,"Carney on the US trade war: ""The world is opening its doors to us, making Canada the best connected economy in the world. Our businesses now enjoy tariff-free access to 1.5 billion consumers around the world. 

Over the next six months, we will double that number."" #cdnpoli",,,,7,69,235,4,0,2026-09-08T22:30:41Z,2026-09-08T22:30:40Z,NA,NA,NA,,,,,
at://did:plc:z22iojvb45xno3nblfy6fcwg/app.bsky.feed.post/3mv235tvfpy25,bafyreiaeho5enujkimxxpd6vcfr3y42p6f352pmosljqmnbumdleti2jyu,trendtags.bsky.social,Trending Tags (Beta),"🔥 BlueSky trending hashtags (30m):

#bb28 #art #aiイラスト #furry #nsfw #zelda #scotus #furryart #oot #aiart #awesomecharacters #godzilla #cdnpoli #gamedev #tummytuesday",,,,0,0,2,1,0,2026-09-08T22:30:19Z,2026-09-08T22:30:19Z,NA,NA,NA,,,,,
at://did:plc:z22iojvb45xno3nblfy6fcwg/app.bsky.feed.post/3mv235soker2n,bafyreibwc6nrbrxo6lek4ykrjxxbnc43wlswcgevqa5vlvwrwm4pjoqztq,trendtags.bsky.social,Trending Tags (Beta),"🚀 BlueSky trending hashtags (15m):

#bb28 #zelda #furry #art #nsfw #cdnpoli #aiイラスト #furryart #oot #awesomecharacters #hyper #aiart #gamedev #anime #musicchallenge",,,,0,0,2,1,0,2026-09-08T22:30:18Z,2026-09-08T22:30:18Z,NA,NA,NA,,,,,
at://did:plc:rvw7zea2uepqd5anhcg6y2q2/app.bsky.feed.post/3mv234crl4k24,bafyreiewj3peewgdsk2lcc5y3uu34q3u4cht67omlqm5oj2tzku4lnvwci,cdnmilitarysupport.bsky.social,,Norwegian company Kongsberg to deliver remote system weapons system for Canada's LAV 6-based armoured combat support vehicles #CdnPoli #Norway #EU #Military,,,,0,0,1,0,0,2026-09-08T22:29:30Z,2026-09-08T22:29:28Z,NA,NA,NA,,,,,
at://did:plc:waqlkcmw73iivzgojfbase4d/app.bsky.feed.post/3mv23433lki72,bafyreigfzgsmlituuskdfa3kj3cvy7dfhuo5wzig6byrezusfuqyetu6um,hanspetermeyer.mstdn.ca.ap.brid.gy,Rev.Hans :mstdnca:,"RE: https://mstdn.ca/@CanadianPolling/117236715261773353

#Canada #cdnpoli #economy @canada 🇨🇦",,,,0,0,0,0,0,2026-09-08T22:29:28Z,2026-09-08T22:29:12Z,NA,NA,NA,,,,,
at://did:plc:e2pdzlrs3z23vjmizjuvk4vv/app.bsky.feed.post/3mv22wy4hb22o,bafyreigjtlemxoqvwbgbyldg2n7meh6v2jutck5jwvzheob76rvd2o6ngq,josemachismo.bsky.social,José Machismo 🇨🇦🇪🇸🤘,"“And these are more than deals, they're agreements.”

Fuck does that mean?

And these are more than cars, they're automobiles.

And these are more than sofas, they're couches.

😂😂😂😂😂

#canpoli #cdnpoli",,,,0,0,0,0,0,2026-09-08T22:26:29Z,2026-09-08T22:26:29Z,NA,NA,at://did:plc:mxc7liuon6iq5gzapmmwkq22/app.bsky.feed.post/3mv22jhc4d224,,,,,
at://did:plc:pxtzur3xjhh45lxa2p6s5qxd/app.bsky.feed.post/3mv22ue3r6c2y,bafyreidablaazzunccptj2odbfqxdwjhbx2feesnwvknydfxe7di62oa7q,rsteinkfut.bsky.social,Robyn,Justice to them #abpoli #cdnpoli,,,,0,0,2,0,0,2026-09-08T22:25:05Z,2026-09-08T22:25:01Z,NA,NA,at://did:plc:jbvnehrrdqoulco4rf5gxg5r/app.bsky.feed.post/3muzzqqzzsn2e,,,,,
at://did:plc:e4qglzjpa4pcasim3rpqsicy/app.bsky.feed.post/3mv22tstwxs2a,bafyreig3zv3atrl3rlbkliczravcu55wz2xgj72d4olt3hiid7hoshwmnq,thesaanichdaily.bsky.social,Club Saanich,"Reading so many of the replies from rad libs and centrists praising one of the worst humans in Canadian history is deeply depressing. "" But he did some good things"" Sure, Musolini unified Italy too, oof.

#cdnpoli",,,,0,1,5,0,0,2026-09-08T22:24:43Z,2026-09-08T22:24:43Z,NA,NA,at://did:plc:4yb2pjejfziah3eork7stm6j/app.bsky.feed.post/3muzikg7yw222,,,,,
at://did:plc:gv3qn6f23vvn4v4fxu7flbbb/app.bsky.feed.post/3mv22sav6ss2t,bafyreigrelyk2b6f2ji5baunkb5o6obsqkrlco4ftq26yisyznwfaze3le,jackhill.bsky.social,Jack Hill,"‘South Park’ creators rename their show ‘South America’ as a troll

In response to Trump’s Lake America, Gulf of America and future New Mexico - New America - comedy show fights back

#ontpoli #cdnpoli #comedy",,,,0,0,2,0,0,2026-09-08T22:23:51Z,2026-09-08T22:23:50Z,NA,NA,NA,,,,,
at://did:plc:oqrlb6ouek7aa3bthvddehv3/app.bsky.feed.post/3mv22pn7r3c2c,bafyreifec5d72qbuytkd2y6cbauo3fa2c37vgd7pifpoz5rikwiiy6sudm,caff3.bsky.social,,"Kids are bigger now, but 2016, we had to explain why the USA had kids in cages.

It's much worse now. The rot at the core of their beliefs and values has grown.

There are so many that want my Canada to disappear.
This will not happen. 🍁  Generations will fight.
#StrongandFree  #cdnpoli",,,,0,0,1,0,0,2026-09-08T22:22:23Z,2026-09-08T22:22:23Z,NA,NA,NA,,,,,
at://did:plc:iyyzcuc24pgchmsbjnsa3wu3/app.bsky.feed.post/3mv22nvb6as2f,bafyreift72icxnsjudcpepy3r2235s4d5xxdxt3gwltlcalzlo6hvoauyu,torontokate.bsky.social,🎶 I Will Choose Freewill 🇨🇦,"Canadian terrorist sympathizers are the very worst

Does anyone claim this person?

But ""we"" allowed it. We allowed 3 years of protesting in our streets and our youngers (the ones who will be queer and democratic socialists) to parade around with their unhinged scripts without challenge.

#cdnpoli",,,,0,0,0,0,0,2026-09-08T22:21:28Z,2026-09-08T22:21:24Z,NA,NA,NA,,,,,
at://did:plc:2o32nk7gspblkwu7poi64ypd/app.bsky.feed.post/3mv22n2azt32f,bafyreiaj62nwvqd2is3kjf4ven4g3hrcxsh6x5gpgmesfpjbwofdhagpie,frontiercentre.bsky.social,Frontier Centre for Public Policy,"Senior Fellow Pierre Gilbert argues that PM Carney’s government fails Canadians through deficit spending, heavy taxation, weak resource development, unsustainable immigration and speech controls.
https://youtu.be/au64N46zC28 #cdnpoli #immigration #freespeech",,,,0,0,0,0,0,2026-09-08T22:20:56Z,2026-09-08T22:20:55Z,NA,NA,NA,,,,,
at://did:plc:mxc7liuon6iq5gzapmmwkq22/app.bsky.feed.post/3mv22jhc4d224,bafyreigtboo4h4qsdiirpof6soqh4ueqgu6vrqcsxyo52q65f7e4yf74uy,youranoncentral.bsky.social,Anonymous,"Carney on US trade war: ""we've been steering our economy towards trusted partners. We've signed 20 trade and defence agreements across four different continents. And these are more than deals, they're agreements.

Deals privilege the few, agreements benefit the many."" #cdnpoli",,,,9,68,259,6,2,2026-09-08T22:18:57Z,2026-09-08T22:18:55Z,NA,NA,NA,,,,,
at://did:plc:g323nwoy6rzvxylyjmn243qu/app.bsky.feed.post/3mv22imvzlc2i,bafyreiddubyd5mzsjqyyie6oqwurkr3wx2paebz6xjpjnbozgqqqn2c55u,electricbluesfan.bsky.social,RichardJR,"1/6 🇨🇦 ALBERTA SEPARATION 'A FICTION'? 🇨🇦

With the referendum under 45 days away, top executives are breaking their silence. 

The verdict? Leaving Canada guarantees massive uncertainty.

Source: CBC News
#EnergySky #CdnPoli #AbLeg #Wexit #Economy",,,,1,3,3,0,0,2026-09-08T22:18:28Z,2026-09-08T22:18:27Z,NA,NA,NA,,,,,
at://did:plc:k6a35s56ijvrb4zjkq4ojll5/app.bsky.feed.post/3mv22cz56gf2d,bafyreih5d7jx76o2wblggjqcgmikyx64s3vourloapg6tnifzfmax42bee,toptags.bsky.social,Trending Hashtags,"🚀 BlueSky trending hashtags (15m) #16-30:

#septenmber #cdnpoli #lookandsee #gay #sketch #gayporn #digitalart #photography #musicsky #fanart #awesomecharacters #abdl #booksky #oc #writingcommunity

👇 #1-15 trending hashtags",,,,0,0,4,0,0,2026-09-08T22:15:19Z,2026-09-08T22:15:19Z,NA,NA,at://did:plc:z22iojvb45xno3nblfy6fcwg/app.bsky.feed.post/3mv22cytope2n,,,,,
at://did:plc:g323nwoy6rzvxylyjmn243qu/app.bsky.feed.post/3muzzxcfq722i,bafyreighsqudb3fcp6iszi4gn2gpe5ii5criy7dexnpb5oasvygku7rbjm,electricbluesfan.bsky.social,RichardJR,"1/5 🇨🇦 🇺🇸 B.C. UNVEILS DEFIANT NEW U.S. BORDER SIGNS 🇺🇸 🇨🇦

Premier David Eby has sent a blunt warning to Donald Trump as cross-border tensions escalate.

Canada will never bow to threats.

Source: CBC News
#WorldPolitics #CdnPoli #BcPoli #Tariffs #Trade",,,,1,2,8,0,0,2026-09-08T22:08:46Z,2026-09-08T22:08:46Z,NA,NA,NA,,,,,
at://did:plc:r2qm5vzmsns46l4n6e6rjh2a/app.bsky.feed.post/3muzzwxf4yk23,bafyreicdntevnht7sli6ncosxvq3urk64rf4vfmltnhvbr4snwl7bg6na4,brucedc77.bsky.social,Bruce D. Cowherd   🇨🇦,"Canadians have had enough of playing scapegoat to U.S. administrations seeking to deflect blame.
We are reaching the limits of our politeness.
Maybe the Kennedy Center should book another run of ""Come From Away"". 
#cdnpoli #Canada 🇨🇦 #CanadaSky #TeamCanada #CanadaProud  
#ElbowsUpCanada 🍁",,,,0,1,5,0,0,2026-09-08T22:08:36Z,2026-09-08T22:08:34Z,NA,NA,NA,,,,,
at://did:plc:mxc7liuon6iq5gzapmmwkq22/app.bsky.feed.post/3muzzvtno6c24,bafyreiaff5b4lcufgwku2qtqnybrjezeaicaejalbzffpybynxkutggviq,youranoncentral.bsky.social,Anonymous,Canada and the EU are working toward a stronger and more extensive trade and security relationship to be announced at von der Leyen's European Parliament state of the union address on 16 September. Carney will address the European Parliament the next day. #cdnpoli,,,,4,30,128,4,0,2026-09-08T22:07:58Z,2026-09-08T22:07:57Z,NA,NA,at://did:plc:f4hmiztnfsksdncoxxxto3zw/app.bsky.feed.post/3muzznbqdws2m,,,,,
at://did:plc:egl4mfr2njrr2br4vhya7yrf/app.bsky.feed.post/3muzztoy2wk22,bafyreihftxupm42df3f3wmu7rg3zrmtsazbo7tfm5vunetm7xi34tbuutu,judy-bug.bsky.social,judy 🇨🇦,"Foreign interference in Alberta...

#Cdnpoli #abpoli #yeg #yyc #ymm #RedDeer #strathco #shpark #fortSask #StAlbert #Leduc #StonyPlain #SpruceGrove #Lethbridge #MedicineHat #Brooks #ColdLake #Camrose #Drumheller #Banff #Jasper #GrandePrairie #PeaceRiver #Airdrie #Alberta #UCP #Traitors #CanadaSky",,,,0,6,9,0,0,2026-09-08T22:06:46Z,2026-09-08T22:06:45Z,NA,NA,at://did:plc:q5zroikqfmpsiaab34af7xom/app.bsky.feed.post/3muzze6jdwk24,,,,,
at://did:plc:ifi6xqgbojwquosnkvzx3gna/app.bsky.feed.post/3muzzt66skc2f,bafyreifp4ddkbhysovjjsaisvgj6kein5tp6oty7rfvu6ymewqfjjyq67a,leftcoasttreefrog.bsky.social,Left Coast Tree Frog 🕊️,"An additional 30 US troops have been wounded in the war with Iran.
This brings the total number of US troops wounded to 820, while 18 have been killed since the US war on Iran began on 28 February.  Or in Trump speak — more “small potatoes”
#cdnpoli
www.middleeasteye.net/live-blog/li...",,,,0,2,2,0,0,2026-09-08T22:06:28Z,2026-09-08T22:06:27Z,NA,NA,NA,,,,,
at://did:plc:ixt6yldqvtcamcarm6fpgqo5/app.bsky.feed.post/3muzzpqdefs2o,bafyreic4m4glybenbktumgox4v6zcchqiowccv3wt6d5s2dgb3vgnk6yca,shortstackfella.bsky.social,Short Stack Fella 🇨🇦🇺🇦,"Perhaps Canada should consider creating the equivalent of Sweden’s Psychological Defence Agency.

#cdnpoli

mpf.se/psychologica...",,,,0,0,1,0,0,2026-09-08T22:04:34Z,2026-09-08T22:04:32Z,at://did:plc:kqsdfw4cj532lp7bidtdzyyz/app.bsky.feed.post/3muztnqcju22h,at://did:plc:kqsdfw4cj532lp7bidtdzyyz/app.bsky.feed.post/3muztnqcju22h,NA,,,,,
at://did:plc:pxtzur3xjhh45lxa2p6s5qxd/app.bsky.feed.post/3muzzox2fos2h,bafyreihwth6ukckzqmawydkpteanxo5t2nhbnj2llaec4qod3tgcxnhzmy,rsteinkfut.bsky.social,Robyn,"Justice to them, this is a growing concern across the province and country #cdnpoli #abpoli",,,,0,1,0,0,0,2026-09-08T22:04:06Z,2026-09-08T22:04:06Z,at://did:plc:y3xrmnwvkvsq4tqcsgwch4na/app.bsky.feed.post/3muzvqprlpe2g,at://did:plc:y3xrmnwvkvsq4tqcsgwch4na/app.bsky.feed.post/3muzvqprlpe2g,NA,,,,,
at://did:plc:egl4mfr2njrr2br4vhya7yrf/app.bsky.feed.post/3muzzovoej222,bafyreiecficyswbij64sdmm5f43isvya4nrrzqlqheefd67ekar2rgsekq,judy-bug.bsky.social,judy 🇨🇦,"Pretty rich for the guy who helped Stephen Harper push the #fascist IDU #Conservative agenda in USA & UK.  

#cdnpoli #uspoli #ukpoli #IDU #ScheerLunacy #Brexit",,,,0,1,2,0,0,2026-09-08T22:04:05Z,2026-09-08T22:04:04Z,at://did:plc:re7tflvczjceanwkco2bseqb/app.bsky.feed.post/3muzxt2cpis2g,at://did:plc:re7tflvczjceanwkco2bseqb/app.bsky.feed.post/3muzxt2cpis2g,NA,,,,,
at://did:plc:untehckw7zfxotntwflrwz2v/app.bsky.feed.post/3muzzndxq4k25,bafyreidr5onwaeobrpegmdwv5tlv43hukhezdb62d6ut6ze4zgbcuiii2e,unpubmedia.bsky.social,Unpublished.ca,Here’s Where #Canada ’s Counter-Tariffs Will Hit Canadian Wallets The Hardest > unpublished.ca/news-feed-it... #cdnnews #cdnpoli,,,,2,0,1,0,0,2026-09-08T22:03:15Z,2026-09-08T22:03:12Z,NA,NA,NA,,,,,
at://did:plc:egl4mfr2njrr2br4vhya7yrf/app.bsky.feed.post/3muzzmfx6ss22,bafyreidaozmshhhr56ufushetg5z7lhgul53fkhh7jodfozl74vxvbyuzq,judy-bug.bsky.social,judy 🇨🇦,"Scheer also strategized with Republican Mike Roman & helped Harper push a global #IDU agenda.  Roman worked for #KochNetwork & was charged with US election crimes.

Scheer also helped push fascist #conservative agenda in UK = BREXIT.  

#Cdnpoli #UKpoli #IDUPlaybook #ScheerLunacy #CPC #CanadaSky",,,,0,0,1,0,0,2026-09-08T22:02:41Z,2026-09-08T22:02:41Z,at://did:plc:zmtifplkbjpoajjvzhgofwe6/app.bsky.feed.post/3muzxsw2qw22a,at://did:plc:zmtifplkbjpoajjvzhgofwe6/app.bsky.feed.post/3muzxsw2qw22a,NA,,,,,
at://did:plc:eaeuyrvdlqvjgznelgcdimct/app.bsky.feed.post/3muzzkfholk2r,bafyreidb3wtncuc45z55h5piwo5owrfz4qdojpyyxqkv34ptwblgyfvqoq,madhat59kenwood.bsky.social,Ken Wood part owner of 🇨🇦,@aaronwherry.bsky.social why isnt it ever discussed on #PnP & other shows how #JohnTurner warned 🇨🇦s #NAFTA would lead to what we are in today? Why should 🇨🇦 stay in #NAFTA? Why are these things not discussed. Why are MSM implying that we have to have NAFTA? #cdnpoli,,,,0,0,1,0,0,2026-09-08T22:01:33Z,2026-09-08T22:01:33Z,NA,NA,NA,,,,,
at://did:plc:abt5tpb7lqr7vopkrkwfswwq/app.bsky.feed.post/3muzzk6fsxl2i,bafyreicu25cbrkqfxf2g6s2sfbsvhefqo62a2nlqjfu65sob7j3afbawvu,canadareport.org,Canada Report,"Canada’s music rights defender sues AI song generator Suno

Canada’s fastest news scan: 25+ headlines, no clutter, updated all day: CanadaReport.org

#cdnpoli #Canada #News #Tech #AI 
Read Original Article 🔗",,,,0,0,1,0,0,2026-09-08T22:01:26Z,NA,NA,NA,NA,,,,,
at://did:plc:z22iojvb45xno3nblfy6fcwg/app.bsky.feed.post/3muzzi7wees2v,bafyreicp4ndo7xnmg3d6gecu7blzuyyddczngbqz7f5eezirg3qzpun32e,trendtags.bsky.social,Trending Tags (Beta),"🌟 BlueSky trending hashtags (1h):

#bb28 #aiイラスト #art #nsfw #scotus #cdnpoli #furry #photography #furryart #aiart #8weekstoabluewave #musicchallenge #hazbinhotel #septenmber #tummytuesday",,,,0,0,1,1,0,2026-09-08T22:00:20Z,2026-09-08T22:00:20Z,NA,NA,NA,,,,,
at://did:plc:z22iojvb45xno3nblfy6fcwg/app.bsky.feed.post/3muzzi7ckkm2j,bafyreihlpwss3bv6m322aj2pxaht54pjfzmqpywjcwgdcq6p7dupz5fciq,trendtags.bsky.social,Trending Tags (Beta),"🔥 BlueSky trending hashtags (30m):

#scotus #bb28 #art #nsfw #cdnpoli #aiイラスト #womensart #photography #lookandsee #aiart #furry #tummytuesday #furryart #musicchallenge #pixelart",,,,0,0,1,1,0,2026-09-08T22:00:20Z,2026-09-08T22:00:19Z,NA,NA,NA,,,,,
at://did:plc:2o32nk7gspblkwu7poi64ypd/app.bsky.feed.post/3muzzfgdy532u,bafyreibkoqiits2ktiyzdj23xpmjoszwfhzo2hwlxsi7zwjxrtg7iy7d5e,frontiercentre.bsky.social,Frontier Centre for Public Policy,"Ten years after Canada legalized medical assistance in dying, promised safeguards look increasingly shaky. Under current law, those with mental illness are scheduled to become eligible for #MAiD on March 17, 2027. The procedure has reached well beyond ethical bounds. We need to reassess. #cdnpoli",,,,0,1,0,0,0,2026-09-08T21:58:48Z,2026-09-08T21:58:46Z,NA,NA,NA,,,,,
at://did:plc:q5zroikqfmpsiaab34af7xom/app.bsky.feed.post/3muzze6jdwk24,bafyreibppz6djfmvgeghyh6vdzzu4q56l4nwdi5tyed4sicvkped7gytde,ryanjespersen.bsky.social,Ryan Jespersen,"A network of deceptive, AI-generated websites is promoting Alberta separatism, and the people behind it are trying to influence more than just human readers.

@supriya.bsky.social digs into @nationalobserver.com's troubling exposé.

👀 FULL: rtrj.info/090826Supriya

🎧 FULL: rtrj.info/090826 #cdnpoli",,,,0,31,32,2,6,2026-09-08T21:58:07Z,2026-09-08T21:58:04Z,NA,NA,NA,,,,,
at://did:plc:re7tflvczjceanwkco2bseqb/app.bsky.feed.post/3muzz7yfca22g,bafyreieqcct3nfh6osrpzfwqbpyag35tydiey6pnnt7ftxbckhhzqra6qe,bella-andme.bsky.social,Sherry Lee,"Lisa Raitt makes a good point that the noise coming from the Trump camp over the last week, weekend & into today might be a lead up to the Republican convention - done for the base.  

Keeping that in mind, Scott Bessent’s recent comments were made on Breitbart News. 

#pnpcbc #cdnpoli",,,,1,0,0,0,0,2026-09-08T21:55:44Z,2026-09-08T21:55:44Z,NA,NA,NA,,,,,
at://did:plc:4xqt7t2zph634drigtdxdmro/app.bsky.feed.post/3muzz3vjnds2d,bafyreiav36kz4am37jxheziyllpkgjvi6trj74eh32bgphkysba354mc6m,journodale.bsky.social,Dale Smith,It looks like the Green Party leadership is now a Mike Morrice coronation. #cdnpoli,,,,0,2,6,0,0,2026-09-08T21:53:29Z,2026-09-08T21:53:27Z,NA,NA,NA,,,,,
at://did:plc:oya64aulumuj3apwfffocdyf/app.bsky.feed.post/3muzz376td22x,bafyreigwisc4kyvyxphf4h4fqus3deehyyterdkg6vlvqjt5olkz3rcpia,colleenmr.bsky.social,colleenmr🍁,Some trade tidying doesn't mean deeper relations but China's plans to ship through our Arctic seas sure does concern us and our military - let's not let media and the CPC high-jack the the narrative! #cdnpoli,,,,0,1,1,0,0,2026-09-08T21:53:05Z,2026-09-08T21:53:03Z,NA,NA,at://did:plc:cakwbuh7mddm7nnwp2dvbpmq/app.bsky.feed.post/3muzxg2dgvh2j,,,,,
at://did:plc:4xqt7t2zph634drigtdxdmro/app.bsky.feed.post/3muzyxz23pk2d,bafyreicp5k4yj4ukuysip23o5yb426jvtqsnh4xs45skzqyzfzmj5bstly,journodale.bsky.social,Dale Smith,PMO says that Carney met with Quebec business leaders today. #cdnpoli,,,,0,1,6,0,1,2026-09-08T21:51:18Z,2026-09-08T21:51:16Z,NA,NA,NA,,,,,
at://did:plc:g323nwoy6rzvxylyjmn243qu/app.bsky.feed.post/3muzyuulv7s2c,bafyreigmsju6uracsn3wcxgys2ydj7ngcb4s475gozdbkeeswxvqfqjj3e,electricbluesfan.bsky.social,RichardJR,"1/6 🇨🇦 CARNEY'S QUEBEC CLOUT UNSETTLES THE PQ 🇨🇦

Parti Québécois leader Paul St-Pierre Plamondon risks alienating voters by framing federal investments under PM Mark Carney as harmful interference.

Source: Chantal Hébert
L'actualité
#WorldPolitics #CdnPoli #QcPoli #PQ #Carney",,,,2,5,8,0,0,2026-09-08T21:49:31Z,2026-09-08T21:49:31Z,NA,NA,NA,,,,,
at://did:plc:uxj5ihyuzrgxmuvjeanl57ys/app.bsky.feed.post/3muzyo643p2m2,bafyreigqnzmc2gd2ws7t6njsyis7rq3lrxtlfildygo3fofqk2likougpe,chris.mstdn.chrisalemany.ca.ap.brid.gy,Chris Alemany🇺🇦🇨🇦🇪🇸,"“And I think that's something Canadians know now and we understand it better: We are dealing with people who don't believe we should exist,"" Rae said. “

What a horrible state of affairs. But let’s be clear, it is the US Administration only, that has brought this on. They clearly want to break […]",,,,0,4,2,0,0,2026-09-08T21:45:55Z,2026-09-08T21:45:09Z,NA,NA,NA,,,,,
at://did:plc:re7tflvczjceanwkco2bseqb/app.bsky.feed.post/3muzylg4sqs2g,bafyreieualdpcbmdjlnw5b6axhlrwdfpe3ws26o5ncnw3mjbpkssnuoleq,bella-andme.bsky.social,Sherry Lee,"Andrew Scheer is insufferable. 
#cdnpoli",,,,1,1,6,0,0,2026-09-08T21:44:14Z,2026-09-08T21:44:14Z,at://did:plc:tkfg6eimgd36nkcagcayhmvv/app.bsky.feed.post/3muzxybok7s2g,at://did:plc:re7tflvczjceanwkco2bseqb/app.bsky.feed.post/3muzxt2cpis2g,NA,,,,,
at://did:plc:bqvcoxdpr4lp3qmq5cng2w4i/app.bsky.feed.post/3muzyk7qda22b,bafyreiccldh574dyxnda5atbsshgolwd65kbmlmekrgwepnlxthehzr4oq,ogcanada.bsky.social,Unapologetic Lee 🇨🇦,"Trump: “I was looking out from a building in midtown Manhattan directly at the World Trade Center when I saw a second plane, at a tremendous speed, go into the second tower.” thelinkpaper.ca/where-was-do... #cdnpoli #uspol",,,,0,0,0,3,0,2026-09-08T21:43:35Z,2026-09-08T21:43:33Z,NA,NA,NA,,,,,
at://did:plc:6kvdaqlmwqa2jguajjdblmnv/app.bsky.feed.post/3muzyjgmsdk24,bafyreiamsoipgkclskukhgkqq7hnsgikr5nzqdpvlpkeyfgnacijgphkhq,blc1234.bsky.social,BLC_71+ Part Owner of Canada,"Scheer is a Poilievre MapleMAGA blowhard. I really don't know why he is interviewed, he has nothing relevant to add to the conservation.

#NeverPoilievre 
#NeverCPC 
#NeverScheer
#cdnpoli",,,,0,3,6,0,0,2026-09-08T21:43:06Z,2026-09-08T21:43:07Z,NA,NA,at://did:plc:zmtifplkbjpoajjvzhgofwe6/app.bsky.feed.post/3muzxsw2qw22a,,,,,
at://did:plc:e2pdzlrs3z23vjmizjuvk4vv/app.bsky.feed.post/3muzybt2q6k24,bafyreifkqergil6jsu5blfu4uu35tlrz5m7mxt5b6wqchogkx4uqrn2hce,josemachismo.bsky.social,José Machismo 🇨🇦🇪🇸🤘,"I can get behind this. At least European politicians seem to care about the planet being on fire.  Maybe that’ll rub off on ours….

#canpoli #cdnpoli",,,,0,0,0,0,0,2026-09-08T21:38:52Z,2026-09-08T21:38:52Z,NA,NA,at://did:plc:movn6xzezospl7lnkhy7nzpt/app.bsky.feed.post/3muzqr645uc24,,,,,
at://did:plc:e4ksd45nrer7meqyobckwfhj/app.bsky.feed.post/3muzybdjts22k,bafyreihxpgkms6w6r255hymrrry66eakezuovyrkdbrth3ygyxkq55smvq,icyvr.bsky.social,Ian Crook,"An excellent speech that demonstrates the thoughtful, deliberate approach of the Canadian government, compared to the unfocussed American approach to trade. #Cdnpoli #USpoli",,,,0,8,15,1,0,2026-09-08T21:39:32Z,2026-09-08T21:38:35Z,NA,NA,at://did:plc:3l6h5tayy6vycige2igmorv4/app.bsky.feed.post/3muzx244a4s2k,,,,,
at://did:plc:ifi6xqgbojwquosnkvzx3gna/app.bsky.feed.post/3muzy6cruis2d,bafyreihkmlia66v5wzaonz4mlwhmajgc347fm7t3hr7e7ojjerbf6nmc34,leftcoasttreefrog.bsky.social,Left Coast Tree Frog 🕊️,"William Azaroff exits Vancouver mayoral race, leaving Pete Fry as lone progressive.
#bcpoli #vanpoli #cdnpoli

www.winnipegfreepress.com/uncategorize...",,,,1,2,2,0,0,2026-09-08T21:36:55Z,2026-09-08T21:36:54Z,NA,NA,NA,,,,,
at://did:plc:jeibpuiku4aeybewdxqab4w3/app.bsky.feed.post/3muzy4msm222c,bafyreicdedtv5pezljppcn47i2lrqr44fbdjz3oje2iwonzszexm7wv524,westernhemlox.bsky.social,Western Hemlox,"#cdnpoli

www.youtube.com/watch?v=hHuO...",,,,0,0,0,0,0,2026-09-08T21:35:59Z,2026-09-08T21:35:57Z,NA,NA,NA,,,,,
at://did:plc:a2kjkdp4rs6sbx56dmk2hern/app.bsky.feed.post/3muzy3gwe2c24,bafyreidija23g7bmd22ghbojhcce7iedrxoviwadxvpbwiafhlxqptx65y,rzaichkowski.bsky.social,Robert Zaichkowski,"Between threatening to ban sales of Bombardier aircraft and ban Canadian products from US contracts, Donald Trump keeps on shooting himself in the foot! Americans need to #VoteBlue for this November's midterms and end his hostile actions! #shame #cdnpoli #ElbowsUp www.thestar.com/politics/fed...",,,,0,1,2,0,0,2026-09-08T21:36:12Z,2026-09-08T21:35:17Z,NA,NA,NA,,,,,
at://did:plc:abt5tpb7lqr7vopkrkwfswwq/app.bsky.feed.post/3muzxucz6422i,bafyreiezb53l3ljpmkgnt72a5tftqi7ojhzy2wcdwagmzec3wf7ucxccfq,canadareport.org,Canada Report,"Celestica to Host 2026 Investor and Analyst Day on October 27, 2026

Canada’s fastest news scan: 25+ headlines, no clutter, updated all day: CanadaReport.org

#cdnpoli #Canada #News #Business #Economy 
Read Original Article 🔗",,,,0,0,0,0,0,2026-09-08T21:31:19Z,NA,NA,NA,NA,,,,,
at://did:plc:4e7vswp5qrqppoxknd2lkfjk/app.bsky.feed.post/3muzxtm4a4c2a,bafyreiehbjl7iequsaxq32uxph3pnvsqhx3iahrpyeayk67vfwxbaxkljm,cdnelxnstracker.bsky.social,Canadian Elections Tracker,"Jeff Monds will be the BC Libertarian candidate in the Abbotsford-Mission provincial by-election. He has ran several times before provincially and federally. Most recently, he ran in the North Vancouver—Capilano federal by-election.

#cdnpoli #bcpoli",,,,0,0,0,0,0,2026-09-08T21:30:55Z,2026-09-08T21:30:54Z,NA,NA,NA,,,,,
at://did:plc:uaqjbhoi6fwcs3ftjbfqonpn/app.bsky.feed.post/3muzxtam3tk22,bafyreichzt6apuhk7mtuqmeslwd52fdlvxn3uohqwbvjo477xewq6u6hk4,nastycanada.org,Nasty Canada,Ottawa has put $405M toward the Mackenzie Valley Highway. Arctic sovereignty needs more than a road: year-round capacity and Inuit authority over decisions that reshape their homeland. www.nastycanada.org/canadian-wat... #cdnpoli,,,,0,1,1,0,0,2026-09-08T21:30:44Z,2026-09-08T21:30:42Z,NA,NA,NA,,,,,
at://did:plc:re7tflvczjceanwkco2bseqb/app.bsky.feed.post/3muzxt2cpis2g,bafyreic7bkzzvzhcspdsy7nnr32nheyrt3o3i7hc3i4ewn4qvpmte5vf5u,bella-andme.bsky.social,Sherry Lee,"Andrew Scheer & his use of deliberate language.
Twice saying Mark Carney “needs to come clean” insinuating he’s a liar. 
Glad there was pushback on the insistence of showing Canadians what was discussed in negotiations when that would break an NDA.
Give me strength with that man.  
#pnpcbc #cdnpoli",,,,3,2,6,0,0,2026-09-08T21:30:38Z,2026-09-08T21:30:36Z,NA,NA,NA,,,,,
at://did:plc:zmtifplkbjpoajjvzhgofwe6/app.bsky.feed.post/3muzxsw2qw22a,bafyreihyoiax66ob7g4doz5wanaexp4ary7vs4tyh57srjktfrjmgxqsaa,kathleenwester.bsky.social,"Kathleen Westergaard 🇨🇦 MSW, RSW","🇨🇦 #AndrewScheer is a #US citizen 🇺🇸.  Please consider this when he speaks.
#PnP
#PowerandPolitics
#CBC
#cdnpoli
🇨🇦🇨🇦🇨🇦🇨🇦🇨🇦🇨🇦🇨🇦",,,,1,1,7,1,0,2026-09-08T21:30:31Z,2026-09-08T21:30:31Z,NA,NA,NA,,,,,
at://did:plc:2czjy2dwev4cs4gvzkc4tiu7/app.bsky.feed.post/3muzxstmg3c2p,bafyreicjsidq23lkqhfqwlcfgxtq3ejrey72qp3xmckhjqy6nt7fawur2q,antifa2056.bsky.social,antifa2056.bsky.social,"Fuck you trump!
#cdnpoli #CanadaPolitics #BCPolitics #DavidEby
www.cbc.ca/news/canada/...",,,,0,1,1,0,0,2026-09-08T21:30:29Z,2026-09-08T21:30:29Z,NA,NA,NA,,,,,
at://did:plc:z22iojvb45xno3nblfy6fcwg/app.bsky.feed.post/3muzxsk4xlg2s,bafyreig4mku3fct3qvlbqdcpv4tevmdkyceutkzfnud4kcb4434e474aly,trendtags.bsky.social,Trending Tags (Beta),"🔥 BlueSky trending hashtags (30m):

#bb28 #cdnpoli #art #aiイラスト #8weekstoabluewave #nsfw #furry #furryart #photography #musicchallenge #russia #aiart #fanart #gamedev #ocart",,,,0,0,4,1,0,2026-09-08T21:30:19Z,2026-09-08T21:30:19Z,NA,NA,NA,,,,,
at://did:plc:z22iojvb45xno3nblfy6fcwg/app.bsky.feed.post/3muzxsjkg5h25,bafyreif4kenpyuvea5qhi6nwbtccziomdmq5s4yeragerlcnumfuelfpde,trendtags.bsky.social,Trending Tags (Beta),"🚀 BlueSky trending hashtags (15m):

#bb28 #art #cdnpoli #traitorsirl #8weekstoabluewave #nsfw #photography #furryart #russia #furry #aiイラスト #artsky #ocart #gamedev #musicchallenge",,,,0,0,3,1,0,2026-09-08T21:30:19Z,2026-09-08T21:30:18Z,NA,NA,NA,,,,,
at://did:plc:ifi6xqgbojwquosnkvzx3gna/app.bsky.feed.post/3muzxjzvfmc2d,bafyreigcbk44nxkvsz3rbbafa2e4iikgcb5adsk5pjpwpzwzfpyfdcryre,leftcoasttreefrog.bsky.social,Left Coast Tree Frog 🕊️,"Ex-60 Minutes managing editor says fired staffers ‘refused to be accomplices’ in show’s ‘destruction’.
Guy Campanile addresses ouster in Facebook post and says ‘we were told to leave because we insisted on doing our jobs’
#cdnpoli
www.theguardian.com/media/2026/s...",,,,0,1,2,0,0,2026-09-08T21:25:35Z,2026-09-08T21:25:33Z,NA,NA,NA,,,,,
at://did:plc:uaqjbhoi6fwcs3ftjbfqonpn/app.bsky.feed.post/3muzxju33p222,bafyreiau7h3c6ihufo7awhkjzs62iuhf2jvurxafg43zkol4gs7vtdgm34,nastycanada.org,Nasty Canada,"Counter-tariffs took effect today. The real question is whether Ottawa turns pressure into permanent capacity: European customers, export-ready firms, Atlantic infrastructure and Canadian suppliers in new industrial chains. A second door, not a substitute
www.nastycanada.org/europe-is-th...
#cdnpoli",,,,0,0,0,0,0,2026-09-08T21:25:29Z,2026-09-08T21:25:27Z,NA,NA,NA,,,,,
at://did:plc:ampls4hp7ogzrwn3hxenbkqj/app.bsky.feed.post/3muzxijxhoc2o,bafyreia5g6od6suxsxegckjbtqw4gij7a2wayftjepubsa2xu6b6cvarjq,cfax1070.bsky.social,CFAX 1070,"""Appallingly ignorant:"" Trump's trade policies, jabs at Canada, leave relations at new low #cdnpoli #yyj 
youtu.be/80QD0UuS6no",,,,0,1,1,0,0,2026-09-08T21:24:44Z,2026-09-08T21:24:43Z,NA,NA,NA,,,,,
at://did:plc:4e7vswp5qrqppoxknd2lkfjk/app.bsky.feed.post/3muzxgdmcks2f,bafyreigkczt4mjmiudco2auokomag4bs45hobz72o4cejcvyzwuumuferm,cdnelxnstracker.bsky.social,Canadian Elections Tracker,"Stephen Fowler will be the BC Green candidate in Abbotsford-Mission. He works as a teacher, and was the Green Party of Canada candidate in Abbotsford in 2021, 2019, and 2015. 

#cdnpoli #bcpoli",,,,0,0,0,0,0,2026-09-08T21:23:29Z,2026-09-08T21:23:29Z,NA,NA,NA,,,,,
at://did:plc:re7tflvczjceanwkco2bseqb/app.bsky.feed.post/3muzxdaix622g,bafyreih4thadhepztsenspxz7dxclgy32ikd7nw67f4gf3n7sxqd3pjyrm,bella-andme.bsky.social,Sherry Lee,"Kirsten Hillman, former Canadian Ambassador to the U.S. on “Power & Politics” talking about Canada/U.S. trade - calm & measured. Interesting to hear her say she signed an NDA about proposals - as have all parties involved in negotiations - in both countries.

#pnpcbc #cdnpoli
#tradewar",,,,2,2,4,0,0,2026-09-08T21:21:46Z,2026-09-08T21:21:45Z,NA,NA,NA,,,,,
at://did:plc:4fjmxufbitdnuprsp4av2fjg/app.bsky.feed.post/3muzxcrssak2u,bafyreiaakrsed2oz4riapccss7wtmlsd77qgm77js5ithelgteome5rcvy,jstewgie.bsky.social,Jen Stewart,Could someone please tell me what’s in this? I hate video #cdnpoli,,,,2,0,2,0,1,2026-09-08T21:21:30Z,2026-09-08T21:21:30Z,NA,NA,at://did:plc:xpgujbkkrjevueb53vpgnetz/app.bsky.feed.post/3muzay23zgk2s,,,,,
at://did:plc:jdojillirolcpqfhc75kfupn/app.bsky.feed.post/3muzxbqlwjk2y,bafyreifoh73aroqrmsnrq3qapdrocr6mxbiathkkkqebqdqtk6cygc6g5a,taylornoakes.com,Taylor Noakes,"Because when it comes to uniting #Canada against the United States, Carney chooses to whitewash the historical record of the first prime minister—to make him more like George Washington 

#cdnpoli",,,,2,2,9,0,0,2026-09-08T21:20:56Z,2026-09-08T21:20:55Z,NA,NA,at://did:plc:4yb2pjejfziah3eork7stm6j/app.bsky.feed.post/3muzikg7yw222,,,,,
at://did:plc:ifi6xqgbojwquosnkvzx3gna/app.bsky.feed.post/3muzxalescs2j,bafyreiatczgbi2b4jzc4j2izyjkccerjyjnmsr7ipgnbkxxf7awqqcvwee,leftcoasttreefrog.bsky.social,Left Coast Tree Frog 🕊️,"New Zealand Trade Minister Todd McClay is working to deepen its trade relationship with Canada.
McClay said he had been discussing trade with Dominic LeBlanc, with a particular focus on how the two countries can make more of the opportunities already available under the CPTPP.
#cdnpoli",,,,0,0,0,0,0,2026-09-08T21:20:17Z,2026-09-08T21:20:16Z,at://did:plc:ifi6xqgbojwquosnkvzx3gna/app.bsky.feed.post/3muzwz3teek2j,at://did:plc:ifi6xqgbojwquosnkvzx3gna/app.bsky.feed.post/3muzwz3teek2j,NA,,,,,
at://did:plc:uxj5ihyuzrgxmuvjeanl57ys/app.bsky.feed.post/3muzx4dwxqsm2,bafyreick5b63um6gp2llzy5kw67qsnm7ropkgwoxvt2fkksedeumq4hih4,chris.mstdn.chrisalemany.ca.ap.brid.gy,Chris Alemany🇺🇦🇨🇦🇪🇸,"We are in the weirdest timeline... where provincial governments are competing for the most effective and welcoming but also defiant sign.

BC currently going for the “Kill-Them-With-Sentences” approach. 🤪

#BCPoli #CanPoli #CdnPoli #USA #TradeWar #TheAmericanFascist […]",,,,0,1,1,0,0,2026-09-08T21:17:57Z,2026-09-08T21:17:21Z,NA,NA,NA,,,,,
at://did:plc:istu2catmtwuynu7jlh6buzl/app.bsky.feed.post/3muzx2bkyvk23,bafyreifkab4lb3zjkopksupsdyoundfucsu5l6rdjpvpamw6kkhkeo6cxu,elcanaco.bsky.social,elcanaco.bsky.social,"A reminder that Oil & Gas and Mining are NOT important industries in Canada. Not even in the Top 10 employment sectors.

Despite what some politicians would like us to believe.

#cdnpoli",,,,1,3,7,0,1,2026-09-08T21:16:46Z,2026-09-08T21:16:45Z,NA,NA,NA,,,,,
at://did:plc:bqvcoxdpr4lp3qmq5cng2w4i/app.bsky.feed.post/3muzwzz5ppk2b,bafyreibh7itylji25nesixpjggtpl6stqnwjhyjvhw6gytdryedwmujf4a,ogcanada.bsky.social,Unapologetic Lee 🇨🇦,"Released details of the Canada / EU alliance. #fuckya #cdnpoli #uspol

Formal announcement September 16.",,,,3,16,35,1,1,2026-09-08T21:16:39Z,2026-09-08T21:16:36Z,NA,NA,NA,,,,,
at://did:plc:eix3tk3r26zi2p3vyreh3k3b/app.bsky.feed.post/3muzwz7vcl22x,bafyreibvdqtxvs5wqh7z5f2sijl6dlplliyleql3rn3cet7tfsjmfc4uom,atomicker.bsky.social,NA,"Mark Carney's proposed pipeline is 'a failure of climate leadership. “It consigns Victorians, our friends and family across the continent, and future generations to choking wildfire smoke and floods from atmospheric rivers.”'

#Canada #CDNPoli #ClimateCrisis #BCPoli #VictoriaBC #NoPipelines",,,,0,2,3,0,0,2026-09-08T21:16:12Z,2026-09-08T21:16:09Z,NA,NA,NA,,,,,
at://did:plc:ifi6xqgbojwquosnkvzx3gna/app.bsky.feed.post/3muzwz3teek2j,bafyreihli4bawqottjsh6fjnminvb26p7lhkf6a2chi6pyu3tqljxn2df4,leftcoasttreefrog.bsky.social,Left Coast Tree Frog 🕊️,"New Zealand signals imminent trade announcement with Canada.
This bodes well for
“a renewed willingness among Canada, Australia and New Zealand to treat one another as first-choice economic partners rather than residual markets”
#cdnpoli 
www.canzukinternational.com/2026/09/new-...",,,,1,7,10,1,0,2026-09-08T21:16:06Z,2026-09-08T21:16:05Z,NA,NA,NA,,,,,
at://did:plc:z22iojvb45xno3nblfy6fcwg/app.bsky.feed.post/3muzwxp7jpp25,bafyreiej2efu6yywgfi5wjg2p3laqb3rtoiht2273kyfsawswbthnmlhqi,trendtags.bsky.social,Trending Tags (Beta),"🚀 BlueSky trending hashtags (15m):

#bb28 #cdnpoli #art #furry #musicchallenge #nsfw #8weekstoabluewave #furryart #septenmber #aiイラスト #photography #ocart #worldatoz #startrek #artsky",,,,0,0,1,1,0,2026-09-08T21:15:18Z,2026-09-08T21:15:18Z,NA,NA,NA,,,,,
at://did:plc:4e7vswp5qrqppoxknd2lkfjk/app.bsky.feed.post/3muzwwbj7yk2h,bafyreidfmn6znstpfkva3elw77x36pbvfuzt36vb2lckbtr2pfpggkxpaa,cdnelxnstracker.bsky.social,Canadian Elections Tracker,"Dan Kutcher will be acclaimed as the new PEI Liberal leader. He is the former mayor of Summerside (2022-2026), and is the son of former Nova Scotia Senator Stan Kutcher.

Kutcher will officially become the party leader on October 25.

#cdnpoli #peipoli",,,,1,0,2,0,0,2026-09-08T21:14:30Z,2026-09-08T21:14:30Z,NA,NA,NA,,,,,
at://did:plc:ypbo2mq6dqcct43gt2sam6el/app.bsky.feed.post/3muzwsntk7j2i,bafyreibyvuevffoj2olku56smfnumiqjgjwjm4i3ep2sxfmhlo5ofvliny,ipolitics.bsky.social,iPolitics,‘Pivot and prosper’ #cdnpoli #ipolitics,,,,0,0,0,0,0,2026-09-08T21:12:30Z,2026-09-08T21:12:29Z,NA,NA,NA,,,,,
at://did:plc:ebtnhtvy7hwdtvnotyhg5b3l/app.bsky.feed.post/3muzwrbhfkk2p,bafyreif3w25mue7e56hsz6wcd6bwwdan2nqafmgkyht5cz4az5zh47rfae,dianave.bsky.social,,@avilewis.ca is always a beath of fresh air and common sense. #wildfire #sanctions #USA #cdnpoli www.youtube.com/shorts/ZHkuz...,,,,0,1,3,0,0,2026-09-08T21:11:44Z,2026-09-08T21:11:42Z,NA,NA,NA,,,,,
at://did:plc:225p6xnklj6p4hutj6ibmbfq/app.bsky.feed.post/3muzwotvsgc2x,bafyreifgirkmyfnvq3ijdkwbtjetg77or64xtlkflea5grec6rep4jhqoq,lesterlee.bsky.social,Lester,"BC's new border signs are right on the money.

www.cbc.ca/news/canada/...

#bcpoli #cdnpoli",,,,0,3,10,0,0,2026-09-08T21:10:23Z,2026-09-08T21:10:21Z,NA,NA,NA,,,,,
at://did:plc:hrpipqpkbpnqys5efjiwv6wr/app.bsky.feed.post/3muzwn44dns2s,bafyreif2nfwthrnlhbgaegmha6o2242bk3nhydshtfarubr4izn4sgv7fm,susanfromontario.bsky.social,Susan Mitchell,oops #cdnpoli,,,,0,1,2,0,0,2026-09-08T21:09:26Z,2026-09-08T21:09:23Z,NA,NA,at://did:plc:hrpipqpkbpnqys5efjiwv6wr/app.bsky.feed.post/3muzwmgygqs2s,,,,,
at://did:plc:2jfr7qhenekca6f6qtjgwdr4/app.bsky.feed.post/3muzwmyi6uc2c,bafyreifdiaral6ujkqy4n53tulgvlfybfikvxtgvgxvttowk4qk26ynf2q,calgaryclimatehub.ca,Calgary Climate Hub,#DataCentres #AI #cdnpoli #abpoli #ClimateChange #EnergyTransition #yyc,,,,0,3,8,0,0,2026-09-08T21:09:20Z,2026-09-08T21:09:19Z,NA,NA,NA,,,,,
at://did:plc:bqvcoxdpr4lp3qmq5cng2w4i/app.bsky.feed.post/3muzwgzh5oc2b,bafyreifluxspxw6eh2msh6xp564hz727zhv524rhoa2dqdzpv5mux67o6e,ogcanada.bsky.social,Unapologetic Lee 🇨🇦,"PM @mark-carney.bsky.social, I really hope this makes it easier to decline any plans we had to buy F35s. 

It's time to commit to Saab and their Gripens. #cdnpoli #uspol",,,,0,2,16,0,0,2026-09-08T21:06:01Z,2026-09-08T21:05:59Z,NA,NA,NA,,,,,
at://did:plc:2jfr7qhenekca6f6qtjgwdr4/app.bsky.feed.post/3muzwgjtv4c2a,bafyreiamhccejufyoh4zre6hcyiqbbbzgdmdxenq5xubkcxbbq47fg44xy,calgaryclimatehub.ca,Calgary Climate Hub,"""Between the already plummeting cost of #renewables worldwide & Trump‘s utterly shambolic war with #Iran we are RIGHT NOW living through the fastest #EnergyTransition in human history. Winners & losers are self-selecting NOW.  Canada, so far, has chosen to lose. We need to choose to win."" #cdnpoli",,,,1,5,7,1,0,2026-09-08T21:05:42Z,2026-09-08T21:05:42Z,NA,NA,at://did:plc:2jfr7qhenekca6f6qtjgwdr4/app.bsky.feed.post/3mtz67d3b2k2e,,,,,
at://did:plc:mxc7liuon6iq5gzapmmwkq22/app.bsky.feed.post/3muzwe4gom224,bafyreiavf7avejtjrodhs7nowksd3xucifo57pkni7z5qnm72ft65xsdmy,youranoncentral.bsky.social,Anonymous,"Carney on the US trade war: : ""I warned that [the US] is trying to break us so they can own us. And I promise that that will never, ever happen. Our future won't be decided in Washington, but right across Canada."" #cdnpoli",,,,18,151,578,9,2,2026-09-08T21:04:22Z,2026-09-08T21:04:21Z,NA,NA,NA,,,,,
at://did:plc:abt5tpb7lqr7vopkrkwfswwq/app.bsky.feed.post/3muzw6ny6wl2r,bafyreiagyep2zala7tmqqc2wkgm56kpgugqk32vqvtebg62q2id4iiwewm,canadareport.org,Canada Report,"Why the infrastructure behind AI-enabled SaaS matters to Canadian startups

Canada’s fastest news scan: 25+ headlines, no clutter, updated all day: CanadaReport.org

#cdnpoli #Canada #News #Tech #AI 
Read Original Article 🔗",,,,0,0,0,0,0,2026-09-08T21:01:19Z,NA,NA,NA,NA,,,,,
at://did:plc:h3y7rhw6ao6nk5mmuskplxco/app.bsky.feed.post/3muzvwjyu7c2v,bafyreigr67yexn6cbsz4aiogrv7iwiseg2thi4vfn75zoafbnb72rcdae4,brainiackim.bsky.social,Brainiac Kim 🇨🇦,www.youtube.com/watch?v=cyvU... #September11 #cdnpoli #USpoli,,,,0,0,0,0,0,2026-09-08T20:56:47Z,2026-09-08T20:56:45Z,NA,NA,NA,,,,,
at://did:plc:bqvcoxdpr4lp3qmq5cng2w4i/app.bsky.feed.post/3muzvwfzd5k2b,bafyreie7ttzgjwpyc5rnd55w4wf3yczzgj255nifkd4jon3wcu5znt4veu,ogcanada.bsky.social,Unapologetic Lee 🇨🇦,"I knew it wasn't over yet. 
#cdnpoli",,,,0,0,3,0,0,2026-09-08T20:56:42Z,2026-09-08T20:56:41Z,NA,NA,at://did:plc:e3uwo6d5sg6x3rolvj6v7bwp/app.bsky.feed.post/3muzvsvajpc2q,,,,,
at://did:plc:eix3tk3r26zi2p3vyreh3k3b/app.bsky.feed.post/3muzvteraac23,bafyreidk45f5tvyew45xn2gmpeviyxftotyutdyn2bsz4sakzd3dpoc6bu,atomicker.bsky.social,NA,"'Take Action: Ask Your MP to Vote NO to the Orca Extinction Bill'

'Your voice matters. Members of Parliament respond to constituents, especially when they hear from many people in their riding.'

#Canada #CDNPoli #ClimateCrisis #NoPipelines #SaveTheOrcas",,,,0,0,0,0,0,2026-09-08T20:55:03Z,2026-09-08T20:54:59Z,NA,NA,NA,,,,,
at://did:plc:mxc7liuon6iq5gzapmmwkq22/app.bsky.feed.post/3muzvt5gy5c24,bafyreicxgs3udduzvkfr6djxos5jc6452fiwosafza6yjft2fz35ncodta,youranoncentral.bsky.social,Anonymous,"Carney on the US trade war: ""the cumulative U.S. demands revealed that they wanted us to become even more reliant on them, not less. In too many areas, they wanted dependency, not a true economic partnership."" #cdnpoli",,,,15,110,396,3,5,2026-09-08T20:54:53Z,2026-09-08T20:54:52Z,NA,NA,NA,,,,,
at://did:plc:5hcumheo3c2a2n77t2uavxxw/app.bsky.feed.post/3muzvt44axc2e,bafyreibxfu2yqcjh7pz34g4lgdfcr4rn4z4bhhz4guov23jmmk4i3km6fe,kittykat7619.bsky.social,Ms. KittyKat 🩷 🍁 🩷 🏳️‍🌈 🩷 🍉,"Who's supplying and supporting the ""settlers"" on the West Bank, Mr. Prime Minister..?

Could it be the genocidal Israeli state? 

A 2-state solution WILL NOT work when one state doesn't believe in the other's right to exist. 

#CdnPoli",,,,0,0,0,0,0,2026-09-08T20:54:49Z,2026-09-08T20:54:50Z,NA,NA,at://did:plc:kx375dszrbvqtu7o4xxxmojn/app.bsky.feed.post/3muzgpyigks23,,,,,
at://did:plc:jeuzjfwsgn62xfoe7qo4jul5/app.bsky.feed.post/3muzvn4mlyk2t,bafyreiawayyx6bfjjjzzgozljrqcgkb2h22dm6tvbhy5pquvpyeyc46jie,bigclimate.bsky.social,Bentley ****TALK CLIMATE****,"Well I tried. I really, really tried but that report was successfully buried.

Well played, @mark-carney.bsky.social.  I mean, GREASY AS HELL but well played. You really got 'em fooled.

These dirty tricks are old as dust and they're still used because shameful or no, THEY WORK.
#cdnpoli #MarkCarney",,,,0,0,2,1,0,2026-09-08T20:51:30Z,2026-09-08T20:51:29Z,NA,NA,at://did:plc:jeuzjfwsgn62xfoe7qo4jul5/app.bsky.feed.post/3murz6l3vcs2z,,,,,
at://did:plc:eix3tk3r26zi2p3vyreh3k3b/app.bsky.feed.post/3muzvgm4aek23,bafyreihstfo4ubgescsvacnwetftwqwrgzmav62m766uovbdzngbmdcaai,atomicker.bsky.social,NA,"“Canada cannot claim to care about endangered species with one hand while weakening the laws that protect them with the other”

The comment period on a 'project of national interest' designation for Carney's pipeline closes Sept 18:

#Canada #CDNPoli #ClimateCrisis #NoPipelines #BCPoli #SaveTheOrcas",,,,0,1,1,1,0,2026-09-08T20:47:53Z,2026-09-08T20:47:51Z,NA,NA,NA,,,,,
at://did:plc:nrxglljv7jqagwqawmxf7sv5/app.bsky.feed.post/3muzvdqa4pr2k,bafyreidbbg4wa4h62avgmwkc7m5jfedgwproyfe7akyea2qh3txuikws5u,researchmoney.bsky.social,Research Money,"Research Money: Bill C-22’s cybersecurity risks, Research Nova Scotia’s outcome-focused funding model, and why universities must shift to flexible, inquiry-driven learning in an AI era.

Read more here: zurl.co/nRdY9 

#cdnpoli #innovation #AI #sciencepolicy",,,,0,0,0,0,0,2026-09-08T20:46:15Z,2026-09-08T20:46:14Z,NA,NA,NA,,,,,
at://did:plc:eaeuyrvdlqvjgznelgcdimct/app.bsky.feed.post/3muzvcvq5mk25,bafyreidrmaj3bst6lhx2ljbmlwd7njbkagje55a2v772v2be3r5wx6a3xu,madhat59kenwood.bsky.social,Ken Wood part owner of 🇨🇦,Fully support 👍 #bcpoli #cdnpoli,,,,1,0,7,1,0,2026-09-08T20:45:47Z,2026-09-08T20:45:47Z,NA,NA,at://did:plc:g72r2bhbs6xcdyyuaw5qnghc/app.bsky.feed.post/3muzss6arak2u,,,,,
at://did:plc:hrpipqpkbpnqys5efjiwv6wr/app.bsky.feed.post/3muzv7yobms2s,bafyreiely3fzgfiay6mjwlqk67tcudzwgworxp6fncempqyodrld6uakqq,susanfromontario.bsky.social,Susan Mitchell,"#cdnpoli
www.youtube.com/watch?v=pjhf...",,,,0,0,0,0,0,2026-09-08T20:44:13Z,2026-09-08T20:44:09Z,NA,NA,NA,,,,,
at://did:plc:mwagtmvsxuqlgte5iqk3fndm/app.bsky.feed.post/3muzv7bgjt22n,bafyreibjxgnv3wuvthtxiws6uvng2y4eyymbfda46y3z3uznmnjqyc4x3i,lalegault.bsky.social,Arrête Mark Carney ⚜️,"I wonder how the @thewalrus.ca will sane-wash Carney’s invocation of John A. MacDonald this time?
#cdnpoli 

macleans.ca/news/canada/...",,,,0,2,2,1,1,2026-09-08T20:43:47Z,2026-09-08T20:43:45Z,NA,NA,NA,,,,,
at://did:plc:mwagtmvsxuqlgte5iqk3fndm/app.bsky.feed.post/3muzv2e3bvc2n,bafyreiavfk5ryfjs3vy3v2von6m4zfavnutpdzhnv6hfhoxysxlm632fr4,lalegault.bsky.social,Arrête Mark Carney ⚜️,"Really good look Carney as you resume talks with the Chinese on defence: #cdnpoli 

jcri.ca/index.php/CR...",,,,0,0,1,0,0,2026-09-08T20:41:00Z,2026-09-08T20:41:00Z,NA,NA,NA,,,,,
at://did:plc:ypbo2mq6dqcct43gt2sam6el/app.bsky.feed.post/3muzuv6msnc23,bafyreibqgstw7qqdkkk6s7kctwlq5lrrxyoqkqayyrr6ylo4jewn7fyjui,ipolitics.bsky.social,iPolitics,📈 Ready to invest? #cdnpoli #ipolitics,,,,0,0,0,0,0,2026-09-08T20:38:07Z,2026-09-08T20:38:06Z,NA,NA,NA,,,,,
at://did:plc:qyxbqfambstrsawtfofn3p5h/app.bsky.feed.post/3muzusf3xb22h,bafyreid7wxko26xhhi46zgmcgkccfiily6jv57mwghi2vc6j6h2bmci5rq,just-call-me-boo.bsky.social,Boo 🇨🇦,#ViveLeCanada #Canada #BuyCanadian #Cdnpoli #BoycottUSA #BoucottTheUSA,,,,0,1,2,0,0,2026-09-08T20:36:33Z,2026-09-08T20:36:32Z,NA,NA,at://did:plc:lar2o6mnnvln22w6kgnpifli/app.bsky.feed.post/3muz7trvfoc2q,,,,,
at://did:plc:gktv6ywcopj34zpo2vqao5wi/app.bsky.feed.post/3muzurkqb7k2f,bafyreigvwbd45kxvgkhgg5w647povvghv5ivhwpfxxhoithkmi4ohobfmm,brad365.bsky.social,Brad365,"Separation making Alberta master of its destiny ‘a fiction,’ business leader says
#cdnpoli
www.cbc.ca/news/canada/...",,,,2,4,7,2,0,2026-09-08T20:36:07Z,2026-09-08T20:36:05Z,NA,NA,NA,,,,,
at://did:plc:iyyzcuc24pgchmsbjnsa3wu3/app.bsky.feed.post/3muzuk2olqc2j,bafyreifaeal2e63ppdaaodgl25qcf3l76zmbk7zk6ph2w5pwgbo2pwifui,torontokate.bsky.social,🎶 I Will Choose Freewill 🇨🇦,"""Official Condolences: Shortly after the attacks in 2001, Iran’s reformist president Mohammad Khatami and other high-ranking officials formally expressed their sympathy and strongly condemned the loss of life""

#cdnpoli #onpoli #bcpoli #abpoli #skpoli #mbpoli #polqc #nbpoli #nspoli #nlpoli #peipoli",,,,1,0,0,0,0,2026-09-08T20:31:54Z,2026-09-08T20:31:53Z,at://did:plc:iyyzcuc24pgchmsbjnsa3wu3/app.bsky.feed.post/3muztojqths2j,at://did:plc:iyyzcuc24pgchmsbjnsa3wu3/app.bsky.feed.post/3muztojqths2j,NA,,,,,
at://did:plc:abt5tpb7lqr7vopkrkwfswwq/app.bsky.feed.post/3muzuj4ntew2l,bafyreicjkbbijdxiupnrwrsds5mbbo4l64wcvyiy3i76e7f7jgzyp2kbdq,canadareport.org,Canada Report,"“Kevin Quinn: Hold Dexterra Accountable”: SEIU Local 2 holds rally outside TransLink office

Canada’s fastest news scan: 25+ headlines, no clutter, updated all day: CanadaReport.org

#cdnpoli #Canada #News #Business #Economy 
Read Original Article 🔗",,,,0,0,1,0,0,2026-09-08T20:31:22Z,NA,NA,NA,NA,,,,,
at://did:plc:mwagtmvsxuqlgte5iqk3fndm/app.bsky.feed.post/3muzufdka2s2n,bafyreiadxzk7tf5owlpteif3e5lkoxgqlvwdd6zks3vrrg5btxg72twhdu,lalegault.bsky.social,Arrête Mark Carney ⚜️,"Who did it better, Pierre Poilievre or Mark Carney? #cdnpoli 

www.tiktok.com/@chico.ca/vi...",,,,0,1,2,0,0,2026-09-08T20:29:16Z,2026-09-08T20:29:15Z,NA,NA,NA,,,,,
at://did:plc:jzaxw6upt5hwxyud7ocs4j5q/app.bsky.feed.post/3muzuc4xo3222,bafyreieulxbyg2ekfer7qpxh4rjkdcwe4mxxae2jkeokofyv4aqzqjppcq,ianmasters.bsky.social,Ian Masters🇨🇦,"PP condemned them but you still have CPC MP but hurt that the media calls the AfD ""Far right""

#cdnpoli",,,,0,1,0,0,0,2026-09-08T20:27:32Z,2026-09-08T20:27:27Z,at://did:plc:d4ertzvmylw6f6p7lyulrq7o/app.bsky.feed.post/3muztas3zd22g,at://did:plc:d4ertzvmylw6f6p7lyulrq7o/app.bsky.feed.post/3muztas3zd22g,NA,,,,,
at://did:plc:7qeaeh63caukr7xbixamq23b/app.bsky.feed.post/3muzuadhn7k2s,bafyreibzwhrto3i2bgozqltpzginr3yyqfwusabdnlsbd7362efspqhq6m,rohadi.com,Rohadi,"Another crooked seppie Con getting caught conning. #abpoli #cdnpoli

Deeply unserious people. Can you imagine supporters of this tool?",,,,0,1,0,0,0,2026-09-08T20:26:27Z,2026-09-08T20:26:27Z,NA,NA,at://did:plc:7rhrzeeiv5nfw3is5yatklvf/app.bsky.feed.post/3muzamle6kk2c,,,,,
at://did:plc:pt3474vrtb7x3bybl26sdyls/app.bsky.feed.post/3muztzy2zt22l,bafyreiftbsvdjmdnq7v2fyzwgpa6vblbe72ut2oqhy4t6yw54meivfsth4,ysjsaffar.bsky.social,Saffar,"“ #Israel said it was closing #Britain's consulate in East #Jerusalem in response to plans by the #UK, #France and #Canada to block #imports from #Israeli #settlements in the #WestBank.
#Britain will also no ‌longer participate in a #US -led coordination mission for #Gaza”
#cdnpoli #GazaGenocide",,,,0,0,0,0,0,2026-09-08T20:23:11Z,2026-09-08T20:22:53Z,NA,NA,NA,,,,,
at://did:plc:yabxgdh53vadvm4mhcwq2fbn/app.bsky.feed.post/3muzttbhe722h,bafyreidv37s64ezs7awiuj3ppa253pggxzpzwytxahg2enght6vlznosca,whatsthepointsk.bsky.social,Dr Argue,"Bombardier? Watch out Trump. 
In Cda commercially registered planes come from “Cessna (US) 33%, 12% De Havilland (Cda), Piper (US) and Beechcraft (US) each held an 8% share, while the Boeing (US) accounted for 7%. Bombardier and Airbus held a 3% to 4% share each.” #cdnpoli
www.cbc.ca/news/canada/...",,,,0,0,0,0,0,2026-09-08T20:19:11Z,2026-09-08T20:19:08Z,NA,NA,NA,,,,,
at://did:plc:sywtwkbhpdibiprqvv7epcto/app.bsky.feed.post/3muztsicci22g,bafyreigbzhwq4gebwlog3d7me232qr52egnlqiq5xyndqv6zzrjg6sfk6y,elliott4mp.bsky.social,"Derek Elliott, Libertarian","Carney claims retaliatory tariffs and billions in subsidies will build a stronger Canada. In reality, tariffs are taxes on Canadian consumers, and corporate welfare punishes working families. Canadians need lower taxes, free markets, and liberty, not state central planning.

#Libertarian #cdnpoli",,,,6,1,1,0,0,2026-09-08T20:18:50Z,2026-09-08T20:18:42Z,NA,NA,NA,,,,,
at://did:plc:ozwyeayssrmlwhtxcjzdtxgf/app.bsky.feed.post/3muztrk6pjc23,bafyreidzpefxnxmjrpz7iht7rpraamq5kantlysosrapqioio5v2wgyb5y,chezer59.bsky.social,,"Canada will reacquire nuclear weapons as a direct response to the fact that the United States can no longer be trusted.

#uspoli #usmedia #msnow #cdnpoli #cdnmedia",,,,0,0,0,0,0,2026-09-08T20:18:11Z,2026-09-08T20:18:10Z,NA,NA,NA,,,,,
at://did:plc:iyyzcuc24pgchmsbjnsa3wu3/app.bsky.feed.post/3muztojqths2j,bafyreifudhl7oq2vnwe7pm7ovdm7qqnfozw6k2gcgfu7werguh5ihycj6e,torontokate.bsky.social,🎶 I Will Choose Freewill 🇨🇦,"""America lost 2,977 innocent Americans on 9/11.

This is how Palestinians reacted on that day.""

News report on the day after September 11, 2001
25 years ago. Where were you?

#cdnpoli #onpoli #bcpoli #abpoli #skpoli #mbpoli #polqc #nbpoli #nspoli #nlpoli #peipoli #CanadaSky #",,,,2,0,0,0,0,2026-09-08T20:16:32Z,2026-09-08T20:16:29Z,NA,NA,NA,,,,,
at://did:plc:ampls4hp7ogzrwn3hxenbkqj/app.bsky.feed.post/3muztk76vq22o,bafyreifesvw3arzwpv652d3av73ldyi7aaisyby56bm6navm5ervrrxw5e,cfax1070.bsky.social,CFAX 1070,"Get in the loop on local current affairs with @adam-stirling.bsky.social, including the latest on proposed DCCs for water supply in the CRD. Plus, political messaging from #cdnpoli leaders as the trade war ramps up. #yyj #BCpoli

Hour one: 
www.iheart.com/podcast/962-...",,,,0,0,0,0,0,2026-09-08T20:14:05Z,2026-09-08T20:14:04Z,NA,NA,NA,,,,,
at://did:plc:ig6dnt4tqgg7iwwtywx3bkvd/app.bsky.feed.post/3muztekajqc22,bafyreifneyaxk2gesgfgt6ckccssjjcs5uwq3cxva4wg3efcggvjnu7umm,robduncan.bsky.social,Rob Duncan,"Child poverty is a policy choice AMONG OTHER POSSIBLE policy choices.

#auspol #USPOL #USA #us #uspoli #poli #politics #cdnpoli #canada #MeidasMighty #SocialJustice #LongerTables #DemocraticSocialist #Socialist #socialism #LeftIsBest #ClassConsciousness #FalseConsciousness #HumanRights",,,,0,4,8,1,0,2026-09-08T20:10:56Z,2026-09-08T20:10:54Z,NA,NA,NA,,,,,
at://did:plc:ig6dnt4tqgg7iwwtywx3bkvd/app.bsky.feed.post/3muzt7spis222,bafyreibehpbvgej2ksnb43csalbcqjyw5xzbhcol2eob72kifu7dgwrqyu,robduncan.bsky.social,Rob Duncan,#inequality #auspol #USPOL #USA #us #uspoli #poli #politics #cdnpoli #canada #MeidasMighty #america #anticapitalist #capitalismkills #capitalism #abolishcapitalism #SocialJustice #ClassConsciousness #FalseConsciousness,,,,0,10,24,0,0,2026-09-08T20:08:18Z,2026-09-08T20:08:15Z,NA,NA,NA,,,,,
at://did:plc:deej5pakczvmljahhvrridlp/app.bsky.feed.post/3muzt4njogs2o,bafyreicasko5s47heck7lzrcuhxljxvkjsyxnbm7g5drm5j4nbum577zvy,pat112.bsky.social,Pat,"'Democracy is on life support' in the U.S.

 and the prognosis is not good,

as the disease was allowed to metastasize 

#Cdnpoli #Uspoli 

www.youtube.com/watch?v=VSOI...",,,,0,0,0,0,0,2026-09-08T20:06:32Z,2026-09-08T20:06:29Z,NA,NA,NA,,,,,
at://did:plc:ig6dnt4tqgg7iwwtywx3bkvd/app.bsky.feed.post/3muzsyxkbws22,bafyreibyll7mbim557sq4sylhshrthlbjojfzdqfjltalhogwwmnelf4ba,robduncan.bsky.social,Rob Duncan,"""They would replace you with a machine in a minute if they could.""

#inequality #auspol #USPOL #USA #us #uspoli #poli #politics #cdnpoli #canada #MeidasMighty #america #anticapitalist #capitalismkills #capitalism #abolishcapitalism #SocialJustice #ClassConsciousness #FalseConsciousness",,,,0,3,9,0,0,2026-09-08T20:04:28Z,2026-09-08T20:04:26Z,NA,NA,NA,,,,,
at://did:plc:abt5tpb7lqr7vopkrkwfswwq/app.bsky.feed.post/3muzstc4omd2r,bafyreic6umhaouxsuv5if7zxruy4ozdxsbbrzgptfk6eyrfufdrguezp5e,canadareport.org,Canada Report,"OpenText, MDA Space among execs who joined Prime Minister’s trade meeting

Canada’s fastest news scan: 25+ headlines, no clutter, updated all day: CanadaReport.org

#cdnpoli #Canada #News #Tech #AI 
Read Original Article 🔗",,,,0,0,0,0,0,2026-09-08T20:01:15Z,NA,NA,NA,NA,,,,,
at://did:plc:ig6dnt4tqgg7iwwtywx3bkvd/app.bsky.feed.post/3muzsrt3nj222,bafyreidci6uuzooztqqhblj724qni6ypxahuthe7gn7vzxnuxu4qs6eirq,robduncan.bsky.social,Rob Duncan,#ClimateEmergency #Renewables #auspol #USPOL #USA #us #uspoli #poli #politics #cdnpoli #canada #MeidasMighty #america  #Ethics #ClimateJustice #bcpoli #abpoli #Klimapolitik #ClimateActionNow #ClimateChange #Climate #Ecosocialism #environment #Nature #BCClimateAction #capitalism #FalseConsciousness,,,,0,2,18,0,0,2026-09-08T20:00:29Z,2026-09-08T20:00:26Z,NA,NA,NA,,,,,
at://did:plc:q5zroikqfmpsiaab34af7xom/app.bsky.feed.post/3muzsrg2ktc2v,bafyreihcumgkkm6ggqvo47ne342uzfyirdxcey3i35puz6zecl4qm7amve,ryanjespersen.bsky.social,Ryan Jespersen,"""What's the actual cost to Canadians?"" Canada is fighting back against Trump’s tariffs, but what does escalating the trade war actually mean for Canadians? @supriya.bsky.social breaks it down...

👀 FULL: rtrj.info/090826Supriya

🎧 FULL: rtrj.info/090826 #cdnpoli #Trump #RealTalkRJ",,,,1,1,3,0,2,2026-09-08T20:00:16Z,2026-09-08T20:00:12Z,NA,NA,NA,,,,,
at://did:plc:iyyzcuc24pgchmsbjnsa3wu3/app.bsky.feed.post/3muzsqxqjm22j,bafyreig6yrruaz6h6x4cdhwo3nrypd5a5o6w6odcom754u5pdzw5fguwoa,torontokate.bsky.social,🎶 I Will Choose Freewill 🇨🇦,"""There is now an entire generation alive which doesn’t have its own memories of 9/11

This video is for them. It shows what it looked like when Islamist terrorism arrived in the USA

Never forget…""

#cdnpoli #onpoli #bcpoli #abpoli #skpoli #mbpoli #polqc #nbpoli #nspoli #nlpoli #peipoli",,,,2,2,4,0,0,2026-09-08T19:59:59Z,2026-09-08T19:59:57Z,NA,NA,NA,,,,,
at://did:plc:42qbbzen5o6ggsqvvhvp2jnv/app.bsky.feed.post/3muzsmmnmvc23,bafyreia4rzoog5nidlqchetl65hqrpygznsw6r5rywynlm3xiyj2ygghxq,vdogg333.bsky.social,Vdogg333,youtu.be/O7cI9YvT3WQ?... #cdnpoli #polqc #Vancouver #bcpoli #vanpoli #onpoli #topoli #Montreal #Toronto #Calgary #Edmonton #abpoli #ableg #SurreyBC #Brampton #USA #NYC #California #Texas #Iran #India,,,,0,1,1,0,0,2026-09-08T19:57:33Z,2026-09-08T19:57:31Z,NA,NA,NA,,,,,
at://did:plc:istu2catmtwuynu7jlh6buzl/app.bsky.feed.post/3muzsmk67us27,bafyreigh65uf35seaiqpvu2rq3n3jea7ouvovbrktcr3uqk62uv7z5r4m4,elcanaco.bsky.social,elcanaco.bsky.social,"Let's check in on the Fascist States of America..

Their soccer league is spending $$$ on players.

More importantly, Canada has its own men's pro league (Canadian Premier League) and Canadians should support it.

#BoycottUSA #CanPL #cdnpoli #vanisland #vanpoli #yyc #hamont #topoli #ottawa #mtl #hfx",,,,0,0,2,0,0,2026-09-08T19:57:30Z,2026-09-08T19:57:29Z,NA,NA,NA,,,,,
at://did:plc:mwagtmvsxuqlgte5iqk3fndm/app.bsky.feed.post/3muzsis3g5k2n,bafyreigbmlcxjvhwxfamp3iv5qx62u2fbwl5sg2ddnovm2h3km4fg2ziwe,lalegault.bsky.social,Arrête Mark Carney ⚜️,The Health Minister has not contacted Alberta to date to enforce the Canada 🇨🇦 health Act. Universal healthcare will be privatized within the decade. Carney has invited private healthcare CEOs to Toronto this weekend for his auction. Wake up Canada #cdnpoli,,,,0,2,3,0,0,2026-09-08T19:55:23Z,2026-09-08T19:55:23Z,NA,NA,NA,,,,,
at://did:plc:eaeuyrvdlqvjgznelgcdimct/app.bsky.feed.post/3muzsgspfo22s,bafyreid3iiqsx5cc7xo5z3v7esjbyyjzxifaldvixuoajqkstecuik2sue,madhat59kenwood.bsky.social,Ken Wood part owner of 🇨🇦,OMG. This should be against the law. Its murder IMO but at least providing harm to a perso n and they should be charged. Its up to parents to protect their children until those children can make their own decisions. #cdnpoli,,,,0,0,0,0,0,2026-09-08T19:54:17Z,2026-09-08T19:54:16Z,NA,NA,at://did:plc:flwgfsh2mhpoqwjwwt2mesjv/app.bsky.feed.post/3muzpsvw5zs2z,,,,,
at://did:plc:4fjmxufbitdnuprsp4av2fjg/app.bsky.feed.post/3muzsbcftfc2u,bafyreigmejf6bqgtttf6xk3m6yanawyo345fzudjybvuqrjzoexd3hvzwi,jstewgie.bsky.social,Jen Stewart,How the fuck is this real life? Also: NOT sorry! #CdnPoli #BCPoli,,,,1,1,6,0,0,2026-09-08T19:51:12Z,2026-09-08T19:51:12Z,NA,NA,at://did:plc:4qptbq6bxj4pc7bzwsh4exw5/app.bsky.feed.post/3muzrenstls2b,,,,,
at://did:plc:eaeuyrvdlqvjgznelgcdimct/app.bsky.feed.post/3muzs7lrk3c2s,bafyreihkw6ubdjgcw4r7vvdmoter4lxznjudwsfarft3qwqs3uedqgh6te,madhat59kenwood.bsky.social,Ken Wood part owner of 🇨🇦,Yeap doom and gloom is what MSM love. Same group who decades ago and still now telling us we just have to have #NAFTA without the sky will fall. 🤦 its like just what side are they truly on. Seems not on the average 🇨🇦s side. #cdnpoli,,,,0,3,5,0,0,2026-09-08T19:50:14Z,2026-09-08T19:50:14Z,NA,NA,at://did:plc:vawapk7zkgxwjdxmfg5tmndd/app.bsky.feed.post/3muzroicqjc2b,,,,,
at://did:plc:eaeuyrvdlqvjgznelgcdimct/app.bsky.feed.post/3muzrygsib22s,bafyreig24ir2mosb6ax5xg5iscyez36iilxw7l5xghtdmm4xzr7ekknnie,madhat59kenwood.bsky.social,Ken Wood part owner of 🇨🇦,👍🇨🇦💪 #cdnpoli,,,,0,0,0,0,0,2026-09-08T19:46:14Z,2026-09-08T19:46:14Z,NA,NA,at://did:plc:3l6h5tayy6vycige2igmorv4/app.bsky.feed.post/3muzmlqdplc2q,,,,,
at://did:plc:vp7jssxwj3mbcuisc5f3gest/app.bsky.feed.post/3muzrwxhpm22z,bafyreic6a2wufqr3peoe6gfw53anefh4jlxzhq6njjdj7bn5ilvsq6wf3u,kengray20.bsky.social,Ken Gray (Ottawa's Bulldog Website),Canadians Back Carney On Tariffs: POLL bulldogottawa.com/canadians-ba... #ottawa #ottnews #ottcity #cdnpoli,,,,0,1,1,0,0,2026-09-08T19:45:27Z,2026-09-08T19:45:25Z,NA,NA,NA,,,,,
at://did:plc:deej5pakczvmljahhvrridlp/app.bsky.feed.post/3muzrohlq6s2o,bafyreicugmblabtidl47m4vaydt2rmhctrxvukjowvh5ux4sjdvnnxfldy,pat112.bsky.social,Pat,"Karoline Leavitt says goodbye! | This Hour Has 22 Minutes

#Cdnpoli #Uspoli 
www.youtube.com/watch?v=s5DV...",,,,0,0,1,0,1,2026-09-08T19:40:41Z,2026-09-08T19:40:40Z,NA,NA,NA,,,,,
at://did:plc:re7tflvczjceanwkco2bseqb/app.bsky.feed.post/3muzrmnz7as2f,bafyreifilee6ijkguvrwqkgr57esgvyfdq5r2xvcudx557sedyamagtwum,bella-andme.bsky.social,Sherry Lee,"Hearing Premier Eby, during a press conference this  afternoon, call Trump “unhinged” & that his behaviour is “bizarre” is refreshing. 

There’s no point & nothing to be gained by tiptoeing around what is evident & obvious. Especially when that person is attacking Canada & our sovereignty.

#cdnpoli",,,,1,0,3,0,0,2026-09-08T19:39:40Z,2026-09-08T19:39:39Z,NA,NA,NA,,,,,
at://did:plc:qkwj4hstt5ez4jecdqjpcly2/app.bsky.feed.post/3muzrjegj3k2x,bafyreiels6mzqghdldjfvqzg4fyp4en4ei3mnlc3bpss4xfqvrq3ony7lq,quoimedia.bsky.social,QUOI Media 🇨🇦,"New polling, commissioned by Nature Canada and conducted by EKOS, shows strong support among Canadians for protecting nature and endangered species while building the economy.

Canadians soundly reject the notion that they must sacrifice conservation protections for economic development

#cdnpoli",,,,0,1,0,0,0,2026-09-08T19:37:48Z,2026-09-08T19:37:48Z,at://did:plc:qkwj4hstt5ez4jecdqjpcly2/app.bsky.feed.post/3muzrjdvj5c2x,at://did:plc:qkwj4hstt5ez4jecdqjpcly2/app.bsky.feed.post/3muzrjdvj5c2x,NA,,,,,
at://did:plc:qkwj4hstt5ez4jecdqjpcly2/app.bsky.feed.post/3muzrjdvj5c2x,bafyreibkg5ssvucj5mnjjui4epb3cspi6lda5llad5flq35syfdwtllv5y,quoimedia.bsky.social,QUOI Media 🇨🇦,"Canadians do not want to sacrifice nature for development say Emily McMillan and @maharaj.org of @naturecanada.bsky.social 

Read our client op-ed in the Winnipeg Free Press:

www.winnipegfreepress.com/opinion/anal...

#cdnpoli #nature #majorprojects #environment",,,,1,0,1,0,0,2026-09-08T19:37:48Z,2026-09-08T19:37:48Z,NA,NA,NA,,,,,
at://did:plc:fuak6asmyzr6r34f6er6z4ju/app.bsky.feed.post/3muzr5tq3bs22,bafyreifoxvqgnhjmwq2mbfg7pfdjyvbodmacnlpqwusw7qzkriz7h5riw4,jansplanet.bsky.social,Janet 🇨🇦,"Bill Haidck, President of the Alberta Surface Rights Federation:
“I never thought that I, as a ranch(er), would be here next to an environmental charity taking on the provincial um government's energy regulator, taking them to court. But I'm here …” 
#AER #DoTheWork #Law #AbPoli #CdnPoli",,,,0,5,6,1,0,2026-09-08T19:31:23Z,2026-09-08T19:31:22Z,NA,NA,at://did:plc:fuak6asmyzr6r34f6er6z4ju/app.bsky.feed.post/3muzo53iw3c2p,,,,,
at://did:plc:abt5tpb7lqr7vopkrkwfswwq/app.bsky.feed.post/3muzr5owqwq2c,bafyreib2tobaiighfmb24jzhd4b5kdonqaora4x5jksdcptymxrrqn7fu4,canadareport.org,Canada Report,"New North American Research to Reveal How Sustainability Professionals Are Navigating Uncertainty

Canada’s fastest news scan: 25+ headlines, no clutter, updated all day: CanadaReport.org

#cdnpoli #Canada #News #Business #Economy 
Read Original Article 🔗",,,,0,0,1,0,0,2026-09-08T19:31:17Z,NA,NA,NA,NA,,,,,
at://did:plc:zftffti3hfudvdawqv53arqn/app.bsky.feed.post/3muzqm7mxk22u,bafyreiauentovyhih7rcplisiwixnllrmgpya2ukolfqm4owbm4oizlxzu,runchinguyenrun.bsky.social,Chi Nguyen,"I joined the 77th annual Air Show here in Spadina—Harbourfront, and see the Snowbirds in action for one of their final performances before the CT-114 aircraft is retired.

#cdnpoli #MPChiNguyen #SpadinaHarbourfront",,,,0,0,0,0,0,2026-09-08T19:21:31Z,2026-09-08T19:21:30Z,at://did:plc:zftffti3hfudvdawqv53arqn/app.bsky.feed.post/3muzqlxvpgk2u,at://did:plc:zftffti3hfudvdawqv53arqn/app.bsky.feed.post/3muzqlxvpgk2u,NA,,,,,
at://did:plc:643nfj64adt3sd6lil4l4eqt/app.bsky.feed.post/3muzqkgnwms24,bafyreifq6ajgvkfh6bijqcwnhbzzepdz5vjgohe7pi45i74bahxpp3lnfy,deanbeeby.bsky.social,Dean Beeby,The indefatigable Matt Malone has a new book on FOI and secrecy. ottawacitizen.com/public-servi...  #cdnfoi #cdnpoli,,,,0,0,1,0,0,2026-09-08T19:20:38Z,2026-09-08T19:20:31Z,NA,NA,NA,,,,,
at://did:plc:r2qm5vzmsns46l4n6e6rjh2a/app.bsky.feed.post/3muzqjlngks2o,bafyreickrpkqika5zae3lwr5evumipobfoisabdjdfhxjc3srfjedcxxce,brucedc77.bsky.social,Bruce D. Cowherd   🇨🇦,"Canada's Prime Minister Mark Carney Master Plan. 🇨🇦
Washington Panics.
#cdnpoli #Canada #CanadaSky #TeamCanada #CanadaProud #CanadaStrong 
#TeamCarney 
#ElbowsUpCanada 🍁",,,,0,3,4,0,1,2026-09-08T19:20:05Z,2026-09-08T19:20:02Z,NA,NA,NA,,,,,
at://did:plc:52x4hgh43acag3ecs2qi57tr/app.bsky.feed.post/3muzqgos6ic2u,bafyreiem2x2fh3oiok23pesqn7em53pwykyfhvh3rsljkgryhqsyjathhy,albertagirl67.bsky.social,albertagirl67 🇨🇦🇺🇦👊🐧🔥,#abpoli #cdnpoli Idk. Did not have multi million $ scams as a path to diversifying Alberta's economy on my bingo card.,,,,0,0,1,0,0,2026-09-08T19:18:25Z,2026-09-08T19:18:25Z,NA,NA,at://did:plc:7rhrzeeiv5nfw3is5yatklvf/app.bsky.feed.post/3muziagxafc27,,,,,
at://did:plc:dgqy3ilac6mklabi55uaabyi/app.bsky.feed.post/3muzqdecfns2a,bafyreigmni7oo7mdvyb2jcv4rswyiiuisqpwfgmsst5xeizp263xzfw5be,stribeprogblog.bsky.social,"Scott Tribe -A proud ""Ketchup Chip Nationalist"" member","PM Carney has been busy.. First an imminent new arrangement with the EU, and now an imminent trade deal with New Zealand.
#cdnpoli #Canada #NZ #NewZealand

www.canzukinternational.com/2026/09/new-...",,,,0,0,1,0,0,2026-09-08T19:16:34Z,2026-09-08T19:16:33Z,NA,NA,NA,,,,,
at://did:plc:d4pjo6ehblrviy625go6uodj/app.bsky.feed.post/3muzqbb7aoc2h,bafyreicrlut2kkllqok3stjq6mnzewpuofrfoy4qrdprfvrs7ww4o7sy7a,tindizzy.bsky.social,Dizzy ★,#CanPoli #CdnPoli,,,,1,3,4,0,0,2026-09-08T19:15:23Z,2026-09-08T19:15:23Z,NA,NA,at://did:plc:muw5gsnsqef3ezjrqyqhkye5/app.bsky.feed.post/3muzizzfahs2h,,,,,
at://did:plc:iz7v2bzkgu2vyll5fmherlh5/app.bsky.feed.post/3muzqajvy222i,bafyreieqj5ucmxg4qheanvl3c4dn3xmzjkmocvrdd6hw7tyje5ubu4e2lm,lilacfire.bsky.social,LilacsFire,"Proud have always read labels, bought #Canadian even before this. Support #Canada business, jobs, economy that covers our healthcare etc. Sometimes it's a $1 dollar or so more But the Quality is worth it. #ShopLocal #buycanadian  #buycanadianmade #MadeInCanada
 #ForeverCanadian #cdnpoli #BoycottUS",,,,0,0,2,1,0,2026-09-08T19:15:01Z,2026-09-08T19:14:58Z,at://did:plc:3l6h5tayy6vycige2igmorv4/app.bsky.feed.post/3muzfz6s2nk2n,at://did:plc:3l6h5tayy6vycige2igmorv4/app.bsky.feed.post/3muzfz6s2nk2n,NA,,,,,
at://did:plc:lanvmgthztbuwa3ieqcrzsys/app.bsky.feed.post/3muzq5epbek2w,bafyreidamcpi33whnqfkvw66dusqroybqz4marnccnacanvfipy7zaxzyi,hab3261.bsky.social,Hazel B. 🇨🇦,"Hello Canada and Alberta, this is how I voted in the October referendum. I voted by special ballot (mail-in).

specialballot.elections.ab.ca/index/8400
(Image made in Photoshop, feel free to reuse)
 #abpoli #cdnpoli #ableg",,,,1,5,20,0,0,2026-09-08T19:13:14Z,2026-09-08T19:13:12Z,NA,NA,NA,,,,,
at://did:plc:x2fori67bggzcj2a6c7sj6ur/app.bsky.feed.post/3muzq3ll3g22o,bafyreiepxkqt3kzj4m23kl7vn2arvf7r53tn6mrb4lwkjgl6vkozii4wwa,jimmydp01.bsky.social,James David Payne,"#Gaza #Palestine 
#Cdnpoli #BCPoli",,,,0,1,0,0,0,2026-09-08T19:12:24Z,2026-09-08T19:12:12Z,NA,NA,NA,,,,,
at://did:plc:w7yhpanniwt2sweiorkvec7j/app.bsky.feed.post/3muzpyvsgcs24,bafyreiflp7g5qo5bsmndf4hzzppc3gcfginshoncjtswqzlnnee4mmvmxa,luciecatnip.bsky.social,Lucie🐈‍⬛Catnip ,"I hope that majority of Americans cheering for Canada send an undeniably strong message to the Republicans in November. 

We need some action.

#cdnpoli",,,,0,2,5,0,0,2026-09-08T19:10:43Z,2026-09-08T19:10:42Z,NA,NA,at://did:plc:4kshoaytrzhgsziro6ywozul/app.bsky.feed.post/3muzphmda5b2x,,,,,
at://did:plc:s5lwa7df2icjlph5lpapx7j5/app.bsky.feed.post/3muzpyf7c7s2j,bafyreib324nrqddzkmfoclks6pte754xsnno4pkxc6r77vupv7k2xw6cx4,dougat.bsky.social,Doug Trevors 🇨🇦,"This is Grade 10 Civics stuff:

Capitalism: ANYBODY can be rich.

Communism: NOBODY can be rich.

Socialism: ANYBODY can be rich, but NOBODY should be poor.

Socialism ensures that those who need help can get it and don’t get left to starve, or freeze, or die for lack of medicine.

#uspoli #cdnpoli",,,,0,0,1,0,0,2026-09-08T19:10:25Z,2026-09-08T19:10:25Z,NA,NA,at://did:plc:thyvqihacq43gfarxyp4lboj/app.bsky.feed.post/3muznmvybnk2f,,,,,
at://did:plc:z7uq5fy7wosk7uzvul7mhyyl/app.bsky.feed.post/3muzpxukblc27,bafyreifjqpbfgydzmcxvtg2oqdu7mi64eg7rql3wuilb5xxokifxk4zxyu,mamadoubleyoo.bsky.social,Mama Doubleyoo 🍁🇨🇦 #NastyCanadianWoman🏒💪,"🚨🆘🚨PM @mark-carney.bsky.social Provincial & First Nations permission granted??!! Chopping down majestic ancient trees like this is a Canadian tragedy! We must not allow corporations to destroy Canada's & Mother Nature 's magnificence!!! IMHO this is #Criminal!!! 
#CdnPoli #BCPoli #SHAME!!!",,,,0,0,2,0,0,2026-09-08T19:10:10Z,2026-09-08T19:10:08Z,NA,NA,at://did:plc:fw3wkjxovddcmdutgycc7zyu/app.bsky.feed.post/3muzboiru3s2t,,,,,
at://did:plc:52x4hgh43acag3ecs2qi57tr/app.bsky.feed.post/3muzptkecnk2u,bafyreidkbuseyxiljbdqgjiaonjpf6eyo7uq3pyepc2vot5head55w3zsm,albertagirl67.bsky.social,albertagirl67 🇨🇦🇺🇦👊🐧🔥,#abpoli #cdnpoli Got mail-in pkg of 10 ballots today for Danielle's $130+mill pandering to the MAGA Heritage Foundation Evangelicals. On principle voting NO on first nine questions despite the attempt to appeal to some legit issues. They're #UCP fuckups. Not giving them permission for anything.,,,,0,0,5,0,0,2026-09-08T19:07:43Z,2026-09-08T19:07:43Z,NA,NA,NA,,,,,
at://did:plc:abt5tpb7lqr7vopkrkwfswwq/app.bsky.feed.post/3muzppaxhsr2f,bafyreia5dcpe47q67i3rfvhi6iyle7qqmh5rnbo2264lxd6ftu46czouta,canadareport.org,Canada Report,"🇨🇦 PM Briefing — Sep 08  
Economic challenges loom as tariffs hit Canada.  
• Rising costs may spark inflation.  
• BC's Premier Eby to address trade impacts.  
Learn more: http...

Read: canadareport.org/briefing-2026-09-08-afternoon.html
#cdnpoli",,,,0,0,1,0,0,2026-09-08T19:05:19Z,NA,NA,NA,NA,,,,,
at://did:plc:ypbo2mq6dqcct43gt2sam6el/app.bsky.feed.post/3muzpn3a2vu22,bafyreidzcy5aygjkvrflwjcru2wy6xmpxmj3hr64ddsmihtfngkaqnmqoa,ipolitics.bsky.social,iPolitics,"Online harms now top threat to Canadian children, new report says #cdnpoli #ipolitics",,,,0,0,0,0,0,2026-09-08T19:04:06Z,2026-09-08T19:04:05Z,NA,NA,NA,,,,,
at://did:plc:jw3ocg24thye7i5sjjhia62e/app.bsky.feed.post/3muzpfasbq224,bafyreieliljpevy762s7u7sksc6wc3kdjqjojsbgr7udqwn3kypgiqr2wi,markhamhislop.bsky.social,Markham Hislop,"Alberta's Record Oil Profits, Falling Worker Pay

Budget tight? Less money for family activities?

Alberta wages have been falling for 12 years, says economist @Jim Stanford.

Eye-opening data!
#abpoli #ableg #cdnpoli 
#ShowYourMath
youtu.be/O7cI9YvT3WQ",,,,1,15,15,1,2,2026-09-08T18:59:44Z,2026-09-08T18:59:43Z,NA,NA,NA,,,,,
at://did:plc:ifi6xqgbojwquosnkvzx3gna/app.bsky.feed.post/3muzpfasens2q,bafyreifwebwj5zbifomh4x4ca2rsbk2ifxpp6ibskils7iivuh5bylwhay,leftcoasttreefrog.bsky.social,Left Coast Tree Frog 🕊️,"CNN National Security Analyst Slams Jared Kushner Over Ukraine Proposal: 'Absolutely Abhorrent'.
Alex Plitsas also laid into U.S. special envoy Steve Witkoff for thanking Russian President Vladimir Putin for “all these incredible stories” they’ll have.
#cdnpoli
www.huffpost.com/entry/cnn-al...",,,,0,2,2,0,0,2026-09-08T18:59:44Z,2026-09-08T18:59:43Z,NA,NA,NA,,,,,
at://did:plc:bke6jjgklvnkfrnv5av47wbt/app.bsky.feed.post/3muzpemd6tk2x,bafyreie4qunhj37fb2ej7hqqahuvedfcisig3u3qzdmpkpfxn5on7buhvm,augustina.bsky.social,Augustina,"#ElbowsUp
#WeAreCanadians
#BuyCanadian

We’ve been here before. It only made us more unified and created Canada. Let’s become Canada on steroids. 

#SupportCanadianBusinesses
Especially Ma and Pa shops. 

#SupportCanadianArtists

#cdnpoli

☮️out.",,,,0,0,2,0,0,2026-09-08T18:59:22Z,2026-09-08T18:59:21Z,NA,NA,at://did:plc:fc2lcla5v53m5lhtahfhclij/app.bsky.feed.post/3muznwvhyjo2c,,,,,
at://did:plc:rn4mmstrs3ddbdynnkiywyee/app.bsky.feed.post/3muzpadbba22f,bafyreiblsah44tq3jsp5aekk4t6vbtgsvmxyejtvaray3euzzthxektnpq,veloveritas.bsky.social,Dan 🇨🇦,"Out of a population of ~350 million, the  United States coughed up Trump as its guy? How the fück do you do that? 

The US - in its present form - is dead to me. Living an hour away from the border is like living above a meth lab. 

I won't cross; not even to visit family. #CDNPoli",,,,0,4,14,0,0,2026-09-08T18:56:57Z,2026-09-08T18:56:58Z,at://did:plc:xyddpg6usmgh2t2jgf4e37yk/app.bsky.feed.post/3muzn4uynts2q,at://did:plc:xyddpg6usmgh2t2jgf4e37yk/app.bsky.feed.post/3muzn4uynts2q,NA,,,,,
at://did:plc:ifi6xqgbojwquosnkvzx3gna/app.bsky.feed.post/3muzp72h5dc2q,bafyreiekuaheg7zpddl53ebntyxizv5ljsbq2o2vnrl6tznlico4hcf5xu,leftcoasttreefrog.bsky.social,Left Coast Tree Frog 🕊️,"UAE Warned Netanyahu Of Major Hamas Operation Days Before Oct. 7 Attack, News Report Says.
Mohammed bin Zayed spoke with Benjamin Netanyahu 10 days before the attack, the Haaretz daily said.
#cdnpoli
www.huffpost.com/entry/uae-wa...",,,,0,1,2,0,0,2026-09-08T18:56:17Z,2026-09-08T18:56:15Z,NA,NA,NA,,,,,
at://did:plc:ifi6xqgbojwquosnkvzx3gna/app.bsky.feed.post/3muzoy7thys2q,bafyreibvehxpcgxl562nzxafnseyhqmlh4v3s6wulliwuhgstzvl5mwzyq,leftcoasttreefrog.bsky.social,Left Coast Tree Frog 🕊️,"Trump Accidentally Blows Up His Biggest Claim About Iran.
#cdnpoli
newrepublic.com/post/215168/...",,,,0,0,1,0,0,2026-09-08T18:52:27Z,2026-09-08T18:52:26Z,NA,NA,NA,,,,,
at://did:plc:deej5pakczvmljahhvrridlp/app.bsky.feed.post/3muzowoo7bk2b,bafyreicnmxc4mvcd6vbjix4c7defhuzuswe3zsl33hltscz5wpre2s4jjm,pat112.bsky.social,Pat,"Can't get your head above water? Hard to breathe ? 

Feel the weight of bloated TrumpFlation? 

There is a Class War in North America 

with bloated Maga Billionaires attacking Americans and Canadians alike,

so we have shared goals and a shared enemy .

#Cdnpoli #Uspoli",,,,0,2,6,0,0,2026-09-08T18:51:36Z,2026-09-08T18:51:34Z,NA,NA,NA,,,,,
at://did:plc:ifi6xqgbojwquosnkvzx3gna/app.bsky.feed.post/3muzosllwi224,bafyreibeywdtxa3rs64euwrdprxne6aquufr65axzc664gjyyp6bgaiav4,leftcoasttreefrog.bsky.social,Left Coast Tree Frog 🕊️,"UK to force Apple and Google to block explicit images on children’s smartphones.
Lisa Nandy says government will introduce legislation after talks end without breakthrough.
#cdnpoli
www.theguardian.com/technology/2...",,,,1,3,5,0,1,2026-09-08T18:49:19Z,2026-09-08T18:49:17Z,NA,NA,NA,,,,,
at://did:plc:cjrwdw6t7pvgzle3fpmy7bkr/app.bsky.feed.post/3muzoqdvsek23,bafyreig7b5mnoz7unvx4lyzuqg52a3zopjwuxku26nerthoxpvi3dymazu,ladyoftheisle.bsky.social,Robyn 🍁,"“It’s the Conservatives who imported America’s culture war, and take cues from the Trump political playbook. It’s the Conservatives who used ‘foreign interference’ for political gain, exploiting the racism they claim doesn’t exist in our society.”

#CDNpoli #NeverConservative #NeverPoillievre",,,,0,1,6,0,0,2026-09-08T18:48:02Z,2026-09-08T18:48:02Z,NA,NA,at://did:plc:6hnkpvshsxjgot5figjyardd/app.bsky.feed.post/3muzdgc7t7c2e,,,,,
at://did:plc:deej5pakczvmljahhvrridlp/app.bsky.feed.post/3muzoeya35c2b,bafyreieahnkxlsf2fmzlq44q6vqnttykwh7gxvwzwgrmthlipr6kqahtia,pat112.bsky.social,Pat,"The Trump Burger

#Cdnpoli #Uspoli",,,,0,1,3,0,0,2026-09-08T18:41:43Z,2026-09-08T18:41:40Z,NA,NA,NA,,,,,
at://did:plc:zfw2o4gfcahciaylo76rmzxa/app.bsky.feed.post/3muzoeq6f2c2o,bafyreictvwnkc4cgvemo7fjpjgpojbirfluy2hjfmu55krthnbbwh3cxay,liammci.bsky.social,LiamMcIntosh He/Him 🏳️‍🌈🇵🇸,I feel like I’m going out of my mind someday when I tell people Carney is the most right wing Prime Minister in almost a century and people say “Nuh Uh!” just because he chose to be with the Liberal Party. #cdnpoli,,,,0,0,5,0,0,2026-09-08T18:41:32Z,2026-09-08T18:41:32Z,NA,NA,at://did:plc:4yb2pjejfziah3eork7stm6j/app.bsky.feed.post/3muzikg7yw222,,,,,
at://did:plc:fuak6asmyzr6r34f6er6z4ju/app.bsky.feed.post/3muzo53iw3c2p,bafyreifrxpezdz3ntloadetvcjmr5ap3jifbcpoo3k7ga75wbsxgnmzkdi,jansplanet.bsky.social,Janet 🇨🇦,"The law is the #PolluterPays
Albertans are being victimized by the Petroleum industry & the AER.
#Orphaned Infrastructure is growing, as are the risks. We might get some transparency & respite because of this legal action.
#AbPoli #AER #FailingPetrostate #IndustryCaputuredRegulator
#Climate #cdnPoli",,,,1,10,16,1,0,2026-09-08T18:37:17Z,2026-09-08T18:37:15Z,NA,NA,NA,,,,,
at://did:plc:zfw2o4gfcahciaylo76rmzxa/app.bsky.feed.post/3muznxxvb2s2o,bafyreiegi7ugrgwizall3rbvcydiwa4eqfylgbqb7725ddffprlurltbfq,liammci.bsky.social,LiamMcIntosh He/Him 🏳️‍🌈🇵🇸,"Can we just not use the fascist run planet killing machine for lols? Regardless of context, you’re still helping the American tech industry by indulging in this crap. #cdnpoli",,,,0,0,1,0,0,2026-09-08T18:34:24Z,2026-09-08T18:34:24Z,NA,NA,at://did:plc:honmmb2tyrmy7hylnqcjnahe/app.bsky.feed.post/3muxzybp4uc2m,,,,,
at://did:plc:pedpziwws5vkocuq76mokn7c/app.bsky.feed.post/3muznxwv3rc2a,bafyreihgg4ip52vdyylegzfgotvbymgr3vipgpnbab53537psi7o42ocjm,deepgreendesign.bsky.social,Deep Green Design,"If you deny the scientific theory of evolution and support the incredible work of RFK Jr, weekends at Noah’s Ark Park are now 50% off for kids & groups over 10.

Say Mike Johnson sent you & get 10 minutes free in the Jesus Ball Room.

#Measles #VaccinesWork #Project2025 #PublicSafety #CdnPoli",,,,0,0,0,0,0,2026-09-08T18:34:23Z,2026-09-08T18:34:23Z,NA,NA,at://did:plc:xzlvsk4ty7ecwigbjpxah6yb/app.bsky.feed.post/3mbifty64go2m,,,,,
at://did:plc:zfw2o4gfcahciaylo76rmzxa/app.bsky.feed.post/3muzntcff3c2o,bafyreienreeaw4txtag34xlgxcjuczjjf3vzloz7mgj66mces73i3wylqi,liammci.bsky.social,LiamMcIntosh He/Him 🏳️‍🌈🇵🇸,"Adversity under capitalism is a funny thing because only people who are upper class enough to comfortably survive that adversity, talk about it like it’s a good thing. #cdnpoli",,,,1,2,2,0,0,2026-09-08T18:31:47Z,2026-09-08T18:31:47Z,NA,NA,at://did:plc:kx375dszrbvqtu7o4xxxmojn/app.bsky.feed.post/3muz4jceqvc2s,,,,,
at://did:plc:udw2qvwsyorfu77cutdqe6tn/app.bsky.feed.post/3muznsnlmfc2z,bafyreiardodv7f675qd3wcsdfw67ftqneq2saci5cprtjmm5spyoy72cl4,blakechedore.bsky.social,The Canadian Climbing Cartoonist,"Eschew the 51st State, but embrace the EU?

This is not what defending Canadian sovereignty looks like; we must recall Parliament today.

#whereisMarkCarney #cdnpoli",,,,0,0,0,0,0,2026-09-08T18:31:26Z,2026-09-08T18:31:25Z,NA,NA,at://did:plc:udw2qvwsyorfu77cutdqe6tn/app.bsky.feed.post/3muzkgg3qbk22,,,,,
at://did:plc:abt5tpb7lqr7vopkrkwfswwq/app.bsky.feed.post/3muznsjsx3u2x,bafyreibz43tb6at34citlmjoq2qdvzym5m4xdgwilgvnh65uvxw34avufa,canadareport.org,Canada Report,"Emissions Reduction Alberta doles out nearly $51 million in slew of innovation investments

Canada’s fastest news scan: 25+ headlines, no clutter, updated all day: CanadaReport.org

#cdnpoli #Canada #News #Tech #AI #abpoli 
Read Original Article 🔗",,,,0,0,0,0,0,2026-09-08T18:31:21Z,NA,NA,NA,NA,,,,,
at://did:plc:v3eup4rzroyniw2x7bmsdzgt/app.bsky.feed.post/3muznkgllvc23,bafyreibwhsrek7au2h4dfa6zkgtuxi6rp66mgf2kq2s5m5mkqqzi7xpn5m,spudislander45.bsky.social,Spudislander45 🇨🇦❤️🌎💪🫡,"Canada’s #HEALTHCARE INFUSION effort by Cdn #TodMaffin speak to health care workers around the world looking to #relocate to Canada. 

#FarAndWideNews 
Here, he talks about #Newfoundland and #Labrador. #cdnpoli #canpoli #",,,,0,0,1,0,0,2026-09-08T18:26:53Z,2026-09-08T18:26:49Z,NA,NA,NA,,,,,
at://did:plc:d4pjo6ehblrviy625go6uodj/app.bsky.feed.post/3muzngx77ds2h,bafyreihfoadortd5gh3fseeiwcbt2uo4ezjzbkc5q6q25nzh34chuxyyou,tindizzy.bsky.social,Dizzy ★,"#AbLeg #AbPoli
#CanPoli #CdnPoli",,,,0,0,1,0,0,2026-09-08T18:24:53Z,2026-09-08T18:24:52Z,NA,NA,at://did:plc:6djyhf54bsjeyfogoqssooit/app.bsky.feed.post/3muzdvbo6bs23,,,,,
at://did:plc:d4pjo6ehblrviy625go6uodj/app.bsky.feed.post/3muznek6ja22h,bafyreieyrcjajvlmiiry56erq2og3crtcf6skgghxbyiciquhntuom3toq,tindizzy.bsky.social,Dizzy ★,"Yeah. Ain’t no denying they’re all conspiring at this point, is there?

Folks need to wake up and fast. 

#CanPoli #CdnPoli 
#AbLeg #AbPoli",,,,2,2,5,0,0,2026-09-08T18:23:32Z,2026-09-08T18:23:32Z,NA,NA,at://did:plc:hv5odaknjuongylnlbp3k3mw/app.bsky.feed.post/3muzjpzkpr22t,,,,,
at://did:plc:istu2catmtwuynu7jlh6buzl/app.bsky.feed.post/3muzn5rffwc25,bafyreiclwcg6cvnxjdavr67t5725lahjor55p2w3u2xyjadgi3q5ftxtiy,elcanaco.bsky.social,elcanaco.bsky.social,"As part of these negotiations, if Canada is forced to improve things like food standards, social programs, education, foreign aid, and corporate regulation to meet EU standards, it will be very good for this country.

Something tells me Carney isn't interested in such things, however.

#cdnpoli #EU",,,,0,0,2,0,0,2026-09-08T18:19:44Z,2026-09-08T18:19:44Z,NA,NA,at://did:plc:uewxgchsjy4kmtu7dcxa77us/app.bsky.feed.post/3muzczxkxmc2c,,,,,
at://did:plc:w7yhpanniwt2sweiorkvec7j/app.bsky.feed.post/3muzn3htolk24,bafyreigicnaviyw5y3tdps4yi2n2smehj5pzubvo3ty67jhqyrzdqphnue,luciecatnip.bsky.social,Lucie🐈‍⬛Catnip ,"This shouldn't be a problem since the US no longer needs anything from Canada, according to Trump.

#cdnpoli",,,,0,1,5,0,0,2026-09-08T18:18:28Z,2026-09-08T18:18:27Z,NA,NA,at://did:plc:uewxgchsjy4kmtu7dcxa77us/app.bsky.feed.post/3muzczxkxmc2c,,,,,
at://did:plc:znqriibwczzauntoi3ggbplj/app.bsky.feed.post/3muzn2iguc22i,bafyreigck3zwcuxffnabtbmzkktl4scoz73ya5ryurecmp22d43uznte5y,pauliticaleye.bsky.social,Paulitical Eye 🍁,"Gander, NL, defends invitation to U.S. ambassador #Hoekstra to 9/11 commemoration. #Newfoundland #cdnpoli

halifax.citynews.ca/2026/09/04/g...",,,,0,0,1,0,0,2026-09-08T18:17:56Z,2026-09-08T18:17:54Z,NA,NA,NA,,,,,
at://did:plc:znj4lppxrevean47mjt57bcn/app.bsky.feed.post/3muzmy75jj222,bafyreid7ajyp5dgjj2qb2a5ox6mm7k2fpxpt5ucqzn2ppfewgsyrnb3yae,cpac.ca,CPAC TV,"""The trade war sits on top of an existing cost of living crisis which urgently needs to be addressed and cannot be left out of this conversation,"" says NDP Leader Avi Lewis in Toronto, speaking to reporters ahead of the return of Parliament on September 21.
 
#cdnpoli",,,,0,4,11,0,0,2026-09-08T18:16:41Z,2026-09-08T18:16:37Z,NA,NA,NA,,,,,
at://did:plc:ifi6xqgbojwquosnkvzx3gna/app.bsky.feed.post/3muzmsyn3qk2s,bafyreihqvkjg5gq2sae7fmydzi2lsgwnbajlo6d6avlcyumltipi2aaame,leftcoasttreefrog.bsky.social,Left Coast Tree Frog 🕊️,"UN welcomes countries' move to restrict trade with illegal Israeli settlements.
The UN human rights office commended the plans by the 12 countries to introduce restrictions on trade in goods with illegal Israeli settlements.
#cdnpoli
www.middleeasteye.net/live-blog/li...",,,,0,0,2,0,0,2026-09-08T18:13:45Z,2026-09-08T18:13:43Z,NA,NA,NA,,,,,
at://did:plc:ig6dnt4tqgg7iwwtywx3bkvd/app.bsky.feed.post/3muzmsh4vxk22,bafyreibmphvpgqla6oyjkyjbdat5jwflyx3lsbpafsjlxbuezjxnqwo7bm,robduncan.bsky.social,Rob Duncan,#auspol #USPOL #USA #us #uspoli #poli #politics #cdnpoli #canada #MeidasMighty #america #communityovercapitalizm #history #Ethics #SocialJustice #LongerTables #DemocraticSocialist #Ecosocialism #Socialist #socialism #LeftIsBest #ClassConsciousness #FalseConsciousness #abolishcapitalism #HumanRights,,,,0,0,9,0,0,2026-09-08T18:13:27Z,2026-09-08T18:13:25Z,NA,NA,NA,,,,,
at://did:plc:ig6dnt4tqgg7iwwtywx3bkvd/app.bsky.feed.post/3muzmquq6k222,bafyreif24mep4u7oq22lih3h76zi2gccka2ybgkh5gm3k64nbvfsh4txuq,robduncan.bsky.social,Rob Duncan,#auspol #USPOL #USA #us #uspoli #poli #politics #cdnpoli #canada #MeidasMighty #america #communityovercapitalizm #history #Ethics #SocialJustice #LongerTables #DemocraticSocialist #Ecosocialism #Socialist #socialism #LeftIsBest #ClassConsciousness #FalseConsciousness #abolishcapitalism #HumanRights,,,,0,0,1,0,0,2026-09-08T18:12:33Z,2026-09-08T18:12:32Z,NA,NA,NA,,,,,
at://did:plc:7ycfilosz2dmgcnqbh76jdol/app.bsky.feed.post/3muzmlosyyc2t,bafyreibtp7o5psacvwpnpm4inxcc2hsmxkomr6msqc46g7kkkkyt4od3zy,coolxenu.bsky.social,Cool Xenu 8647,"Conservatism is dead, killed by an orange buffoon aided by violent 'religious' nutbars.

#cdnpoli",,,,0,0,0,0,0,2026-09-08T18:09:39Z,2026-09-08T18:09:38Z,NA,NA,at://did:plc:uswtye3jgncyen5xvvf3znug/app.bsky.feed.post/3muzi4ixqlc2f,,,,,
at://did:plc:f3fugbaf3nzkbqasasceerr4/app.bsky.feed.post/3muzmlh226s2c,bafyreiffkkmaub3t3dr4xfdgaqfvtcbrtksnopymjgmghqaxutrizerlbu,factsmtr.bsky.social,Factsmtr,"You cannot call it the Alberta Advantage when the advantage belongs to the buyer.

The UCP keeps lowering the price, giving away revenue and calling it an advantage.

The bargain is real.  So are the losses.

Here's the facts:  factsmtr.substack.com/p/the-ucp-is...

#abpoli #ableg #cdnpoli",,,,1,4,4,0,0,2026-09-08T18:09:32Z,2026-09-08T18:09:30Z,NA,NA,NA,,,,,
at://did:plc:7ycfilosz2dmgcnqbh76jdol/app.bsky.feed.post/3muzmgwpdec2t,bafyreiamaczdcb23jcz4ojkbpnhp6dmnmgtuhmes66xelkn3syo4dvwb2e,coolxenu.bsky.social,Cool Xenu 8647,"That the Alberta Advantage, a limitless source of suckers.

#ableg #cdnpoli",,,,0,1,1,0,0,2026-09-08T18:07:00Z,2026-09-08T18:06:58Z,NA,NA,at://did:plc:phponn5ujc7dno42lw5maxmt/app.bsky.feed.post/3muzlbipq422f,,,,,
at://did:plc:offdsydfe2pgtmtscjvtvqw6/app.bsky.feed.post/3muzmgo3lii27,bafyreihdplhyd5bye4d7r2idbwslnzawqoghex6taygfscgs7jtapkdnqq,mitchinottawa.bsky.social,Mitch,Imagine how this guy would have treated the orange idiot.  Shawinigan Handshake indeed. #cdnpoli,,,,2,2,6,0,1,2026-09-08T18:06:50Z,2026-09-08T18:06:49Z,NA,NA,at://did:plc:43fze2pjimhk2aj6g3oskb2y/app.bsky.feed.post/3muzmdhmx4s2j,,,,,
at://did:plc:in6t5b6l3wnfwkcuqji57ttg/app.bsky.feed.post/3muzm6k6wdc2f,bafyreigoeh3yxcwxb6w4clvnb2xymo55rfvlzskiyirqxjwe6oqia5yydy,ccfr-ccdaf.bsky.social,Canadian Coalition for Firearm Rights,"TWO FOUND, TWO AT LARGE
Peel Police announce the arrest of two teens involved in a violent armed home invasion back on June 14th.

An unnamed a 16-year-old and 18-year-old Javaunie Thomas, armed with illegal guns, shot two residents inside the home.

Both were on release orders at the time. #cdnpoli",,,,0,0,0,1,0,2026-09-08T18:02:23Z,2026-09-08T18:02:17Z,NA,NA,NA,,,,,
at://did:plc:abt5tpb7lqr7vopkrkwfswwq/app.bsky.feed.post/3muzm5jbcef2c,bafyreiavwjsxb2jl5yvazij72hfjn4445xfwapl5cogzijvzymqt4lphsi,canadareport.org,Canada Report,"As Winter Approaches, Midea Helps Canadian Homeowners Rethink Heating System Replacements

Canada’s fastest news scan: 25+ headlines, no clutter, updated all day: CanadaReport.org

#cdnpoli #Canada #News #Business #Economy 
Read Original Article 🔗",,,,0,0,1,0,0,2026-09-08T18:01:42Z,NA,NA,NA,NA,,,,,
at://did:plc:istu2catmtwuynu7jlh6buzl/app.bsky.feed.post/3muzm5i7w5k2n,bafyreidb33dcopjqrdqjglssaeund6px2df3ztzcgalf37c5lhrlbsd4sq,elcanaco.bsky.social,elcanaco.bsky.social,"Iceland, Canada, México, and every other Central American and Caribbean nation impacted by Trump's nonsense need to expel their US Ambassadors.

#Trump #fascism #imperialism #cdnpoli",,,,0,0,1,0,0,2026-09-08T18:01:41Z,2026-09-08T18:01:41Z,NA,NA,at://did:plc:xjc7mkotpenvhh6ffewkdpyn/app.bsky.feed.post/3muzagafrbc25,,,,,
at://did:plc:egl4mfr2njrr2br4vhya7yrf/app.bsky.feed.post/3muzlqmovx223,bafyreicmyppwicg4lnfp4lhnipmfe5jneacl73dsmdsoa6ff5q2b7mxraa,judy-bug.bsky.social,judy 🇨🇦,"Conservatives are IDU members with Poilievre as 🇨🇦 chairman. It is a right wing #conservative org causing global unrest with objective of installing #fascist authoritarian govts worldwide. 

#Cdnpoli #IDUPlaybook #Never51 #ElbowsUp #Canada #abpoli #onpoli #nevervoteconservative #CPC #UCP #CanadaSky",,,,0,4,10,0,0,2026-09-08T17:54:31Z,2026-09-08T17:54:30Z,at://did:plc:6hnkpvshsxjgot5figjyardd/app.bsky.feed.post/3muzdgc7t7c2e,at://did:plc:6hnkpvshsxjgot5figjyardd/app.bsky.feed.post/3muzdgc7t7c2e,NA,,,,,
at://did:plc:phponn5ujc7dno42lw5maxmt/app.bsky.feed.post/3muzlpc3jzc2f,bafyreicgyv3kecj5e5fvkvrwcqddhcax763uvunnxdrynvyjwsiguwt34m,phillipmeintzer.bsky.social,Phillip Meintzer,Alberta landowners take Energy Regulator to court over orphan well cleanup failures ecojustice.ca/file/alberta... #ABLeg #ABPoli #CDNPoli @ecojusticecanada.bsky.social @cuym-alberta.bsky.social,,,,0,5,8,0,0,2026-09-08T17:53:47Z,2026-09-08T17:53:45Z,NA,NA,NA,,,,,
at://did:plc:d4pjo6ehblrviy625go6uodj/app.bsky.feed.post/3muzlgkifgc2k,bafyreihlv3lzxpvtkghcddhbsqjpr7ie2rzkwt3qrk3umw4tec2q4mr6jy,tindizzy.bsky.social,Dizzy ★,"The cops need to shut this shit show down.

But, they’re not going to, are they? 

#AbLeg #AbPoli
#CanPoli #CdnPoli",,,,1,4,5,0,0,2026-09-08T17:48:52Z,2026-09-08T17:48:52Z,NA,NA,at://did:plc:lar2o6mnnvln22w6kgnpifli/app.bsky.feed.post/3muxyzhhkmc23,,,,,
at://did:plc:phponn5ujc7dno42lw5maxmt/app.bsky.feed.post/3muzlbzgbl22f,bafyreib3mvb4nkqy5raacfcjl63mak3qfiavjdibqtqggrslcc7drxscdq,phillipmeintzer.bsky.social,Phillip Meintzer,"""We need to break up with the belief that what’s good for oil and gas executives is automatically what’s best for everyday Albertans. If we’re supposed to believe in trickle-down economics, shouldn’t more of the wealth actually trickle down?""
#ABLeg #ABPoli #CDNPoli #YYC #YEG",,,,0,2,12,0,0,2026-09-08T17:46:20Z,2026-09-08T17:46:20Z,NA,NA,at://did:plc:phponn5ujc7dno42lw5maxmt/app.bsky.feed.post/3muzlbipq422f,,,,,
at://did:plc:phponn5ujc7dno42lw5maxmt/app.bsky.feed.post/3muzlbipq422f,bafyreicq7zbjo3n5dkcmgjs6k4te4cohjunez4scf5h3q3s7zcez3h7qy4,phillipmeintzer.bsky.social,Phillip Meintzer,"New from me in the Calgary Herald this morning.

Did you know that ordinary Albertans pay MORE (collectively) in personal income taxes than we receive in royalties from from profitable oil and gas companies? 

calgaryherald.com/opinion/its-...

#ABLeg #ABPoli #CDNPoli",,,,1,14,24,2,0,2026-09-08T17:46:05Z,2026-09-08T17:46:02Z,NA,NA,NA,,,,,
at://did:plc:w7yhpanniwt2sweiorkvec7j/app.bsky.feed.post/3muzl6eiibc2q,bafyreibij46uhzcarllgsr526vdnlx6bqcbepj74qrzlq6dzcemibjjvhq,luciecatnip.bsky.social,Lucie🐈‍⬛Catnip ,"The pathetic lying as blonde lady reads what's actually going to be impacted by Canadian tariffs and Kilmeade reads out White House talking points to rebut the truth.

#cdnpoli",,,,1,1,1,0,0,2026-09-08T17:44:17Z,2026-09-08T17:44:17Z,NA,NA,at://did:plc:4llrhdclvdlmmynkwsmg5tdc/app.bsky.feed.post/3muyyod6gjf2o,,,,,
at://did:plc:bfco26qu6njacmc3rwyyj3ik/app.bsky.feed.post/3muzl4ttnvs2w,bafyreifcz4hjpapnr4lkcg77i6lrogbprynfzhkjnddgi67vc2p2pw4p44,michaelbociurkiw.bsky.social,Michael Bociurkiw,"Of all the things that could mark the worst week in modern Canada–U.S. relations, another Trump cartoon was not on my list.
open.substack.com/pub/worldbri... #cdnpoli",,,,0,1,2,0,0,2026-09-08T17:43:32Z,2026-09-08T17:43:26Z,NA,NA,NA,,,,,
at://did:plc:yayl6xfpipmrkudnobihqy64/app.bsky.feed.post/3muzl3brehs2d,bafyreibefryodnuh4b5idfkk6qt3sombk7r4ghsyqhmc5pdomb4iu62gva,loveisphere.bsky.social,loveisphere ,"Dear municipal, provincial and federal leaders, 

In case you aren’t taking the #climatecrisis seriously enough because money and power are more important than people and planet. Please look at the big picture, our time is running out. Some say, we’re already too late. #yyj #yyjpoli #bcpoli #cdnpoli",,,,0,0,1,0,0,2026-09-08T17:42:35Z,2026-09-08T17:42:33Z,NA,NA,NA,,,,,
at://did:plc:gva6uzmzlyxlecg7jlzozzfs/app.bsky.feed.post/3muzku3eazc2m,bafyreigkdnzhq2bilkvkl6opjqa3rt667vjl5aw3dhxklwmxqasrrnw3fm,jamiemackinnon.bsky.social,Jamie MacKinnon🇨🇦,"G&M:

A collection of radio stations across the country are playing only Canadian and non-American music today…exclusively spinning tracks by homegrown artists and those from countries such as the U.K. and Australia.

“We’re putting a 100-per-cent tariff on American music.”

#cdnpoli",,,,1,3,9,1,0,2026-09-08T17:38:32Z,2026-09-08T17:38:32Z,NA,NA,NA,,,,,
at://did:plc:egl4mfr2njrr2br4vhya7yrf/app.bsky.feed.post/3muzktljj7223,bafyreiawp3yumhq4ytblzplgonazqdn3lx5b6zsyobfcdkz5k43xsyjv5y,judy-bug.bsky.social,judy 🇨🇦,"Fascism is growing globally.  

The IDU (Harper/Poilievre), JCCF (John Carpay), ARC (Jordan Peterson), Heritage Fdn, Atlas Network, Koch Network, Federalist Society & Evangelical orgs in 🇨🇦 have been funding #Conservative for many years.

#cdnpoli #uspoli #IDUPlaybook #NeverVoteConservative",,,,0,0,0,0,0,2026-09-08T17:38:17Z,2026-09-08T17:38:15Z,at://did:plc:z54ckgbgh55vp35nfmea4ddv/app.bsky.feed.post/3muw2mmriue2q,at://did:plc:z54ckgbgh55vp35nfmea4ddv/app.bsky.feed.post/3muw2mmriue2q,NA,,,,,
at://did:plc:v3eup4rzroyniw2x7bmsdzgt/app.bsky.feed.post/3muzkrgn65223,bafyreicdk2bzgbmz57krejcpynepgqr46p2vfx2ks42mr5rm4frgf6p3ly,spudislander45.bsky.social,Spudislander45 🇨🇦❤️🌎💪🫡,"Allegations that #UAE President advised Israeli #Netanyahu of likely #Hamas attack a week and a half before the Oct 7 attack. 

Netanyahu denies this. 

#Israel has killed 73,658 people as a result. 

#cdnpoli",,,,0,1,3,0,0,2026-09-08T17:37:04Z,2026-09-08T17:37:03Z,NA,NA,NA,,,,,
at://did:plc:ebtnhtvy7hwdtvnotyhg5b3l/app.bsky.feed.post/3muzkrbrctc2t,bafyreigimgloyh5mvglj54qil7cmb3oymudhnyvv5qkdmaqhjtju4orhie,dianave.bsky.social,,Why only partial? Why aren't there full sanctions on #Israel as it commits #genocide and other #warcrimes throughout the region? #cdnpoli trade #sanctions,,,,0,0,0,0,0,2026-09-08T17:37:01Z,2026-09-08T17:36:58Z,NA,NA,NA,,,,,
at://did:plc:abt5tpb7lqr7vopkrkwfswwq/app.bsky.feed.post/3muzkh7xhks2x,bafyreihg6qpr2tfwveu4rsaqjp76ynhcu3qiqvosrygv5wyhvxemsazhia,canadareport.org,Canada Report,"Je déménage… avec vous

Canada’s fastest news scan: 25+ headlines, no clutter, updated all day: CanadaReport.org

#cdnpoli #Canada #News 
Read Original Article 🔗",,,,0,0,0,0,0,2026-09-08T17:31:21Z,NA,NA,NA,NA,,,,,
at://did:plc:qcwkzyfhap3s3r3jokldhmcf/app.bsky.feed.post/3muzkfiktx22z,bafyreicnxiiln6zodsjpwmf53ep7kowqxzoaaaz6zgoqdfieitsck7gaya,fcm.ca,FCM,"FCM will continue working with our members and our American counterparts to protect the strong economic ties that support communities across North America.  

#CDNMuni #cdnpoli",,,,0,0,0,0,0,2026-09-08T17:30:24Z,2026-09-08T17:30:22Z,at://did:plc:qcwkzyfhap3s3r3jokldhmcf/app.bsky.feed.post/3muzkfidars2z,at://did:plc:qcwkzyfhap3s3r3jokldhmcf/app.bsky.feed.post/3muzkfidars2z,NA,,,,,
at://did:plc:ypbo2mq6dqcct43gt2sam6el/app.bsky.feed.post/3muzkcqymyi2j,bafyreicwryumbtw7wjeigco2vajthknuuusljfmu7p3iksjfuskjqoq2ke,ipolitics.bsky.social,iPolitics,Canada has the capital to build more rental housing. We just need to unlock it #cdnpoli #ipolitics,,,,0,0,0,0,0,2026-09-08T17:28:51Z,2026-09-08T17:28:50Z,NA,NA,NA,,,,,
at://did:plc:jeibpuiku4aeybewdxqab4w3/app.bsky.feed.post/3muzk2tk6uk2t,bafyreihs6pltl23gwiiyw6w4of5odumfgdeca6ukhdoimv4ja3eb6b4ime,westernhemlox.bsky.social,Western Hemlox,"Looks like @maxfawcett.bsky.social is tanned, rested, and ready to continue taking it to separatists, traitors, cowards, and liars—including certain Canadian premiers—in this excellent conversation with @laura-babcock.bsky.social:

#cdnpoli #abpoli #bcpoli

youtu.be/KkTdUJ0HOc0?...",,,,0,3,6,0,0,2026-09-08T17:24:27Z,2026-09-08T17:24:25Z,NA,NA,NA,,,,,
at://did:plc:istu2catmtwuynu7jlh6buzl/app.bsky.feed.post/3muzjygvjjc23,bafyreigdt6esh3sf7vcildcmmrnusi6rypefbscinoit35u6pxx6jcw654,elcanaco.bsky.social,elcanaco.bsky.social,"If Canadians don't buy US products and services, and Canadian companies diversify trade to other countries, none of this matters.

The US doesn't exist anymore. Live by that.

#GlovesOff #BoycottUSA #cdnpoli",,,,0,1,4,0,0,2026-09-08T17:23:04Z,2026-09-08T17:23:04Z,NA,NA,at://did:plc:y3xrmnwvkvsq4tqcsgwch4na/app.bsky.feed.post/3muz5b5lo3s2t,,,,,
at://did:plc:xuivv5lfdceerbemwheokikj/app.bsky.feed.post/3muzjtvty7s2d,bafyreidalol5sawkq3qwzawsihjqqlvpir7n3sznyogpff4zmceohg5c64,mikebednarski.bsky.social,Michael Bednarski 🇨🇦,"@mark-carney.bsky.social People from EEA (e.g. Norway,  Iceland, Liechtenstein) and EU countries can work in each other's jurisdictions. Perhaps Canada can have a similar agreement with the EEA and EU countries. 

employment-social-affairs.ec.europa.eu/policies-and... #cdnpoli",,,,0,0,0,0,0,2026-09-08T17:20:34Z,2026-09-08T17:20:32Z,at://did:plc:xuivv5lfdceerbemwheokikj/app.bsky.feed.post/3muzjjendgs2d,at://did:plc:xuivv5lfdceerbemwheokikj/app.bsky.feed.post/3muzjjendgs2d,NA,,,,,
at://did:plc:v3eup4rzroyniw2x7bmsdzgt/app.bsky.feed.post/3muzjtm7adk23,bafyreihsdiimftr4euativjhfnepycor54a4vawu57em7f6g6bnxgyanwm,spudislander45.bsky.social,Spudislander45 🇨🇦❤️🌎💪🫡,"Tod and Jocelyn #Maffin being #Canadian small businesses together to help #BUYCANADIAN from businesses impacted by US #tariffs!  
#cdnpoli #canpoli 

Follow on MainStreet.TodMaffin.com",,,,0,6,14,0,1,2026-09-08T17:20:25Z,2026-09-08T17:20:22Z,NA,NA,NA,,,,,
at://did:plc:hvmq75fh6khlscwnmdbwr273/app.bsky.feed.post/3muzjt6wy622g,bafyreibpki2lxghbftud64x5rofyxquhcaey72ifb2l2dhu7rnsbiqh2gm,izizia.com,pardon me but 🇨🇦📎,"“When you’re a star, they let you do it”
- rapist Donald trump

#ableg
#cdnpoli",,,,2,1,4,0,0,2026-09-08T17:20:10Z,2026-09-08T17:20:08Z,NA,NA,NA,,,,,
at://did:plc:5hcumheo3c2a2n77t2uavxxw/app.bsky.feed.post/3muzjnynkz22i,bafyreib4eiiro7livncyxg62fw3qe7mjket3tmzumof4oyuz7nzxvd5rb4,kittykat7619.bsky.social,Ms. KittyKat 🩷 🍁 🩷 🏳️‍🌈 🩷 🍉,"This whole ""no journalists"" at tech summits is very telling. 

They do not want you to know that they're selling our freedom to the LOWEST bidder. 

#ABPoli #CdnPoli",,,,0,0,3,0,0,2026-09-08T17:17:13Z,2026-09-08T17:17:14Z,NA,NA,at://did:plc:k5iljqtzjxcinvcpivv7id5z/app.bsky.feed.post/3muzjftwqck2o,,,,,
at://did:plc:z4chll7ppkzcaearqfhpnczq/app.bsky.feed.post/3muzjm7lzzc2d,bafyreifdza446z46cbqam6ivb67fcwry57cq7ja6selmuxj52v2sowcru4,modernmaven.bsky.social,Modern Maven,"Canadian leader Mark Carney is just waiting for Trump to be voted out. lol He has no time for boys. Carney deals with strong men and women only, who are actually worth his time and $$. #cdnpoli #uspoli #tradewar #pencilboysarebeingvotedoutsoon #theLyinKingisbeingvotedout #CanadaStrongandFree #VOTE",,,,0,0,0,0,0,2026-09-08T17:16:15Z,2026-09-08T17:16:14Z,NA,NA,NA,,,,,
at://did:plc:udw2qvwsyorfu77cutdqe6tn/app.bsky.feed.post/3muzjlpdskk2j,bafyreibbtlzcbtd6tczse6c7sxlo4vaplwef2b27vahhm5inypog3t4fhu,blakechedore.bsky.social,The Canadian Climbing Cartoonist,"Canada: ‘We need to talk about the relationship.’ 

America: ‘Hold on—just one more Cheeto.’

#cdnpoli",,,,2,0,0,0,0,2026-09-08T17:16:02Z,2026-09-08T17:15:57Z,NA,NA,NA,,,,,
at://did:plc:kqqydztpv6lrkmynvlo7zsru/app.bsky.feed.post/3muzjlmhbmk2z,bafyreihzrb3kjheuu7ctbx5m3humgqvqvqck6yellviba47uq75pjopuda,kaicable.bsky.social,"Kai, a very old GenX 🇨🇦","British diplomats have privately told the US that the sanctions are largely symbolic and will have no material impact on the UK’s wider relationship with Israel on trade or security.

That's why Carney jumped on the bandwagon.

Announcement is designed to appease the left in Canada.

#cdnpoli",,,,2,0,5,0,0,2026-09-08T17:15:54Z,2026-09-08T17:15:54Z,NA,NA,at://did:plc:kqqydztpv6lrkmynvlo7zsru/app.bsky.feed.post/3muzinakpts2z,,,,,
at://did:plc:xuivv5lfdceerbemwheokikj/app.bsky.feed.post/3muzjjendgs2d,bafyreiagvv72tccja7tgjdliw3wmss7rjxfvbpx64egdedl74qxfrzz5wi,mikebednarski.bsky.social,Michael Bednarski 🇨🇦,"@mark-carney.bsky.social I hope that Canadians and EU citizens will get better movement and work rights in each jurisdiction. Mind you, Canadians will need to work on learning other languages beyond English and French. #cdnpoli",,,,1,0,2,1,0,2026-09-08T17:14:39Z,2026-09-08T17:14:39Z,NA,NA,at://did:plc:oov3xxwkf7mfa3zebsplltyd/app.bsky.feed.post/3muzeuzll2s2i,,,,,
at://did:plc:rkyu6mb3uieyk6nel54xwisl/app.bsky.feed.post/3muzji7dlak27,bafyreif76kt77vw5k5ifgz3s3qz3mnilxpyo2sq2yywsrhlnygsr72gc7e,smikooman.bsky.social,Doug Johnson 🇨🇦,"Prime Minister Mark Carney released ""Forward Guidance: A Stronger Canada,"" in which he outlines a wartime-like plan for trade diversification, clean energy, and domestic growth.

Key Pillars of the Strategy
➡️ Economic Retaliation
➡️ The ""Canada Strong"" Plan
➡️ Accelerating Major Projects

#CdnPoli 🇨🇦 💪",,,,1,0,5,0,0,2026-09-08T17:14:04Z,2026-09-08T17:14:00Z,at://did:plc:rkyu6mb3uieyk6nel54xwisl/app.bsky.feed.post/3mub6hoqkxc2f,at://did:plc:rkyu6mb3uieyk6nel54xwisl/app.bsky.feed.post/3mtor7k4fk22c,NA,,,,,
at://did:plc:r5fafhvk53vxf5p7gg7xptd2/app.bsky.feed.post/3muzjgstvms2u,bafyreiewwl4cj4t2c3eu5my4fntzqh6qe6mrxg3hmelzeg6kotukpc3udq,deaph-mckneticc.bsky.social,🇨🇴Deaph 🇨🇦McKneticc🇺🇦,Not a fan of the Prime Minister or his party but placing him in the same bucket as the right wing thugs who are actively seeking to unmake our country is one of the hottest takes I have ever seen . Horseshoe theory is looking more like Horseshoe axiom every day #cdnpoli,,,,0,0,1,0,0,2026-09-08T17:13:13Z,2026-09-08T17:13:13Z,NA,NA,at://did:plc:4yb2pjejfziah3eork7stm6j/app.bsky.feed.post/3muzikg7yw222,,,,,
at://did:plc:abt5tpb7lqr7vopkrkwfswwq/app.bsky.feed.post/3muzirxvd2z2d,bafyreibmbclgl2f5abtlkw3xa2xafmlkgciq7mgg3hd5j5buiqsyjsnsnu,canadareport.org,Canada Report,"Celero Communications Raises $275 Million Series C Following Validation of Industry’s First 2nm Coherent DSP Silicon

Canada’s fastest news scan: 25+ headlines, no clutter, updated all day: CanadaReport.org

#cdnpoli #Canada #News #Business #Economy 
Read Original Article 🔗",,,,0,0,1,0,0,2026-09-08T17:01:34Z,NA,NA,NA,NA,,,,,
at://did:plc:i35ssivwo4bs4j4ilxmxwf64/app.bsky.feed.post/3muzipuspdc2r,bafyreid2dyydppgbk77vcdbhun47o656timxloecfrjy3epedimne5gzxm,shotze3.bsky.social,Isitjustme,"When the hell is the Canadian Civil Defense Force going to be announced?!?
#cdnpoli",,,,0,0,3,0,0,2026-09-08T17:00:25Z,2026-09-08T17:00:23Z,NA,NA,NA,,,,,
at://did:plc:kdggc4ne6psickqw6j7hwb5m/app.bsky.feed.post/3muzikznqgc2c,bafyreicgjmpknvm2keqxlqv3dv62nb3owq7ecy57a3dr7wfqlerepo72va,elseeishere2.bsky.social,Elsee 💗🕊️🦋,"“The True North 
strong and free”
and will always be. 🇨🇦 ❤️ 🇨🇦
Don’t fvck with our sovereignty!
#ProudlyCanadian 💪🏼
#BuyCanadian 🇨🇦 🍁
#cdnpoli",,,,0,1,7,0,0,2026-09-08T16:57:41Z,2026-09-08T16:57:41Z,NA,NA,at://did:plc:3l6h5tayy6vycige2igmorv4/app.bsky.feed.post/3muzfz6s2nk2n,,,,,
at://did:plc:istu2catmtwuynu7jlh6buzl/app.bsky.feed.post/3muzhxj43fs26,bafyreie7s46l6t4sk43l7c3emkyg3lue5fgnebmzc35faugyeup26aczpy,elcanaco.bsky.social,elcanaco.bsky.social,"I'm going to ignore the stupidity of connecting short selling rules to poor education and suggest that the rise of smart phones and social media correlates well to 15 year olds testing very poorly.

iPhone sales increased dramatically around 2009-2011.

Twitter boomed in those same years.

#cdnpoli",,,,0,1,1,0,0,2026-09-08T16:46:46Z,2026-09-08T16:46:46Z,NA,NA,at://did:plc:ap5gpowypdnbuddfk5sl2by2/app.bsky.feed.post/3muzgckpslc2f,,,,,
at://did:plc:dgqy3ilac6mklabi55uaabyi/app.bsky.feed.post/3muzhuzqxhc2a,bafyreihi37uyvpiuh6c6xmwanvb2hzwal5o3xgfuth5hnefcdyahblmrcq,stribeprogblog.bsky.social,"Scott Tribe -A proud ""Ketchup Chip Nationalist"" member","This would be a heck of a good time for @mark-carney.bsky.social  to say during his address: ""By the way, we're ordering Gripens from SAAB"" (But if this is as massive as it sounds, we know why Carney is addressing hte EU Parliament before the Canadian Parliament opens)
 #cdnpoli #Canada #EU #Sweden",,,,1,0,4,1,0,2026-09-08T16:45:22Z,2026-09-08T16:45:22Z,NA,NA,at://did:plc:6y3honhec2jch2ryrbuyx5a5/app.bsky.feed.post/3muzgz7yics2p,,,,,
at://did:plc:qkeqgcvvkgdd57v3juyhvrxc/app.bsky.feed.post/3muzhtsqtys2m,bafyreie7qsj7gvsdrdrsjyq6er7r4pzksvfx2sy6ekhzf7qytrwsl2afw4,isthisagoodhandle.bsky.social,GG.Never51,#Canada #cdnpoli #tradewar #sovereignty #tariffs,,,,0,0,0,0,0,2026-09-08T16:44:42Z,2026-09-08T16:44:42Z,NA,NA,at://did:plc:hjp5vntka4indphaarx52hqz/app.bsky.feed.post/3muzbwunk2226,,,,,
at://did:plc:6hgtzk5uyzui7hwvndubsjda/app.bsky.feed.post/3muzhnenq2k2p,bafyreidddlxieoye6syf2epkfcwaxwz23v4jotai44jomtm3pemn5khcay,strategicthoughts.bsky.social,Schreck,"#cdnpoli #abpoli #bcpoli  Alberta separatist leader Jeffrey Rath faces $109 million debt claim from U.S. investors - Global News
apple.news/AaR14k0XFSeu...",,,,1,4,7,0,0,2026-09-08T16:41:07Z,2026-09-08T16:41:05Z,NA,NA,NA,,,,,
at://did:plc:uswtye3jgncyen5xvvf3znug/app.bsky.feed.post/3muzhiwjpwc2f,bafyreidjuagiugrikvntx6kcxagaxusyrh6vb5b3wdotppodby6wr577ii,sandydz.bsky.social,🇨🇦Sandy: No narcissistic leaders!🇨🇦,"Hey #ScottBessent!

You didn't specify which dog was which, so let's be clear:

The 110 lb German Shepherd, #PMCarney, did walk away from the #US #tradedeal!
He did so, because you all are like 'yelping little dogs', trying to deceive, thinking your yelping makes you sound strong!

#CdnPoli
#🇨🇦Strong",,,,1,2,2,0,0,2026-09-08T16:38:38Z,2026-09-08T16:38:36Z,NA,NA,NA,,,,,
at://did:plc:mwagtmvsxuqlgte5iqk3fndm/app.bsky.feed.post/3muzhi7kilc2r,bafyreidrnbndzf6i7z5g7d6zyxepfmjmkfvvdtjntxuiziis54czbzxqfq,lalegault.bsky.social,Arrête Mark Carney ⚜️,"This weekend we are all gathering in Toronto as Mark Carney invites American 🇺🇸 CEO’s to pick the meat off Canada’s bones. #topoli #cdnpoli 

www.manyvsmoneysummit.ca",,,,1,3,6,0,0,2026-09-08T16:38:15Z,2026-09-08T16:38:12Z,NA,NA,NA,,,,,
at://did:plc:o3tg3vocen5e7xvkhf2okkwn/app.bsky.feed.post/3muzhc7l2qc2v,bafyreicar5erptmux5j4i4crt6zb6hp5cijprueqrqysyj4otjil2okzxu,whittlesworth.bsky.social,Whittlesworth,"Buying Canadian, vacationing in Canada and making a point to purchase goods from sectors hit particularly hard by USA economic aggression.
When all else fails I buy:
Anything
But
American
#ABA #cdnpoli",,,,0,2,24,0,0,2026-09-08T16:34:51Z,2026-09-08T16:34:51Z,at://did:plc:3l6h5tayy6vycige2igmorv4/app.bsky.feed.post/3muzfz6s2nk2n,at://did:plc:3l6h5tayy6vycige2igmorv4/app.bsky.feed.post/3muzfz6s2nk2n,NA,,,,,
at://did:plc:lin2g3h6fvle3fdrs5nqmkiy/app.bsky.feed.post/3muzh4nmdc22c,bafyreigz3kksqabsuixblyia465gednsmd7bhofg5voye5hl5iqf2i22dq,canadiancontent.bsky.social,Not That Kind Of Canadian,"Some adults talking peace in the middle east

""two-state solution to the Israeli-Palestinian conflict""

#cdnpoli

www.pm.gc.ca/en/news/stat...",,,,0,0,0,0,0,2026-09-08T16:31:47Z,2026-09-08T16:31:44Z,NA,NA,NA,,,,,
at://did:plc:abt5tpb7lqr7vopkrkwfswwq/app.bsky.feed.post/3muzh3zna3y2j,bafyreidhjm2r3rx4mw3kduzdq7r2l5qhyx233cocomvy3w2qnqnklkwyhm,canadareport.org,Canada Report,"Wildfire detection startup SenseNet buys US competitor

Canada’s fastest news scan: 25+ headlines, no clutter, updated all day: CanadaReport.org

#cdnpoli #Canada #News #Tech #AI 
Read Original Article 🔗",,,,0,0,0,0,0,2026-09-08T16:31:24Z,NA,NA,NA,NA,,,,,
at://did:plc:asoznhbjzx27cxeqfb3y7x34/app.bsky.feed.post/3muzgxhqln222,bafyreiggsz5pxryl7uy343onjgm7f2tjoza3by7qi6i2vvnyguz3uyw7bq,shakespearesgal.bsky.social,Canadian Loyalist 🇨🇦,#cdnpoli,,,,0,1,1,0,0,2026-09-08T16:28:53Z,2026-09-08T16:28:51Z,NA,NA,NA,,,,,
at://did:plc:eaeuyrvdlqvjgznelgcdimct/app.bsky.feed.post/3muzgwyotmk2d,bafyreib72uqjwzvyce2sneeinacrit4cpr4bidca24g7kuxvvwpju2g3s4,madhat59kenwood.bsky.social,Ken Wood part owner of 🇨🇦,Full support. We need this. #cdnpoli,,,,0,4,8,0,0,2026-09-08T16:28:36Z,2026-09-08T16:28:35Z,NA,NA,at://did:plc:tkfg6eimgd36nkcagcayhmvv/app.bsky.feed.post/3muzg4oicms26,,,,,
at://did:plc:iyyzcuc24pgchmsbjnsa3wu3/app.bsky.feed.post/3muzgkewek22n,bafyreiewlrrxpwhvgehlqufgvylk4semlllgo3ziekddozchjv3aw6pgjm,torontokate.bsky.social,🎶 I Will Choose Freewill 🇨🇦,"""The Eiffel Tower Operating Company acknowledged that the Hindu delegation had requested that the visit be organized by limiting ""interactions with women"" and admitted that ""these conditions should not have been accepted""

""Equality will never stop at the foot of our historical monuments""

#cdnpoli",,,,1,0,0,0,0,2026-09-08T16:21:35Z,2026-09-08T16:21:31Z,NA,NA,NA,,,,,
at://did:plc:t4qjao6o2xfwavfc5ewwvosg/app.bsky.feed.post/3muzghhad222k,bafyreifcvfilnvaproflh5nugjrmppoo2i6ibmvxued3h4ppnbyidu3uzu,pqpolitics.bsky.social,Pete Quily,"Canadians have two modes.

Sorry.

And

You’ll be sorry.

Margaret Atwood on CBC

#cdnpoli",,,,0,0,1,0,0,2026-09-08T16:19:53Z,2026-09-08T16:19:53Z,NA,NA,at://did:plc:7btq74lizvd3uuzvfn2ntrzz/app.bsky.feed.post/3muzecopsw227,,,,,
at://did:plc:ypbo2mq6dqcct43gt2sam6el/app.bsky.feed.post/3muzgc5b65y2e,bafyreidhe3pdysixrpgeo5pttx2ja6hyujalq5r6wz2ldf5wiblwghvbkm,ipolitics.bsky.social,iPolitics,Canada to join European ban on Israeli settlement goods amid rising violence #cdnpoli #ipolitics,,,,0,6,8,0,0,2026-09-08T16:16:56Z,2026-09-08T16:16:55Z,NA,NA,NA,,,,,
at://did:plc:v3eup4rzroyniw2x7bmsdzgt/app.bsky.feed.post/3muzg3ltuvk23,bafyreif7y3vlcygx3qg6bxoutaa27yr4aw2unf4kc4fis6nukts7hs7ndy,spudislander45.bsky.social,Spudislander45 🇨🇦❤️🌎💪🫡,"Via #Euronews: 

11 #European nations and #Canada announce #tradesanctions on #Israeli settlements in the #WestBank

BRAVO!   Finally a start to some actions.   #EUPOLI #cdnpoli #Canada #Europe",,,,0,1,2,0,0,2026-09-08T16:13:17Z,2026-09-08T16:13:15Z,NA,NA,NA,,,,,
at://did:plc:7lnmlhhfmiwqiprk64xbr2qm/app.bsky.feed.post/3muzg2s7c4c2s,bafyreigrubuodhc6wnkmyko2lvcqp5wpwiodq2k7rlxcu6shbm3s2ohn44,yegraginggrannies.bsky.social,Edmonton Raging Grannies  🇨🇦🍁   ,"CANADA OUR HOME, OUR SONG

#Ableg #Abpoli #Cdnpoli #CANADA",,,,0,1,4,1,0,2026-09-08T16:12:51Z,2026-09-08T16:12:48Z,NA,NA,NA,,,,,
at://did:plc:w7yhpanniwt2sweiorkvec7j/app.bsky.feed.post/3muzfzmviws2q,bafyreihk4x77kxglfqnb4i6xxs4yfujshri4hj4flvhn7nqwk4zr3lgfpa,luciecatnip.bsky.social,Lucie🐈‍⬛Catnip ,"This should be happening in Canada every time Trump posts his threats. Make Hoekstra answer for all of it.

#cdnpoli

www.reuters.com/world/americ...",,,,2,3,15,0,0,2026-09-08T16:12:11Z,2026-09-08T16:12:09Z,NA,NA,NA,,,,,
at://did:plc:fuu6bocgrf4aonbnu7wkdsy7/app.bsky.feed.post/3muzfvl6d2c2z,bafyreid5draitbvqcf3sfvpla6zp7hqlpd6tgtlqjznr63mlbcxminaepa,theubiquitousj-man.bsky.social,The Ubiquitous J-Man,"Canada should do likewise!
😡

#CdnPoli 🇨🇦
#USpoli
#TrumpTariffs
#CanadaStrong 🍁
#ElbowsUp 💪🏼",,,,0,0,1,0,0,2026-09-08T16:09:54Z,2026-09-08T16:09:53Z,at://did:plc:xjc7mkotpenvhh6ffewkdpyn/app.bsky.feed.post/3muzagafrbc25,at://did:plc:xjc7mkotpenvhh6ffewkdpyn/app.bsky.feed.post/3muzagafrbc25,NA,,,,,
at://did:plc:pmf3olbwyqwhvbr7ejyfsigk/app.bsky.feed.post/3muzftjdtt22y,bafyreihm5sswkl7sshj7tvhlv3dmfumj5cm4v6sg5zaewpqm6jhs3tft64,jackiebigford.bsky.social,Jackie Bigford (JackiesBuzz) 🍁 🇨🇦,"What the orange dictator forgot to factor in with his tariff war with Canada 🇨🇦 is that we have a seasoned, intelligent guy at the wheel & we will #Never51stState which is what this is all about. tRUMP does not want trade negotiations he wants our country to subjugate to the US 🇺🇸

#cdnpoli #uspoli",,,,0,0,1,0,0,2026-09-08T16:08:44Z,2026-09-08T16:08:44Z,NA,NA,at://did:plc:juc4uhzquvfuarqilneuo55p/app.bsky.feed.post/3muz7yidlf22c,,,,,
at://did:plc:sgkn3mngslzbvvhy6xlpphoh/app.bsky.feed.post/3muzftdpvz22m,bafyreifhf3ykto4hvxsgzwr7fqxgy5fiulvkuqa56ctm5fggertn3ptklu,cleanenergycanada.org,Clean Energy Canada,"This time next week, Canada’s first “Investment Summit” will be underway in Toronto, where Prime Minister Carney, along with a host of Canadian business leaders, hopes to woo international interest in key Canadian industries. #cdnpoli",,,,0,3,5,0,0,2026-09-08T16:08:41Z,2026-09-08T16:08:38Z,NA,NA,NA,,,,,
at://did:plc:7ycfilosz2dmgcnqbh76jdol/app.bsky.feed.post/3muzfs2upwk2y,bafyreieaccefxlo2qmme36crjyl6gpwwm5m7tzhbweblnv2bsa2fkmdbv4,coolxenu.bsky.social,Cool Xenu 8647,"#Zionists are not smart, just violent.

#cdnpoli",,,,0,0,1,0,0,2026-09-08T16:07:57Z,2026-09-08T16:07:55Z,NA,NA,at://did:plc:idwplthfsquefrzgwnafzezx/app.bsky.feed.post/3muzesi7e422o,,,,,
at://did:plc:rn4mmstrs3ddbdynnkiywyee/app.bsky.feed.post/3muzfqyea6k2k,bafyreido63nooitktjxqbwpnervddy6hrq6n3y3ozmtyo7rih4wqleno34,veloveritas.bsky.social,Dan 🇨🇦,"""A 50% tariff, a promise of annexation, a lost House, a lost seat, four years of depression & a Canada that came out the other end bigger, prouder & trading with people who weren’t trying to swallow it. If that sounds familiar it’s because you’re watching it again...""
 
History repeats. 👇

#CDNPoli",,,,0,0,3,0,0,2026-09-08T16:07:19Z,2026-09-08T16:07:19Z,NA,NA,NA,,,,,
at://did:plc:mwagtmvsxuqlgte5iqk3fndm/app.bsky.feed.post/3muzfoomhic2r,bafyreidlmx3k3eabb4qmyiozfr7frdvlr4f2kby4vabdzsu4qpkdf7mj2i,lalegault.bsky.social,Arrête Mark Carney ⚜️,"Prime Minister Carney has lined up Trump loyalist after Trump loyalist famous for impoverishing Americans this weekend to Toronto, and just asked you to sacrifice more. 
#cdnpoli #topoli 

financialpost.com/news/carney-...",,,,1,2,6,0,0,2026-09-08T16:06:05Z,2026-09-08T16:06:02Z,NA,NA,NA,,,,,
at://did:plc:awvj4wnsqyyecbkizjxa7osa/app.bsky.feed.post/3muzfolhmwc2h,bafyreiccbelhj7yztrbm6ll32q7dkhrggia3ljiyaw2v2m5duwa2xo73te,liminalistic.bsky.social,The Liminalist,"I really wish we had robust media.

I'd love to hear how Danielle Smith is squaring the circle and being Canadian MAGA and not pissing off the huge number of people that are very pro-Canada right now.

We're under economic attack, but go ahead with your referendum.  #cdnpoli #CanadianPolitics",,,,0,0,0,0,0,2026-09-08T16:06:01Z,2026-09-08T16:05:59Z,NA,NA,NA,,,,,
at://did:plc:h3y7rhw6ao6nk5mmuskplxco/app.bsky.feed.post/3muzfmyhx2k2u,bafyreidiyhqpi36ycapqfjirs4zcgpkuzf7qmftdcjpbcdpqm7rhcrflzu,brainiackim.bsky.social,Brainiac Kim 🇨🇦,www.youtube.com/watch?v=eYAw... #cdnpoli,,,,0,0,1,0,0,2026-09-08T16:05:06Z,2026-09-08T16:05:05Z,NA,NA,NA,,,,,
at://did:plc:7ycfilosz2dmgcnqbh76jdol/app.bsky.feed.post/3muzfmq666c2y,bafyreifxgxo5lqzjpdjzuigtbcizuehe3rz6bwef6sifhgdsme6n6o72eu,coolxenu.bsky.social,Cool Xenu 8647,"#Israel's ruling #Zionist criminals continue apace.

Child/man #Bibi and his crew will not enjoy the finding out phase, which is inevitable and way sooner than they think.

www.caitlinjohnst.one/p/israel-is-...

#cdnpoli",,,,0,0,0,0,0,2026-09-08T16:04:59Z,2026-09-08T16:04:56Z,NA,NA,NA,,,,,
at://did:plc:w7yhpanniwt2sweiorkvec7j/app.bsky.feed.post/3muzflrjbis2q,bafyreiahcc7s7qfdn2yqn453j26oprmgm2cd34wsmvns2vlptejzcgq4ay,luciecatnip.bsky.social,Lucie🐈‍⬛Catnip ,"""In the spring of last year, I warned that America is trying to break us so they can own us. And I promised that that will never, ever happen,"" Carney said in his video address.""

Good. Then no more appeasement or preemptive concessions.

#cdnpoli
www.cbc.ca/news/politic...",,,,1,0,6,0,0,2026-09-08T16:04:26Z,2026-09-08T16:04:24Z,NA,NA,NA,,,,,
at://did:plc:42qbbzen5o6ggsqvvhvp2jnv/app.bsky.feed.post/3muzfkpjsoc2t,bafyreiehjlwl55avfzbhpr7gd6qfoct5slf2vomyrvnvbbu4ezybxiaaie,vdogg333.bsky.social,Vdogg333,youtu.be/IGs6od4szWs?... #cdnpoli #polqc #Vancouver #bcpoli #vanpoli #onpoli #topoli #Montreal #Toronto #Calgary #Edmonton #abpoli #ableg #SurreyBC #Brampton #USA #NYC #California #Texas #Iran #India,,,,0,0,0,0,0,2026-09-08T16:03:51Z,2026-09-08T16:03:49Z,NA,NA,NA,,,,,
at://did:plc:v3eup4rzroyniw2x7bmsdzgt/app.bsky.feed.post/3muzfjzb4z223,bafyreibp7rvmtjuh7pfqtn4xrdx4ew37gjvxp5zx5tqvf3drlk2xddb5we,spudislander45.bsky.social,Spudislander45 🇨🇦❤️🌎💪🫡,"Game of Chicken 🐔 

#MichaeldeAdder #cdnpoli 

deadder.substack.com/p/game-of-ch...",,,,0,0,2,0,0,2026-09-08T16:03:28Z,2026-09-08T16:03:25Z,NA,NA,NA,,,,,
at://did:plc:fuu6bocgrf4aonbnu7wkdsy7/app.bsky.feed.post/3muzfinhhik2z,bafyreia3agwqqlo2sgrh6troy77cutdfy7oeti5msmpx3jvfa6pitmlkfu,theubiquitousj-man.bsky.social,The Ubiquitous J-Man,"#CdnPoli 🇨🇦
#USpoli
#TrumpTariffs
#CanadaStrong 🍁
#ElbowsUp 💪🏼",,,,0,1,0,0,0,2026-09-08T16:02:40Z,2026-09-08T16:02:39Z,NA,NA,at://did:plc:icsgkevq6mfyuf5c357xc7dm/app.bsky.feed.post/3muzfgaiifz2d,,,,,
at://did:plc:eaeuyrvdlqvjgznelgcdimct/app.bsky.feed.post/3muzfi5qzek2o,bafyreihhpesyac6lqbdjwpkdvox6ksvzabrd55v2i7sxb4junjskkyorzu,madhat59kenwood.bsky.social,Ken Wood part owner of 🇨🇦,Good article. Its a reason Im not excited about (Sweden?) story re: using wooden poles for wind farming. I support wind farming but how many trees to be felled? Not a good trade off IMO. Trees more valuable living then being a pole. #cdnpoli #uspoli #ukpoli #eupoli,,,,0,0,0,0,0,2026-09-08T16:02:22Z,2026-09-08T16:02:23Z,NA,NA,at://did:plc:xsoytmru2z36wgdq2rjzjfm7/app.bsky.feed.post/3muzdifjpz22b,,,,,
at://did:plc:42qbbzen5o6ggsqvvhvp2jnv/app.bsky.feed.post/3muzfhooprk2t,bafyreiebxwgqs26q5sxweq3bwodg6mp6cl7vu3lvm3k2o2lupqpscnjdou,vdogg333.bsky.social,Vdogg333,youtu.be/q5RDI9Lt4QE?... #cdnpoli #polqc #Vancouver #bcpoli #vanpoli #onpoli #topoli #Montreal #Toronto #Calgary #Edmonton #abpoli #ableg #SurreyBC #Brampton #USA #NYC #California #Texas #Iran #India,,,,0,0,0,0,0,2026-09-08T16:02:09Z,2026-09-08T16:02:07Z,NA,NA,NA,,,,,
at://did:plc:42qbbzen5o6ggsqvvhvp2jnv/app.bsky.feed.post/3muzfgywx4s2t,bafyreibbovctefaqimvn7ptpofaexqx3qmss2i3ld2jnxrds2zr5ci5hju,vdogg333.bsky.social,Vdogg333,youtu.be/mYpGSJRvhjw?... #cdnpoli #polqc #Vancouver #bcpoli #vanpoli #onpoli #topoli #Montreal #Toronto #Calgary #Edmonton #abpoli #ableg #SurreyBC #Brampton #USA #NYC #California #Texas #Iran #India,,,,0,2,2,0,0,2026-09-08T16:01:46Z,2026-09-08T16:01:44Z,NA,NA,NA,,,,,
at://did:plc:abt5tpb7lqr7vopkrkwfswwq/app.bsky.feed.post/3muzfgljnud2s,bafyreibwnypjgaecm4jnhingoyp5jcfvjtbytzslpgxzcpvmt2hhvvobzm,canadareport.org,Canada Report,"Media Advisory and TIFF Photo/B-Roll Opportunity

Canada’s fastest news scan: 25+ headlines, no clutter, updated all day: CanadaReport.org

#cdnpoli #Canada #News #Business #Economy 
Read Original Article 🔗",,,,0,0,0,0,0,2026-09-08T16:01:31Z,NA,NA,NA,NA,,,,,
at://did:plc:lqq35ba2t7o4rbk5hv74j2lh/app.bsky.feed.post/3muzffdrx4l2q,bafyreiayxemkhhs5k4qatawv2jx2ij24qccdcfld5eytjxd3353w2noaiu,ccf-observatory.bsky.social,CCF · The Climate Journal / Le Journal du climat,"📈 Dominant people and organisations, day and week — on the observatory ⬇️
Summaries written by our models; excerpts quoted under fair dealing.
#ClimateChange #cdnpoli",,,,0,0,0,0,0,2026-09-08T16:00:49Z,NA,at://did:plc:lqq35ba2t7o4rbk5hv74j2lh/app.bsky.feed.post/3muzffdodvu2s,at://did:plc:lqq35ba2t7o4rbk5hv74j2lh/app.bsky.feed.post/3muzffch3cy2f,NA,,,,,
at://did:plc:lqq35ba2t7o4rbk5hv74j2lh/app.bsky.feed.post/3muzffch3cy2f,bafyreie4oqamrasl46unanmjuslswgvfugzwyq3w6pfeisz3qtr63tv7t4,ccf-observatory.bsky.social,CCF · The Climate Journal / Le Journal du climat,"🏅 The climate figures · Monday, September 7

The 2 dominant voices by type our models measure on Monday, September 7: the scientist Alison Morrison, the economic voice Augustus Doricko.

🧵 One figure, one story ⬇️

#ClimateChange #Canada #cdnpoli",,,,1,0,0,0,0,2026-09-08T16:00:47Z,NA,NA,NA,NA,,,,,
at://did:plc:lqq35ba2t7o4rbk5hv74j2lh/app.bsky.feed.post/3muzffag3vs2w,bafyreibcpggib3d3qckaerk4qiuqcj26z2swsjgufx3qcoitbjr4essdbe,ccf-observatory.bsky.social,CCF · The Climate Journal / Le Journal du climat,"🏅 Les figures du climat · lundi 7 septembre

Les 2 voix dominantes par type que nos modèles mesurent le lundi 7 septembre : la scientifique Alison Morrison, la voix économique Augustus Doricko.

🧵 Une figure, une histoire ⬇️

#Climat #Canada #cdnpoli",,,,1,0,0,0,0,2026-09-08T16:00:45Z,NA,NA,NA,NA,,,,,
at://did:plc:lqq35ba2t7o4rbk5hv74j2lh/app.bsky.feed.post/3muzffa5bqm2s,bafyreifeuzfxtbf4kjwlh56i576u5ejxa24jhgxueb4xcub27vpysn5f6q,ccf-observatory.bsky.social,CCF · The Climate Journal / Le Journal du climat,"📈 Dominant people and organisations, day and week — on the observatory ⬇️
Summaries written by our models; excerpts quoted under fair dealing.
#ClimateChange #cdnpoli",,,,0,0,0,0,0,2026-09-08T16:00:45Z,NA,at://did:plc:lqq35ba2t7o4rbk5hv74j2lh/app.bsky.feed.post/3muzff7zxvs2i,at://did:plc:lqq35ba2t7o4rbk5hv74j2lh/app.bsky.feed.post/3muzff7sv5v2u,NA,,,,,
at://did:plc:lqq35ba2t7o4rbk5hv74j2lh/app.bsky.feed.post/3muzff7sv5v2u,bafyreieg3npjhtgjmz7fdxjeh6na5sda7yp665kmqyesnoisd3umqx6jym,ccf-observatory.bsky.social,CCF · The Climate Journal / Le Journal du climat,"🎙 The climate voices · Monday, September 7

Among the most cited voices on Monday, September 7: Mark Carney (person) and Environment and Climate Change Canada (organisation).

🧵 Why these voices, and the articles behind them ⬇️

#ClimateChange #Canada #cdnpoli",,,,1,0,0,0,0,2026-09-08T16:00:45Z,NA,NA,NA,NA,,,,,
at://did:plc:lqq35ba2t7o4rbk5hv74j2lh/app.bsky.feed.post/3muzff7dgul2u,bafyreiewloekg54x7jjrxkk54olmztxu7sbzj7foja4mc4y4guwx3vfola,ccf-observatory.bsky.social,CCF · The Climate Journal / Le Journal du climat,"🎙 Les voix du climat · lundi 7 septembre

Parmi les voix les plus citées le lundi 7 septembre : Mark Carney, Pierre Poilievre, Tim Houston (personnes) et Environment and Climate Change Canada, RCMP (organisations).

🧵 Pourquoi ces voix, et les articles derrière ⬇️

#Climat #Canada #cdnpoli",,,,1,0,0,0,0,2026-09-08T16:00:44Z,NA,NA,NA,NA,,,,,
at://did:plc:lqq35ba2t7o4rbk5hv74j2lh/app.bsky.feed.post/3muzff6evmt2t,bafyreidss6lrb5glupurm54q6ni34eap5h4fg3ou5odwufhz2fd3bqp5ai,ccf-observatory.bsky.social,CCF · The Climate Journal / Le Journal du climat,"📈 Follow the pulse live — national and per-province curves on the observatory ⬇️
Summaries written by our models; excerpts quoted under fair dealing.
#ClimateChange #cdnpoli",,,,0,0,0,0,0,2026-09-08T16:00:44Z,NA,at://did:plc:lqq35ba2t7o4rbk5hv74j2lh/app.bsky.feed.post/3muzff5an6d2u,at://did:plc:lqq35ba2t7o4rbk5hv74j2lh/app.bsky.feed.post/3muzff3jffh2r,NA,,,,,
at://did:plc:lqq35ba2t7o4rbk5hv74j2lh/app.bsky.feed.post/3muzff3jffh2r,bafyreifsltf7sd7lx7fx3wwwnogslf4bmk6anyqxkeznlewsolvvqgkbki,ccf-observatory.bsky.social,CCF · The Climate Journal / Le Journal du climat,"📊 The media pulse · Monday, September 7

Cape Breton flooding and pipeline opposition dominate news on Monday, September 7; the political angle leads at 13% of an average article's content, down 11 points from its mean.

🧵 Details in the thread ⬇️

#ClimateChange #Canada #cdnpoli",,,,1,0,0,0,0,2026-09-08T16:00:41Z,NA,NA,NA,NA,,,,,
at://did:plc:lqq35ba2t7o4rbk5hv74j2lh/app.bsky.feed.post/3muzfeinli52u,bafyreicnmpguwj6aicr2akatdsjcnzta4xpy5zv77bmxzgumokznzmss5e,ccf-observatory.bsky.social,CCF · The Climate Journal / Le Journal du climat,"📊 Le pouls médiatique · lundi 7 septembre

Lundi 7 septembre, le Cap-Breton subit des inondations et un rapport fédéral alerte sur le réchauffement. L’angle politique domine à 13 % du contenu d’un article moyen, malgré un recul de 11 points.

🧵 Le détail en fil ⬇️

#Climat #Canada #cdnpoli",,,,1,0,0,0,0,2026-09-08T16:00:21Z,NA,NA,NA,NA,,,,,
at://did:plc:ruhwgda4uh6aaj4qe5ncapj3/app.bsky.feed.post/3muzfcbnakk2h,bafyreif2xxs2axp7za362ftix33zrfe3dmdkonmotssixio2ogkhtknjq4,neilforreal.bsky.social,Neil,"We ALL blame the U.S. government. It's every decent person versus the MAGA shit show now. #cdnpoli #tariffs 
www.thestar.com/business/man...",,,,0,0,0,0,0,2026-09-08T15:59:07Z,2026-09-08T15:59:06Z,NA,NA,NA,,,,,
at://did:plc:eaeuyrvdlqvjgznelgcdimct/app.bsky.feed.post/3muzf7uxpuc2o,bafyreibxdnbwbbgx3g4rmqufeupeebwk6jqak3x6sycdkwuhuhfdmczqfi,madhat59kenwood.bsky.social,Ken Wood part owner of 🇨🇦,I was surprised to hear this and a bit outraged. No kids in school anymore but my grandson starts K today. My daughter & husband havent let him have a ipad. 👏👏 or TV. Hes a great adjust little man. Education is great no ipad is needed to learn IMO Old fashion teacher learning. #cdnpoli,,,,0,0,1,0,0,2026-09-08T15:57:45Z,2026-09-08T15:57:45Z,NA,NA,at://did:plc:3l6h5tayy6vycige2igmorv4/app.bsky.feed.post/3muywy6n3bc2m,,,,,
at://did:plc:eaeuyrvdlqvjgznelgcdimct/app.bsky.feed.post/3muzezsjscc2o,bafyreie4lj3hbf3qukncjjdwwlunc35reyftglwb4e7rofon6wwlcdiioe,madhat59kenwood.bsky.social,Ken Wood part owner of 🇨🇦,🇨🇦💪 we got this  #cdnpoli,,,,0,0,0,0,0,2026-09-08T15:54:21Z,2026-09-08T15:54:21Z,NA,NA,at://did:plc:b743a347hvtvyzfcdkdskwnw/app.bsky.feed.post/3muyqxlvxdk26,,,,,
at://did:plc:v3eup4rzroyniw2x7bmsdzgt/app.bsky.feed.post/3muzezahy2s23,bafyreia3x75ohkzh5dt6ah7zybroy5o4bojctbajownpp3fihb6ajf4mnq,spudislander45.bsky.social,Spudislander45 🇨🇦❤️🌎💪🫡,"#Canadian #PrimeMinister #MarkCarney national address 

“Forward Guidance” 

Canada announces $7.5 Billion in Government supports added to the already $25 Billion in place for businesses and workers impacted by US tariffs.

#ElbowsUp
#cdnpoli #canada #CANADIANEconomy #TRADEWAR",,,,0,0,2,0,0,2026-09-08T15:54:03Z,2026-09-08T15:54:03Z,NA,NA,NA,,,,,
at://did:plc:fuu6bocgrf4aonbnu7wkdsy7/app.bsky.feed.post/3muzetnbg7c2h,bafyreign6j4mldgpjlydahpt2jjyu37y2szoolj2iy2o2ctkw3hqcvohgi,theubiquitousj-man.bsky.social,The Ubiquitous J-Man,"Alberta separatist leader Rath faces $109M debt claim from US investors...

globalnews.ca/news/1204911...

#CdnPoli 
#AbPoli #AbLeg",,,,1,1,5,2,0,2026-09-08T15:50:56Z,2026-09-08T15:50:55Z,NA,NA,NA,,,,,
at://did:plc:u5ps2tamftizbifphaslrgjv/app.bsky.feed.post/3muzetcz7bk2n,bafyreibkowia3j45bfmy7wchdfagg6sc5rfmugdrf5efkmpfuzxjaaibbu,tmlinner.bsky.social,Thomas Linner,"This is good & positive step. We can (& should) press for more action against military occupation & ethnic cleansing. But we also can (& should) support these steps towards accountability.

Palestinian humanity is deeply contentious to the media & political elite. Be prepared for blowback.
#cdnpoli",,,,0,0,1,0,0,2026-09-08T15:50:44Z,2026-09-08T15:50:44Z,NA,NA,at://did:plc:jni6svzuva3g224jghwkfcul/app.bsky.feed.post/3muze4dyaes25,,,,,
at://did:plc:px2esgvbnl7ransisaced6wu/app.bsky.feed.post/3muzerfedgs2p,bafyreiazkuu77ku77gz5p7xhs2ffeyy6ek252whi3bm65mywzhikobtj2a,stevemilesnet.bsky.social,🟥‬🍁🟥‬𝓢𝓽𝓮𝓿𝓮 𝓜𝓲𝓵𝓮𝓼 𝓝𝓮𝓽🟥‬🍁🟥‬,"Unfortunately, this news will probably be buried today by counter tariff news.🤔
#𝓢𝓽𝓮𝓿𝓮𝓜𝓲𝓵𝓮𝓼𝓝𝓮𝓽 #Bluesky #Politics #Democracy #Resistance #Canadasky #Canadian #cdnpoli #American #USApoli #EightySixFortySeven #nomorewar #NeverVoteConservative #Instafollow #neverthe51ststate
 youtu.be/jzSpVCpHZw8",,,,0,2,4,0,0,2026-09-08T15:49:46Z,2026-09-08T15:49:39Z,NA,NA,NA,,,,,
at://did:plc:q2pe2753p53fdhrnt2ylsnhr/app.bsky.feed.post/3muzeqmucl22g,bafyreiagmsz6pja6ovjz5og5o2o6qbgwnj5yu3qhravwve4sfujbe5iw7m,jamieb1000.bsky.social,Jamie,"globalnews.ca/news/1205017...

Trump threatens Bombardier, Canadian dollar as counter-tariffs set to roll out

#Trump #TrumpIsUnfitForOffice
#facist #USA #FireTrump #Canada
#cdnpoli #canpoli #politics #tariffs",,,,1,0,1,0,0,2026-09-08T15:49:15Z,2026-09-08T15:49:14Z,NA,NA,NA,,,,,
at://did:plc:w7yhpanniwt2sweiorkvec7j/app.bsky.feed.post/3muzepv3bzs2l,bafyreidbe4l6ztuovrblo7msfdfeynfn5xzg2hk2nid7cxxewa6275vayq,luciecatnip.bsky.social,Lucie🐈‍⬛Catnip ,"It's always the shadiest of characters with no conscience who think they can place themselves prominently in the public eye without facing any accountability while proclaiming they're tortured martyrs to their true believers.

#abpoli #cdnpoli

globalnews.ca/news/1204911...",,,,0,1,4,0,0,2026-09-08T15:48:51Z,2026-09-08T15:48:49Z,NA,NA,NA,,,,,
at://did:plc:v2gaukuizxy43g56kijqizun/app.bsky.feed.post/3muzepe7ljk2z,bafyreiacq7kxg4ornpx7ew7h7q4oc5gdn6xhy3f5gqphdzbnaq4yi6raki,dez56.bsky.social,Deb Graystone,www.youtube.com/watch?v=eYAw... #elbowsup #cdnpoli #canadastrong 😍,,,,0,0,0,0,0,2026-09-08T15:48:33Z,2026-09-08T15:48:31Z,NA,NA,NA,,,,,
at://did:plc:b3v2nt6uheazrp3tpxmdzl6l/app.bsky.feed.post/3muzeon2jns2p,bafyreih77byq6nv5ii6kguabhsufdawzo5jvscgqyr7kxycqnde4utqmk4,alwaysseeking.bsky.social,Always Seeking 🇨🇦,"""Nobody in this country is in the stands. 40 Million of you are on the ice."" Mark Carney's message to Canadians lays out how we'll build Canada Stronger by looking out for each other. #CDNPoli #CanadaStrong youtu.be/eYAwioM3RQI?...",,,,1,1,1,0,0,2026-09-08T15:48:08Z,2026-09-08T15:48:07Z,NA,NA,NA,,,,,
at://did:plc:q2pe2753p53fdhrnt2ylsnhr/app.bsky.feed.post/3muzeaxpukk2g,bafyreicnnhfpun5bjhvl5chnyz3yk6tagflmo7peagfiwvoj2qbn4pqls4,jamieb1000.bsky.social,Jamie,"www.cbc.ca/news/busines...

Canada's new tariffs: Are small businesses 'cannon fodder' in the trade war?

#Trump #TrumpIsUnfitForOffice
#facist #USA #FireTrump #Canada
#cdnpoli #canpoli #politics #tariffs",,,,0,0,1,0,0,2026-09-08T15:40:29Z,2026-09-08T15:40:28Z,NA,NA,NA,,,,,
at://did:plc:mwagtmvsxuqlgte5iqk3fndm/app.bsky.feed.post/3muze7hclfs2r,bafyreibrnyg75z67zfrmxelk6iwt7m5idiibwyfkakizate2sefpybb73y,lalegault.bsky.social,Arrête Mark Carney ⚜️,"Don’t say you were not warned. #cdnpoli

www.cbc.ca/player/play/...",,,,1,0,2,0,0,2026-09-08T15:39:39Z,2026-09-08T15:39:37Z,NA,NA,NA,,,,,
at://did:plc:4xqt7t2zph634drigtdxdmro/app.bsky.feed.post/3muze7dxkm22d,bafyreifdwqxj6ltv5i6bahcm6svmrgb27kxvb7eixv3vpzjsi5n7md3jne,journodale.bsky.social,Dale Smith,"ICYMI, my Loonie Politics column: Is now the time to get serious about EVs in Canada? #cdnpoli",,,,0,1,2,0,0,2026-09-08T15:39:34Z,2026-09-08T15:39:34Z,NA,NA,NA,,,,,
at://did:plc:q2pe2753p53fdhrnt2ylsnhr/app.bsky.feed.post/3muze2hzgz22g,bafyreigywu6o4vumzubjp3nobvzu6f5yo2xth5vazfpumwmfxxkdxv5ag4,jamieb1000.bsky.social,Jamie,"www.ctvnews.ca/world/trumps...

Carney warns of tough times ahead in national address as retaliatory tariffs kick in

#Trump #TrumpIsUnfitForOffice
#facist #USA #FireTrump #Canada
#cdnpoli #canpoli #politics #tariffs",,,,0,0,1,0,0,2026-09-08T15:36:52Z,2026-09-08T15:36:50Z,NA,NA,NA,,,,,
at://did:plc:x6ecc3rko5rsaa6f2xyokalv/app.bsky.feed.post/3muzdvcxvak24,bafyreihkkgrwmoburlvntjqfwm7bnyrcncumihzyg2x6mgkko4mit624rm,omnidion.bsky.social,Pjv (fka Errol Musk),"Dear PM @mark-carney.bsky.social @liberalca.bsky.social @dleblancnb.bsky.social since they target Bombardier, we should have some means to target Tesla & it would hit Trumps biggest donors. Also we certainly dont need those people-snooping Tesla garbage trucks infiltrating every street #cdnpoli",,,,0,0,2,0,0,2026-09-08T15:33:58Z,2026-09-08T15:33:57Z,NA,NA,NA,,,,,
at://did:plc:r2qm5vzmsns46l4n6e6rjh2a/app.bsky.feed.post/3muzdubd75c22,bafyreifdhvk4q6ex7uerpxmxzs7ssz7keeqcx6aungzostduzxuc5tzbfq,brucedc77.bsky.social,Bruce D. Cowherd   🇨🇦,"#cdnpoli #Canada 🇨🇦
#usapoli #USA 🇺🇸

#ElbowsUpCanada 
#HandsOff",,,,1,4,10,0,0,2026-09-08T15:33:23Z,2026-09-08T15:33:22Z,NA,NA,at://did:plc:vsddip55ctlrngxlr2uvmsji/app.bsky.feed.post/3muz2antftk2q,,,,,
at://did:plc:abt5tpb7lqr7vopkrkwfswwq/app.bsky.feed.post/3muzdsepb3b2f,bafyreifgbiwpbiq4eggrqeibzzgnq6bcci6vnsxackd2kt6n7rtgnmv6he,canadareport.org,Canada Report,"How did 1,200 OpenAI agents go rogue?

Canada’s fastest news scan: 25+ headlines, no clutter, updated all day: CanadaReport.org

#cdnpoli #Canada #News #Tech #AI 
Read Original Article 🔗",,,,0,0,0,0,0,2026-09-08T15:32:19Z,NA,NA,NA,NA,,,,,
at://did:plc:mv6loxcddhj3i6pzfvzicc36/app.bsky.feed.post/3muzdrwwnfs2g,bafyreidn6nzjgcoqvkvtodjbytigksxztothbxnnwf6pa6iwixls63ytgq,dennisjkoch.bsky.social,"Dennis ""dejay"" Koch","Now Trump is Trying to Convince Americans That CANADA is the Bad Guy

Tyler Bucket

#USA #Trump #uspoli #Canada #cdnpoli

youtu.be/D3aywZu1WP8",,,,3,0,1,0,0,2026-09-08T15:32:05Z,2026-09-08T15:32:04Z,NA,NA,NA,,,,,
at://did:plc:mas23qcgjovovcsmojt6mvgy/app.bsky.feed.post/3muzdribthc2o,bafyreid42gska4f4xhmv2jmhlwqaay3f3erswevezmjwiy4z4cq2y4wn5e,beware1984.bsky.social,,"At a minimum Canada should do the same and really should probably make it all of Israel as there's really no difference in behavior between the settlements and the rest of Israel.

#cdnpoli
@mark-carney.bsky.social
@anitaoakvilleeast.bsky.social
#cbc",,,,0,0,0,0,0,2026-09-08T15:31:49Z,2026-09-08T15:31:49Z,at://did:plc:gkv76xqizdogfswf4j6jfko5/app.bsky.feed.post/3muzbfuv6jc2m,at://did:plc:gkv76xqizdogfswf4j6jfko5/app.bsky.feed.post/3muzbfuv6jc2m,NA,,,,,
at://did:plc:abt5tpb7lqr7vopkrkwfswwq/app.bsky.feed.post/3muzdqizf2e2l,bafyreieillvn3v3azsx4yojovopwtdrn4dtgtq5stourfkxgxg7qg5uoly,canadareport.org,Canada Report,"“Stop the cuts at Bruyere Health:” CUPE to present worker-community petition to hospital management at rally on Septe...

Canada’s fastest news scan: 25+ headlines, no clutter, updated all day: CanadaReport.org

#cdnpoli #Canada #News #Business #Economy 
Read Original Article 🔗",,,,0,0,0,0,0,2026-09-08T15:31:16Z,NA,NA,NA,NA,,,,,
at://did:plc:7ycfilosz2dmgcnqbh76jdol/app.bsky.feed.post/3muzdoyquy22y,bafyreih4psp6jmjwyqzoqdaxmvn7nla7agevzyaim4iifmlgvfdm35a5am,coolxenu.bsky.social,Cool Xenu 8647,"That not a real doctor is a reliable mouthpiece for modern ""conservatives"".

IOW, a lying cheater.

#ableg #cdnpoli",,,,0,0,1,0,0,2026-09-08T15:30:26Z,2026-09-08T15:30:25Z,at://did:plc:imyvuf7guiwfrrdrbfawpfiz/app.bsky.feed.post/3muyym2z3us2g,at://did:plc:elgt6wavoz7ilfulhmcmbx6o/app.bsky.feed.post/3muyyapk5h22a,NA,,,,,
at://did:plc:eaeuyrvdlqvjgznelgcdimct/app.bsky.feed.post/3muzdmpvz3k2v,bafyreietu4whcl656ljs6cgxj6jwwfpa3mokjvnyhbarm5uyrojitbzu7e,madhat59kenwood.bsky.social,Ken Wood part owner of 🇨🇦,@armstrongcbc.bsky.social saw you on #CBCNN this morning. Again you were working hard for big biz & their shareholders. I have little empathy for them. They took advantage of #NAFTA moving their biz manufacturing production jobs to USA. 🇨🇦 doesnt need #NAFTA #JohnTurner was right. #cdnpoli,,,,0,1,6,0,0,2026-09-08T15:29:09Z,2026-09-08T15:29:09Z,NA,NA,NA,,,,,
at://did:plc:h3y7rhw6ao6nk5mmuskplxco/app.bsky.feed.post/3muzdmdli3k2u,bafyreidyugf6bddtopmg5t7ml4oivzt2ln4wcxmjpemgnf62xqav4uasxq,brainiackim.bsky.social,Brainiac Kim 🇨🇦,🤣 #USpoli #cdnpoli,,,,0,0,0,0,0,2026-09-08T15:28:56Z,2026-09-08T15:28:56Z,NA,NA,at://did:plc:gwk43b473ygscrhogtm4su2f/app.bsky.feed.post/3muz5tlzue22a,,,,,
at://did:plc:nb7p636umrv32bo3prq3hahd/app.bsky.feed.post/3muzdjuw4gc2x,bafyreig7n55zqwahfawx3tfu3cf33hqutrong5fpsbqgouoe4ykybbg2qi,hepedk.bsky.social,Henning Pedersen,"8/9 2026

#Canada’s #retaliatory #tariffs take effect as tRump threatens to ban Bombardier jet sales in US

#Canada #tRumpistan #trade-war #cdnpol #cdnpoli #uspol

www.cnn.com/2026/09/07/e...",,,,0,0,0,0,0,2026-09-08T15:27:34Z,2026-09-08T15:27:33Z,at://did:plc:nb7p636umrv32bo3prq3hahd/app.bsky.feed.post/3muz6xkpcic2f,at://did:plc:nb7p636umrv32bo3prq3hahd/app.bsky.feed.post/3muz6xkpcic2f,NA,,,,,
at://did:plc:h3y7rhw6ao6nk5mmuskplxco/app.bsky.feed.post/3muzd7wqumk2u,bafyreicetihnciymxosvy6pqwzhd2sbnjokddr7v5uv2p5oz4c73vqtaky,brainiackim.bsky.social,Brainiac Kim 🇨🇦,"I thought there was something Bombardier was collaborating on an American space project. Anyways, here are the facts, Trump is trying to kill American jobs instead: www.cnbc.com/2026/09/07/t...

nationalpost.com/news/trumps-...

#USpoli #cdnpoli",,,,0,1,2,0,0,2026-09-08T15:22:02Z,2026-09-08T15:22:00Z,NA,NA,NA,,,,,
at://did:plc:dzu7ntlsxj2rlxxob4ymyhwz/app.bsky.feed.post/3muzd6jhetc2h,bafyreihtl4tj7gqwunvqyytcyi75mnabgozsumsmf6ct2urun3svq34gja,grannycanuck.bsky.social,💪🏼🫎🛶🦫🌲💨🪨🌊,"As am i
And it is NOT
 “Canada’s escalating trade war”
The trump administration has subjected us to ILLEGAL trade violations almost since the Inauguration 🔚 #AP #cdnPoli",,,,0,0,1,0,0,2026-09-08T15:21:13Z,2026-09-08T15:21:12Z,at://did:plc:naxmg5g4dsw3qp3jmt2etsjt/app.bsky.feed.post/3muy6dtvvas2a,at://did:plc:a67zdrt4nl2tv2qojpngogbq/app.bsky.feed.post/3muy5xoz3wv2e,NA,,,,,
at://did:plc:xvhfw6ch4oy4yez2kbu5wrhl/app.bsky.feed.post/3muzd5j5its2b,bafyreicftnjaz5nzqcsz6on76lvq36zniigr3eecjmbvch65tyns5h6vam,linzi-the-artist.bsky.social,Lindsay Brambles🇨🇦,"It's remarkable how far too many idolize these people & seem willing to follow them despite the fact individuals such as Musk, Thiel, et al are working against their interests.

Peter Thiel Meets the Antichrist #AI #Canada #cdnpoli #TechBillionaires
charlieangus.substack.com/p/peter-thie...",,,,0,0,1,0,0,2026-09-08T15:20:15Z,2026-09-08T15:20:38Z,NA,NA,NA,,,,,
at://did:plc:mwagtmvsxuqlgte5iqk3fndm/app.bsky.feed.post/3muzcxpjirc2e,bafyreibcw33fboirl5su3r3nugp3zyrr2pgr6oarmsoceaofvp34rctyqu,lalegault.bsky.social,Arrête Mark Carney ⚜️,The Prime Minister just asked you to sacrifice for his bad decisions and is still inviting 33 Trump loyalist 🇺🇸 CEOs to his CEO summit this weekend to auction us off.  Absolutely not. #cdnpoli,,,,0,2,4,0,0,2026-09-08T15:17:24Z,2026-09-08T15:17:24Z,NA,NA,NA,,,,,
at://did:plc:mv6loxcddhj3i6pzfvzicc36/app.bsky.feed.post/3muzcxocgrc2g,bafyreid7gaajbetd3bazc3jjd35tfjb7zkvcvg6u33tgnktwvytrjypfve,dennisjkoch.bsky.social,"Dennis ""dejay"" Koch","The new world order just started

Chris Norlund

#USA #Trump #uspoli #Canada #cdnpoli #Politics #News

youtu.be/SoDzxV2EOlc",,,,1,0,2,0,0,2026-09-08T15:17:24Z,2026-09-08T15:17:22Z,NA,NA,NA,,,,,
at://did:plc:g3hevxjurpxzwkybfe4ghhr6/app.bsky.feed.post/3muzcx672lc2h,bafyreifxd6bedc5niljkrbmgkitwjdmppgm6wsrtd2caagccily5wzb4de,orlaghokelly.bsky.social,Orlagh O’Kelly,"You can call in. 

1-888-416-8333

Tell them Alberta needs to be told- no pipeline, no relief, nothing, until Smith cancels the referendum no one voted for, paid for by our taxpayer dollars, to stoke anti immigrant hate and break apart Canada.

#ableg #cdnpoli

www.cbc.ca/radio/thecur...",,,,0,4,10,1,1,2026-09-08T15:17:10Z,2026-09-08T15:17:06Z,NA,NA,NA,,,,,
at://did:plc:mwagtmvsxuqlgte5iqk3fndm/app.bsky.feed.post/3muzctg27gc2e,bafyreigo2ofbhmv73crkxktrjsdgsjp7lzpaxj4u26pkkbebhkfoynmvti,lalegault.bsky.social,Arrête Mark Carney ⚜️,"Yes. And people should never forget he chose to sacrifice them instead of using our leverage. #cdnpoli 
🔗 www.cbc.ca/news/busines...",,,,0,1,3,0,0,2026-09-08T15:15:10Z,2026-09-08T15:15:00Z,NA,NA,NA,,,,,
at://did:plc:3wgcbhllcnfyabxbhvcp4mco/app.bsky.feed.post/3muzclwjork2u,bafyreiatwiqm4cqskxy2sevvt3vjdt6x53wmtkd2ezxym2fywqw5rhidfi,finnsfolly.bsky.social,🇨🇦,"This is leadership! Go # Canada !
#cdnpoli",,,,0,0,1,0,0,2026-09-08T15:10:49Z,2026-09-08T15:10:48Z,NA,NA,at://did:plc:kx375dszrbvqtu7o4xxxmojn/app.bsky.feed.post/3muz4jceqvc2s,,,,,
at://did:plc:deej5pakczvmljahhvrridlp/app.bsky.feed.post/3muzclcyxks22,bafyreielv2nagesba6b4qgtztnzmk3b7jfzoq2y727l3ovwn7zke3fzaga,pat112.bsky.social,Pat,"""The whole history of America is the history of  rich white men telling not rich white people that their enemies are black and brown people ""

#Cdnpoli #Uspoli 

www.youtube.com/watch?v=9B1k...",,,,0,1,1,0,0,2026-09-08T15:10:31Z,2026-09-08T15:10:28Z,NA,NA,NA,,,,,
at://did:plc:7ycfilosz2dmgcnqbh76jdol/app.bsky.feed.post/3muzclanhkc2y,bafyreib4anq6ugq7dy6ymxcuy6j6kfugds5fdmli25cortdf7xuhgkht6i,coolxenu.bsky.social,Cool Xenu 8647,"All modern ""conservatives"" are deeply unwell. They are consumed with greed and profound self hatred.

#ableg #cdnpoli",,,,0,1,3,0,0,2026-09-08T15:10:26Z,2026-09-08T15:10:25Z,NA,NA,at://did:plc:a56zatlha5t43mfabilgk2ht/app.bsky.feed.post/3muz5rz7als2y,,,,,
at://did:plc:mv6loxcddhj3i6pzfvzicc36/app.bsky.feed.post/3muzcjo5cqs2z,bafyreibo6ane2hmj3zuxy7yxjuiql7cjycstbvaqknwku65knjpmvkplta,dennisjkoch.bsky.social,"Dennis ""dejay"" Koch","They tried to k*ll him…

@adammockler.com breaks down Trump's envoy almost being struck in Ukraine.

#USA #Trump #uspoli #Canada #cdnpoli

[he's okay]

youtu.be/INMsPQprogA

www.youtube.com/channel/UCTQ...",,,,0,0,0,0,0,2026-09-08T15:09:34Z,2026-09-08T15:09:32Z,NA,NA,NA,,,,,
at://did:plc:eaeuyrvdlqvjgznelgcdimct/app.bsky.feed.post/3muzcj32pos2m,bafyreifgzb6qpy5qthxniwwplckxyrtafqwzmisjyyrgxpn5vumqt7ilty,madhat59kenwood.bsky.social,Ken Wood part owner of 🇨🇦,Good move #ukpoli #cdnpoli,,,,0,3,5,0,0,2026-09-08T15:09:12Z,2026-09-08T15:09:12Z,NA,NA,at://did:plc:ln72v57ivz2g46uqf4xxqiuh/app.bsky.feed.post/3muz7jovtlk2c,,,,,
at://did:plc:7ycfilosz2dmgcnqbh76jdol/app.bsky.feed.post/3muzcgdlnes2y,bafyreib6qaqrvgip7n4cgpbzae3hqqe4fxo6wprb7xchubh4keep6wzbly,coolxenu.bsky.social,Cool Xenu 8647,"Good. Rath is clearly a crook.

#cdnpoli #ableg",,,,0,0,0,0,0,2026-09-08T15:07:41Z,2026-09-08T15:07:41Z,NA,NA,at://did:plc:vvjwukbyx45mcvbsyhgfui3i/app.bsky.feed.post/3muz5eohk6c2n,,,,,
at://did:plc:sywtwkbhpdibiprqvv7epcto/app.bsky.feed.post/3muzcfk7f6s2s,bafyreibtehruffcqmxfn7iwtrmxsdqtxygnfhozqwtq75kqr6pcvpdngwe,elliott4mp.bsky.social,"Derek Elliott, Libertarian","Ottawa says the only way to save the planet is higher taxes and less control over your life. Property rights protect our rivers and air far better than bureaucracy ever will.

Watch my latest video: www.youtube.com/shorts/eq138...

#cdnpoli #libertarian #canada #environment #lgequalsmf",,,,1,0,0,0,0,2026-09-08T15:07:19Z,2026-09-08T15:07:14Z,NA,NA,NA,,,,,
at://did:plc:7ycfilosz2dmgcnqbh76jdol/app.bsky.feed.post/3muzcellcv22y,bafyreiff2hpiwo7pkib3w73ziqlp5safvqdd5mlux2ak7se6mvuebn4gs4,coolxenu.bsky.social,Cool Xenu 8647,"The smug Maple MAGA rich kids who show up at Alberta protests to ignorantly parrot their parent's imbecilities are always quick to point that out.

They think they're smrt.

#ableg #cdnpoli",,,,0,0,1,0,0,2026-09-08T15:06:43Z,2026-09-08T15:06:42Z,at://did:plc:yiykf4gzuc7ofsnvmdmee5kz/app.bsky.feed.post/3muxc4w5hf22a,at://did:plc:7rhrzeeiv5nfw3is5yatklvf/app.bsky.feed.post/3mux3ofcuys2a,NA,,,,,
at://did:plc:ii6oavwfjgy2s33lwrcbjubl/app.bsky.feed.post/3muzcacbvzc26,bafyreig42sm27p3kd6ffopoitbnz3twrfdxow5vl4rjkzued3itiv4kzd4,bene-maple.bsky.social,B.G. Witch 🇨🇦 🏳️‍⚧️ 🌈,"We can only endow ourselves with rights.

Universal housing, food certainty, education, and health care for all humans.

Paid for by the top of our economic systems via taxes.

Ill keep saying it, no matter how many others want to close their eyes and defend the powerful. #cdnpol #cdnpoli",,,,0,0,2,0,0,2026-09-08T15:04:18Z,2026-09-08T15:04:18Z,NA,NA,NA,,,,,
at://did:plc:2p7sqa6qmhcjzxyonaiwtwo4/app.bsky.feed.post/3muzca3n7es2d,bafyreidmb7ve4q5gmyawdhfeptcwscwmhbdxwqyv5wzi7ruykncixpqw3y,robinedgar59.bsky.social,Robin Edgar,"My own personal experiences with Canada's so-called ""justice system"", as well as decades worth of observation of other cases, inspired the following saying some years ago:

The #RuleOfLaw is ""all well and good"" until it is neither well, nor good. . .

#TheRuleOfLaw #Justice #LawSky #PolCAN #CDNpoli",,,,0,0,0,0,0,2026-09-08T15:04:11Z,2026-09-08T15:04:11Z,at://did:plc:qzjokc3mhvctn3u23h53orgi/app.bsky.feed.post/3mu5im2zctc2p,at://did:plc:qzjokc3mhvctn3u23h53orgi/app.bsky.feed.post/3mu5im2zctc2p,NA,,,,,
at://did:plc:7ycfilosz2dmgcnqbh76jdol/app.bsky.feed.post/3muzc7sqynk2y,bafyreigoh73t4iaxldaxb6ldb4t5aggesvx2zhyf2m5aagusho76jyf544,coolxenu.bsky.social,Cool Xenu 8647,"Are those the anti-immigrant Alberta Next Panels that once respected economist @trevortombe.bsky.social was paid to participate in?

#ableg #cdnpoli",,,,0,0,2,0,0,2026-09-08T15:04:03Z,2026-09-08T15:04:02Z,at://did:plc:7rhrzeeiv5nfw3is5yatklvf/app.bsky.feed.post/3mux3ofcuys2a,at://did:plc:7rhrzeeiv5nfw3is5yatklvf/app.bsky.feed.post/3mux3ofcuys2a,NA,,,,,
at://did:plc:istu2catmtwuynu7jlh6buzl/app.bsky.feed.post/3muzc62h4ik2j,bafyreidt5lnrvooxh36bgldg3o5orjobotatsc2nwb5jkbowdgtst3xhqq,elcanaco.bsky.social,elcanaco.bsky.social,"This is disappointing from CBC.

Yes, Canada is spending $500M to attract 64 top American researchers. That's great.

But Carney's government also slashed scientific research funding in his annual budget.

Why no mention of that?

We need better journalism.

#cdnpoli
youtube.com/shorts/abQPV...",,,,1,1,2,0,0,2026-09-08T15:03:03Z,2026-09-08T15:03:03Z,NA,NA,NA,,,,,
at://did:plc:eaeuyrvdlqvjgznelgcdimct/app.bsky.feed.post/3muzc4mnsts2m,bafyreiectqayrgrfawqiabxv7ttlc7avbhxjl2q5twcfu4vpikge3ks7da,madhat59kenwood.bsky.social,Ken Wood part owner of 🇨🇦,Strange question 🤔. All three must happen. #cdnpoli,,,,0,0,1,0,0,2026-09-08T15:02:14Z,2026-09-08T15:02:15Z,at://did:plc:7clmz2hekkwvdy5xwo5vqtk2/app.bsky.feed.post/3muzaqme3yv22,at://did:plc:7clmz2hekkwvdy5xwo5vqtk2/app.bsky.feed.post/3muzaqme3yv22,NA,,,,,
at://did:plc:gv3qn6f23vvn4v4fxu7flbbb/app.bsky.feed.post/3muzc3ybxhs25,bafyreibrtwsmiheove35xhjfi47ye6opdupja6knmrkdbeljecx6oqew4e,jackhill.bsky.social,Jack Hill,"American dominance of Canada has been a warning for yrs. #history 

‘Silent Surrender:The Multinational Corporation in Canada’ Kari Levitt 1970

“Canadian political sovereignty & even Canada’s ability to remain a distinct nation”
#cdnpoli #cdneco",,,,1,0,0,0,0,2026-09-08T15:01:54Z,2026-09-08T15:01:53Z,NA,NA,NA,,,,,
at://did:plc:abt5tpb7lqr7vopkrkwfswwq/app.bsky.feed.post/3muzc34hdxi2c,bafyreibek5ti5f2ncx3sadbmsor35lrwz6kgky6wrmtrfovjpkrtmlrou4,canadareport.org,Canada Report,"Landjourney rebrands to Sweet, secures $7.4 million USD to simplify commercial lending beyond agriculture

Canada’s fastest news scan: 25+ headlines, no clutter, updated all day: CanadaReport.org

#cdnpoli #Canada #News #Tech #AI 
Read Original Article 🔗",,,,0,0,0,0,0,2026-09-08T15:01:24Z,NA,NA,NA,NA,,,,,
at://did:plc:bfypaxsdpfcj4i2t5qkeu3eh/app.bsky.feed.post/3muzc2eywrk2t,bafyreifggh3ghuqcwwetjcpsw74gdtehn7jok4k4stkxzvrrnclzfgfqhe,conorcurtis.bsky.social,Conor Curtis,"Reminder that the initial deal - before the U.S. pushed its luck too far - was already bad & gave up too much: www.thestar.com/business/opi... & www.thestar.com/opinion/star...
Vital you tell our leaders that a return to that deal is unacceptable & we must use ALL the tools at our disposal. #CDNpoli",,,,1,10,24,0,0,2026-09-08T15:01:03Z,2026-09-08T15:01:00Z,NA,NA,NA,,,,,
at://did:plc:4wtl4ihomtq4zax5cz2y62us/app.bsky.feed.post/3muzc2aamqs2i,bafyreigbtbdhv5vemkqrn5q7y7gvfrykynpp6xbldzsxyoklmyfnwve34m,shireen.link,Shireen Anne Jeejeebhoy ,"This system may be the way to break Canadians out of the Liberals-only-can-defeat-Conservatives mindset. We have four credible national parties, but Canadians vote as if we have two but only one is fit to govern.
Leads to authoritarian govt. @avilewis.ca  #NDP @canadiangreens.bsky.social  #cdnpoli",,,,0,0,0,0,0,2026-09-08T15:00:55Z,2026-09-08T15:00:55Z,NA,NA,at://did:plc:lh52slyfeysqwlq3v6ngoelz/app.bsky.feed.post/3muz7aadgm22i,,,,,
at://did:plc:migpri6ukqvsbz7j7iy7hdxu/app.bsky.feed.post/3muzc262ibf2h,bafyreici7ae3rz36bhzce5ivqfjiqe2oxx2bhpah6uivmnygm6rhepcram,breakfastscotch.bsky.social,Breakfast Scotch National,"Alberta separatists unveil plan to escape Canada by becoming the parts of America Canadians were trying to avoid | Read More: tinyurl.com/4u9e2xp8 

#NEWS | #BSN | #ALBERTA | #CANADA | #CDNPOLI | #ABPOLI | #UCP | #NDP | #LIBERALS | #CONSERVATIVES | #DANIELLESMITH | #CANADIANTIRE | #FOREVERCANADA",,,,0,0,0,0,0,2026-09-08T15:00:53Z,2026-09-08T15:00:52Z,NA,NA,NA,,,,,
at://did:plc:eaeuyrvdlqvjgznelgcdimct/app.bsky.feed.post/3muzbz7wps22m,bafyreidgnjfc7de6564mwqu2hzsfloqsy4oy23c6ljjx4yq4kuurcwdcnm,madhat59kenwood.bsky.social,Ken Wood part owner of 🇨🇦,Good news and long over due #cdnpoli 👇,,,,0,0,1,0,0,2026-09-08T15:00:20Z,2026-09-08T15:00:21Z,NA,NA,at://did:plc:ewwwkdaurqzrask2yjpuu3kn/app.bsky.feed.post/3muz2w2xh6c2n,,,,,
at://did:plc:k6a35s56ijvrb4zjkq4ojll5/app.bsky.feed.post/3muzbz7iowj2x,bafyreicdeo4sx6a7ilhcwc3yld2oldno5l352ylunzockjhpi5wmmy3thy,toptags.bsky.social,Trending Hashtags,"🌟 BlueSky trending hashtags (1h) #16-30:

#birds #gamedev #bb28 #ocarinaoftime #aiイラスト #furry #cdnpoli #pnw #startrek #aiart #gay #birdbuddies #fanart #insect #birdsingreen

👇 #1-15 trending hashtags",,,,0,0,5,0,0,2026-09-08T15:00:20Z,2026-09-08T15:00:20Z,NA,NA,at://did:plc:z22iojvb45xno3nblfy6fcwg/app.bsky.feed.post/3muzbz77ei72d,,,,,
at://did:plc:z22iojvb45xno3nblfy6fcwg/app.bsky.feed.post/3muzbz6lw6t2j,bafyreid32g3gw7msya6gm3auxosr4fgxy47vb77j5zjmt4qchop4qhmw5i,trendtags.bsky.social,Trending Tags (Beta),"🔥 BlueSky trending hashtags (30m):

#art #photography #tummytuesday #섹블 #nsfw #zelda #nature #섹트 #gamedev #cdnpoli #taiarianime #wildlife #eck #proudblue #bb28",,,,0,0,4,1,0,2026-09-08T15:00:19Z,2026-09-08T15:00:19Z,NA,NA,NA,,,,,
at://did:plc:z22iojvb45xno3nblfy6fcwg/app.bsky.feed.post/3muzbz5tgwb22,bafyreifxziqff75dmhe5jmlotlvrgzp4fbir6egk3teel2moc5ms2whmyq,trendtags.bsky.social,Trending Tags (Beta),"🚀 BlueSky trending hashtags (15m):

#art #섹블 #zelda #섹트 #nsfw #photography #tummytuesday #gamedev #cdnpoli #thelegendofzelda #오프 #bb28 #일상 #eck #능욕",,,,0,0,4,1,0,2026-09-08T15:00:19Z,2026-09-08T15:00:18Z,NA,NA,NA,,,,,
at://did:plc:mv6loxcddhj3i6pzfvzicc36/app.bsky.feed.post/3muzbyap7g22w,bafyreigjhpkjypjkihi2j3bbi2hpja5plr7bgga32kl46mcggokvqsc5pe,dennisjkoch.bsky.social,"Dennis ""dejay"" Koch","Family GoFundMe:
gofund.me/a7a67c76

Please Help My Wife Valerie 1st. 
gofund.me/7992ff5de

& Then A Son’s Promise: 
gofund.me/2e07c61f5

Finally my Mom’s last Goal on her campaign:  gofund.me/b0b1a514a

@manuintiraymi.bsky.social

x.com/ManuIntiraym...

#StarTrek #USA #uspoli #Canada #cdnpoli #News",,,,0,1,2,1,0,2026-09-08T14:59:50Z,2026-09-08T14:59:48Z,NA,NA,NA,,,,,
at://did:plc:sotqy2pxjm6caws3ddhi3hdq/app.bsky.feed.post/3muzbwe5qysk2,bafyreiearjiljyx6aom6wky4ljcoalz4jxtsev5myxaqw2mvjvxfv3n2ea,danielquinn.mastodon.social.ap.brid.gy,Daniel Quinn,"Mark Carney has released an impressive bit of propaganda today. It's well written, brilliantly produced with visuals, b-roll, and graphs. He comes across as a statesman, ready to lead the country through difficult times, rather than the extractivist banker we know him to be. He's oh-so-careful […]",,,,0,0,0,0,0,2026-09-08T14:58:48Z,2026-09-08T14:58:43Z,NA,NA,NA,,,,,
at://did:plc:7ycfilosz2dmgcnqbh76jdol/app.bsky.feed.post/3muzbupllc22y,bafyreicbhiyebmykuieifacnoizv2oqh3hvg2kif5rrgc2fnzgcqoxjanm,coolxenu.bsky.social,Cool Xenu 8647,"You would think a big brained lawyer for the Alberta seppies would be able to defend his position from accusations of treason.

It's so bad they have to pay foreigners to make fake web sites to confuse voters in order to break up our country.

albertapolitics.ca/2026/09/sepa...

#ableg #cdnpoli",,,,0,0,0,0,0,2026-09-08T14:57:51Z,2026-09-08T14:57:49Z,NA,NA,NA,,,,,
