uri,cid,author_handle,author_name,text,author_data,post_data,embed_data,reply_count,repost_count,like_count,quote_count,indexed_at,in_reply_to,in_reply_root,quotes,tags,mentions,links,langs,labels
at://did:plc:g323nwoy6rzvxylyjmn243qu/app.bsky.feed.post/3mloradkbos23,bafyreiasckqw3u64roohshqadg6gbj7iu2hzcwkcxmier75a4v4c7pinly,electricbluesfan.bsky.social,RichardJR,"1/11 🇨🇦 DANIELLE SMITH'S UCP IS A SEPARATIST PARTY 🇨🇦

Premier Danielle Smith's power rests with a radical independence movement. 

Instead of defending Canada, she quietly enables their agenda.

Source: The Globe And Mail 
#PoliSky #CdnPoli #AbLeg #AbPoli #UCP #DanielleSmith",,,,1,8,9,0,2026-05-12T21:46:45Z,NA,NA,NA,,,,,
at://did:plc:tlkakpjayncxubstzzd4dwdt/app.bsky.feed.post/3mlor4zmi2k2o,bafyreihabiew566mshd7i6w64qhi2vxrmqgx76nyyegjtsc4v46sfilbca,cyborgk9.bsky.social,Cyborg K9 🌹,"Where Carney tries to greenwash his pro-fossil-fuel-industries stance and building of wasteful, polluting AI data centres...

#cdnpoli",,,,0,0,1,0,2026-05-12T21:44:53Z,NA,NA,at://did:plc:kx375dszrbvqtu7o4xxxmojn/app.bsky.feed.post/3mlopmtvlb22m,,,,,
at://did:plc:re7tflvczjceanwkco2bseqb/app.bsky.feed.post/3mloqpv3nvc2c,bafyreifvqwyksvgarroigwdkwfrtdvcajd2tz4kbtlibbv7vptim4iugdy,bella-andme.bsky.social,Sherry Lee,"Love listening to Justin Wolfers explain economics (not just because of his accent which is lovely!) - he breaks things down in plain language making it easier to understand. Not easier to swallow - just easier to understand. 
#pnpcbc #cdnpoli",,,,0,0,0,0,2026-05-12T21:37:32Z,NA,NA,NA,,,,,
at://did:plc:fqh4jgkj5jedzzdjp6kca55o/app.bsky.feed.post/3mloqkjooec2i,bafyreih7i76fqgkvpskxtd6isfcbi7k6meabxxdrqg7d2oqrym6j7ofnuy,jadehelm.bsky.social,Jade Helm Recruit 🇨🇦,"What a stupid decision. She's one of the last people I'd grant a security clearance to. 
#cdnpoli 
rabble.ca/politics/can...",,,,2,0,1,0,2026-05-12T21:34:37Z,NA,NA,NA,,,,,
at://did:plc:abt5tpb7lqr7vopkrkwfswwq/app.bsky.feed.post/3mloqfclrgc2d,bafyreiaju7heif4ftf4ekd7xn6udhwiqtpdp6ktrj2tzvoh7fnbl76bpee,canadareport.org,Canada Report,"Eupraxia Pharmaceuticals Reports First Quarter 2026 Financial Results

Canada’s fastest news scan: 25+ headlines, no clutter, updated all day: CanadaReport.org

#cdnpoli #Canada #News #Business #Economy 
Read Original Article 🔗",,,,0,0,0,0,2026-05-12T21:31:37Z,NA,NA,NA,,,,,
at://did:plc:4xqt7t2zph634drigtdxdmro/app.bsky.feed.post/3mloqdycda22b,bafyreiducavf7mpac2mpp2gwv7n2oqewavkylfyeez2hj2i5u73fpyzx2q,journodale.bsky.social,Dale Smith,New from me at @cba-nationalmag.bsky.social: The never-ending effort to expand First Nations status #S2 #cdnpoli #cdnlaw,,,,0,0,0,0,2026-05-12T21:30:54Z,NA,NA,NA,,,,,
at://did:plc:el5u6pm6ml27lig7lym7e7q7/app.bsky.feed.post/3mloq6s2nqc2y,bafyreiaoh6i5pvopatn4yexptev2nat7r4ggaxz34zkcmzwe7iokqw2s5i,loryanne.bsky.social,Lory 🇨🇦,#cdnpoli #canadastrong #liberals,,,,0,0,0,0,2026-05-12T21:27:59Z,NA,NA,at://did:plc:kx375dszrbvqtu7o4xxxmojn/app.bsky.feed.post/3mlopmtvlb22m,,,,,
at://did:plc:ixsqg3bg7z5xspgl7af2j3ez/app.bsky.feed.post/3mloq3iujw223,bafyreif573fl2n7ror6b7vjnep5svezjlzyjbviippqg2yotchntpyxk5a,marilynblueyes.bsky.social,Marilyn ❤️🇨🇦,"Every UCP MLA & Stupid Smith needs to #Resign NOW‼️
#UCPCorruption should all be held accountable for this Electors Data Breach‼️

Time to take our protest to each & every one of their homes, sure it won’t be hard to find where they live. 
Let’s end this #AlbertaUCPCorruption NOW‼️
#abpoli
#cdnpoli",,,,0,0,0,0,2026-05-12T21:26:08Z,at://did:plc:azikujfdbcqnvznzdysyf3wh/app.bsky.feed.post/3mlobqszoik22,at://did:plc:azikujfdbcqnvznzdysyf3wh/app.bsky.feed.post/3mlobqsh6p222,NA,,,,,
at://did:plc:jylwpm45we3vi5coug4obvit/app.bsky.feed.post/3mlopyy7l3s22,bafyreic4vsf4ogmwu2ahh6qbesqg7a7ie3l2e4ulnnubc3u72ogsbtsch4,btdias.bsky.social,Brian Dias,"UBI makes fiscal sense. UBI makes organizational sense. UBI makes social sense. 

NOT enacting UBI and presents an ever increasing and unnecessary cost to our society. 

More people can GO TO WORK because of UBI. 

#UBI #CdnPoli #OnPoli #HamOnt #LPC #CPC #NDP",,,,0,0,0,0,2026-05-12T21:24:43Z,NA,NA,at://did:plc:weypikbrwodr2fsanloqjx6s/app.bsky.feed.post/3mlnwuv35kc2b,,,,,
at://did:plc:ktgr2odxy4jbzjio33wyt7gb/app.bsky.feed.post/3mloprp74nk2p,bafyreicb5onmfypgjdq6ewkch6a2vstwiwopfdgjb3oo6mnfzhkty3fpae,thepaikinpodcast.bsky.social,The Paikin Podcast,"“He can be quite kind and thoughtful but … he’s kind of given into a side of his personality that I don’t think helps him in the end.”

Bob Rae offers advice to Pierre Poilievre.

FULL episode: youtu.be/5mmUc9hdSIY

#cdnpoli",,,,0,1,0,0,2026-05-12T21:20:41Z,NA,NA,NA,,,,,
at://did:plc:x2fori67bggzcj2a6c7sj6ur/app.bsky.feed.post/3mlopjwwxr22y,bafyreidoxwsi62heq3kmski4caynu532ow35lrmmvoq3oeui2ywkulqqke,jimmydp01.bsky.social,J Payne,"@mark-carney.bsky.social 
@anitaoakvilleeast.bsky.social 

#ICC #ICJ 

#Gaza #Palestine 
#Cdnpoli #BCPoli",,,,0,0,0,0,2026-05-12T21:16:19Z,NA,NA,at://did:plc:yosojsta3nm5qiod5zqixzur/app.bsky.feed.post/3mlope2hlxr2x,,,,,
at://did:plc:osg2vzhifd2tjfsvfwua7scy/app.bsky.feed.post/3mlophtkors2a,bafyreibfoyafyqja67pfjdorgjevpl674l35z6vihmge3adx6qmggvbig4,symbo1ics.bsky.social,Linotype Pilgrim,"What the fuck is this

#cdnpoli",,,,2,1,5,0,2026-05-12T21:15:08Z,NA,NA,at://did:plc:kx375dszrbvqtu7o4xxxmojn/app.bsky.feed.post/3mlmrrryvrs2o,,,,,
at://did:plc:re7tflvczjceanwkco2bseqb/app.bsky.feed.post/3mlopgbegfc2k,bafyreidcx4nrqtbdrvmtxsxv4sqnh2xransvljaieuodoninvqep7vc7oq,bella-andme.bsky.social,Sherry Lee,"There’s the question I was waiting for. Erskine-Smith claiming irregularities in his contesting the vote count in the Scarborough-Southwest nomination election & David Cochrane getting to the heart of it with “why did you say the Liberal party establishment didn’t want you to run?” 
#pnpcbc #cdnpoli",,,,0,0,0,0,2026-05-12T21:14:16Z,NA,NA,NA,,,,,
at://did:plc:r64wzjtkimyq4vkiddzuu6no/app.bsky.feed.post/3mlopdo5apk25,bafyreia4ovtouiqpdngrervqb2ulus4cizrufulbg2jwr7vqzoax2mykle,bcwildfirewkly.bsky.social,BC Wildfire Weekly - Wildfires + More,"“The Canadian Armed Forces has made the decision to end its avalanche-control program in Rogers Pass, B.C., after just one more winter.” www.cbc.ca/news/canada/... - CBC British Columbia 

#BCPoli #CanadianForces #CDNPoli #GlacierNP #RogersPass cc: #GoldenBC #Revelstoke",,,,0,0,0,0,2026-05-12T21:12:49Z,NA,NA,NA,,,,,
at://did:plc:frwecggow7f5ertmucxfcxqq/app.bsky.feed.post/3mlop6562zs2t,bafyreidibqmjovwqcmls5bythpszm3p4p7w3tqnc3v2qmafak3tu7jnfmq,jrmccranker.bsky.social,Jason McCrank,And then blaming it on Ottawa. #abpoli #cdnpoli,,,,0,0,1,0,2026-05-12T21:09:44Z,NA,NA,at://did:plc:xpgujbkkrjevueb53vpgnetz/app.bsky.feed.post/3mlofm2jaes2s,,,,,
at://did:plc:ktgr2odxy4jbzjio33wyt7gb/app.bsky.feed.post/3mlop453tmc2p,bafyreifvhfb5p25mxf3u46uilup3ezeh5l2qrlbzsoz5pj5uy4ficagiqq,thepaikinpodcast.bsky.social,The Paikin Podcast,"“It doesn’t take the steam out. … It just spreads the poison wider.” - Bob Rae.

David Cameron misplayed the Brexit vote. Is Danielle Smith doing the same thing in Alberta?

FULL episode: youtu.be/5mmUc9hdSIY
Apple: apple.co/3PCxXcP

#cdnpoli",,,,0,1,1,0,2026-05-12T21:08:36Z,NA,NA,NA,,,,,
at://did:plc:s62xbk4qptittyioum6musdq/app.bsky.feed.post/3mlop2tgepk24,bafyreicy4dxklg7kfzukr67putk6gcuj4cslkl5xe7r2toywqik3ag7drm,soundskugle.bsky.social,SoundsKugle 🐝🌅,"Paikin is a 🇨🇦ian gem as is Rae...great exchange which apparently will be monthly..

#cdnpoli 🇨🇦
#CanadianContent 🫎🦫📢

youtu.be/5mmUc9hdSIY?...",,,,0,1,3,0,2026-05-12T21:07:54Z,NA,NA,NA,,,,,
at://did:plc:ktgr2odxy4jbzjio33wyt7gb/app.bsky.feed.post/3mlooyj42bc2p,bafyreif5djhl3i57flnqurlleecbdcpc7hcdnyiqfafjgkwsgiuhiignru,thepaikinpodcast.bsky.social,The Paikin Podcast,"Can you say the Iran War achieved nothing?

“Oh, it’s worse than that.” - Bob Rae. 
 
FULL episode: youtu.be/5mmUc9hdSIY
Apple: apple.co/3PCxXcP

#cdnpoli",,,,0,1,2,0,2026-05-12T21:06:35Z,NA,NA,NA,,,,,
at://did:plc:ixsqg3bg7z5xspgl7af2j3ez/app.bsky.feed.post/3mlooxycoxc23,bafyreifuipjckky3wu32wpfpqjz6xmxp7mkhtzzttnbv3hyasnontb6kdq,marilynblueyes.bsky.social,Marilyn ❤️🇨🇦,"How’s he not arrested,
any other Albertan would be❓
What does he have over Smith, that she allows his freedom⁉️
#ResignSmith now as you’ve done more destruction to Alberta than Kenny & Redford combined. 
Electors breach with no comment from her means something, what is she 
hiding ‼️
#abpoli
#cdnpoli",,,,0,0,0,0,2026-05-12T21:06:17Z,at://did:plc:oqxoq7btbkztewuzmallzuvo/app.bsky.feed.post/3mlnyubl55c2m,at://did:plc:oqxoq7btbkztewuzmallzuvo/app.bsky.feed.post/3mlnyubl55c2m,NA,,,,,
at://did:plc:osg2vzhifd2tjfsvfwua7scy/app.bsky.feed.post/3mlooushh2k2k,bafyreigqhvhx6juapk7p4635vdm27tpjkfw6ki6pzy52v57x2qnbvtyij4,symbo1ics.bsky.social,Linotype Pilgrim,"it's nearly 50 years since Reagan and Thatcher and Canadian voters are still giving them majorities

#cdnpoli",,,,0,0,3,0,2026-05-12T21:04:30Z,NA,NA,NA,,,,,
at://did:plc:puohdnmnxm5habzhbjdwdmqb/app.bsky.feed.post/3mlooumv7xr23,bafyreienuusxxuo6ev6wbkvnha2fdwv75fi2pfpsushocrmesuew5de3ay,animal-justice.bsky.social,Animal Justice,"MPs @elizabethemay.bsky.social, John Nater, & @bencarrwpg.bsky.social have tabled petitions on behalf of their constituents demanding a ban on live horse exports for slaughter 🐴

Every day the Liberal government fails to keep its promise to end this practice, more horses suffer 💔 #CdnPoli",,,,1,3,5,0,2026-05-12T21:04:25Z,NA,NA,NA,,,,,
at://did:plc:abt5tpb7lqr7vopkrkwfswwq/app.bsky.feed.post/3mloopbj6732j,bafyreif7lhwfebvk3qk2txeosuxqbk45elpikgtmde3hkwbjl2oodlmyqy,canadareport.org,Canada Report,"Canada committed to real-time rail, aims to be a point of stability in an uncertain world, finance minister says

Canada’s fastest news scan: 25+ headlines, no clutter, updated all day: CanadaReport.org

#cdnpoli #Canada #News #Tech #AI 
Read Original Article 🔗",,,,0,0,0,0,2026-05-12T21:01:24Z,NA,NA,NA,,,,,
at://did:plc:in6t5b6l3wnfwkcuqji57ttg/app.bsky.feed.post/3mloop5aeqk2s,bafyreidz6f2mubgkn3rhqssb5e67ka5fbgamxcaczvwu6lzjmajslxcdqu,ccfr-ccdaf.bsky.social,Canadian Coalition for Firearm Rights,"A new CCFR Spotlight Exclusive premieres tomorrow @ 12PM EDT on Youtube!

The CCFR's Rod Giltaca sat down with former cabinet minister and leadership candidate for the BC Conservatives, Kerry-Lynne Findlay.

Find out where she stands on property rights, gun ownership, and more! #bcpoli #cdnpoli",,,,0,0,0,0,2026-05-12T21:01:22Z,NA,NA,NA,,,,,
at://did:plc:pj6ys6sdgulv2csgh47asm7z/app.bsky.feed.post/3mlook5vyck2y,bafyreidbgfgagdbxfbmpqftcqlelqr5z3vrg4nbnllvocjwcfrjc64rwlu,renmccormacksghost.bsky.social,WBB - Cernunnos,"The hoarding of property by the rich is not new and is always ongoing, condos, new builds, lands encroaching, or on greenbelts, flood plains, old homes, land , industrial, commercial. Never talked about much,  but always happening. Everywhere. #Onpoli #cdnpoli #Ontario #Canada #VacantProperty",,,,1,0,3,0,2026-05-12T20:58:33Z,NA,NA,at://did:plc:3l6h5tayy6vycige2igmorv4/app.bsky.feed.post/3mlomvru44s2v,,,,,
at://did:plc:ypbo2mq6dqcct43gt2sam6el/app.bsky.feed.post/3mlooeeeyho2j,bafyreigqxmmhdk35bd3xdv67adlkf6jfogyh3albmy54ie6lkiuhxlgie4,ipolitics.bsky.social,iPolitics,Scarborough Showdown #cdnpoli #ipolitics,,,,0,0,0,1,2026-05-12T20:55:18Z,NA,NA,NA,,,,,
at://did:plc:b7tjp4yaqcy2crro6sumg5zy/app.bsky.feed.post/3mlooe22xf22n,bafyreihnoqutpifxeao7oiwhv6v3kizizsdbb4nad2sc32vl2wxfrfqdt4,nandanainthegarden.bsky.social,Nandana,"Love this! Truth to power. Thanks #MarkhamHislop #Alberta #oilsands #ableg #abpoli #cdnpoli

open.substack.com/pub/markhamh...",,,,0,1,1,0,2026-05-12T20:55:09Z,NA,NA,NA,,,,,
at://did:plc:6hgtzk5uyzui7hwvndubsjda/app.bsky.feed.post/3mloo7jelj22i,bafyreiggqg7zrr4l5fsnsr6764x5eclfwmo3wnwc4gaxr7v4f4klmmsfny,strategicthoughts.bsky.social,Schreck,"#cdnpoli #Trump Read this article to see how it defames goldfish.
www.theglobeandmail.com/opinion/arti...",,,,0,1,1,1,2026-05-12T20:52:37Z,NA,NA,NA,,,,,
at://did:plc:jeuzjfwsgn62xfoe7qo4jul5/app.bsky.feed.post/3mlonzv6a322v,bafyreiecfq5et4c62rbs3tsdnqu5dkr4fktfmcmhbrmp5phxeaurrr6caa,bigclimate.bsky.social,Bentley ****TALK CLIMATE****,#MarkCarney just keeps getting worse on #ClimateChange. He's #BigOil 's banker. #cdnpoli thenarwhal.ca/greenwashing...,,,,0,1,7,0,2026-05-12T20:49:29Z,at://did:plc:66lbtw2porscqpmair6mir37/app.bsky.feed.post/3mlomnp5f6k2a,at://did:plc:66lbtw2porscqpmair6mir37/app.bsky.feed.post/3mlomnp5f6k2a,NA,,,,,
at://did:plc:eoouaeqa2taou3aqacpjuaq4/app.bsky.feed.post/3mlonx4i6os22,bafyreie6e3wq7gib6j2arw2uncm7aapkm62lx3rbhu73dbj5efywkkvkma,alexgoatcher.bsky.social,Alex Goatcher,"The Army is no longer shooting down avalanches in Glacier NP. 70 years of work now done with no plan to replace it yet. This is extremely disappointing. #cdnpoli #bchwy1

www.cbc.ca/news/canada/...",,,,0,0,0,0,2026-05-12T20:47:55Z,NA,NA,NA,,,,,
at://did:plc:robz445cug55h632frrf7yjt/app.bsky.feed.post/3mlonvwxguc2l,bafyreidugjzsvg772r73hppb46uzhrvlvjqcv6ypzrj3pjyknhqsoxmrym,johnqpublic.bsky.social,John Q Public,"Guilty as fuck.

Just like Dani.

Lawyer up Ditchbillies.

#cdnpoli
#abpoli",,,,0,1,0,0,2026-05-12T20:47:15Z,NA,NA,NA,,,,,
at://did:plc:abt5tpb7lqr7vopkrkwfswwq/app.bsky.feed.post/3mlomzt5ykg27,bafyreihealv3l5ojbkijax7nsuq3p2d6kvveeketajp7mmd6ijsuuxuqfu,canadareport.org,Canada Report,"Lenovo Launches Extended Victoria Day Sale with Doorbusters and Tiered Savings

Canada’s fastest news scan: 25+ headlines, no clutter, updated all day: CanadaReport.org

#cdnpoli #Canada #News #Business #Economy 
Read Original Article 🔗",,,,0,0,0,0,2026-05-12T20:31:31Z,NA,NA,NA,,,,,
at://did:plc:jf7vufwsjqinbruhb7j5cpk7/app.bsky.feed.post/3mlomvtb5js26,bafyreihhux46d4e5cma4ohsg3srhrr3urhoy76qqxpmtmntntu6js3glm4,evethorne.bsky.social,Eve Thorne,"#cdnpoli #yyccc #abpoli @mark-carney.bsky.social 
Success for NYC
Could we do the same for Calgary and Canada?",,,,0,0,3,0,2026-05-12T20:29:17Z,NA,NA,at://did:plc:nx7znvoex7ev3wcxn3tipovm/app.bsky.feed.post/3mloeafavhc2e,,,,,
at://did:plc:2jfr7qhenekca6f6qtjgwdr4/app.bsky.feed.post/3mlomut6jxs2i,bafyreidsnpyrme6pd2dr2cw2ymzus4w47e4wq3jona7hhw6mczbuipjlku,calgaryclimatehub.ca,Calgary Climate Hub,#CostOfClimate #ClimateChange #yyc #abpoli #cdnpoli #CanadaSky #ClimateSky #EnergyTransition #Electrostates #Petrostates #China #Iran #America,,,,0,7,16,0,2026-05-12T20:28:45Z,NA,NA,NA,,,,,
at://did:plc:fuak6asmyzr6r34f6er6z4ju/app.bsky.feed.post/3mlomsu37sk2b,bafyreihmiiczsr6senjrbq3nikt2vim7wa6dyois3u2ri6ayq6s6wj4idm,jansplanet.bsky.social,Janet 🇨🇦,Carney could act. #CdnPoli,,,,0,1,3,0,2026-05-12T20:27:37Z,NA,NA,at://did:plc:q6zqmxlmp6sdc2liakhupx5a/app.bsky.feed.post/3mlnqx5wf422n,,,,,
at://did:plc:d4pjo6ehblrviy625go6uodj/app.bsky.feed.post/3mlomrc4ims2f,bafyreia3okqqsrrtdd6llc2wdra46qfy36nftapc7pfgle2znxr5gdixnu,tindizzy.bsky.social,Dizzy ★,"Yeah. Gee. Democratic Socialism actually works, gets things done and improves everyone’s quality of life.

How about that?! Who knew?! 

Maybe, we should give it a go, Alberta. Ya think?

#AbLeg #AbPoli 
#CanPoli #CdnPoli",,,,1,4,6,0,2026-05-12T20:26:44Z,NA,NA,at://did:plc:udnac33pmf2iwcblpeai5a5p/app.bsky.feed.post/3mlojv53kxk2x,,,,,
at://did:plc:fuak6asmyzr6r34f6er6z4ju/app.bsky.feed.post/3mlomra4lpc2b,bafyreicf72vkdalan4ggekmyzexsuvnqffsjgtq3psblfufmdi5w6jnh5u,jansplanet.bsky.social,Janet 🇨🇦,"Regulate this shit already!
#cdnpoli",,,,0,0,2,0,2026-05-12T20:26:42Z,NA,NA,at://did:plc:q6zqmxlmp6sdc2liakhupx5a/app.bsky.feed.post/3mlnqvbcluc2n,,,,,
at://did:plc:px2esgvbnl7ransisaced6wu/app.bsky.feed.post/3mlomnj4mac2x,bafyreiek6ivdb6t2biwhzk5isol3imbohbagb5bjlyzfqvjzon6ywktgy4,stevemilesnet.bsky.social,🟥‬🍁🟥‬𝓢𝓽𝓮𝓿𝓮 𝓜𝓲𝓵𝓮𝓼 𝓝𝓮𝓽🟥‬🍁🟥‬,"Would a certain someone at the end of a rope be winning❓
@enemywithinyt.bsky.social 
#Instafollow #Bluesky #Politics #Democracy#Canadasky #Canadian #cdnpoli #neverthe51ststate #EightySixFortySeven #nomorewar #NeverVoteConservative #American #USApoli #𝓢𝓽𝓮𝓿𝓮𝓜𝓲𝓵𝓮𝓼𝓝𝓮𝓽
youtu.be/8H_XbLuwofk?...",,,,0,0,0,0,2026-05-12T20:24:39Z,NA,NA,NA,,,,,
at://did:plc:xvhfw6ch4oy4yez2kbu5wrhl/app.bsky.feed.post/3mlomjiuuvk2e,bafyreieyicqnzcnwu5tp3co54ao62bpwbk2omen5cywgowxteksrg5gcz4,linzi-the-artist.bsky.social,Lindsay Brambles🇨🇦,#Canada should steer clear of any investment in this boondoggle. It is almost certainly a money pit that will cost far more than the estimated $1.2 T & will primarily feed the #UnitedStates military industrial complex. Canadian taxpayer money would go to supporting US jobs if we join this. #cdnpoli,,,,0,0,2,0,2026-05-12T20:22:22Z,NA,NA,at://did:plc:bnk5d72upa2mfzwglo6ynbs3/app.bsky.feed.post/3mlombrbaxg25,,,,,
at://did:plc:rgk6xquxjkufq2un4heudl3o/app.bsky.feed.post/3mlomfrhrj22g,bafyreihrv5ifoc6ulcmfvbzkjxahz2fxywvp5ffidzrjuigahgrh2ufsja,stephenjwt.bsky.social,Stephen Thomas,"This was a fun conversation on the politics of clean electricity, jobs and the just transition in Canada. 

🔊Have a listen at the link below:

#EnergySky #cdnpoli #climate",,,,0,6,2,0,2026-05-12T20:20:18Z,NA,NA,at://did:plc:dtivbttzchlmb7iexbbpxowx/app.bsky.feed.post/3mlohiii76s2y,,,,,
at://did:plc:eoouaeqa2taou3aqacpjuaq4/app.bsky.feed.post/3mlomckqpxk2u,bafyreihfg5jitgbrydsdi6omd2gzpmd4iqwoln7x4yur6amglpxee6p37q,alexgoatcher.bsky.social,Alex Goatcher,"The RM of Old Post has announced it has Syrychine available for farmers. Old Post is the RM for the east edge of Grasslands NP Eastblock & currently there are 2 pairs of Burrowing Owls just outside of the Park. With their prey possibly being laced with poison, will they survive? #skpoli #cdnpoli",,,,0,0,0,0,2026-05-12T20:18:32Z,NA,NA,NA,,,,,
at://did:plc:mv6loxcddhj3i6pzfvzicc36/app.bsky.feed.post/3mlolvfo2j22f,bafyreifnbecbwvufolqlfmt3m7wh7vbn2a7rnwpi6pmwdep5lx2kvxaiie,dennisjkoch.bsky.social,"Dennis ""dejay"" Koch"," Prime Minister Carney welcomes the largest order of commercial aircraft in Canadian history

@mark-carney.bsky.social

PM Mark Carney welcomes an agreement between Airbus and AirAsia to purchase 150 Airbus A220-300 aircraft

#cdnpoli

youtu.be/z_ssdxLGTns",,,,0,0,1,0,2026-05-12T20:11:10Z,NA,NA,NA,,,,,
at://did:plc:mv6loxcddhj3i6pzfvzicc36/app.bsky.feed.post/3mlolq2xbw22f,bafyreibwq42cbkbxzq6i7bwovh653qac26rfoiojvg5lahr3cwaqvovw6e,dennisjkoch.bsky.social,"Dennis ""dejay"" Koch","Alberta wildfire: Out-of-control blaze prompts evacuation south of Whitecourt

@globalnews.ca 

An out-of-control wildfire has triggered an evacuation order south of Whitecourt, Alta., with officials urging residents to leave immediately.

#abpoli #ableg #cdnpoli

youtu.be/mJz8ZxlYxkQ",,,,0,1,0,0,2026-05-12T20:08:10Z,NA,NA,NA,,,,,
at://did:plc:vn2cli7pewu6j2tv7oejax4j/app.bsky.feed.post/3mlolpmajhk2e,bafyreic5ypxxsfo3zm2hpvbrc4j3kjwylzwdygh5y3i6a7iggx3wzazp7i,mhalstead.bsky.social,"Matthew Halstead -Edmonton, AB","Alberta Separatists and Alberta Prosperity Project  need to strongly relook the catastrophizing of all things Ottawa and genuinely re-evaluate the glamourizing of Klein and/or separation as a solution. 
#ABleg #CDNPOLI",,,,0,0,0,0,2026-05-12T20:07:54Z,NA,NA,NA,,,,,
at://did:plc:tlkakpjayncxubstzzd4dwdt/app.bsky.feed.post/3mlolh37x5k2m,bafyreida5syxuiimxft6ubw6cbn2f4apsdkcjcki2qn4xgvbuq7cmo42nu,cyborgk9.bsky.social,Cyborg K9 🌹,"Of course, Carney is governing like a Conservative anyway, so... screw us, right? :/

#cdnpoli",,,,0,0,0,0,2026-05-12T20:03:08Z,at://did:plc:tlkakpjayncxubstzzd4dwdt/app.bsky.feed.post/3mlolh37pdk2m,at://did:plc:tlkakpjayncxubstzzd4dwdt/app.bsky.feed.post/3mlolh37pdk2m,NA,,,,,
at://did:plc:tlkakpjayncxubstzzd4dwdt/app.bsky.feed.post/3mlolh37pdk2m,bafyreiejfwelhkfhb22emzn67cbx53gbutlhmh63jyuam22ryhiggzvfzu,cyborgk9.bsky.social,Cyborg K9 🌹,"If we had a fair electoral system, I think the NDP and Greens would have a much higher vote share.

I think the Liberals only got ~44% of the vote over the Conservatives' ~41% thanks to fear that the latter would be Trump-like, and FPTP made fear of voting 3rd party a huge factor.

#cdnpoli",,,,1,0,0,0,2026-05-12T20:03:08Z,NA,NA,NA,,,,,
at://did:plc:isddem4a64hiaq4fgn6rzudi/app.bsky.feed.post/3mlolf6akss25,bafyreicalt3bcvs4tqhl2oicmswwhfp4afnl3j52gyyc4fgnyes2szl634,sforseth000.bsky.social,Steve Forseth,New Blog Post: TNG Public Advisory re: Chilcotin National Congress.  View at cariboopolitics.blogspot.com/2026/05/tng-... #cariboopoli #bcpoli #cdnpoli #TsilhqotinFN #ChilcotinNationalCongress #Chilcotin,,,,0,0,0,0,2026-05-12T20:02:04Z,NA,NA,NA,,,,,
at://did:plc:abt5tpb7lqr7vopkrkwfswwq/app.bsky.feed.post/3mlole7egyz27,bafyreiamcmqdc3kbayx7ktonmi7sbf55rsksvkrcm6ndh6iziekztnbmcm,canadareport.org,Canada Report,"Koho close to securing banking licence, hopes to launch telco product, CEO says

Canada’s fastest news scan: 25+ headlines, no clutter, updated all day: CanadaReport.org

#cdnpoli #Canada #News #Tech #AI 
Read Original Article 🔗",,,,0,0,0,0,2026-05-12T20:01:31Z,NA,NA,NA,,,,,
at://did:plc:s62xbk4qptittyioum6musdq/app.bsky.feed.post/3mlolc27edk2n,bafyreibpsiewxzamn5al5dzrs4ilgvz7zpheqcindd5ww7ornl7k2vpav4,soundskugle.bsky.social,SoundsKugle 🐝🌅,"Wab's going to be PM one day

Can't see it happen under the NDP (sorry, but being honest)

But he's going to be 🇨🇦's PM

This is the reason he's 🇨🇦's most ❤️ed Premier...out with the bs on either side

#cdnpoli 📢
#CanadaStrong 🙂🇨🇦",,,,1,4,10,0,2026-05-12T20:00:20Z,NA,NA,at://did:plc:4euncr44a5aflpbcbjhvjvdo/app.bsky.feed.post/3mlokxip5vc2s,,,,,
at://did:plc:ii6oavwfjgy2s33lwrcbjubl/app.bsky.feed.post/3mlol5begl227,bafyreihspogwyljyqkwv2zearb6wjlqulpd3pare7pijffuzk6bfilypgm,robinhood246.bsky.social,B.G. Witch 🇨🇦 🏳️‍⚧️ 🌈,"Canada will end up in the same state as America.

Government is effective when run well.

Constantly cutting govt and handing money to giant corporations is not well run govt.

Tax megacorps, do federal work projects directly. #cdnpoli",,,,0,0,4,0,2026-05-12T19:57:39Z,NA,NA,NA,,,,,
at://did:plc:mv6loxcddhj3i6pzfvzicc36/app.bsky.feed.post/3mlokwyftbk2f,bafyreidycug4pbfumqomokelasfi5l7x4xeykzuk5l6vpv6xwqzplzkk2i,dennisjkoch.bsky.social,"Dennis ""dejay"" Koch","What the Alberta data leak can teach us about separatists | The Big Story

@citynewsyeg.bsky.social

Experts are calling it the largest data breach in Canadian history, sparking fears for the safety of all Canadians

#abpoli #ableg #YEG #YYC #cdnpoli #Alberta #AlbertaUCP

youtu.be/ZjG1BHy2_NA",,,,0,9,8,0,2026-05-12T19:54:09Z,NA,NA,NA,,,,,
at://did:plc:ztg7s6zljk4yy3vj3az4vc4k/app.bsky.feed.post/3mlokgvzqmk2e,bafyreibuskhal7r3segoi557vuckxj7txlr2osbd4lcgikxppmrbsbmfg4,earthangel777.bsky.social,EarthAngel777,"The truth of the matter is that Mark Carney is NOT GOOD ENOUGH 4 Canadians. Not by many,many miles! He is for the global elite not us! He breadcrumbs us,ok! Things could be really,really good, but they r not on PURPOSE=he follows Agenda2030=flipped #VenusProject would have benefited us all! #cdnpoli",,,,0,1,1,0,2026-05-12T19:45:09Z,NA,NA,NA,,,,,
at://did:plc:7lk2ea67pioh2e7tqj5n7whh/app.bsky.feed.post/3mlojyznwgs2c,bafyreic255g2bdq2k7xkm2zvrawd5rc3dxkjafrbd4xq2qf666hea6o2xu,samspade1941.bsky.social,Samuel Spade,"Worth a watch....

#cdnpoli #ukpol #auspol #uspol",,,,1,0,0,0,2026-05-12T19:37:22Z,NA,NA,at://did:plc:yx2nfpytmmze4fau2qxw2c5a/app.bsky.feed.post/3mloijng2o22u,,,,,
at://did:plc:abt5tpb7lqr7vopkrkwfswwq/app.bsky.feed.post/3mlojopwnhf2d,bafyreickozgfxj4rkeoef723arerushjirgbz4qr5vdamo3id3t6tyesdi,canadareport.org,Canada Report,"Revision to Q1 2026 Trading Update

Canada’s fastest news scan: 25+ headlines, no clutter, updated all day: CanadaReport.org

#cdnpoli #Canada #News #Business #Economy 
Read Original Article 🔗",,,,0,0,0,0,2026-05-12T19:31:37Z,NA,NA,NA,,,,,
at://did:plc:mv6loxcddhj3i6pzfvzicc36/app.bsky.feed.post/3mlojmtg7yk2f,bafyreibmmw22sg52qpwfha4ivdopeprx4mivwqoqieyt232tov22adtqwu,dennisjkoch.bsky.social,"Dennis ""dejay"" Koch","'Incredibly fast' wildfire prompts evacuation northwest of Edmonton

CBC News

More than 130 people have been ordered to evacuate their homes because of a fast-moving wildfire in Woodlands County, near the north-central Alberta community of Whitecourt

#Canada #cdnpoli #Alberta

youtu.be/Ds8AAnscv7U",,,,0,0,1,0,2026-05-12T19:30:35Z,NA,NA,NA,,,,,
at://did:plc:5nvh4di6c7nvef5j2uejmt4u/app.bsky.feed.post/3mlojlikiic2l,bafyreicpfb7djaokjz2z2q7ftrqu5q3rixmb47gorp3o4ss7g7a5xuxepa,friendscndm.bsky.social,Friends of Canadian Media,"For many Canadians, @cbcradiocanada.bsky.social has been part of daily life for generations.

Stories like this are part of a much bigger picture.

#CanadianMedia #PublicBroadcasting #cdnpoli",,,,0,0,0,0,2026-05-12T19:29:52Z,NA,NA,NA,,,,,
at://did:plc:eix3tk3r26zi2p3vyreh3k3b/app.bsky.feed.post/3mlojkfsaos2w,bafyreidwcnubdbc2kjj4nmeov3hb6illuowobfvfs2ymuye6qnntzd6cbu,atomicker.bsky.social,NA,"Global fire outbreaks hit record high as 'unprecedented' heat extremes loom

• Fires damage 150 million hectares Jan-Apr
• Damage in Africa 23% higher than previous record, Asia 40% higher

#Canada #CDNPoli #ClimateCrisis #ClimateBreakdown #Polycrisis #ExtremeWeather #Wildfires #Drought #NoPipelines",,,,0,0,0,0,2026-05-12T19:29:14Z,NA,NA,NA,,,,,
at://did:plc:egl4mfr2njrr2br4vhya7yrf/app.bsky.feed.post/3mloit45etk2v,bafyreigtfkzcoucpwxvilm6eqvq5wtfxomwvlnijkry4d4jtw4odqbloeq,judy-bug.bsky.social,judy 🇨🇦,"Harper & the IDU have control over the provinces to eventually take of control of Canada!

Global Chairman:  Harper
Canadian #IDU Chairman:  Poilievre

#cdnpoli #CPC #UCP #Project2025 #bcpoli #abpoli #onpoli #polqc #nspoli #nbpoli #skpoli #mbpoli #nlpoli #nwt #ytpoli #nunavut #peipoli #CanadaSky",,,,1,0,0,0,2026-05-12T19:16:11Z,at://did:plc:tw4rcqakemreh47z42d32a7j/app.bsky.feed.post/3mlo2pgr5622v,at://did:plc:tw4rcqakemreh47z42d32a7j/app.bsky.feed.post/3mlo2pgr5622v,NA,,,,,
at://did:plc:ako65x53epqewjh4ozu7wjs2/app.bsky.feed.post/3mlois6j3522c,bafyreibf5y64imq3fdxg6sbriuo6uocoj5zgqdprisu7qbd62kcjjw4esi,centristhumanist.bsky.social,Anaximander's Elbows Up Tardigrade Brigade 🍁🇨🇦🇺🇦🇬🇱,"Carney creates a ""Major Projects Office"" to circumvent environmental and safety regulations for major projects such as oil pipelines.   Dawn Farrell, an O&G CEO, is appointed to head the office

What could possibly go wrong!? 😠
#cdnpoli #GoldmanSachsCarney",,,,1,3,2,0,2026-05-12T19:15:41Z,NA,NA,NA,,,,,
at://did:plc:mgmhq5daplfs52ztiocmae74/app.bsky.feed.post/3mloiqz6dos2z,bafyreiedd5n7egfxqtuqaha5ewojt3rhhvntknbhveo54t7rmn5xdjglxa,o-tawdry.bsky.social,Bridget McGrath 🇨🇦,"'Chris Swonger...says he thinks it would be 'a great olive branch' for Canadian alcohol retailers to put American spirits back on the shelves.'

No olive branches being offered to the USA by us. 

We're sick of US threats, demands and interference in our country!

#BoycottUSA #Canadastrong #cdnpoli",,,,1,1,3,0,2026-05-12T19:15:03Z,NA,NA,NA,,,,,
at://did:plc:42qbbzen5o6ggsqvvhvp2jnv/app.bsky.feed.post/3mloih5nxpc2u,bafyreifjm77kfn4ec575irzi4tcehjf6s5chg2bejq4tqnedhyipqerey4,vdogg333.bsky.social,Vdogg333,youtu.be/vkv1cX-eTWA?... imperial #America senator threatens #Canada LOL #cdnpoli #polqc #Vancouver #bcpoli #vanpoli #onpoli #topoli #Montreal #Toronto #Calgary #Edmonton #abpoli #ableg #SurreyBC #Brampton #USA #NYC #California #Texas #Iran,,,,0,0,2,1,2026-05-12T19:09:32Z,NA,NA,NA,,,,,
at://did:plc:5rwvsxtue7vrswdrjr2jfxx6/app.bsky.feed.post/3mloiglay2c2k,bafyreiamtyx7r2u2h6hqqiunr3etxnyb6pbsbn2fu7hoydl4c2okzkihw4,opheodrys.bsky.social,Opheodrys,Seven years of disgraceful and shameful dysfunction with more than a whiff of racism. #cdnpoli #novascotia,,,,0,0,2,0,2026-05-12T19:09:12Z,NA,NA,NA,,,,,
at://did:plc:abt5tpb7lqr7vopkrkwfswwq/app.bsky.feed.post/3mloi4w4zjf2z,bafyreihwv5tn74j4bchu3u6ugfytxumgv2qvrwfxy267gzjw75bcexfzyi,canadareport.org,Canada Report,"🇨🇦 PM Briefing — May 12  
Public sentiment on energy policy is shifting in Canada.  
• 61% support Enbridge’s gas expansion in BC.  
• New bill targets AI-generated deepfakes.  ...

Read: canadareport.org/briefing-2026-05-12-afternoon.html
#cdnpoli",,,,0,0,0,0,2026-05-12T19:03:45Z,NA,NA,NA,,,,,
at://did:plc:ypbo2mq6dqcct43gt2sam6el/app.bsky.feed.post/3mloi24j2gy2y,bafyreifcdb57cv5ntjbkjgvurxxbg32kevyhvrm3x5xt2qojofrhz2oev4,ipolitics.bsky.social,iPolitics,Former minister says energy project review changes could cause further delays #cdnpoli #ipolitics,,,,0,0,0,0,2026-05-12T19:02:12Z,NA,NA,NA,,,,,
at://did:plc:e4qglzjpa4pcasim3rpqsicy/app.bsky.feed.post/3mlohza6a4c2l,bafyreia7coxsycgxnpslk5deub2qbqsenxi5ohjankpevbgv2mxoslynei,thesaanichdaily.bsky.social,Club Saanich,"Canadian pundits clinging to an undemocratic and wildly outdated system  ""but the Westminster Parliamentary system creates stable governments"".

#cdnpoli #ElectoralReform #ProportionalRepresentation",,,,0,0,4,0,2026-05-12T19:01:41Z,NA,NA,at://did:plc:fuak6asmyzr6r34f6er6z4ju/app.bsky.feed.post/3mlohij5zgk23,,,,,
at://did:plc:rgpo7lqq3gpbkutkmvagoy3m/app.bsky.feed.post/3mlohu4cfes2b,bafyreidj7q6hpl5xm44hqqm4hoabs7q6doirvsyseq7jwsvxhcnxdsa7jm,thaipham.bsky.social,Thái Phạm,"Privileges breed stupidity and cruelty. 
#cdnpoli
www.nationalobserver.com/2026/05/11/n...",,,,0,1,0,0,2026-05-12T18:58:52Z,NA,NA,NA,,,,,
at://did:plc:ypbo2mq6dqcct43gt2sam6el/app.bsky.feed.post/3mlohrwon5j2s,bafyreifa4irhylo7av6tgsztflbbpdc6ckhecpkurpvsokmzdswgjxd44e,ipolitics.bsky.social,iPolitics,Doug Ford says he won’t attack other bids in his push for Toronto as defence bank HQ #cdnpoli #ipolitics,,,,0,0,0,0,2026-05-12T18:57:37Z,NA,NA,NA,,,,,
at://did:plc:eaeuyrvdlqvjgznelgcdimct/app.bsky.feed.post/3mlohlwr2zc2r,bafyreighyszida4brqo7rpaoc5qr43cjgd7yyjfmwr5yz6suiapqfvribi,madhat59kenwood.bsky.social,Ken Wood part owner of 🇨🇦,Truth. #cdnpoli,,,,0,0,0,0,2026-05-12T18:54:16Z,at://did:plc:b3nlsopwvdn246ccpxctzsw4/app.bsky.feed.post/3mlobeswuv32w,at://did:plc:b3nlsopwvdn246ccpxctzsw4/app.bsky.feed.post/3mlobeswuv32w,NA,,,,,
at://did:plc:lin2g3h6fvle3fdrs5nqmkiy/app.bsky.feed.post/3mlohlqgdpk2q,bafyreihgo64qzctfvmgickmvn43yq2gnr6xjioyw6qop5p7ecpaoby7ylu,canadiancontent.bsky.social,Not That Kind Of Canadian,"Where was the oil and gas in this story?

Join the 65% of Canadians that support PM Carney.

#cdnpoli

cultmtl.com/2026/05/mark...",,,,1,0,1,0,2026-05-12T18:54:13Z,at://did:plc:g3l77ct2smwclw3rydhstmh5/app.bsky.feed.post/3mloh6gkqpc2r,at://did:plc:kx375dszrbvqtu7o4xxxmojn/app.bsky.feed.post/3mlocxwfhuc2o,NA,,,,,
at://did:plc:eaeuyrvdlqvjgznelgcdimct/app.bsky.feed.post/3mlohkxeglc2r,bafyreiamzokddo4wjtdggtjvhamv6c3w3324favkbkcnjbip5voum4v3ve,madhat59kenwood.bsky.social,Ken Wood part owner of 🇨🇦,I'm 100% Carney. But this is a LOW bar of challengers. LOL #cdnpoli,,,,0,0,1,0,2026-05-12T18:53:43Z,NA,NA,at://did:plc:2oxlnaoierkgu6jl645tg7va/app.bsky.feed.post/3mlob7cmfb22p,,,,,
at://did:plc:eaeuyrvdlqvjgznelgcdimct/app.bsky.feed.post/3mlogzqhljs2r,bafyreiednlpw3ien4pppwlocqov7m7nn5xq3idlimbqcqhyl46ff5z55qa,madhat59kenwood.bsky.social,Ken Wood part owner of 🇨🇦,A lot of disinformation. Not only by the usual tin foil conspiracy nut bags but also so called 'experts' who question those responsible for providing to us correct information. They use phrases like 'so far' 'Not yet' 'confusing to understand' 'we remember' etc. MSM not helping either #cdnpoli,,,,0,1,1,0,2026-05-12T18:44:05Z,NA,NA,at://did:plc:sx63pewpws4drhtd5ygj6irv/app.bsky.feed.post/3mloa4evj7s2v,,,,,
at://did:plc:ig6dnt4tqgg7iwwtywx3bkvd/app.bsky.feed.post/3mlogt57szs22,bafyreidtowb2nypr5ub37cnjaloav5ukfrthqz7spsn4ft24jxfomk5tn4,robduncan.bsky.social,Rob Duncan,"Clowns Against Child Poverty on the picket line with teachers.

#auspol #USPOL #USA #us #uspoli #poli #politics #cdnpoli #canada #SocialJustice #LongerTables #DemocraticSocialist #Ecosocialism #Socialist #socialism #LeftIsBest #ClassConsciousness #FalseConsciousness #abolishcapitalism #HumanRights",,,,0,3,8,0,2026-05-12T18:40:28Z,NA,NA,NA,,,,,
at://did:plc:eaeuyrvdlqvjgznelgcdimct/app.bsky.feed.post/3mlogs7of4s2r,bafyreiguf6lvfunxyftswiwogpu4li2mk2bhvo3bg3pi63zwkekjbi4gk4,madhat59kenwood.bsky.social,Ken Wood part owner of 🇨🇦,"We might also ask the Canadian franchise requester, its not USA on its own, why they can not read the room. This makes me even more pissed off. Its Canadian group bringing them in. #cdnpoli #uspoli",,,,0,0,2,0,2026-05-12T18:39:53Z,NA,NA,at://did:plc:6vc4txiv6ffawxp42toqcy34/app.bsky.feed.post/3mlod4dgqo222,,,,,
at://did:plc:eaeuyrvdlqvjgznelgcdimct/app.bsky.feed.post/3mlogkx46qc2r,bafyreieqdc3gyybqb7ojytpxtszysi3mbp4hnymvim4ysjj6uhqpzj4hqq,madhat59kenwood.bsky.social,Ken Wood part owner of 🇨🇦,Disgusting POS. That's what these asses are. No tolerance for them. #cdnpoli #uspoli,,,,0,0,4,0,2026-05-12T18:35:49Z,NA,NA,at://did:plc:d6wes5izgxd3i6t2xojhr6fi/app.bsky.feed.post/3mlodwltynk2q,,,,,
at://did:plc:eaeuyrvdlqvjgznelgcdimct/app.bsky.feed.post/3mlogi7iot22r,bafyreihtkr7sgza3zj7a6yvbzwrsjyw7eplkjfzxyv3q6gahamms6fde7m,madhat59kenwood.bsky.social,Ken Wood part owner of 🇨🇦,"20,000 OMG. Again the children! #cdnpoli",,,,0,0,0,0,2026-05-12T18:34:17Z,NA,NA,at://did:plc:4euncr44a5aflpbcbjhvjvdo/app.bsky.feed.post/3mllny73ajs2c,,,,,
at://did:plc:eaeuyrvdlqvjgznelgcdimct/app.bsky.feed.post/3mlogetvqyk2r,bafyreih3l4dozgg4dvg7kbr5dtnwu5fyiojmmsvluuqs2lvb65z2ccr7we,madhat59kenwood.bsky.social,Ken Wood part owner of 🇨🇦,I find it excellent and about time. Way to go Canada. #cdnpoli,,,,0,1,2,0,2026-05-12T18:32:24Z,NA,NA,at://did:plc:sszeuovmpxkdvuweagkd4quw/app.bsky.feed.post/3mlodfok6sc2h,,,,,
at://did:plc:ukmih2yfe2qfzn3zmycpbmzr/app.bsky.feed.post/3mlogdx45rs2p,bafyreigjvu3snuuwrcszr2bcp5nftcorap45icidrxmaly5jaqdhopy4qy,lobbymonitor.bsky.social,The Lobby Monitor,"Bélanger at ETHI: Lobbying Act doesn’t restrict reporting some RCMP investigations to Parliament
#lobbying #cdnpoli
lobbymonitor.ca/2026/05/12/n...",,,,0,0,0,1,2026-05-12T18:31:59Z,NA,NA,NA,,,,,
at://did:plc:ig6dnt4tqgg7iwwtywx3bkvd/app.bsky.feed.post/3mlogdqqzrs22,bafyreibkv2phxj6yhox3yi2ac44qmr5ep64rh5wscavjwwcxmsicqe2mie,robduncan.bsky.social,Rob Duncan,"""Regular and repeated lying is part of the process by which fascist politics destroys the information space."" - Jason Stanley

Trump and his people LIE ABOUT EVERYTHING. You can't believe anything they say.

#25thAmendment #TraitorTrump #USPOL #uspoli #poli #cdnpoli #auspol #DonaldTrump #antifa",,,,0,6,10,0,2026-05-12T18:31:49Z,NA,NA,NA,,,,,
at://did:plc:abt5tpb7lqr7vopkrkwfswwq/app.bsky.feed.post/3mlogdabztd27,bafyreifayp7zuohtk7vb6qszkl3ms7gcofwbfhioctcu75d5c45hfpc3vi,canadareport.org,Canada Report,"Treasuries Fall as Rising Oil Prices Herald Sticky Inflation

Canada’s fastest news scan: 25+ headlines, no clutter, updated all day: CanadaReport.org

#cdnpoli #Canada #News #Business #Economy 
Read Original Article 🔗",,,,0,0,0,0,2026-05-12T18:31:30Z,NA,NA,NA,,,,,
at://did:plc:glx2iftaxaiirglk3auu7htn/app.bsky.feed.post/3mlogbenzuc25,bafyreifajhdtorngs7cr2aq5yrs4jrvpazudfhrklegflbjxfard7qqtnq,audricmoses.bsky.social,Audric Moses 🇨🇦,"This is what Big Oil has always wanted, despite the lip service from Pathways: a license to pollute unchecked for free, and massive public subsidies to help them do it, because ""iT's iN tHe nAtiOnAL iNtErEsT"" 🙄. At least they're finally being honest about it.

You should read this.

#ableg #cdnpoli",,,,0,5,9,0,2026-05-12T18:30:29Z,NA,NA,at://did:plc:xpgujbkkrjevueb53vpgnetz/app.bsky.feed.post/3mlofm2jaes2s,,,,,
at://did:plc:k6a35s56ijvrb4zjkq4ojll5/app.bsky.feed.post/3mlogb4sotn26,bafyreif2in6e7i2bqtf7vcb2n4dfvim73do7qw6fyxbsrb2n62rn6uoooq,toptags.bsky.social,Trending Hashtags,"🔥 BlueSky trending hashtags (30m) #16-30:

#boobs #tittytuesday #pinks #tits #digitalart #illustration #djac #horny #sexy #btg #nature #cdnpoli #gamedev #ukraine #homeforwhovians

👇 #1-15 trending hashtags",,,,0,1,1,0,2026-05-12T18:30:19Z,NA,NA,at://did:plc:z22iojvb45xno3nblfy6fcwg/app.bsky.feed.post/3mlogb4kb4g2q,,,,,
at://did:plc:k6a35s56ijvrb4zjkq4ojll5/app.bsky.feed.post/3mlogb4h6cm2k,bafyreiaon2xyhxfcfq7vcnf5rfpd2hlmwylwvtxopq6dbntyprxujab5mi,toptags.bsky.social,Trending Hashtags,"🚀 BlueSky trending hashtags (15m) #16-30:

#ffxiv #gh #digitalart #wip #beyondthegates #horny #fanart #cdnpoli #nature #gamedev #traditionalart #birds #tittytuesday #nsfwsky #flowers

👇 #1-15 trending hashtags",,,,0,1,1,0,2026-05-12T18:30:19Z,NA,NA,at://did:plc:z22iojvb45xno3nblfy6fcwg/app.bsky.feed.post/3mlogb4e6jv2x,,,,,
at://did:plc:tlkakpjayncxubstzzd4dwdt/app.bsky.feed.post/3mloga4ybzk23,bafyreiezbidcce73zrw7wqrnzfcyfjqkknfr6i6jreuemwz3aun7zpnh5i,cyborgk9.bsky.social,Cyborg K9 🌹,"At least one Federal party leader has the right priorities. :P

#cdnpoli",,,,0,1,3,0,2026-05-12T18:29:46Z,NA,NA,at://did:plc:idsofvph6jyjtkumhhla6n5e/app.bsky.feed.post/3mlofijuxhk2y,,,,,
at://did:plc:wskoci62jctwhykhgmmd4qxu/app.bsky.feed.post/3mlog72hz4c2f,bafyreifu3suyl6na6aj3ed6xwz4men6p5jtiq54ddod5p3yylcvvtctkua,mikeszeller.bsky.social,Mike Szeller,"#Musictomyears #cdnpoli #US #alcohol #boycott

I do note that there drop in global sales is *primarily* due to Canadian boycotts. The rest of it is all the other markets (like the #EU) retaliating (formal/consumer) for the #Trump #Tariffs as well.

www.cbc.ca/news/canada/...",,,,0,0,0,0,2026-05-12T18:29:11Z,NA,NA,NA,,,,,
at://did:plc:in6t5b6l3wnfwkcuqji57ttg/app.bsky.feed.post/3mlog5hpvgk26,bafyreigxvgv6r435k2yoj4dcvoacnnxzocn2c2qr6ouzylww52ghhbnbzu,ccfr-ccdaf.bsky.social,Canadian Coalition for Firearm Rights,"GUN GRAB FAIL: While the Liberals ""Justice team"" wastes BILLIONS going after licensed hunters and trained sport shooters, repeat offenders with illegal guns recklessly shoot up neighbourhoods with impunity... 

In Scarborough, even McDonald's isn't safe. 🇨🇦  #cdnpoli",,,,1,0,1,0,2026-05-12T18:28:24Z,NA,NA,NA,,,,,
at://did:plc:jw3ocg24thye7i5sjjhia62e/app.bsky.feed.post/3mlog2hkqok2g,bafyreihfexzfov7ntxjug22ovsqiqoe7aszbdtanq3m55evm3zdwynl73q,markhamhislop.bsky.social,Markham Hislop,"Liar, Liar, The Oil Sands Pants Are on Fire

Flame away, oil bros, you know I'm right.
#ableg #abpoli #cdnpoli #oilsands
markhamhislop.substack.com/p/liar-liar-...",,,,1,14,31,0,2026-05-12T18:26:38Z,NA,NA,NA,,,,,
at://did:plc:eaeuyrvdlqvjgznelgcdimct/app.bsky.feed.post/3mlofwqre5k2r,bafyreifampkzpdewernneygpczfjfwewihvtfe5z43cwjntdt73shlzqqy,madhat59kenwood.bsky.social,Ken Wood part owner of 🇨🇦,yea I agree. Yet there it was on #GlobalBC & the Univ of Toronto prof gleefully saying we had slowed down & most likely come to the end (I paraphrase) Only 1.4% but the prof & story would have you believe there's a tide #cdnpoli,,,,0,0,0,0,2026-05-12T18:24:31Z,NA,NA,at://did:plc:3yevml7d42aqs4cca4ebxsq5/app.bsky.feed.post/3mlofswrq522n,,,,,
at://did:plc:ig6dnt4tqgg7iwwtywx3bkvd/app.bsky.feed.post/3mlofvsolkk22,bafyreidiv7ytlvc4p562itchcmynvcerdjgf73ccmbfnhri6esf23zylhe,robduncan.bsky.social,Rob Duncan,"RECONCILIATION MY ASS

#cdnpoli #canada #CanadaMidasMighty #bcpoli #abpoli #onpoli #topoli #cpc #canpoli #cdnmedia #alberta #lpc #ndp #gpc #cdnleft #youthvote #HumanRights #Ethics #Truth #Justice #SocialJustice #idlenomore",,,,0,1,3,0,2026-05-12T18:24:04Z,NA,NA,NA,,,,,
at://did:plc:re7tflvczjceanwkco2bseqb/app.bsky.feed.post/3mlofrhbxd22s,bafyreigevxqovk2nfuoknykhlmcv5xdj4g7kiiwar2smfevxwuy4f2wfby,bella-andme.bsky.social,Sherry Lee,"I’m not saying he’s wrong. 
But the cynic in me says “what’s in it for Doug?”
#onpoli #cdnpoli 

www.cbc.ca/news/canada/...",,,,0,0,1,0,2026-05-12T18:21:34Z,NA,NA,NA,,,,,
at://did:plc:xpgujbkkrjevueb53vpgnetz/app.bsky.feed.post/3mlofm2jaes2s,bafyreia4vq3z2uf6xpstsmusorqiympqwbxc624mb2zauuswh6h3rbelta,maxfawcett.bsky.social,Max Fawcett,Pissing away oil booms is practically a shared pastime in Alberta. But the cost of pissing this latest -- and last-- one away will be higher than all the other ones combined. #cdnpoli #abpoli www.nationalobserver.com/2026/05/12/o...,,,,9,45,128,6,2026-05-12T18:18:35Z,NA,NA,NA,,,,,
at://did:plc:pkysaub2s5bbnvszblg7o4js/app.bsky.feed.post/3mlofll7ji22i,bafyreibivob75dgarfbgoydwzxzy36dskxnooj7opwkxckeo4w6ktybzrq,gregmcleanyyc.bsky.social,Greg McLean,"1/2: I had the pleasure of speaking to the East Village Community Association annual general meeting. Thank you for the invitation, and congratulations to the new board members. 

#calgarycentre #yyc #cdnpoli #eastvillageyyc",,,,1,0,1,0,2026-05-12T18:18:18Z,NA,NA,NA,,,,,
at://did:plc:fuak6asmyzr6r34f6er6z4ju/app.bsky.feed.post/3mlofahxcbk23,bafyreic2ky7wmemunanim55d5or6svewqgfdphs3f2ldg4tfn55acifoci,jansplanet.bsky.social,Janet 🇨🇦,"My doctor uses #AI. I’ll have this convo with her.

“Despite Crawford’s pledge that the real-world system doesn’t fabricate information, Spence said she recently felt compelled to tell her doctor to double-check the notes provided by an AI scribe.”

#NoGasForAI #CdnPoli #WaterIsLife #OptOut #BadGov",,,,0,0,2,0,2026-05-12T18:12:06Z,at://did:plc:rtxihrl52fopssbfovo2oycu/app.bsky.feed.post/3mlodx7jp2226,at://did:plc:rtxihrl52fopssbfovo2oycu/app.bsky.feed.post/3mlodx7jp2226,NA,,,,,
at://did:plc:nztji73yts2f6uzgvczqitbg/app.bsky.feed.post/3mlof3er7tc2p,bafyreic4rj4of74cupzpit6hok7ovubygiiaap3fb5hermbdezeurwozdq,convivialblue.bsky.social,Convivial Blue 🇨🇦,"ici.radio-canada.ca/rci/en/news/...

US Democratic Sen. Elissa Slotkin playing good cop to Ambassador Pete Hoekstra's bad cop. 

Yeah, we know China's a fucking problem. #cdnPoli Our two Michaels told us. Maybe try and work that orange plank out of your eye before bitching about our speck.",,,,0,0,1,0,2026-05-12T18:09:14Z,NA,NA,NA,,,,,
at://did:plc:frwecggow7f5ertmucxfcxqq/app.bsky.feed.post/3mloeyzgo522v,bafyreidwn3norus6xxrgt24xp3sob6nbd76exprp2vvyx4osmirnqwqjeu,jrmccranker.bsky.social,Jason McCrank,"These stupid racist trash bags think that a family of four from Lebanon come to Canada or the US with the intention of bringing the conflicts and violence with them. It's just bizarre, specious reasoning and deeply racist. #uspoli #cdnpoli",,,,0,1,3,0,2026-05-12T18:07:54Z,NA,NA,at://did:plc:4llrhdclvdlmmynkwsmg5tdc/app.bsky.feed.post/3mlo3a32oq326,,,,,
at://did:plc:mv6loxcddhj3i6pzfvzicc36/app.bsky.feed.post/3mloev7hkps2f,bafyreihpnyjhci2ems7mdd34witipmcqd4ykqerdgoz2xfjdl2ty6vgy6u,dennisjkoch.bsky.social,"Dennis ""dejay"" Koch"," Arlene Dickinson BLASTS Danielle Smith For Aligning With Alberta Separatists | Elections Data Breach

Women In Canadian Politics

#abpoli #ableg #cdnpoli #YEG #YYC #Alberta #DanielleSmith

youtu.be/ruLi0aCp6-A",,,,2,5,9,0,2026-05-12T18:05:47Z,NA,NA,NA,,,,,
at://did:plc:oqrlb6ouek7aa3bthvddehv3/app.bsky.feed.post/3mloetmlnx224,bafyreielrnzq42zwspeg2r6kgj5lf7i3e3vbwdrpizmiusd6njv5mpf6si,caff3.bsky.social,,"🍁Albertans not being informed about changes to law allowing 🧙‍♀️Smith to abuse the office of Premier.

Media fail.  #cdnpoli
Witches Law.",,,,0,4,2,0,2026-05-12T18:04:51Z,NA,NA,NA,,,,,
at://did:plc:3xew4hczefc7m4dauvg7hlxm/app.bsky.feed.post/3mloequ244k2y,bafyreif6c5gjjzqrmu5ihbm3pgdekf6lqnscta7q347d6h44eysb65f5f4,lancetay.bsky.social,Lance Taylor (VA6LAT) 🇨🇦 #RangerBobRadio,"#Albertastan #Alberta #YEG #YYC #Canada
#abpoli #cdnpoli",,,,0,3,7,0,2026-05-12T18:03:20Z,NA,NA,at://did:plc:lanvmgthztbuwa3ieqcrzsys/app.bsky.feed.post/3mloeioc3vc2w,,,,,
at://did:plc:abt5tpb7lqr7vopkrkwfswwq/app.bsky.feed.post/3mloenmui6z2t,bafyreie3m7x2wifnfimj7cwnyzhftg266x45kr3433gso7o3p44tnhdqy4,canadareport.org,Canada Report,"OpenAI violated Canadian privacy laws, federal and provincial watchdogs say

Canada’s fastest news scan: 25+ headlines, no clutter, updated all day: CanadaReport.org

#cdnpoli #Canada #News #Tech #AI 
Read Original Article 🔗",,,,0,0,1,0,2026-05-12T18:01:31Z,NA,NA,NA,,,,,
at://did:plc:xvhfw6ch4oy4yez2kbu5wrhl/app.bsky.feed.post/3mloenme7bc2x,bafyreigcvfrrixlgw6udox62ziel3gyfmqpzi47ihyhij3bx4mcvnvnkfq,linzi-the-artist.bsky.social,Lindsay Brambles🇨🇦,"Canadians & Canadian institutions can't allow the agenda of a foreign power dictate the parameters of our sovereignty.  #cdnpoli #Canada #healthcare #Trump #UnitedStates

www.cbc.ca/news/canada/...",,,,1,1,4,1,2026-05-12T18:01:33Z,NA,NA,NA,,,,,
at://did:plc:lanvmgthztbuwa3ieqcrzsys/app.bsky.feed.post/3mloeioc3vc2w,bafyreih6yhtmbbyevd677ttvjuomv56jxefzntovhj2qwtl2lg7dpl35oi,hab3261.bsky.social,Hazel B. 🇨🇦,"David Parker is refusing to cooperate with investigators. Albertans deserve answers, accountability, and a full public inquiry.  #DanielleSmith is not leading so she is complicit. #ableg #abpoli #cdnpoli",,,,1,13,24,1,2026-05-12T17:58:50Z,NA,NA,NA,,,,,
at://did:plc:xpgujbkkrjevueb53vpgnetz/app.bsky.feed.post/3mloe6umoms22,bafyreia5z3q4mqozwdw7ao7cs6ri7bluzwmcptjsrbjseuz7kmewn3kpiq,maxfawcett.bsky.social,Max Fawcett,"Postmedia is still publishing columns from the food dude that make flagrant, demonstrably false claims about the industrial carbon tax and its impact. 

He's welcome to his own opinion, of course. But not his own facts. #cdnpoli",,,,5,16,67,0,2026-05-12T17:53:18Z,NA,NA,NA,,,,,
at://did:plc:4yf6v7x76bn33ngq63bfzxq3/app.bsky.feed.post/3mlodpmng5k2o,bafyreigs7v3tfmssvjqqsd7zzxinabhdchsc46mouahg5a3epsjzskdovq,nigelswedenborg.bsky.social,Nigel Swedenborg 🍁🌻,"The CBC is polishing this schmuck's reputation, and they want us to forget that Jason Kenney brought us the separatist UCP in the first place.🤨 #abpoli #cdnpoli #CdnMediaFailed www.cbc.ca/news/canada/...",,,,4,6,12,0,2026-05-12T17:44:47Z,NA,NA,NA,,,,,
at://did:plc:c7ocgtuam5t56eb72y7d4hnu/app.bsky.feed.post/3mlodp432hs2y,bafyreia3k6i6wajshfboohejnri6jqrrviwmtppdm4ytgsitdrrg4x757u,pawbaby2.bsky.social,Marie 🇨🇦 🐸,"🇨🇦🇺🇦 Ukraine refined the most battle-tested drone tech on earth. Canada is getting in on it.  PM Carney’s government is closing a drone deal with Ukraine. Canada is arming democracy and building our defence industry at the same time. 

#cdnpoli #Ukraine
#USDemocracy
#Pinks

apple.news/A4r1XJCXqT4-...",,,,5,54,111,0,2026-05-12T17:44:29Z,NA,NA,NA,,,,,
at://did:plc:7clspctikalivcrzqthdk3pp/app.bsky.feed.post/3mlodmgnsm22k,bafyreiamhxddcpckek7pk4n7dxs67rq3dswn2ejc7ppddtb32bs6ntvmla,sammyhamburger.bsky.social,Sammy Hamburger 🇨🇦,#abpoli #cdnpoli,,,,0,0,0,0,2026-05-12T17:42:58Z,at://did:plc:oqxoq7btbkztewuzmallzuvo/app.bsky.feed.post/3mlnyubl55c2m,at://did:plc:oqxoq7btbkztewuzmallzuvo/app.bsky.feed.post/3mlnyubl55c2m,NA,,,,,
at://did:plc:ypbo2mq6dqcct43gt2sam6el/app.bsky.feed.post/3mlodjbmlwy27,bafyreidxmjxobws7nnhnkdjl34hj755d334ylqntxrsikphykkqjrmlnxi,ipolitics.bsky.social,iPolitics,Liberal MP Erskine-Smith challenges provincial nomination loss #cdnpoli #ipolitics,,,,0,0,0,0,2026-05-12T17:41:12Z,NA,NA,NA,,,,,
at://did:plc:nztji73yts2f6uzgvczqitbg/app.bsky.feed.post/3mloddqwovs2p,bafyreibucforfppc54dbuyt3qwqf5q2mz2jwzzd4tqyakhwuicnkcnqvmm,convivialblue.bsky.social,Convivial Blue 🇨🇦,"www.policyalternatives.ca/news-researc...

#Ontario  healthcare costs rising from #DougFord 's back-door, two-tier American-style healthcare. 

Tommy Douglas showed us the way. Be like Tommy, Doug, not Trump. #cdnPoli",,,,1,1,2,0,2026-05-12T17:38:08Z,NA,NA,NA,,,,,
at://did:plc:mv6loxcddhj3i6pzfvzicc36/app.bsky.feed.post/3mlodcoysuc2f,bafyreiebga4n6hpw7npmned6k7ublau2wbb72ij3kmcs4zprgvdhce7d6q,dennisjkoch.bsky.social,"Dennis ""dejay"" Koch","Speed is believed to have been a factor in a crash that left a motorcycle dangling from a traffic light in Metro Vancouver

#Canada #cdnpoli #USA #uspoli #news

youtu.be/Tn_2qH5y3b4",,,,0,0,0,0,2026-05-12T17:37:32Z,NA,NA,NA,,,,,
at://did:plc:pedpziwws5vkocuq76mokn7c/app.bsky.feed.post/3mloczdo4ck2n,bafyreifdisyps2tt6msy4galqfl67g3oubyq6uw56m566kj232swtbidey,deepgreendesign.bsky.social,Deep Green Design,"How SCOTUS is Erasing Black Voters 

podcasts.apple.com/ca/podcast/a...

#Racism #CdnPoli #VoteBlue",,,,0,1,1,0,2026-05-12T17:32:20Z,NA,NA,NA,,,,,
at://did:plc:abt5tpb7lqr7vopkrkwfswwq/app.bsky.feed.post/3mlocxsbmgp27,bafyreibsg2l4lrino6ne4gci2gex2iqkw2fblz6sduqng2csnek3cao3du,canadareport.org,Canada Report,"Kazakh CPC Oil Exports to Drop as Europe Faces Tight Supplies

Canada’s fastest news scan: 25+ headlines, no clutter, updated all day: CanadaReport.org

#cdnpoli #Canada #News #Business #Economy 
Read Original Article 🔗",,,,0,0,0,0,2026-05-12T17:31:25Z,NA,NA,NA,,,,,
at://did:plc:ma5n7cq5oubn424zpxipovbg/app.bsky.feed.post/3mloctsbvn22t,bafyreie3wp5u6q7ytv4yw5hzhjp3luczcvvm4kj6opt7gyjqd2ywqkrezm,marushka-t.bsky.social,Marushka-T,"More cuts by the feds that don't make sense.

#cdnpoli #canadasky #AgCanada",,,,0,0,2,0,2026-05-12T17:29:35Z,NA,NA,at://did:plc:3ckyrkyjlpj572zxqruf4dt4/app.bsky.feed.post/3mlnqkn3cck25,,,,,
at://did:plc:ypbo2mq6dqcct43gt2sam6el/app.bsky.feed.post/3mlocscmwhz2q,bafyreie5cq7qc6bn2bs65esmm5rhesvyuxswvsfub3hjbwlukcx4aotffy,ipolitics.bsky.social,iPolitics,Nate-Erskine Smith decides to challenge nomination results in Scarborough Southwest #cdnpoli #ipolitics,,,,0,1,1,1,2026-05-12T17:28:21Z,NA,NA,NA,,,,,
at://did:plc:bbnve3u34qpmusulfzkei3p2/app.bsky.feed.post/3mloclll42k2h,bafyreib726w76rul43k533t5jh3trvvmvjmx6bpilibu2bvbvnk5yqothe,fluxliner.bsky.social,Flux Liner,"Somebody(s) NEED to Go to PRISON.
#Alberta #Canada #cdnpoli",,,,0,2,5,0,2026-05-12T17:24:35Z,at://did:plc:kt6t5jwy3zsvcerhus6pwjlz/app.bsky.feed.post/3mlmqkwu6f22x,at://did:plc:kt6t5jwy3zsvcerhus6pwjlz/app.bsky.feed.post/3mlmqkwu6f22x,NA,,,,,
at://did:plc:mv6loxcddhj3i6pzfvzicc36/app.bsky.feed.post/3mlockvc7kk2f,bafyreiaq2nhvbudxw6tpeh2p7mywtnkqhwphbhk2ha2o37ap4k5udvcho4,dennisjkoch.bsky.social,"Dennis ""dejay"" Koch","The Boycott Number America Got Wrong Is 42 Percent And Its Not Just About Snowbirds

Guard The Leaf

The part of this conversation worth paying the most attention to is the long term outlook.

#USA #Trump #uspoli #Canada #cdnpoli

youtu.be/MDUPcTtfaDY",,,,0,0,1,0,2026-05-12T17:24:14Z,NA,NA,NA,,,,,
at://did:plc:mv6loxcddhj3i6pzfvzicc36/app.bsky.feed.post/3mloceyvlk22f,bafyreifefcv4zlgs23be5rajivyzfed4tle4gdexfzaqew2t7h7px54nbq,dennisjkoch.bsky.social,"Dennis ""dejay"" Koch","Canadians Did This Without Being Told And Now The US Is Calling It Catastrophic

Guard The Leaf

I will say what I believe. Canada still holds all the power here. You do not backstab a friend and expect that friend to keep showing up.

#USA #Trump[ #uspoli #Canada #cdnpoli

youtu.be/jBd_t-bwfN8",,,,0,0,0,0,2026-05-12T17:20:56Z,NA,NA,NA,,,,,
at://did:plc:643nfj64adt3sd6lil4l4eqt/app.bsky.feed.post/3mlocebc7o22i,bafyreieo55nqbzag2rqtmhbq2yzn6l5gytwoqxkzz54gdajnchczp345dm,deanbeeby.bsky.social,Dean Beeby,"A helpful access-to-info response from Canada's premier eavesdropping agency, CSEC. #cdnfoi #cdnpoli #csec",,,,1,2,3,0,2026-05-12T17:20:58Z,NA,NA,NA,,,,,
at://did:plc:ykvfxsnswr6rcwdbwocwqajt/app.bsky.feed.post/3mlocccgyc22e,bafyreiaw46iv4nkalgldapqiqoetry35scea7idbrvcapsp6oktcskxojm,anniegirl.bsky.social,Ann Petersen-Kane,Separatists in #abpoli have been engaging in performative shit with the census but probably after someone else in their household went online to complete it. #ableg #cdnpoli,,,,0,3,8,0,2026-05-12T17:19:23Z,NA,NA,at://did:plc:a2da5ecx3bhvfbpzix6zhyfp/app.bsky.feed.post/3mlmqshqxzk22,,,,,
at://did:plc:3b54l7wmd3xnqdyv6gfr5rwj/app.bsky.feed.post/3mlocbvwgvs2f,bafyreihdlsploxxmogbm7rga4fikufywnqe3cw3iywjanmweg3yua4cqdm,lenispooner.bsky.social,Leni Spooner,"Canada is pitching stability to the world while two provinces vote on leaving it. Alberta and Quebec separatists have already met. Foreign governments are involved. And October is just the flashpoint. #cdnpoli

open.substack.com/pub/lenispoo...",,,,1,2,1,0,2026-05-12T17:19:12Z,NA,NA,NA,,,,,
at://did:plc:scxgmlojbo6iidl3enwcn2ac/app.bsky.feed.post/3mloc7kvazc27,bafyreiblmm4bnborpawjnsx4v45jlj2qdfv2virvevkxkusxjohisxhu5i,hublai.bsky.social,Hublai (charismatic megafauna),"#TOpoli #TorontoCouncil #ONleg #ONpoli #cdnpoli PLEASE heed this petition to #BanBenShapiro and put non evangelical non Zionist officers & firefighters only on patrol if any event occurs #2026may17. 

It is a grave #ZionistFalseFlag risk esp given Loomer ""warning"".

actionnetwork.org/letters/canc...",,,,0,1,4,0,2026-05-12T17:17:56Z,NA,NA,NA,,,,,
at://did:plc:ykvfxsnswr6rcwdbwocwqajt/app.bsky.feed.post/3mloc3p3zas2e,bafyreidlj2k2qtwkxppby3y2gw3k6ylv4qc3rwjhun6yik3haqaxrzvmx4,anniegirl.bsky.social,Ann Petersen-Kane,"Dan Williams is a christo-facsist. #ableg #abpoli #cdnpoli 

Undermining public trust in public libraries is the real aim of Dan Williams’ Bill 28
open.substack.com/pub/davebert...",,,,1,15,23,0,2026-05-12T17:15:44Z,NA,NA,NA,,,,,
at://did:plc:fuak6asmyzr6r34f6er6z4ju/app.bsky.feed.post/3mlobyozdm223,bafyreih7yiql2aarmwo4s23mxcipu4hiy24bfhwh367xv4bbkry3ltph44,jansplanet.bsky.social,Janet 🇨🇦,"Excellent & enraging 👏✊🇨🇦

“The Spring Economic Update is built on the premise that universality is #inclusion. It isn’t.”

#WAGE #Equity #CdnPoli #StopCarneysCuts",,,,0,0,2,0,2026-05-12T17:14:05Z,NA,NA,at://did:plc:k2eo47t757vmrl52hh7i6sbx/app.bsky.feed.post/3mloa464c2c2a,,,,,
at://did:plc:mxa7pxqxg46a2sq73zjijhk3/app.bsky.feed.post/3mlobxhbbkc2n,bafyreibfywrn65b7l7ghqnabiarqrao6bswnw2ik6z53sikvdmzowebe4m,dianagibson.bsky.social,Diana Gibson,"Premier Eby talks all things #tech at #websummit A partner at the table with @inbcinvestment.bsky.social  @innovatebc.bsky.social with Integrated Marketplace, the new Strategic Investment Fund,  sovereign digital infrastructure and balancing responsible #AI innovation with safety #bcpoli #cdnpoli",,,,0,1,1,0,2026-05-12T17:13:37Z,NA,NA,NA,,,,,
at://did:plc:abt5tpb7lqr7vopkrkwfswwq/app.bsky.feed.post/3mlobc7r4mq2b,bafyreiekiulqg5zhda2z2sebyhd63peybtqczyfzlwanikbh7apdnq4gsa,canadareport.org,Canada Report,"First Canada, then the world: nation’s rocket builders see a bigger opening in space

Canada’s fastest news scan: 25+ headlines, no clutter, updated all day: CanadaReport.org

#cdnpoli #Canada #News #Tech #AI 
Read Original Article 🔗",,,,0,1,1,0,2026-05-12T17:01:28Z,NA,NA,NA,,,,,
at://did:plc:ifi6xqgbojwquosnkvzx3gna/app.bsky.feed.post/3mlob5a4rbk2x,bafyreihjbvubzwz55aghdt2ptqjx4ejknivbdp3om5cpxxl2jflurw3qiu,leftcoasttreefrog.bsky.social,Left Coast Tree Frog 🕊️,"Israel kills, injures average of 4 children daily amid Lebanon ‘ceasefire.’
The statistics shared by Save the Children refer to the first 25 days of the truce that came into effect on April 16.
#cdnpoli
www.aljazeera.com/news/2026/5/...",,,,0,2,2,0,2026-05-12T16:58:41Z,NA,NA,NA,,,,,
at://did:plc:6ajcww7vqdopg3xvcafh42od/app.bsky.feed.post/3mlob2wfwu22u,bafyreihajnigf6yod2q7ntjhfe5yuofvmyl54qb24kclr7b2ka2mir6jk4,alonghurst.bsky.social,Andrew Longhurst 🇨🇦 🍉,"""60 per cent of the AI Scribe systems captured a different drug than what was prescribed by the doctor""

Provinces need to regulate the use of AI tools in health care. These are extremely disturbing findings — with potentially very dangerous implications for patient safety

#onpoli #cdnpoli",,,,1,9,13,0,2026-05-12T16:57:23Z,NA,NA,at://did:plc:dmb64b62eb77vvvg2itoajb4/app.bsky.feed.post/3mlo5ykjp7k24,,,,,
at://did:plc:2utsyuufaetvgcyein4w276f/app.bsky.feed.post/3mloaum4w522k,bafyreignuexvmguayg55ahxpoohaecg5ujmrl35xobw5j3e4akhnuab3p4,jemphatically.bsky.social,JEmphatically,"The companies pushing generative AI's are partnering with fossil fuels and it's a disaster for water, land and public health unless people take a stand. Here's why:

www.theenergymix.com/dirty-data-c...

#AIdatacentres #AIDataCenters #technology #ableg #cdnpoli #sustainability #AIhyperscalers",,,,0,0,0,0,2026-05-12T16:53:53Z,at://did:plc:2utsyuufaetvgcyein4w276f/app.bsky.feed.post/3mloaulbha22k,at://did:plc:2utsyuufaetvgcyein4w276f/app.bsky.feed.post/3mloauk62g22k,NA,,,,,
at://did:plc:xvhfw6ch4oy4yez2kbu5wrhl/app.bsky.feed.post/3mloao76rrs23,bafyreia67vb6puzou6wrhupth5vgy5krumlqby7ve7k455bkz2h5dwtupu,linzi-the-artist.bsky.social,Lindsay Brambles🇨🇦,"The experts, pundits, & economists (not to mention US business people) said the boycott would never last, that it would peter out in a matter of weeks or months. Keep boycotting, #Canada! #cdnpoli

BREAKING: Canada’s Quiet Boycott Is Crippling American Industries
open.substack.com/pub/deanblun...",,,,0,0,5,1,2026-05-12T16:50:18Z,NA,NA,NA,,,,,
at://did:plc:eoouaeqa2taou3aqacpjuaq4/app.bsky.feed.post/3mloamjtzl22r,bafyreibcp7fnbrhekuuekjmx5ilpqcokvn62lmq5ezztckyxfhz3vnaxam,alexgoatcher.bsky.social,Alex Goatcher,"I am reading a book about SW Saskatchewan, this research farm has existed since the 1880s & Carney has killed it off with cutbacks. Some of the biggest research Canada has done in farming has happened there. With climate change, reseach stations like this are needed badly. #cdnpoli",,,,0,0,1,0,2026-05-12T16:49:20Z,NA,NA,at://did:plc:7yngo6c26xfsghhesctwsww3/app.bsky.feed.post/3mhdop3foxk2x,,,,,
at://did:plc:ifi6xqgbojwquosnkvzx3gna/app.bsky.feed.post/3mloalxddqs2x,bafyreici6grobw7uuvp5ih5rpoucl7626p3z2v3isjdj3nm3jfi6l3acp4,leftcoasttreefrog.bsky.social,Left Coast Tree Frog 🕊️,"Zelenskyy says Ukraine has a ‘drone deal’ with Canada in the works.
#cdnpoli
www.winnipegfreepress.com/business/202...",,,,0,2,4,0,2026-05-12T16:49:01Z,NA,NA,NA,,,,,
at://did:plc:zftffti3hfudvdawqv53arqn/app.bsky.feed.post/3mloaew7x3d24,bafyreifjhvfgrewapaaxpu7tefdwbltqhajhrg4f62kkbhbe2psfl7ffem,runchinguyenrun.bsky.social,Chi Nguyen,"Last week, Spadina—Harbourfront welcomed Minister Champagne and German Minister of Finance and Vice-Chancellor Lars Klingbeil for a roundtable on global finance with industry leaders in our community.

We even got in a walk on our waterfront!

#cdnpoli #MPChiNguyen #SpadinaHarbourfront",,,,0,0,0,0,2026-05-12T16:45:04Z,NA,NA,NA,,,,,
at://did:plc:asoznhbjzx27cxeqfb3y7x34/app.bsky.feed.post/3mloacgsmp22o,bafyreiaz5yc7ugzy7phevz7whaxacxzpwmwznnxb3hrshrht5irmpmyniy,shakespearesgal.bsky.social,Canadian Loyalist 🇨🇦,"It’s called free will … 

Vive le Canada! 🇨🇦 

#cdnpoli",,,,2,1,5,0,2026-05-12T16:43:42Z,NA,NA,NA,,,,,
at://did:plc:2yqpfmj6fkai4n722ve5lmpy/app.bsky.feed.post/3mloa73xvbs2m,bafyreibk56wqbypphnhl2l7235lwomf5s5jygz4yhlraaovn54dtbwpclm,paulorlowski.bsky.social,Paul Orlowski,"Separatist leader accused of misusing Alberta electors list refuses to co-operate - The Globe and Mail

So arrest the guy until he complies with the investigation into the crime.

#Abpoli #Cdnpoli 🇨🇦",,,,0,0,5,0,2026-05-12T16:41:49Z,NA,NA,NA,,,,,
at://did:plc:glx2iftaxaiirglk3auu7htn/app.bsky.feed.post/3mloa5qvsnk2b,bafyreic2x7a2rgd2o37gg5jzc6nnuhxmsromdjrur7jy2gz7odalo3kzoy,audricmoses.bsky.social,Audric Moses 🇨🇦,"There's a great picture of Parker in this piece 😂.

unblocked: archive.ph/5wZ8o

#ableg #cdnpoli",,,,1,5,13,0,2026-05-12T16:41:06Z,NA,NA,NA,,,,,
at://did:plc:qyxbqfambstrsawtfofn3p5h/app.bsky.feed.post/3mlo7vwouxs2f,bafyreibdkjrnnz6nvbj6iq4jiagcos7njsd55bkqot2hawwdlprwh6rtfm,just-call-me-boo.bsky.social,Boo 🇨🇦,#NeverPoilievre #PierrePoilievre #WomenAgainstPoilievre #Cdnpoli #CPC #IDU #Canada,,,,1,1,4,0,2026-05-12T16:36:41Z,NA,NA,at://did:plc:6hnkpvshsxjgot5figjyardd/app.bsky.feed.post/3mlo3b5nw2c2g,,,,,
at://did:plc:eaeuyrvdlqvjgznelgcdimct/app.bsky.feed.post/3mlo7qzq4hc2r,bafyreib2rl3o2hhaozuy6r6lzdlm54yms6bcshi3epccnmx6hguwkom2su,madhat59kenwood.bsky.social,Ken Wood part owner of 🇨🇦,🤦 OMG they just keep popping up. #bcpoli #cdnpoli,,,,0,0,0,0,2026-05-12T16:33:57Z,NA,NA,at://did:plc:tm7uvmb263f5xymsvximzn4g/app.bsky.feed.post/3mlo6kqjeak2g,,,,,
at://did:plc:abt5tpb7lqr7vopkrkwfswwq/app.bsky.feed.post/3mlo7my5ghr2b,bafyreihs436r5sjtyvponrmfdgrlgnjbnm4ayzcbkftvwwmfg44625plae,canadareport.org,Canada Report,"Introba Appoints Ziad Hanna President

Canada’s fastest news scan: 25+ headlines, no clutter, updated all day: CanadaReport.org

#cdnpoli #Canada #News #Business #Economy 
Read Original Article 🔗",,,,0,0,0,0,2026-05-12T16:31:41Z,NA,NA,NA,,,,,
at://did:plc:eaeuyrvdlqvjgznelgcdimct/app.bsky.feed.post/3mlo7jykies2r,bafyreidgmirm4fh6sxvwrc64buwp3fl7i5wyflngfe3ilgg7zra74hb3fe,madhat59kenwood.bsky.social,Ken Wood part owner of 🇨🇦,Theyre litterly Timmy's. If you ever been in one you know. So why would 🇨🇦's want to go to a poor imitation of Tim's? #cdnpoli #uspoli,,,,0,0,1,0,2026-05-12T16:30:01Z,NA,NA,at://did:plc:tfandecsxuyivl652mn2zdpj/app.bsky.feed.post/3mlo6w5uz2k2g,,,,,
at://did:plc:iyyzcuc24pgchmsbjnsa3wu3/app.bsky.feed.post/3mlo7djkas22y,bafyreiegz3h5wqmp764dm6yxtwnfwpvlrmpc2wectchqgay3piqs54zf4y,torontokate.bsky.social,🎶 I Will Choose Freewill 🇨🇦,"Maybe this is why someone would create an AI doctor

Stealing scripts from real doctor, and making money from it

Shame on them. I usually skip the videos when they have that noticeable AI voice. But now I know the reason they exist & can boycott the lazy opportunists altogether #cdnpoli #canadasky",,,,0,0,0,0,2026-05-12T16:26:26Z,NA,NA,NA,,,,,
at://did:plc:yiykf4gzuc7ofsnvmdmee5kz/app.bsky.feed.post/3mlo6wdmpxk2j,bafyreigu5pjbln4dseuosruzfb6kgzjfis2ofihkrdjboc5fegrzby3g6e,hope50.bsky.social,,"His ""wife""  has been pretty quiet lately - too busy living alone in Montreal writing her propaganda book? #cdnpoli #abpoli",,,,0,0,5,0,2026-05-12T16:19:07Z,at://did:plc:6hnkpvshsxjgot5figjyardd/app.bsky.feed.post/3mlo3b5nw2c2g,at://did:plc:6hnkpvshsxjgot5figjyardd/app.bsky.feed.post/3mlo3b5nw2c2g,NA,,,,,
at://did:plc:in6t5b6l3wnfwkcuqji57ttg/app.bsky.feed.post/3mlo6qlhwms2p,bafyreiazl3zxbpk7cvwjpcirsgz4smoffhuiqq74hjb6ktltnpka3exfk4,ccfr-ccdaf.bsky.social,Canadian Coalition for Firearm Rights,"FEDS ADMIT 'NO DATA' TO SUPPORT GUN GRAB

The Canadian Taxpayers Federation asked for “all analysis from the department on the efficacy of the ASFCP and its effect on crime rates/public safety.”

Public Safety Canada's response?

“No information related to your request exists” #cdnpoli",,,,1,0,1,0,2026-05-12T16:15:54Z,NA,NA,NA,,,,,
at://did:plc:uxj5ihyuzrgxmuvjeanl57ys/app.bsky.feed.post/3mlo6kwubmfq2,bafyreic4malkztlsp3fmai65hmvy2hcrvka55mhkywoz42kjscpkylnna4,chris.mstdn.chrisalemany.ca.ap.brid.gy,Chris Alemany🇺🇦🇨🇦🇪🇸,"Wow, this chart is wild!! Also, UK Ministers are dropping like flies, which means Starmer is going to be gone soon.

https://www.bbc.com/news/live/c1e2n923v1lt

What is it that people say about Proportional Representation creating unstable governments? […] 

[Original post on mstdn.chrisalemany.ca]",,,,1,0,0,0,2026-05-12T16:12:43Z,NA,NA,NA,,,,,
at://did:plc:re7tflvczjceanwkco2bseqb/app.bsky.feed.post/3mlo6ehntlc27,bafyreiet6zcrxo7jc4576y7n7pj4jejwjfiqr3ho22r3ipskooojusspoy,bella-andme.bsky.social,Sherry Lee,"With thanks to Shannon Phillips.
#abpoli #cdnpoli",,,,0,2,4,0,2026-05-12T16:09:03Z,NA,NA,at://did:plc:73ijdeo7zkzanbaac5xuncpc/app.bsky.feed.post/3mlo2cfrowk2g,,,,,
at://did:plc:h2spa3l463coxycuy6iiov2l/app.bsky.feed.post/3mlo6cl4nds2u,bafyreidgxcqfmuygfjcahzanubzke5bhewjketzycj65gdkqpljj26fhzu,shewandersferal.bsky.social,Allison Moon 🌙  🍁,"#ThrowTheBook at these motherfuckers…

🍁 #CANpoli 🍁 #CDNpoli 🍁 
 #CanadaSky 🌌 #OilBerta

#sedition
#Electors’List #Malfeasance",,,,1,3,4,0,2026-05-12T16:08:01Z,NA,NA,NA,,,,,
at://did:plc:j4rrqqwlgedatyuhbcposqz2/app.bsky.feed.post/3mlo67oqau22q,bafyreihpuhlpecqmhizpjhj7ororkxc32zubzeucbd4a35eopnxwndivou,danonthelam.bsky.social,Dan Johnson,"Maybe ask this guy? 

#ableg #abpoli #cdnpoli #corruptcare #corruptUCP",,,,0,3,6,0,2026-05-12T16:06:24Z,NA,NA,NA,,,,,
at://did:plc:nbo7sbdaqftjent7gndejypz/app.bsky.feed.post/3mlo63hnvgc2h,bafyreigxigvw5kxzg4nle7oq33qmydkrf3ydywuwrkuhn6gy6aaz6fhgqe,lauraba.bsky.social,Laura,"Utah: 9 gigawatts, coal power, heat of 23 atom bombs daily, catastrophic wildlife impact. 
VS. 
BC: 98% renewable, waste heat warms homes, Canadian data stays home. This is why it matters who builds them and how.
#cdnpoli",,,,0,3,4,0,2026-05-12T16:04:03Z,NA,NA,NA,,,,,
at://did:plc:ypbo2mq6dqcct43gt2sam6el/app.bsky.feed.post/3mlo5z4fz2b2o,bafyreiexaysbm3c4f7uiu2hrpdk3adv2bb3pzt3v6s5ea372lvhwsnokxe,ipolitics.bsky.social,iPolitics,Government rolls out $66 million for projects selected under AI fund #cdnpoli #ipolitics,,,,0,0,0,0,2026-05-12T16:02:40Z,NA,NA,NA,,,,,
at://did:plc:ypbo2mq6dqcct43gt2sam6el/app.bsky.feed.post/3mlo5z2eehj2o,bafyreif5nbezglzautumiyxoqlabl2we2klr7antscdyrwublalgsn53ce,ipolitics.bsky.social,iPolitics,Protecting Victims Act now awaits third reading in the House of Commons #cdnpoli #ipolitics,,,,0,0,1,0,2026-05-12T16:02:39Z,NA,NA,NA,,,,,
at://did:plc:abt5tpb7lqr7vopkrkwfswwq/app.bsky.feed.post/3mlo5xawht52p,bafyreie3jd6tzu3yb5tvifrwspq3p32uts5gwru3r7szuelm4fqzopt5si,canadareport.org,Canada Report,"Are you tokenmaxxing? Tell us

Canada’s fastest news scan: 25+ headlines, no clutter, updated all day: CanadaReport.org

#cdnpoli #Canada #News #Tech #AI 
Read Original Article 🔗",,,,0,0,0,0,2026-05-12T16:01:38Z,NA,NA,NA,,,,,
at://did:plc:eaeuyrvdlqvjgznelgcdimct/app.bsky.feed.post/3mlo5vv44m22b,bafyreibhokqihzgzk5v6dua6yplsjtg6g3fscfjpn4kjmapitgfwhutkmi,madhat59kenwood.bsky.social,Ken Wood part owner of 🇨🇦,"He also said his group was the, paraphrase 'the sipping party' only. Yea sure Kentucky/Tennesse are solid flashing red states. We know who they did & would vote again. #boycottusa #cdnpoli #uspoli",,,,0,0,2,0,2026-05-12T16:00:52Z,at://did:plc:cp4y7ilqrd35tyisti3y5o2u/app.bsky.feed.post/3mlo3rjf4xs2e,at://did:plc:cp4y7ilqrd35tyisti3y5o2u/app.bsky.feed.post/3mlo3rjf4xs2e,NA,,,,,
at://did:plc:eaeuyrvdlqvjgznelgcdimct/app.bsky.feed.post/3mlo5pq6gck2b,bafyreietwot4on64snnmb4zudldhpqjqbpsancornr37tjojjrollb7fxu,madhat59kenwood.bsky.social,Ken Wood part owner of 🇨🇦,Need to send to Slotkin @slotkin.senate.gov all 🇨🇦 thoughts. She comes here & talks down & butts in while 🇺🇲 dies is irresponsible. She doesnt know 🇨🇦's. I encourage all of us to tell her how we feel. I use to respect her. No longer. #cdnpoli #uspoli,,,,0,1,4,0,2026-05-12T15:57:26Z,NA,NA,at://did:plc:e53itqzeadadpmdfttjy4hwz/app.bsky.feed.post/3mlo3s2yjc22q,,,,,
at://did:plc:v44mn5skdnyq44ilqcyjbwhr/app.bsky.feed.post/3mlo5nlnqc227,bafyreidpdc25hfw3ccyl5pfkspjj5hgfrryvmgipdqyuix7xw2mc6jm4yi,uoft-poli-sci.bsky.social,NA,"Q&A w/ Paul Wells: ""People agree with anti-democratic actions if it's their team doing it. That leaves us vulnerable."" @uoft-poli-sci.bsky.social @ericmerkley.bsky.social on “affective polarization,” the topic of his #newbook. #cdnpoli  
paulwells.substack.com/p/the-q-and-...",,,,0,1,0,0,2026-05-12T15:56:17Z,NA,NA,NA,,,,,
at://did:plc:eaeuyrvdlqvjgznelgcdimct/app.bsky.feed.post/3mlo56ay26s2b,bafyreigfol5fpucztxbxisnahq2ubfbhgudmvsqxwf45rpbq2dcyxnhyom,madhat59kenwood.bsky.social,Ken Wood part owner of 🇨🇦,"New news on 🇨🇦's travel to 🇺🇲 on Global this morning 🇨🇦 travel up 1.4%. Gleefully state by Toronto Univ prof saying 🇨🇦'n resolve whaining. Not good news if correct 🇨🇦. We need to continue our 🇺🇲 boycott travel, food, products everything #cdnpoli",,,,2,3,8,0,2026-05-12T15:47:39Z,NA,NA,NA,,,,,
at://did:plc:xuhwb4qwqmuhvhw7keljcdu2/app.bsky.feed.post/3mlo54bmwys24,bafyreieunojao37hhygoyltvipih364psyqw7cybewjkgyhog7mjz2lppm,aster-verite.bsky.social,Aster Vérité,"I worked in federal energy efficiency programs for NRCan. I remember a trip to Alberta in 2005 for the launch of Calgary's water efficiency plan. We launched simultaneous watersense program for the local homebuilders. 

NRCan ought to talk to our boy Mark. This is insanity. #cdnpoli",,,,1,1,7,0,2026-05-12T15:46:33Z,NA,NA,at://did:plc:s5xb5is5dssrg3jg464b27ye/app.bsky.feed.post/3mlo4vekdck2v,,,,,
at://did:plc:yiykf4gzuc7ofsnvmdmee5kz/app.bsky.feed.post/3mlo4x3bqa22j,bafyreia75mlu4hmg4lhnjjb3rvrk5y47ji6b355je6nit4osrw5ibjos3u,hope50.bsky.social,,Not sure why either. Many came out in support of the insurrection convoy including Andrew Scheer and of course PP #cdnpoli #abpoli,,,,1,0,2,0,2026-05-12T15:43:43Z,at://did:plc:oqxoq7btbkztewuzmallzuvo/app.bsky.feed.post/3mlnvcpxkrs2m,at://did:plc:oqxoq7btbkztewuzmallzuvo/app.bsky.feed.post/3mlnvcpxkrs2m,NA,,,,,
at://did:plc:eaeuyrvdlqvjgznelgcdimct/app.bsky.feed.post/3mlo4slfai22b,bafyreicrm5h56vzynqq3afyqy6rhdkwdm56vxmrohndzdmu7wmhrgcmndm,madhat59kenwood.bsky.social,Ken Wood part owner of 🇨🇦,Well its not I agree. The absolute ignorance & conspiracy swallowing nimrods that believe this crap you just cant help them. #cdnpoli,,,,0,0,0,0,2026-05-12T15:41:08Z,NA,NA,at://did:plc:3l6h5tayy6vycige2igmorv4/app.bsky.feed.post/3mlnytpoe2324,,,,,
at://did:plc:53ujb6cpbho7cmhqpwtjmag4/app.bsky.feed.post/3mlo4qqzzis2z,bafyreifakmgkj6l2ucbaqldwf7memkrewmnpvhtgexwvffrvo5exj7rmvu,ladyjan.bsky.social,Lady Jan,Is this why he’s strongly imitating them by dismantling #pharmacare and environmental protections? #cdnpoli #CarnieCarney,,,,0,0,1,0,2026-05-12T15:40:07Z,NA,NA,at://did:plc:4ownlsrdmnvwgzmcdi2bof6s/app.bsky.feed.post/3mll24xobus2d,,,,,
at://did:plc:xpevfwygpdsafegdc7j3l365/app.bsky.feed.post/3mlo4pxvs4va2,bafyreighjeij27hd5i5blpx46mfsj5fzm4n6wg2whgzub5365mq3wn56gu,quadradical.wetdry.world.ap.brid.gy,QuadRadical,"🚨 Bill C-22 would force every Canadian internet provider, messaging app, and cloud service to build surveillance backdoors & store a year of your private data. Foreign state hackers exploited similar legislation in the US — compromising up to a million people. Tell your MP […]",,,,0,1,0,0,2026-05-12T15:39:44Z,NA,NA,NA,,,,,
at://did:plc:7ycfilosz2dmgcnqbh76jdol/app.bsky.feed.post/3mlo4nwgv222r,bafyreic5cp3htqmq7fuju3p2phhymhxjw4djqxsg5jwaiqxe3j47eqnf5u,coolxenu.bsky.social,Cool Xenu 8647,"It is clear that all #MAGA 'leaders' are crooks who are hell bent on destroying their country, for greed.

#USA suckers and losers

#cdnpoli",,,,0,0,0,0,2026-05-12T15:38:31Z,NA,NA,at://did:plc:x4g4laxkmsrczwvnvbbgsm7g/app.bsky.feed.post/3mlmcrvbdwk2i,,,,,
at://did:plc:eaeuyrvdlqvjgznelgcdimct/app.bsky.feed.post/3mlo4lk5e522b,bafyreiapl6jfb6cbuzryhzx6ekzsqwf4rc2unokdgbgtlbbe3fmu22rovq,madhat59kenwood.bsky.social,Ken Wood part owner of 🇨🇦,👍 agree. O&G is in its sunset years. #cdnpoli,,,,0,0,0,0,2026-05-12T15:37:11Z,NA,NA,at://did:plc:4g5jp4ev7p6duqaniisjtubs/app.bsky.feed.post/3mlnriof7622r,,,,,
at://did:plc:7ycfilosz2dmgcnqbh76jdol/app.bsky.feed.post/3mlo4jyj7t22r,bafyreibecy6hriasrpzothjsfn2fqhyljjotrqc25ycue6fthrbkqmbpbe,coolxenu.bsky.social,Cool Xenu 8647,"Maple MAGAs waste no opportunity to display their abject stupidity.

www.nationalobserver.com/2026/05/12/n...

#cdnpoli #ableg",,,,0,1,2,0,2026-05-12T15:36:20Z,NA,NA,NA,,,,,
at://did:plc:scxgmlojbo6iidl3enwcn2ac/app.bsky.feed.post/3mlo4hz4uls2z,bafyreigwjekvapqhhszfjae2satolxwdj6baqcqsbppcikmcbh6dqveqdy,hublai.bsky.social,Hublai (charismatic megafauna),"One cant ""disagree"" with #WheresDaddy. 

One hunts down and exterminates every last decision maker that had anything to do with it. 

That's what the #1948genocideconvention authorizes. 

Get out of my country. 

No one who says opposing Palantir is some mere ""disagreeing"" is a Canadian. 

#cdnpoli",,,,0,0,0,0,2026-05-12T15:35:14Z,at://did:plc:nbo7sbdaqftjent7gndejypz/app.bsky.feed.post/3mlo3mws6mk2a,at://did:plc:kx375dszrbvqtu7o4xxxmojn/app.bsky.feed.post/3mlmrrryvrs2o,NA,,,,,
at://did:plc:e2gatef4rgurutqokoorvrpa/app.bsky.feed.post/3mlo4gzo2t22g,bafyreih4d6eu2crk7pnxx5nlpsk5z7o2liqqgpgylr3uupsogoxynx3the,karenatsharon.bsky.social,,"Got the short form. But have done the long form in the past. Fill it out. It is used today for planning and 100 years from now for historical purposes. #cdnpoli Did you also want to fill out ...
www.cbc.ca/player/play/...",,,,0,0,1,0,2026-05-12T15:34:46Z,NA,NA,NA,,,,,
at://did:plc:scxgmlojbo6iidl3enwcn2ac/app.bsky.feed.post/3mlo4dmvrok2z,bafyreicq3m5pvewouv7oauwnsapdnlnsoafyn5tv5jtvliiiviuoyzp7pa,hublai.bsky.social,Hublai (charismatic megafauna),"^Added to Zionist genociders list. 

The crimes of Palantir are very well documented, as are their key investors & executives calls to exterminate whole ethnic and ideology groups. 

youtu.be/lR8bDt636vc

Support for anything like Palantir to exist in Canada or EU is open genocide advocacy. #cdnpoli",,,,0,0,0,0,2026-05-12T15:32:49Z,at://did:plc:nbo7sbdaqftjent7gndejypz/app.bsky.feed.post/3mlo3mws6mk2a,at://did:plc:kx375dszrbvqtu7o4xxxmojn/app.bsky.feed.post/3mlmrrryvrs2o,NA,,,,,
at://did:plc:7hy5iuitgvm7g4eqruidn2mm/app.bsky.feed.post/3mlo4ct7fbk2u,bafyreie5al5kmddawhrujzk3w357sjhrwuyoxzpueepin2kqcxjvgj5viy,whistlerheidi.bsky.social,Whistler Heidi🇨🇦,#cdnpoli 👆,,,,0,0,0,0,2026-05-12T15:32:19Z,at://did:plc:z44kxtb22xngtqz5dpwmgh4t/app.bsky.feed.post/3mllqphxyck2n,at://did:plc:z44kxtb22xngtqz5dpwmgh4t/app.bsky.feed.post/3mllqphxyck2n,NA,,,,,
at://did:plc:abt5tpb7lqr7vopkrkwfswwq/app.bsky.feed.post/3mlo4bobgl62b,bafyreiabfskzvtigpmwfj3336wn4padjq5unxwa2yauethaklg5djvbpsi,canadareport.org,Canada Report,"Michelob ULTRA and Michelob ULTRA Zero Bring Superior Access to Canadians for the FIFA World Cup 2026™

Canada’s fastest news scan: 25+ headlines, no clutter, updated all day: CanadaReport.org

#cdnpoli #Canada #News #Business #Economy 
Read Original Article 🔗",,,,0,0,0,0,2026-05-12T15:31:40Z,NA,NA,NA,,,,,
at://did:plc:bbnve3u34qpmusulfzkei3p2/app.bsky.feed.post/3mlo4axcgis2t,bafyreihiytyhfmiyipdtys5pqgs5x22eg45pimip5sjmlekhrppbnk5siq,fluxliner.bsky.social,Flux Liner,"Somebody(s) NEED to Go To Prison !!!
#Alberta #Canada #cdnpoli",,,,0,0,0,0,2026-05-12T15:31:16Z,at://did:plc:kt6t5jwy3zsvcerhus6pwjlz/app.bsky.feed.post/3mlntvr6o6s2n,at://did:plc:kt6t5jwy3zsvcerhus6pwjlz/app.bsky.feed.post/3mlntvr6o6s2n,NA,,,,,
at://did:plc:7hy5iuitgvm7g4eqruidn2mm/app.bsky.feed.post/3mlo3z5zwhc2u,bafyreifzjza5dw5bnemiwyahguir2bl26zkpmdls2u4tnen3hlzonkkh3u,whistlerheidi.bsky.social,Whistler Heidi🇨🇦,"👆👆👆
Please build renewable energy infrastructure & not new pipelines. #cdnpoli",,,,1,0,10,0,2026-05-12T15:26:55Z,at://did:plc:kx375dszrbvqtu7o4xxxmojn/app.bsky.feed.post/3mlnzztcdkc2p,at://did:plc:kx375dszrbvqtu7o4xxxmojn/app.bsky.feed.post/3mlnzztcdkc2p,NA,,,,,
at://did:plc:53ujb6cpbho7cmhqpwtjmag4/app.bsky.feed.post/3mlo3izeoy22z,bafyreid6e77vkss46j2fmzhgvlfuh7evatdesbripeygoxe75egl7occjq,ladyjan.bsky.social,Lady Jan,"Builders of better public services like pharmacare, #healthcare, dental care, postal service, CRA? Can we train & hire more in these fields? #cdnpoli #AskingForAFriend",,,,1,1,3,0,2026-05-12T15:17:53Z,NA,NA,at://did:plc:kx375dszrbvqtu7o4xxxmojn/app.bsky.feed.post/3mlnzztcdkc2p,,,,,
at://did:plc:scxgmlojbo6iidl3enwcn2ac/app.bsky.feed.post/3mlo3hwhmv22z,bafyreievvpjy4k7sjlvcbll5wsudxp7p5jfdhxg726xd7x54y4tohatkfq,hublai.bsky.social,Hublai (charismatic megafauna),"She's incompetent to explain anything. 

But we also must #fireEvanSolomon. 

You want to understand how this works read about #AppleCloud or #Huawei #MindSpore.

Canada needs to take that kind of #privacybydesign #edgeAI approach & fire every Evan & Allison & Kevin. And every Mark.

#cdnpoli",,,,0,0,0,0,2026-05-12T15:17:18Z,at://did:plc:xtyqzn2mfk6quqc4ssvbk5kj/app.bsky.feed.post/3mlnsdpono22g,at://did:plc:kx375dszrbvqtu7o4xxxmojn/app.bsky.feed.post/3mlmrrryvrs2o,NA,,,,,
at://did:plc:5o2no5oxmt7tqcwc6pbdsc3x/app.bsky.feed.post/3mlo3gk6fd22o,bafyreicncqn344lujepatzd4tvdgmotgptm3btyr5lwbpan5rxjokvgima,andreasor.bsky.social,Andreas 🇨🇦 Fella 💙 #AbolishICE,"vt.tiktok.com/ZS9ELRRaC/
#NEVER-PEE-PEE #ABC #Cdnpoli",,,,0,4,6,0,2026-05-12T15:16:32Z,NA,NA,NA,,,,,
at://did:plc:bbnve3u34qpmusulfzkei3p2/app.bsky.feed.post/3mlo2wfpkwc2x,bafyreia5q2a6dddndantz34usia7l33en2tonvlo72z7fq5k2rbj4mzure,fluxliner.bsky.social,Flux Liner,"Somebody(s) NEED to GO to PRISON !!!!
#Alberta #Canada #cdnpoli",,,,1,0,3,0,2026-05-12T15:07:29Z,at://did:plc:rsvzkqxa2xdojwmjljqzs4ik/app.bsky.feed.post/3mlnsnesrjc24,at://did:plc:rsvzkqxa2xdojwmjljqzs4ik/app.bsky.feed.post/3mlnsnesrjc24,NA,,,,,
at://did:plc:tw4rcqakemreh47z42d32a7j/app.bsky.feed.post/3mlo2pgr5622v,bafyreihll36oew5kcc72xo3322aimrhpkt4wimhyr2vutxuiunohqd3zum,krismorris.bsky.social,Kris Morris,"Not only did Kenney allow the political landscape for #Alberta Separatists to hijack a “mainstream” party to amplify their voice, he salted the discourse that conservatives won’t speak up for #Canada unless to be voted out at constituency level #AbPoli #CanPoli #CdnPoli

www.cbc.ca/news/canada/...",,,,2,3,6,0,2026-05-12T15:03:36Z,NA,NA,NA,,,,,
at://did:plc:7ycfilosz2dmgcnqbh76jdol/app.bsky.feed.post/3mlo2ma7fk22w,bafyreihgzta6hk4ynumcgvka3ytilodw5z7fdo7n32xc2m6wigcc3xbrxa,coolxenu.bsky.social,Cool Xenu 8647,"#JasonKenney better crawl back into his closet if he does not want to suffer more humiliation and defeat.

#ableg #cdnpoli",,,,0,0,1,0,2026-05-12T15:01:47Z,at://did:plc:l23dewwndsjir3j4jqfmpup3/app.bsky.feed.post/3mlo2hfvhuk2d,at://did:plc:zh5dfrgucq2td5ngz2wtlzle/app.bsky.feed.post/3mlnzhf2hgs2e,NA,,,,,
at://did:plc:abt5tpb7lqr7vopkrkwfswwq/app.bsky.feed.post/3mlo2lzk6br2k,bafyreiekz7wjlkji2wimw7tl5w54e6a3otsuxhakr7idh4nytpgt7ag23i,canadareport.org,Canada Report,"Mary Simon et les grenouilles

Canada’s fastest news scan: 25+ headlines, no clutter, updated all day: CanadaReport.org

#cdnpoli #Canada #News 
Read Original Article 🔗",,,,0,0,0,0,2026-05-12T15:01:40Z,NA,NA,NA,,,,,
at://did:plc:migpri6ukqvsbz7j7iy7hdxu/app.bsky.feed.post/3mlo2lp5zuo24,bafyreic33zgvv6zagafrsu2i4n7gb7zwbbfavv44fkkwzevihe4smek7oe,breakfastscotch.bsky.social,Breakfast Scotch National,"Alberta MLAs Consider Settling Sovereignty Debate With Truck Nuts Measuring Contest | Read More: tinyurl.com/3h7ksu92 

#NEWS | #BSN | #CANADA | #ALBERTA | #AB | #DANIELLESMITH | #CDNPOLI | #ABPOLI | #UCP | #NDP | #LIBERALS | #CONSERVATIVES | #FOREVERCANADA",,,,0,0,5,0,2026-05-12T15:01:30Z,NA,NA,NA,,,,,
at://did:plc:7ycfilosz2dmgcnqbh76jdol/app.bsky.feed.post/3mlo2jqvdrc2w,bafyreiajsm6g7hlgebbbqgyllyhh3cqmtyqpgcmn5cm4v6fsvkqorzpzbi,coolxenu.bsky.social,Cool Xenu 8647,"Jason Kenney should know about their low intelligence since he is one of them and was responsible for creating the mess Albertan is in now.

#UCP voters are ignorant suckers.

#ableg #cdnpoli",,,,0,0,1,0,2026-05-12T15:00:24Z,at://did:plc:zh5dfrgucq2td5ngz2wtlzle/app.bsky.feed.post/3mlnzhf2hgs2e,at://did:plc:zh5dfrgucq2td5ngz2wtlzle/app.bsky.feed.post/3mlnzhf2hgs2e,NA,,,,,
at://did:plc:l2ycnbx3yrvz4tgyhey3lztg/app.bsky.feed.post/3mlo2jdxcrn2u,bafyreidzovt5ib5xn4wx4vnxte3nufyhezhjoywxudoptuuitutxpdxlje,blakehamiltonca.bsky.social,Blake Hamilton,"First-Past-The-Post Fail League❗️
Canada Federal Edition 🇨🇦🗳️!

Today’s champion:

Don Davies
MP for Vancouver Kingsway

Won with only 37.2% of total voter ballots cast

Multi-Member #ProportionalRepresentation please! Like and share if you agree!￼
#cdnpoli #ElectoralReform #MakeVotesMatter",,,,0,0,1,0,2026-05-12T15:00:11Z,NA,NA,NA,,,,,
at://did:plc:7ycfilosz2dmgcnqbh76jdol/app.bsky.feed.post/3mlo2hh7sec2w,bafyreig5rv5dmw7myajxgwxdb3wuxuyln2pn5mbjgys5ey2i423n4h4guu,coolxenu.bsky.social,Cool Xenu 8647,"Kenney and his political ilk count on the fact that all ""conservative"" voters have incredibly short attention spans.

#ableg #cdnpoli",,,,0,0,3,0,2026-05-12T14:59:06Z,at://did:plc:mxaklaubyukwtv5inh4acbgx/app.bsky.feed.post/3mlnzobhln22c,at://did:plc:zh5dfrgucq2td5ngz2wtlzle/app.bsky.feed.post/3mlnzhf2hgs2e,NA,,,,,
at://did:plc:xvhfw6ch4oy4yez2kbu5wrhl/app.bsky.feed.post/3mlo2d6bvns2e,bafyreig34rfblmzfcj4cn2c7ih7yujnoemx52jjscstidv3ascpcowissi,linzi-the-artist.bsky.social,Lindsay Brambles🇨🇦,"Sorry, but it'll take a lot more than that for the rest of the world. Trust will take at least a generation to rebuild--certainly as far as we #Canadians are concerned. And looking at the past, I doubt a Dem president will redress many of the wrongs done to #Canada. #UnitedStates #uspoli #cdnpoli",,,,2,0,5,0,2026-05-12T14:56:43Z,NA,NA,at://did:plc:7qqkq2zdwq4j5jingukgtuky/app.bsky.feed.post/3mlljbawefk2l,,,,,
at://did:plc:7ycfilosz2dmgcnqbh76jdol/app.bsky.feed.post/3mlo2cufllk2w,bafyreieml5k7bhqkwnpmzpx5e7t4pdy6bwhxitf4ildebuujioplwdmc7i,coolxenu.bsky.social,Cool Xenu 8647,"Because wee Parker drinks his booze in ethics free Alberta.

#ableg #cdnpoli",,,,1,0,0,0,2026-05-12T14:56:32Z,at://did:plc:2y6fbrqvdjlgelv5dtefeoz3/app.bsky.feed.post/3mlnwpe2c5s24,at://did:plc:2y6fbrqvdjlgelv5dtefeoz3/app.bsky.feed.post/3mlnwpe2c5s24,NA,,,,,
at://did:plc:h2spa3l463coxycuy6iiov2l/app.bsky.feed.post/3mlo27jddws2t,bafyreicaqd4q2ux7ltjqtq2zwoadtip3ttsr2e7zqka6etvtbce6nx2yae,shewandersferal.bsky.social,Allison Moon 🌙  🍁,"#DonbasDanielle
#OilBerta #WhiteHouse #BlackFunding #sedition, #crime & #corruption

& #Canadians wonder why we need #DataSecurity against #crime, & #ForeignSpooks like #BRICS & #Murica?

🍁 #CANpoli 🍁 #CDNpoli 🍁 
 #CanadaSky 🌌 #Canadiana",,,,0,0,1,0,2026-05-12T14:54:41Z,at://did:plc:serlxfuuco5zwtgjbezfqib5/app.bsky.feed.post/3mljbi6wnn22i,at://did:plc:serlxfuuco5zwtgjbezfqib5/app.bsky.feed.post/3mljbi6wnn22i,NA,,,,,
at://did:plc:7ycfilosz2dmgcnqbh76jdol/app.bsky.feed.post/3mlo22ehskk2w,bafyreianarv4ay27iocle4wpn7k4hjbdbjxkayu7jskfl4f47qrzulnzke,coolxenu.bsky.social,Cool Xenu 8647,"Kenney needs to sit down, shut up and crawl back into his closet. 

He made this mess.

#ableg #cdnpoli",,,,0,0,0,0,2026-05-12T14:51:47Z,at://did:plc:xhohr4frmxubpwya7b2bjz75/app.bsky.feed.post/3mlnr4sdppz2b,at://did:plc:xhohr4frmxubpwya7b2bjz75/app.bsky.feed.post/3mlnr4sdppz2b,NA,,,,,
at://did:plc:7ycfilosz2dmgcnqbh76jdol/app.bsky.feed.post/3mlnzywvglk2w,bafyreifnad65muxdjulgpperp33gfnkpcgvdwizjzpkohzs6zjvphp5vpy,coolxenu.bsky.social,Cool Xenu 8647,"#MAGAs want more violence in their streets. They are terminally sick in the head.

#USA can't do a damn thing about the criminals running the shit hole country.

#cdnpoli",,,,0,0,1,0,2026-05-12T14:51:00Z,NA,NA,at://did:plc:sjvrn4txqhsp6xafzf6bpss2/app.bsky.feed.post/3mlnzfxhtns2i,,,,,
at://did:plc:7ycfilosz2dmgcnqbh76jdol/app.bsky.feed.post/3mlnzt3gaxc2w,bafyreidwmysxc4ny5ai2umxr7rpj6576oansepc6nnhpqs6yvf7gqpsc4e,coolxenu.bsky.social,Cool Xenu 8647,"#MAGA protects and encourages child sexual abusers.

#USA

#cdnpoli",,,,1,0,1,1,2026-05-12T14:47:43Z,NA,NA,at://did:plc:q7rv2wta4qb2534kxjmbr6dm/app.bsky.feed.post/3mllgq3ymn62d,,,,,
at://did:plc:rgpo7lqq3gpbkutkmvagoy3m/app.bsky.feed.post/3mlnzqo2t3k2s,bafyreifhpcklgpuwekaujtzusv3hka2rlnsl7co4phanx3rikljalehmwu,thaipham.bsky.social,Thái Phạm,"This is a good piece of content. Highly recommend a read. 
#cdnpoli",,,,0,0,0,0,2026-05-12T14:46:22Z,NA,NA,at://did:plc:w5pxbmkjntxfw6mt4emennhv/app.bsky.feed.post/3mlnxcgsqz22n,,,,,
at://did:plc:k4roswoynx4n3542b5cu3yem/app.bsky.feed.post/3mlnzmbtzws2n,bafyreigxjeqpugghleoznmmwscstcrbnibohyre73ss7cpojphp47icdsy,ddrae.bsky.social,DDrae🇨🇦,"So we havent been able to use much water for two days because of a break. Water restrictions are coming, and we are building a data center? #cdnpoli #desert  

bcbusiness.ca/business/tec...",,,,1,4,6,0,2026-05-12T14:43:57Z,NA,NA,NA,,,,,
at://did:plc:oprhya4c3rd3prfyypchbd2l/app.bsky.feed.post/3mlnzkwlgd225,bafyreihl75apfgxnw3rwzl7uttyhyf637zc2c4pzufsqlxsd4ud5osb7te,ruthmkb.bsky.social,ruthko,"Dear @mark-carney.bsky.social & @evansolomon.bsky.social:

BC is constantly under draught conditions, and AI data centres are notorious with high water usage! Not thrilled about this development. 😠

#cdnpoli #AI",,,,1,0,9,0,2026-05-12T14:43:10Z,NA,NA,at://did:plc:kx375dszrbvqtu7o4xxxmojn/app.bsky.feed.post/3mlmrrryvrs2o,,,,,
at://did:plc:eoouaeqa2taou3aqacpjuaq4/app.bsky.feed.post/3mlnzkezppk2b,bafyreicnfp6lzrotd577nzil3qmyy24nam3cqelniieej7nicuyymx2lxi,alexgoatcher.bsky.social,Alex Goatcher,Imagine growing the economy AND protecting the environment. Nah...that'll never work. #cdnpoli #bcpoli #ableg #skpoli,,,,0,1,5,0,2026-05-12T14:43:16Z,NA,NA,NA,,,,,
at://did:plc:5tfz7nhpkgvorjyiaiv22flz/app.bsky.feed.post/3mlnzgy55u22z,bafyreihttkzbhru6z2koqbxzeobjblsymcqyom4wcbzjdyrnmsayf63tpy,unifor.org,Unifor,"As the world prepares for #FIFA2026, join Unifor’s online panel on labour rights, migrant worker protections, and human rights during the World Cup on May 26, 2026 at 12:30 PM EST. Register: www.unifor.org/news/events/... #cdnpoli #canlab",,,,0,1,2,0,2026-05-12T14:41:00Z,NA,NA,NA,,,,,
at://did:plc:vtdqqzsisbfuxsbu5n2vcbbq/app.bsky.feed.post/3mlnzfbc5p22y,bafyreif3cyaxf7phbihx63aaannkihtpxnpw3xufm7p2lewa5bpo2osl5i,rachelwales.bsky.social,Rachel Wales,"#cdnpoli #MarkCarney #Petition #NoJets #NeilPasricha #ElizabethMay #MarkCarney

So far over 6,000 signatures. Saw this petition posted on X by Neil Pasricha and it's sponsored by MP Elizabeth May.

Please sign if you feel the Billy Bishop project is a bad idea.

www.ourcommons.ca/petitions/en...",,,,0,4,3,1,2026-05-12T14:40:04Z,NA,NA,NA,,,,,
at://did:plc:f5jnbpzq6a67rf2m3s3gu64l/app.bsky.feed.post/3mlnzenf4wk26,bafyreiezul6nohyk4pxrz5jbbetxfkluml5mafwqinl2ex566tgrkbugi4,ericdoherty.bsky.social,Eric Doherty,This is what @davidebybc.bsky.social and @mark-carney.bsky.social are. Reactionary centrists who reject the values of their own parties and supporters. #bcpoli #cdnpoli #bcndp,,,,0,0,0,0,2026-05-12T14:39:39Z,NA,NA,at://did:plc:brnnpb6x3pdapjeqqs275gbd/app.bsky.feed.post/3mlnt2xv55d2y,,,,,
at://did:plc:7ycfilosz2dmgcnqbh76jdol/app.bsky.feed.post/3mlnz43mlzc2w,bafyreiblq7e7y4toycswrb5uug6p7ckw7q2myz5zn7dqcw6t5lrspz6x5m,coolxenu.bsky.social,Cool Xenu 8647,"This is Alberta, which is devoid of ethics, so no consequences for the retrograde drunkard.

#ableg #cdnpoli",,,,0,0,3,0,2026-05-12T14:34:51Z,at://did:plc:kt6t5jwy3zsvcerhus6pwjlz/app.bsky.feed.post/3mlmqkwu6f22x,at://did:plc:kt6t5jwy3zsvcerhus6pwjlz/app.bsky.feed.post/3mlmqkwu6f22x,NA,,,,,
at://did:plc:abt5tpb7lqr7vopkrkwfswwq/app.bsky.feed.post/3mlnyvy3puj2d,bafyreigsna4eefzpim7qgnli6jwdtvphl24733b2nuqc67y7orjpz3pdka,canadareport.org,Canada Report,"Plaud Introduces Plaud Team, Turning Workplace Conversations Into Organizational Intelligence

Canada’s fastest news scan: 25+ headlines, no clutter, updated all day: CanadaReport.org

#cdnpoli #Canada #News #Business #Economy 
Read Original Article 🔗",,,,0,0,0,0,2026-05-12T14:31:27Z,NA,NA,NA,,,,,
at://did:plc:53ujb6cpbho7cmhqpwtjmag4/app.bsky.feed.post/3mlnyva2pvc2z,bafyreiboueb4kzuvoohr77mjnq24mywfuuhbudj3zavkepzw4wyazhz2q4,ladyjan.bsky.social,Lady Jan,Some say politicians don’t care. I don’t believe that’s the problem. They’re scared to stick their necks out to help. Scared to risk funding a service b/c those need taxes to pay for them. Terrified of new energy projects b/c oil is a safe but costly bet. Afraid of losing their job/power. #cdnpoli,,,,0,0,0,0,2026-05-12T14:31:04Z,NA,NA,NA,,,,,
at://did:plc:7ycfilosz2dmgcnqbh76jdol/app.bsky.feed.post/3mlnytwnbtc2w,bafyreig3427cz3ntfjqgj7rfkk76xfaa4vvz6nm6tjjlypzvbifn6whc5u,coolxenu.bsky.social,Cool Xenu 8647,"WE can safely assume Rath and his operatives are not telling the truth.

#ableg #cdnpoli",,,,0,1,7,0,2026-05-12T14:30:18Z,at://did:plc:rsvzkqxa2xdojwmjljqzs4ik/app.bsky.feed.post/3mlnylw4xss2m,at://did:plc:rsvzkqxa2xdojwmjljqzs4ik/app.bsky.feed.post/3mlnylw4xss2m,NA,,,,,
at://did:plc:7erknbz7f4wsocjxci2n4hlk/app.bsky.feed.post/3mlnypo53m22m,bafyreiau7gwdvwsil2dpnbwg7czif3vgezy5s7czrnpvkrbcvn7yve6jsi,kpateonthehill.bsky.social,Senator Kim Pate,"Grateful to Team Deacon, McBean & Petitclerc for focusing the #SenCA on the impact and importance of sport. We shared the value of the Collins Bay Exceptional People's Olympiad as an example of community engagement and prisoner contributions in 🍁. #cdnpoli

Full speech: sencanada.ca/en/senators/...",,,,0,1,2,0,2026-05-12T14:27:56Z,NA,NA,NA,,,,,
at://did:plc:rsvzkqxa2xdojwmjljqzs4ik/app.bsky.feed.post/3mlnylw4xss2m,bafyreihmuv45zd5fgxgt6ikk2x4diohzc7rfo7d42yao24csaa2ilndvhu,thebreakdownab.bsky.social,The Breakdown AB,"For everyone wondering about the $57,000 the government paid to Jeffrey Rath…

Both Rath and his co-counsel (?) have publicly stated that they are costs awards.

#abpoli #ableg #cdnpoli",,,,7,27,46,2,2026-05-12T14:25:53Z,NA,NA,NA,,,,,
at://did:plc:53ujb6cpbho7cmhqpwtjmag4/app.bsky.feed.post/3mlnylr5s2s2z,bafyreiddkxklohhxgdb3prya3oqjo3uvmdspwskxe2rbl6omun22ly4iay,ladyjan.bsky.social,Lady Jan,"If I ever ran for a campaign for a federal party, my slogans would be like #BeBrave or Have Courage for the Future, and then basically show how most other party policies resort to “ #changeIsScary” & “can we go back to how it was before?” Politicians are mostly a gutless bunch now. #cdnpoli #onpoli",,,,0,0,0,0,2026-05-12T14:25:44Z,NA,NA,NA,,,,,
at://did:plc:7ycfilosz2dmgcnqbh76jdol/app.bsky.feed.post/3mlnygtpcmk2w,bafyreiauvmbxtsps2racblzcpu3z2t6qg426bax7rpxsesqdzpvkynlqom,coolxenu.bsky.social,Cool Xenu 8647,"#Israel's ruling #Zioinist terrorists think you are stupid.

#FromTheRiverToTheSea

#cdnpoli",,,,0,0,1,0,2026-05-12T14:22:58Z,NA,NA,at://did:plc:nvgchvfiw3lgtwxmp2coqe7c/app.bsky.feed.post/3mlno732nl22c,,,,,
at://did:plc:4xqt7t2zph634drigtdxdmro/app.bsky.feed.post/3mlnygjiimc2b,bafyreie5dcyw3yhxyfk4knwbm5yukimhy4j25b4gcwjcd24gbepmpagsci,journodale.bsky.social,Dale Smith,Roundup post: The separatists continue their takeover #cdnpoli,,,,0,5,7,0,2026-05-12T14:22:48Z,NA,NA,NA,,,,,
at://did:plc:na2jsglptzqzh3a2diupef7f/app.bsky.feed.post/3mlnydqhbsk2i,bafyreih4psatg4772mbre2nkudfhu2kgl43l5kjbgr7jl7tcmfhy6ickpy,martithrall.bsky.social,Marty Fontaine 🇨🇦,"Americans voted this guy INTO power. 

AND they're letting him stay! Let that sink in.

America the STUPID

#martyfontaine #USA #politics #cdnpoli",,,,0,1,2,0,2026-05-12T14:21:16Z,NA,NA,NA,,,,,
at://did:plc:7ycfilosz2dmgcnqbh76jdol/app.bsky.feed.post/3mlny6sjtts2w,bafyreihy47rk3q6rek6ixa7susmbojmjxejfvnhgffwhsk6cmuridntbna,coolxenu.bsky.social,Cool Xenu 8647,"Cruelty is a major component to the ""American dream"".

What's the point of having more money than you need if you can't make the little people feel smaller?

#USA #MAGA cruel assholes.

#cdnpoli",,,,0,1,1,0,2026-05-12T14:18:28Z,NA,NA,at://did:plc:bono5gae7m6r3qpfxomshwbd/app.bsky.feed.post/3mllwardiss2c,,,,,
at://did:plc:eoouaeqa2taou3aqacpjuaq4/app.bsky.feed.post/3mlny4nzy722w,bafyreiake2vyizrzygqpfx4ri3cdnowzslaj3ifopl7edpurndawmdj644,alexgoatcher.bsky.social,Alex Goatcher,"This article is a MUST read about one of the root causes of the growth of the manosphere. Societal/systematic education failures have created the perfect soil conditions for men's rights to grow. #bcpoli #ableg #skpoli #cdnpoli 

www.cbc.ca/news/canada/...",,,,0,1,1,0,2026-05-12T14:17:28Z,NA,NA,NA,,,,,
at://did:plc:7ycfilosz2dmgcnqbh76jdol/app.bsky.feed.post/3mlny3dm5ys2w,bafyreigu2eppwnbn7kiujvsv3nbivasvkrwsrvaafdiosomfeyqqejph5y,coolxenu.bsky.social,Cool Xenu 8647,"#Israel's ruling #Zionist terrorists think that if they kill journalists, nobody will learn of their heinous crimes against humanity.

Child/man #Bibi will lose, much sooner than he thinks.

#FromTheRiverToTheSea

#cdnpoli",,,,0,0,1,0,2026-05-12T14:16:32Z,NA,NA,at://did:plc:e6trdf4ulbcq2ludk5wdqyfg/app.bsky.feed.post/3mlmgo7belk23,,,,,
at://did:plc:7ycfilosz2dmgcnqbh76jdol/app.bsky.feed.post/3mlnxtzdclk2w,bafyreieszxzrq6r4i3pk6w7gzxkurlsiu24yrp2f6bqhbk3tns32nujtma,coolxenu.bsky.social,Cool Xenu 8647,"The fact is rural Alberta voters are wilfully ignorant racists and prefer to stay that way.

#ableg #cdnpoli",,,,1,1,5,1,2026-05-12T14:12:26Z,NA,NA,at://did:plc:f3fugbaf3nzkbqasasceerr4/app.bsky.feed.post/3mlnvmyrkv22b,,,,,
at://did:plc:w5pxbmkjntxfw6mt4emennhv/app.bsky.feed.post/3mlnxth67uc2n,bafyreibeclb32y4za555e4sihv6gdopakel2vpgkcubwpxcycjsdnsglsa,thestar.com,Toronto Star,"It also seems clear that a substantial part of the Alberta separatist movement is operating in a reality where the rest of us don’t live, writes Phillips. 

Here's what's at stake in the Alberta referendum scheduled for Oct. 19. #cdnpoli",,,,1,2,6,0,2026-05-12T14:12:09Z,at://did:plc:w5pxbmkjntxfw6mt4emennhv/app.bsky.feed.post/3mlnxhir4x22n,at://did:plc:w5pxbmkjntxfw6mt4emennhv/app.bsky.feed.post/3mlnxcgsqz22n,NA,,,,,
at://did:plc:7ycfilosz2dmgcnqbh76jdol/app.bsky.feed.post/3mlnxrhx5lc2w,bafyreigdme3m567as4ikpzp4hzue5oqqr6lv3uvevcrfmsljd2rt6sh37m,coolxenu.bsky.social,Cool Xenu 8647,"I moved from Edmonton back to Canada a couple years ago. Best move in my life.

#cdnpoli #ableg",,,,0,0,1,0,2026-05-12T14:11:02Z,at://did:plc:epcsppkydn53wafmezzu6fc6/app.bsky.feed.post/3mlnv5anlas2z,at://did:plc:ti6jbyxaba25qtl7rgp6mbxg/app.bsky.feed.post/3mlns62yehk2o,NA,,,,,
at://did:plc:deej5pakczvmljahhvrridlp/app.bsky.feed.post/3mlnxp2kfps2b,bafyreid3qukbm6s4fi7vykulzib6qldcsgk6tga4ehlqqwt7fn4ui55wyq,pat112.bsky.social,Pat,"Australian musician's US ban prompts apology from girlfriend over Trump post

It seems people are being denied entry into the US now simply because of posts that their friends make . 

Not a problem for those boycotting the US . 

#Cdnpoli #Uspoli 
www.bbc.com/news/article...",,,,0,3,4,0,2026-05-12T14:09:47Z,NA,NA,NA,,,,,
at://did:plc:xvhfw6ch4oy4yez2kbu5wrhl/app.bsky.feed.post/3mlnxk2zgds2e,bafyreigc6jgmircdjk4hemk5m45fjbdbfgz6ctcsmlsqhc6bjfwqgl3tza,linzi-the-artist.bsky.social,Lindsay Brambles🇨🇦,Today another @financialpost.com article fans the flames of #Alberta separation--the writer taking his directives from his #Trump -loving master in NYC who's bent on annexing #Canada. You have to be a truly shameless (so-called) journalist to egg on the destruction of your own country. #cdnpoli,,,,0,2,3,0,2026-05-12T14:06:54Z,NA,NA,NA,,,,,
at://did:plc:7ycfilosz2dmgcnqbh76jdol/app.bsky.feed.post/3mlnxhyymxs2w,bafyreibe6jzzvcbzmbgr4wkzatusmiugrr3hvozfajn3olbzrou6gg4iea,coolxenu.bsky.social,Cool Xenu 8647,"Good, time to double efforts.

#cdnpoli",,,,0,0,3,0,2026-05-12T14:05:43Z,at://did:plc:3l6h5tayy6vycige2igmorv4/app.bsky.feed.post/3mlnpwktbbc24,at://did:plc:3l6h5tayy6vycige2igmorv4/app.bsky.feed.post/3mlnpwktbbc24,NA,,,,,
at://did:plc:7ycfilosz2dmgcnqbh76jdol/app.bsky.feed.post/3mlnxdmazqc2w,bafyreif4jxz5qbaaq32xtkcwgim3qmd3md6wudnrgxrpjtqtegsvrj3rli,coolxenu.bsky.social,Cool Xenu 8647,"Looks like wee drunkard Parker is now afraid of what the public thinks since he has disabled his email address in typical cowardly fashion.

Why are MAGA types so incompetent? Maybe Emmott knows?

#ableg #cdnpoli",,,,1,1,3,0,2026-05-12T14:03:17Z,at://did:plc:rsvzkqxa2xdojwmjljqzs4ik/app.bsky.feed.post/3mlnuzql4nk27,at://did:plc:rsvzkqxa2xdojwmjljqzs4ik/app.bsky.feed.post/3mlnuzql4nk27,NA,,,,,
at://did:plc:w5pxbmkjntxfw6mt4emennhv/app.bsky.feed.post/3mlnxcgsqz22n,bafyreialajh2o75woyff3bihizhbdpshw5yzozjx56tmkduwzajix5wl24,thestar.com,Toronto Star,"#Opinion: If you haven’t seen Richard Warnica’s reports in the Star on the leadership of the Alberta separatist movement, do yourself a favour: read them below, writes Andrew Phillips. 

Specifically, he spent time with Mitch Sylvestre, the man described as the “architect” of the movement. #cdnpoli",,,,3,5,17,2,2026-05-12T14:02:40Z,NA,NA,NA,,,,,
at://did:plc:abt5tpb7lqr7vopkrkwfswwq/app.bsky.feed.post/3mlnxadjjas2b,bafyreidtzy6citrx7oi7xenyf462o5fn62bsd6w32jeooo7u4ayhl7rxwy,canadareport.org,Canada Report,"Taxer les riches, le tabou

Canada’s fastest news scan: 25+ headlines, no clutter, updated all day: CanadaReport.org

#cdnpoli #Canada #News 
Read Original Article 🔗",,,,0,0,0,0,2026-05-12T14:01:27Z,NA,NA,NA,,,,,
at://did:plc:7ycfilosz2dmgcnqbh76jdol/app.bsky.feed.post/3mlnx6e7sh22w,bafyreifuqixtgcxw5k2xbwufvnd4iaqqddquzpvwmnj6q4xetsozk2l7he,coolxenu.bsky.social,Cool Xenu 8647,"His supporters are woefully ignorant of the way he manipulates them and thumbs his nose at laws.

But, the drunkard has the backing of Americans so he will not be held to account... or something.

#ableg #cdnpoli",,,,0,2,3,0,2026-05-12T14:00:20Z,at://did:plc:rsvzkqxa2xdojwmjljqzs4ik/app.bsky.feed.post/3mlnuzql4nk27,at://did:plc:rsvzkqxa2xdojwmjljqzs4ik/app.bsky.feed.post/3mlnuzql4nk27,NA,,,,,
at://did:plc:7ycfilosz2dmgcnqbh76jdol/app.bsky.feed.post/3mlnwxo3h2k2w,bafyreie3wom3chtbwzp6yg4yp6wnpa5r6d4v7bu3qpgbvpbrp2zx3h7hki,coolxenu.bsky.social,Cool Xenu 8647,"They will meet with the same fate as greedy #Target.

#cdnpoli",,,,0,0,0,0,2026-05-12T13:56:35Z,at://did:plc:xhohr4frmxubpwya7b2bjz75/app.bsky.feed.post/3mlnwiixqab2h,at://did:plc:xhohr4frmxubpwya7b2bjz75/app.bsky.feed.post/3mlnwiixqab2h,NA,,,,,
at://did:plc:7ycfilosz2dmgcnqbh76jdol/app.bsky.feed.post/3mlnwu6ksrc2w,bafyreia2e5jbdlccqsqk5uwtd2xpaoatyrwekr6oq2n3rtzswzdqv7cl5m,coolxenu.bsky.social,Cool Xenu 8647,"It is way too late for this concern. Modern conservatives are all criminals.

#cdnpoli",,,,0,1,3,0,2026-05-12T13:54:38Z,at://did:plc:rsvzkqxa2xdojwmjljqzs4ik/app.bsky.feed.post/3mlnsnesrjc24,at://did:plc:rsvzkqxa2xdojwmjljqzs4ik/app.bsky.feed.post/3mlnsnesrjc24,NA,,,,,
at://did:plc:7ycfilosz2dmgcnqbh76jdol/app.bsky.feed.post/3mlnwodcfwk2w,bafyreiaj4wkxxi4dq5rvgxvejlvsrf4lsomjg54zv4xuzjegqrqf62sjva,coolxenu.bsky.social,Cool Xenu 8647,"Good thing the #MAGAs are toning down the hateful rhetoric.

#USA is dead.

#cdnpoli",,,,0,0,0,0,2026-05-12T13:51:22Z,at://did:plc:h5zkfkc35wkb53udnemrica5/app.bsky.feed.post/3mlllrlunss2l,at://did:plc:h5zkfkc35wkb53udnemrica5/app.bsky.feed.post/3mlllrlunss2l,NA,,,,,
at://did:plc:7ycfilosz2dmgcnqbh76jdol/app.bsky.feed.post/3mlnwd7zahc2w,bafyreih3fsluxgvoriwxawmklni7qbiuyiu4y4nyzym5zakfnazqd65ejq,coolxenu.bsky.social,Cool Xenu 8647,"The White House is over babied.

#USA #MAGA whiney babies.

#cdnpoli",,,,0,0,1,0,2026-05-12T13:45:09Z,NA,NA,at://did:plc:4llrhdclvdlmmynkwsmg5tdc/app.bsky.feed.post/3mlllnap2zi23,,,,,
at://did:plc:go6lnimas6bzfthjvcaulmya/app.bsky.feed.post/3mlnwaiqr3c2z,bafyreigrexkrikkna6u7xd3rfcsqqovvsaihr5lc4klkkj3bqm7ur6smqe,jbnewt.bsky.social,Jackson Newt,"Maybe , just Maybe #Carney should try and deliver on his promises , that would be a great start for the West . Because he is all talk , and Nooooo Action . #Canada1st #Canada #Liberal Rhetoric #Cdnpoli #Ottawa",,,,0,1,1,0,2026-05-12T13:43:35Z,NA,NA,NA,,,,,
at://did:plc:in6t5b6l3wnfwkcuqji57ttg/app.bsky.feed.post/3mlnvroz4ok27,bafyreihrfyyjfbcs3kbcpjtfuolwf6rb636l2zhd27yvecxrdknnimvjge,ccfr-ccdaf.bsky.social,Canadian Coalition for Firearm Rights,"WATCH: Premier Smith confirms she's spoken directly to PM Mark Carney about the ""frustrations"" Albertans still have with Ottawa.

""Around immigration, the gun grab... We can't ignore the legitimate grievances of people who've been hurt by the last 10 years of govt under the former PM."" #cdnpoli",,,,0,0,0,0,2026-05-12T13:35:23Z,NA,NA,NA,,,,,
at://did:plc:egl4mfr2njrr2br4vhya7yrf/app.bsky.feed.post/3mlnvr5yqr22t,bafyreiap47zhp3sr3rphlgso4od36vn3dysrehzws73juyakzib7nvqy7y,judy-bug.bsky.social,judy 🇨🇦,"The IDU is a global alliance of RW #conservative parties giving leaders a respectable stage to coordinate their regressive agendas.  It is a network to amplify white supremacist sympathies & christofascist ideologies globally.

Global chairman: Harper; 🇨🇦 chairman: #Poilievre  

#cdnpoli #abpoli #IDU",,,,1,0,2,0,2026-05-12T13:35:05Z,at://did:plc:h2thseiou732j3h7hnaexs6a/app.bsky.feed.post/3mlmvqhb3xk2y,at://did:plc:glx2iftaxaiirglk3auu7htn/app.bsky.feed.post/3mlmrc5uebk26,NA,,,,,
at://did:plc:ixt6yldqvtcamcarm6fpgqo5/app.bsky.feed.post/3mlnvp6nri22b,bafyreidskifkejftr3dzeplfpxml4ngeuqndn6mghsn3dxk4pftn3am4yi,shortstackfella.bsky.social,Short Stack Fella 🇨🇦🇺🇦,"“Canada on Monday became the first country outside Europe to sign a convention aimed at setting up a commission that will adjudicate compensation claims against russia for its war on Ukraine”

#cdnpoli #ukraine #canada

www.theglobeandmail.com/politics/art...",,,,1,1,4,0,2026-05-12T13:34:01Z,NA,NA,NA,,,,,
at://did:plc:abt5tpb7lqr7vopkrkwfswwq/app.bsky.feed.post/3mlnvksxusi2j,bafyreicwgfxh7hfzuvycmmxyofwqwodxgvoruyprzzy6xfsl36garvkjnq,canadareport.org,Canada Report,"Affirm works with Google to make AI shopping payments clear and simple

Canada’s fastest news scan: 25+ headlines, no clutter, updated all day: CanadaReport.org

#cdnpoli #Canada #News #Business #Economy 
Read Original Article 🔗",,,,0,0,0,0,2026-05-12T13:31:31Z,NA,NA,NA,,,,,
at://did:plc:rgpo7lqq3gpbkutkmvagoy3m/app.bsky.feed.post/3mlnvfsryzk2n,bafyreialkntk6gqs2wixzlnvb7dnmpmfjfaxklons6jwwaturknigjo554,thaipham.bsky.social,Thái Phạm,"So… how long until the republican party of alberta and the centurion project organisers are prosecuted? Also, i just learned the leader of the former is a dual us-can citizen, a former usa-marine, and former staffer for the ucp. It’s really hard not to paint a broad stroke of separatists.
#cdnpoli",,,,0,1,3,0,2026-05-12T13:28:43Z,NA,NA,NA,,,,,
at://did:plc:oqxoq7btbkztewuzmallzuvo/app.bsky.feed.post/3mlnvcpxkrs2m,bafyreicfkwafpbptyqunqaf54zpnodtqddtnufcd6mlgfryaehhnhdbhl4,lukaszukab.bsky.social,Hon. Thomas A. Lukaszuk,"Former Supreme Court justice & Elections Alberta confirm:

”No referendum required: Pro-Canada petition can be voted on by Alberta MLAs, committee hears”

Why are MLAs so scared to publicly declare whether they’re proud Canadians, or separatists?

#ableg #cdnpoli

edmontonjournal.com/news/politic...",,,,8,91,153,5,2026-05-12T13:27:03Z,NA,NA,NA,,,,,
at://did:plc:5hma2vzdervbigdd7gmfg6ph/app.bsky.feed.post/3mlnv7ajijk2j,bafyreict7zbgwekq2y43jt4filzsa4efrmvf3u2ny4znblowhkmmx2qkwe,ellenteapot.ca,ellen teapot 🇨🇦🏳️‍⚧️,weren’t you in cabinet for like six years #cdnpoli,,,,0,1,6,0,2026-05-12T13:25:04Z,NA,NA,at://did:plc:4g5jp4ev7p6duqaniisjtubs/app.bsky.feed.post/3mlnt2ofegs2d,,,,,
at://did:plc:rsvzkqxa2xdojwmjljqzs4ik/app.bsky.feed.post/3mlnuzql4nk27,bafyreigu24gtvkvlnrfw3zwcqqvidyghwuyahsag46umnumnldltbrzzoy,thebreakdownab.bsky.social,The Breakdown AB,"“The centurion project will fully comply!”

“The centurion project refuses to comply!”

A story in two pictures…

#abpoli #ableg #cdnpoli",,,,10,48,110,2,2026-05-12T13:22:05Z,NA,NA,NA,,,,,
at://did:plc:53ujb6cpbho7cmhqpwtjmag4/app.bsky.feed.post/3mlnurqylr22z,bafyreibvsjidf5c3j6ioncto7jkv43i6asmkhzqiuezzjfo4jxtnqknfke,ladyjan.bsky.social,Lady Jan,"Gas prices outrageous, oil prices volatile, more data about the effects of climate change, reports showing the need for clean energy…. THEE perfect time to promote EVs, hybrids, wind & solar energy, gain public support to switch. 
But we won’t b/c change is scary. #cdnpoli #BeBrave #Fearless",,,,0,1,2,0,2026-05-12T13:17:30Z,NA,NA,at://did:plc:4g5jp4ev7p6duqaniisjtubs/app.bsky.feed.post/3mlnsf2cp3c2d,,,,,
at://did:plc:5zpfbv6bahpac6xgbp3uj657/app.bsky.feed.post/3mlnuemcink27,bafyreiat5kvosxo7jon5oig6dz5i7g3gnx2q3vqj7e3lb3onayi5v3fjsa,youcaughtscott.com,🔫Scott Martin🛼,"NEW: The @nytimes.com Canada bureau chief published an article on Carney’s majority that contained a fake Poilievre quote generated by AI. @michellecyca.com joins me to discuss this blunder, AI in news media, and what a disaster for reporting this has been. #cdnnews #cdnpoli",,,,2,10,35,4,2026-05-12T13:10:09Z,NA,NA,NA,,,,,
at://did:plc:istu2catmtwuynu7jlh6buzl/app.bsky.feed.post/3mlnu5pmwwc2y,bafyreifi2c6xy4srt4ju4g7c7iqfbgwdvrvfk6uezg5xkyukncknx45l4q,elcanaco.bsky.social,elcanaco.bsky.social,"I don't know how the court system works in the US, so I don't want to comment on this in particular...

But here in Canada, court rulings in one province are persuasive for judges across Canada.

Which is why Danielle Smith's judicial meddling should scare the hell out of Canadians.

#cdnpoli",,,,0,2,3,0,2026-05-12T13:06:18Z,NA,NA,at://did:plc:sefgphqp2xqwh2hawaixykwz/app.bsky.feed.post/3mlmjfaqujk2t,,,,,
at://did:plc:gva6uzmzlyxlecg7jlzozzfs/app.bsky.feed.post/3mlntwrbeok2f,bafyreifcc5lhzes5c7ijssogtd2drvq3q6s3cz73hda6y7zbaxd32llupm,jamiemackinnon.bsky.social,Jamie MacKinnon🇨🇦,"www.ctvnews.ca/business/art...

#Ontario and #Quebec are frequently cited as being the most protectionist provinces with regard to alcohol. NB and NL are also hostile to beer & wine from other provinces.

#cdnpoli",,,,0,0,1,0,2026-05-12T13:02:26Z,NA,NA,NA,,,,,
at://did:plc:abt5tpb7lqr7vopkrkwfswwq/app.bsky.feed.post/3mlntv6kxrm2j,bafyreihbzbbs6aoosp2d56sqkzb7e42uuqmplznbqi6flsxxvtze2lse4a,canadareport.org,Canada Report,"Surpoids | Gare à la rigidité alimentaire, dit une chercheuse

Canada’s fastest news scan: 25+ headlines, no clutter, updated all day: CanadaReport.org

#cdnpoli #Canada #News 
Read Original Article 🔗",,,,0,0,0,0,2026-05-12T13:01:32Z,NA,NA,NA,,,,,
at://did:plc:k6a35s56ijvrb4zjkq4ojll5/app.bsky.feed.post/3mlnttfgvka2l,bafyreicgjmjuq6yivljotpow4h4bodaffokwjzvcui277l4u6qgzdfojke,toptags.bsky.social,Trending Hashtags,"🚀 BlueSky trending hashtags (15m) #16-30:

#starfox #nsfwbsky #porn #photo #furrynsfw #eck #aiart #ocart #cdnpoli #aiイラスト #bigdick #realnsfw #maga #青空ごはん部 #cumex

👇 #1-15 trending hashtags",,,,0,0,1,0,2026-05-12T13:00:32Z,NA,NA,at://did:plc:z22iojvb45xno3nblfy6fcwg/app.bsky.feed.post/3mlnttf56ot2e,,,,,
at://did:plc:fo6wpgp6wp3ptllfxvth7svj/app.bsky.feed.post/3mlnts6d7wk2q,bafyreiaztnnsfx4bhrzmasx5ufm7oitqjipgyy4q7tri2v4klpdnur67k4,thegentyyc.bsky.social,TheGentYYC,#cdnpoli #MarkCarney,,,,0,0,1,0,2026-05-12T12:59:50Z,NA,NA,at://did:plc:mwagtmvsxuqlgte5iqk3fndm/app.bsky.feed.post/3mlmlcnylqs24,,,,,
at://did:plc:4jhds6khpgmfkova5vetcm5h/app.bsky.feed.post/3mlntp5wxnc22,bafyreibmjbpgb2xnduzvlzmsyimkyjuc3h5rzxhpbpswcjxtkcllgplvwa,drunkondespair.bsky.social,NA,"#Gaza, #Lebanon, #Syria, #Iran, the #WestBank, the genocide regime deliberately targets women and children. Another #MarkCarney shared value. #cdnpoli

t.me/thecradlemed...",,,,0,0,0,0,2026-05-12T12:58:08Z,NA,NA,NA,,,,,
at://did:plc:prhg7e4i6rmbpzhxgb4vdc36/app.bsky.feed.post/3mlntgwkugc2v,bafyreidrwqpuuhqtkt6h5pzmjcguubebsyx3jjyfqa54pe3xwelwjmpz34,solarab.bsky.social,Tom Moffatt,"Billions could be added to Canada’s GDP if barrier fees imposed by provinces on Canadian wineries are removed #cdnpoli #wine 🍷 

www.ctvnews.ca/business/art...",,,,1,3,8,1,2026-05-12T12:53:35Z,NA,NA,NA,,,,,
at://did:plc:go6lnimas6bzfthjvcaulmya/app.bsky.feed.post/3mlnt7nghys2e,bafyreie2nc24survxabh5ychzrq76hzgrfbzyizrz2cgcsyhf3au3qbruu,jbnewt.bsky.social,Jackson Newt,A Chinese Agent dressed up as a California Mayor . Hmm 🤔 but I am sure we don’t have these in #Canada do we ? Care to comment @mark-carney.bsky.social #Liberal #cdnpoli #USA #Canada #Chinese #Ottawa,,,,0,0,1,0,2026-05-12T12:49:25Z,NA,NA,NA,,,,,
at://did:plc:67mpqdmuvarollmm2lqcz6ac/app.bsky.feed.post/3mlnt7emcpc26,bafyreibigwbqssdr7f36fp7qdcaynkamsw5y7hmiqndrl2276lf2kan33q,coldcollective.bsky.social,4restKC,"Leopard eating your own face kinda thing but good call! 

Police unions are there to protect police and fuucking suck.

#cdnpoli",,,,0,0,0,0,2026-05-12T12:49:19Z,NA,NA,NA,,,,,
at://did:plc:4ownlsrdmnvwgzmcdi2bof6s/app.bsky.feed.post/3mlnt4dqmbk2k,bafyreibhwwbbotqvvgwpebfjro3ni3qyvflumaaitmno2gc2bbw73gffgm,peipolitical.bsky.social,PEIPolitical 🇨🇦,PCs at Queens Park refuse to address rumours that the Gravy Plane (Air Ford One) was *not* sold by Ford's government. #cdnpoli,,,,4,12,22,1,2026-05-12T12:47:39Z,NA,NA,NA,,,,,
at://did:plc:k6a35s56ijvrb4zjkq4ojll5/app.bsky.feed.post/3mlnsy4nuey2g,bafyreibmokyhce5364cnnbepfrxu7llwo7qkccnaqdsjza33qzoicihyxy,toptags.bsky.social,Trending Hashtags,"🚀 BlueSky trending hashtags (15m) #16-30:

#furry #oc #青空ごはん部 #gay #nude #horny #spicysky #linedup #realnsfw #18+ #tits #cdnpoli #goonsky #musicchallenge #boobs

👇 #1-15 trending hashtags",,,,0,0,1,0,2026-05-12T12:45:16Z,NA,NA,at://did:plc:z22iojvb45xno3nblfy6fcwg/app.bsky.feed.post/3mlnsy4j25m2m,,,,,
at://did:plc:dcwpqenn6hnutxjctcacbf5v/app.bsky.feed.post/3mlnsv4hxxk25,bafyreicl2k7bxpxyxv5bzdyzudg66lq6tces364lgm5mxo3l2uuamf7754,idontrememoir.bsky.social,Claire Elyse Brosseau,Today in the Globe and Mail. Pay attention @mark-carney.bsky.social @liberalca.bsky.social These are facts. #MAID MI-SUMC #EqualRights #CdnPoli #Canada,,,,1,0,2,0,2026-05-12T12:43:36Z,NA,NA,NA,,,,,
at://did:plc:tyg2ztzq6goz3zgebqa7sjz3/app.bsky.feed.post/3mlnsuyq7d5b2,bafyreidpg2fxh2glm3fa3fy2rbjdku7bhmhd6hfym3aullfljabjqlb37q,mpjgregoire.cosocial.ca.ap.brid.gy,M. Grégoire,"This is just an excellent video, back-to-back clips of PM #MarkCarney saying opposite things about co-operation with the US: https://youtube.com/shorts/nT3pckfmQeU?si=VeUIu4GbSODZBXWF

""Which is it, Prime Minister?""

#CanPol #cdnpoli #TrumpTariffs",,,,1,0,0,0,2026-05-12T12:47:33Z,NA,NA,NA,,,,,
at://did:plc:4ownlsrdmnvwgzmcdi2bof6s/app.bsky.feed.post/3mlnspltxpc2k,bafyreihnnz3u7j5o53oxas3cxt7sksvmugcbymmpuncacxjbcpiqwskjjy,peipolitical.bsky.social,PEIPolitical 🇨🇦,"Canada is fast-tracking citizenship certificates for trans Americans. Users identifying themselves as trans Americans have reported having their applications processed in as little as 2 weeks, under the urgent processing criteria established by Canada’s IRCC.
#cdnpoli www.cicnews.com/2026/05/cana...",,,,2,19,48,2,2026-05-12T12:40:33Z,NA,NA,NA,,,,,
at://did:plc:rsvzkqxa2xdojwmjljqzs4ik/app.bsky.feed.post/3mlnsoycmxk24,bafyreihle3z6mfidzmkf2duuizeuh344bfbbudshppemercb364becin2y,thebreakdownab.bsky.social,The Breakdown AB,"Remember when protestors were steamrolled the U of C?

#abpoli #ableg #cdnpoli",,,,2,14,54,0,2026-05-12T12:40:09Z,NA,NA,at://did:plc:kc6fpuqftg7lvxz3xmjwsmcg/app.bsky.feed.post/3mllaiayl3s2c,,,,,
at://did:plc:rsvzkqxa2xdojwmjljqzs4ik/app.bsky.feed.post/3mlnsnesrjc24,bafyreiflmh44jlad7yihyapztwa237dxv353tofeipgqvgm4agjyhabs54,thebreakdownab.bsky.social,The Breakdown AB,"“Alberta’s chief electoral officer says the province’s list of electors shouldn’t be shared with any political parties until the legislature makes changes to better protect Albertans’ personal information.”

#abpoli #ableg #cdnpoli 

www.cbc.ca/news/canada/...",,,,13,70,153,6,2026-05-12T12:39:17Z,NA,NA,NA,,,,,
at://did:plc:h3y7rhw6ao6nk5mmuskplxco/app.bsky.feed.post/3mlnsjgkocs2b,bafyreibwx2itqfay23jerqzqqookri4tizpbft6ypdefs2uhppjuednn7i,brainiackim.bsky.social,Brainiac Kim 🇨🇦,Avoid #scam airline #WestJet www.cbc.ca/news/gopubli... #cdnpoli,,,,0,0,1,0,2026-05-12T12:37:04Z,NA,NA,NA,,,,,
at://did:plc:643nfj64adt3sd6lil4l4eqt/app.bsky.feed.post/3mlnsetbd622q,bafyreie427yjevwqlky7vzd5iprzcnimhorey4labt7htmkjsyg4j5pyra,deanbeeby.bsky.social,Dean Beeby,"More public servants needed to administer military mobilization plan: access-to-info documents. 
By David Pugliese ""The docs were obtained by independent researcher Jérôme Roy ... Additional records were obtained by the Ottawa Citizen.""
ca.news.yahoo.com/more-public-... #cdnfoi #cdnpoli",,,,0,1,0,0,2026-05-12T12:34:57Z,NA,NA,NA,,,,,
at://did:plc:abt5tpb7lqr7vopkrkwfswwq/app.bsky.feed.post/3mlns7fbfue2b,bafyreih3zed2kxvx6gkpxbv2jnklvgjl4z2zh7o54anlx72drxxrxeazvq,canadareport.org,Canada Report,"Client Command® Appoints Automotive Industry Veteran Wally Burchfield as Chief Revenue Officer

Canada’s fastest news scan: 25+ headlines, no clutter, updated all day: CanadaReport.org

#cdnpoli #Canada #News #Business #Economy 
Read Original Article 🔗",,,,0,0,0,0,2026-05-12T12:31:26Z,NA,NA,NA,,,,,
at://did:plc:2wxkdwpu5v66xkue5ti62y6u/app.bsky.feed.post/3mlns6oik3s2e,bafyreibtagchtyt43pqkhg63jpo6qcf4eb47slfmndqqgvhxf2orqya4de,senatorpaulasimons.bsky.social,Senator Paula Simons 🇨🇦,"A terrific, timely read from my friend and colleague @colindeacon.bsky.social on the true value of an independent Senate. Let’s not default to partisan games, and throw out 10 years of reform. @csg-gsc.bsky.social #cdnpoli #abpoli #SenateofCanada #Canada #C4",,,,2,9,27,1,2026-05-12T12:31:03Z,NA,NA,at://did:plc:ypbo2mq6dqcct43gt2sam6el/app.bsky.feed.post/3mlmekagu3p2g,,,,,
at://did:plc:pedpziwws5vkocuq76mokn7c/app.bsky.feed.post/3mlnryilsn22d,bafyreicphsxkflntb62b5imrw5ba5nks7a6bdhaaemjeizy4s2wiq4l4fi,deepgreendesign.bsky.social,Deep Green Design,"Ukraine is winning.

Russia is losing, even with the help from Republicans.

Two stuperpowers run by losers.

#StandWithUkraine #CdnPoli",,,,0,0,1,0,2026-05-12T12:27:38Z,NA,NA,NA,,,,,
at://did:plc:67mpqdmuvarollmm2lqcz6ac/app.bsky.feed.post/3mlnrpdgjhk26,bafyreigou7h7j65codtrudq6mrticd2amy7xn2dkfeqiduteuertqanedq,coldcollective.bsky.social,4restKC,"""affidavit shows that the Chinese nationals may have been forced to return to their homeland against their will to face punishment for alleged financial crimes.""

Hm, and I should be mad why?

The west only cares what you do to the rich and corrupt.

#cdnpoli #abpoli #bcpoli",,,,0,3,3,0,2026-05-12T12:22:27Z,NA,NA,NA,,,,,
at://did:plc:sywtwkbhpdibiprqvv7epcto/app.bsky.feed.post/3mlnr5pljic23,bafyreidlx2m6ehdrxi4pea3hticzumofc2ev5diqm52jbonk7uxy5ewqxi,elliott4mp.bsky.social,"Derek Elliott, Libertarian","Ottawa is Steamrolling Farmers: The Fight for Property Rights in Ontario
#cdnpoli #libertarian #canada #politics 
youtube.com/shorts/UFdPs...",,,,0,0,0,0,2026-05-12T12:12:35Z,NA,NA,NA,,,,,
at://did:plc:abt5tpb7lqr7vopkrkwfswwq/app.bsky.feed.post/3mlnqkxlkdn27,bafyreifx6us5qizpkk2gj6gyl4ed6txbqbsfy657zfk2zotbovuigfw5tm,canadareport.org,Canada Report,"Three European tech founders on why they chose Canada for North American expansion

Canada’s fastest news scan: 25+ headlines, no clutter, updated all day: CanadaReport.org

#cdnpoli #Canada #News #Tech #AI 
Read Original Article 🔗",,,,0,0,0,0,2026-05-12T12:02:07Z,NA,NA,NA,,,,,
at://did:plc:uwyjaw6tjlw4d6qvwbzdvpew/app.bsky.feed.post/3mlnqhgzt6s2h,bafyreifo6qwesuoebgxu4vyjr4l7z7v67dqxh4mczbpotg26qefkmh3qza,tomboymillennial.bsky.social,👁️‍🗨️ jean jacquet,"Enough. Enough. ENOUGH! 🤬😤

It is inexcusable to deny care in Canada based on the demented policies of a bigoted pos in the USA.

#cdnpoli #transrights",,,,0,2,1,0,2026-05-12T12:00:10Z,NA,NA,NA,,,,,
at://did:plc:67mpqdmuvarollmm2lqcz6ac/app.bsky.feed.post/3mlnqhg6fb226,bafyreigejityzvx3htazpp6okrv6thf3tnhbizdabu3zcabovkpbq43ygq,coldcollective.bsky.social,4restKC,"Spare me your crocodile tear outrage.

I look at the material conditions of people before passing judgement of their government. As far as I can see, we ain't got shit in China.  

#cdnpoli #abpoli",,,,0,0,0,0,2026-05-12T12:00:06Z,at://did:plc:67mpqdmuvarollmm2lqcz6ac/app.bsky.feed.post/3mlnqhg5xlk26,at://did:plc:67mpqdmuvarollmm2lqcz6ac/app.bsky.feed.post/3mlnqhg5xlk26,NA,,,,,
at://did:plc:4ownlsrdmnvwgzmcdi2bof6s/app.bsky.feed.post/3mlnqgg5jec2k,bafyreifxg7p3xndxwipyrhe4w6y45qgtwdzkjqu644ub4uzq6zlxsgq2c4,peipolitical.bsky.social,PEIPolitical 🇨🇦,"MAGA Pastor Robert Jeffress said Trump “Has a better understanding of what the Bible teaches than the Pope""
#cdnpoli",,,,12,3,5,3,2026-05-12T11:59:35Z,NA,NA,NA,,,,,
at://did:plc:4ownlsrdmnvwgzmcdi2bof6s/app.bsky.feed.post/3mlnqabit5k2k,bafyreigvjrgxsbucuaylmehzabncinvlxzpctd4y4bv2mwddu3rmrorauu,peipolitical.bsky.social,PEIPolitical 🇨🇦,"Smith revealed that multiple UCP staffers knew about the separatist data breach and none of them saw anything wrong with it.
“It was just regular oversight of a regular opposition meeting” #cdnpoli",,,,2,7,10,0,2026-05-12T11:56:09Z,NA,NA,NA,,,,,
at://did:plc:wgvcfkmtup6ngm2or3l5afqf/app.bsky.feed.post/3mlnq6kam5c2x,bafyreibgto7hd4c7orsvrqsfabfmtq66dggpahq544lnmw35vjihpxo35u,jerrymacgp.bsky.social,jerrymacgp,"Sir: I heard you on West of Centre, and you made a misstatement about that tickbox on tax forms. That only applies to the federal electors' list maintained by Elections Canada. Elections Alberta maintains its own, separate list of electors.
#CdnPoli #ABPoli #ABLeg",,,,0,0,1,0,2026-05-12T11:55:11Z,at://did:plc:zx22gibu7dgptgazrbteulkl/app.bsky.feed.post/3mldxmo32xc2b,at://did:plc:zx22gibu7dgptgazrbteulkl/app.bsky.feed.post/3mldxmo32xc2b,NA,,,,,
at://did:plc:deej5pakczvmljahhvrridlp/app.bsky.feed.post/3mlnpwwjqo22b,bafyreifxy23pzzj67ydq2a3fvjfcaa6ygpwhvcdycmjxvon5laz3oqht3i,pat112.bsky.social,Pat,"'It has been devastating,' U.S. spirits group says about Canadian alcohol boycotts

Excellent news, thoughts,  prayers, & hope you will fix the White House fountain of hate & misery  causing this ~ Signed Unneeded One  

#Cdnpoli #Uspoli #Economy #BoycottUSA

www.cbc.ca/news/canada/...",,,,0,0,5,0,2026-05-12T11:51:00Z,NA,NA,NA,,,,,
at://did:plc:deej5pakczvmljahhvrridlp/app.bsky.feed.post/3mlnp6c2szc2b,bafyreihntaa55lbeqv6r3kwdj2am3eff7numbg4s35tufl3nyly7pmuqsa,pat112.bsky.social,Pat,"If your one of the Canadians that wanted PM Trudeau to go then complaining about Carney not being progressive enough is a reflection on you  and your decisions, and , is far  too late now 

#Cdnpoli",,,,0,0,3,1,2026-05-12T11:37:08Z,NA,NA,NA,,,,,
at://did:plc:4ownlsrdmnvwgzmcdi2bof6s/app.bsky.feed.post/3mlnp2blcns24,bafyreidczl2vz35cj6bxztefh34xlr337j3y56bhu7gdw6l4vvjzvnf6xa,peipolitical.bsky.social,PEIPolitical 🇨🇦,??? #cdnpoli,,,,4,3,5,2,2026-05-12T11:34:56Z,NA,NA,NA,,,,,
at://did:plc:deej5pakczvmljahhvrridlp/app.bsky.feed.post/3mlnoybswo22b,bafyreiho5ekmhkixnrcs7o7c4xodg3mqxc4o7xoaqyoaviamowjrn4ot7i,pat112.bsky.social,Pat,"The Cannabis- disposable income - index, indicates Canada is doing well economically  .

Nova Scotia -Up to  to $127.1 million annually Mar 2025, a 5% increase 

Canada  Up to $5.5 billion annually Mar 2025, a 6.1% Increase.

#Cdnpoli #Economy",,,,0,0,2,0,2026-05-12T11:33:47Z,NA,NA,NA,,,,,
at://did:plc:abt5tpb7lqr7vopkrkwfswwq/app.bsky.feed.post/3mlnou6wjkf2p,bafyreighfj5q2eqqj3gj7qfxpp2akyaedtluh7xdqeuzi63liowmgjo2li,canadareport.org,Canada Report,"Loblaw Releases 2025 Live Life Well® Report Highlighting Progress in Sustainability, Community Support, and Social Im...

Canada’s fastest news scan: 25+ headlines, no clutter, updated all day: CanadaReport.org

#cdnpoli #Canada #News #Business #Economy 
Read Original Article 🔗",,,,0,0,0,0,2026-05-12T11:31:30Z,NA,NA,NA,,,,,
at://did:plc:4ownlsrdmnvwgzmcdi2bof6s/app.bsky.feed.post/3mlnoq3453k24,bafyreidwowbha4abj7iyavnnk5tszmh5m2vyocelmao5beocvhpmx6g7ui,peipolitical.bsky.social,PEIPolitical 🇨🇦,"This in an underpowered Province that can't even keep up with it's existing energy demands, threatening brown outs. 👇 $14M project for Charlottetown port will allow cruise ships to connect to P.E.I.'s energy grid. 
www.cbc.ca/news/canada/... #cdnpoli",,,,1,1,6,0,2026-05-12T11:29:14Z,NA,NA,NA,,,,,
at://did:plc:fuu6bocgrf4aonbnu7wkdsy7/app.bsky.feed.post/3mlnop2h2pc2g,bafyreift25duunp42xplkf2fbtt2tdiqc4d2ljprpbsewvwact5evpzpny,theubiquitousj-man.bsky.social,The Ubiquitous J-Man,"🤷🏼‍♂️

#CdnPoli 🇨🇦
#USpoli
#CanadaStrong 🍁
#ElbowsUp 💪🏼",,,,0,0,3,0,2026-05-12T11:28:37Z,at://did:plc:e3uwo6d5sg6x3rolvj6v7bwp/app.bsky.feed.post/3mlnl6535wk2k,at://did:plc:e3uwo6d5sg6x3rolvj6v7bwp/app.bsky.feed.post/3mlnl6535wk2k,NA,,,,,
at://did:plc:deej5pakczvmljahhvrridlp/app.bsky.feed.post/3mlnok4ybik2b,bafyreiculyeomqay6r3zqramrm3gvdjlrmvizujuaccxoxtelxzn7lmp7u,pat112.bsky.social,Pat,"Boys are falling behind in school, and some experts say it starts in kindergarten

I do find it puzzlinmg that somethng with so many experts & such an increase in resources seems to be birthing nothing but problems.  School was always boring, a pain  

#Cdnpoli #Education 
www.cbc.ca/news/canada/...",,,,0,0,1,0,2026-05-12T11:25:53Z,NA,NA,NA,,,,,
at://did:plc:nbo7sbdaqftjent7gndejypz/app.bsky.feed.post/3mlnoal5mnc2a,bafyreieptpqabhlhg7a6ohwlwv6nwy55hssil3grpuyhz5ubxco4scap2m,lauraba.bsky.social,Laura,"Carney also just announced $3.8B for nature protection alongside the fast-track legislation. 

Build fast. Build accountably. 

Those two things can coexist, and Canada needs both right now, not one in 2034.

#cdnpoli",,,,1,0,2,0,2026-05-12T11:20:31Z,at://did:plc:o6efcxeemtroyo6jfworilno/app.bsky.feed.post/3mlnjtmmrds26,at://did:plc:o6efcxeemtroyo6jfworilno/app.bsky.feed.post/3mlnjtmmrds26,NA,,,,,
at://did:plc:abt5tpb7lqr7vopkrkwfswwq/app.bsky.feed.post/3mlnncs4aze2z,bafyreihkvpmi2dnwqr7iq562hvhmpupmz53l7v6cdosnq34a5xuumlywzq,canadareport.org,Canada Report,"🇨🇦 Morning Briefing — May 12  
Canada's tech landscape is evolving with new AI regulations and investments.  
• New bill targets AI-generated deepfakes.  
• Ontario invests $5M ...

Read: canadareport.org/briefing-2026-05-12-morning.html
#cdnpoli",,,,0,0,0,0,2026-05-12T11:03:52Z,NA,NA,NA,,,,,
at://did:plc:lin2g3h6fvle3fdrs5nqmkiy/app.bsky.feed.post/3mlnnbsnmpk2q,bafyreifumq33nouiuywj3hhjqthqsdevjfpv3x3b2zy374jbwpcjmcpga4,canadiancontent.bsky.social,Not That Kind Of Canadian,"I don't know what to say.

You are telling me people are afraid of the separatists.

Leaving them to their own devices is NOT the way to fix the issue.

AB is in way worse shape than I thought.

#cdnpoli",,,,1,0,1,0,2026-05-12T11:03:20Z,at://did:plc:7kx3n2axsjesslqcry4q53ws/app.bsky.feed.post/3mlmwu7a5qk25,at://did:plc:rsvzkqxa2xdojwmjljqzs4ik/app.bsky.feed.post/3mlldfzkhec24,NA,,,,,
at://did:plc:f2bzy7mezkpjkj55e2jae4ja/app.bsky.feed.post/3mlnn7b23es2q,bafyreic4n2oebobrfcni6zoufbvnqntugmixujg7xljwkm26upj3rp52wi,davidsquared.bsky.social,David Davidson,"we need a certain amount of data center capacity with no dependencies on US tech. And i know the new Telus CTO , he is incredibly capable and will do this right. i'm all for burning the other DCs to the ground, but we need this specific initiative #cdnpoli",,,,0,0,1,0,2026-05-12T11:01:54Z,at://did:plc:kx375dszrbvqtu7o4xxxmojn/app.bsky.feed.post/3mlmrrryvrs2o,at://did:plc:kx375dszrbvqtu7o4xxxmojn/app.bsky.feed.post/3mlmrrryvrs2o,NA,,,,,
at://did:plc:rlcoxketrj26yu5hgn3izwaz/app.bsky.feed.post/3mlnmepu5x22d,bafyreihxembrbaba6oq7bvdev6q6byaegzsi6fnvssxtag7tepbqybipcy,janfromthebruce.bsky.social,JanFromTheBruce 🍁,"Every day I am going to post this (permission from Del Schilling).

Will you join me?

Over 5700+ Missing & Murdered Indigenous Women & Girls

#MMIWG #cdnpoli",,,,0,4,5,0,2026-05-12T10:47:04Z,NA,NA,NA,,,,,
at://did:plc:bqvcoxdpr4lp3qmq5cng2w4i/app.bsky.feed.post/3mlnlyazlm225,bafyreihlcynqq3nclt4votuxjxnwxl7ewwe6i4s264v5j4pzdnjtzg2soq,ogcanada.bsky.social,Unapologetic Lee 🇨🇦,"Without regulation on power use and water supply protection, you will lose a lot of us. 
I’ll vote NDP. #datacentre #cdnpoli",,,,0,0,2,0,2026-05-12T10:40:05Z,at://did:plc:kx375dszrbvqtu7o4xxxmojn/app.bsky.feed.post/3mlmrrryvrs2o,at://did:plc:kx375dszrbvqtu7o4xxxmojn/app.bsky.feed.post/3mlmrrryvrs2o,NA,,,,,
at://did:plc:2rsctfhevbiuyhwmglfyun5r/app.bsky.feed.post/3mlnln6apmc2v,bafyreifesog24sx5uhyt7vjmd2s4xbmnstq3o6hydkz7p5vqi3mtys6q7q,antonpnym.bsky.social,Anton P. Nym (aka Steve),I hate management by fad. I *despise* governance by fad. (Imagine if PM Trudeau had committed his government to supporting NFTs?) #CdnPoli,,,,1,0,3,1,2026-05-12T10:32:51Z,NA,NA,at://did:plc:kx375dszrbvqtu7o4xxxmojn/app.bsky.feed.post/3mlmrrryvrs2o,,,,,
at://did:plc:ypbo2mq6dqcct43gt2sam6el/app.bsky.feed.post/3mlnllwtkaz22,bafyreiavxxw6e2wpqyg3fk4qrtnoifwkj4fu2x64u5er5j7bnubpxct3ei,ipolitics.bsky.social,iPolitics,MP calls on Canadians to fill out census as some express privacy concerns #cdnpoli #ipolitics,,,,0,0,0,0,2026-05-12T10:33:11Z,NA,NA,NA,,,,,
at://did:plc:4ownlsrdmnvwgzmcdi2bof6s/app.bsky.feed.post/3mlnll2wyo224,bafyreifa3tqkqxs4i6vblhel4rpbnab3p3gdon6lpyemxwrsupq2dl6n4a,peipolitical.bsky.social,PEIPolitical 🇨🇦,"Trump: “I mean, every person around is going to have autism. That's what's happening… So I think it's a very important thing to mention. I mentioned it all the time, having to do with other subjects and then bringing autism. Anything having to do with medical, I always bring in autism.” #cdnpoli",,,,4,6,20,4,2026-05-12T10:32:43Z,NA,NA,NA,,,,,
at://did:plc:bqvcoxdpr4lp3qmq5cng2w4i/app.bsky.feed.post/3mlnlkwwxyc25,bafyreiduf5d3vyjku6rcq2gfmurqmq47fgmh6l5ckrp4expdpzowsn5g5u,ogcanada.bsky.social,Unapologetic Lee 🇨🇦,"Unless you demand protection for our most valuable resource, this is what we are in for with data centres. bsky.app/profile/rbre... #cdnpoli",,,,0,0,0,0,2026-05-12T10:32:38Z,at://did:plc:kx375dszrbvqtu7o4xxxmojn/app.bsky.feed.post/3mlmrrryvrs2o,at://did:plc:kx375dszrbvqtu7o4xxxmojn/app.bsky.feed.post/3mlmrrryvrs2o,at://did:plc:4u3hwe3p7oy3hoy3amlw7rp2/app.bsky.feed.post/3mlmblapb4y2y,,,,,
at://did:plc:abt5tpb7lqr7vopkrkwfswwq/app.bsky.feed.post/3mlnlird7gt2d,bafyreiejwehn7h73gywbicnqpuay7ivknwh7kzp3bijpihtolmp5k75csa,canadareport.org,Canada Report,"Organigram Reports Second Quarter Fiscal 2026 Results

Canada’s fastest news scan: 25+ headlines, no clutter, updated all day: CanadaReport.org

#cdnpoli #Canada #News #Business #Economy 
Read Original Article 🔗",,,,0,0,0,0,2026-05-12T10:31:25Z,NA,NA,NA,,,,,
at://did:plc:4ownlsrdmnvwgzmcdi2bof6s/app.bsky.feed.post/3mlnlhka2s224,bafyreihyishjwols4doo3yecp6waplyr5jttiii7cu7tdr55pqm3eciese,peipolitical.bsky.social,PEIPolitical 🇨🇦,"Trump: ""We've taken people that were dead. We had a person given the last rites -- gone, the kids are crying and everything -- and started them on this drug. And the person became better. It works."" #cdnpoli",,,,5,3,7,1,2026-05-12T10:30:44Z,NA,NA,NA,,,,,
at://did:plc:bqvcoxdpr4lp3qmq5cng2w4i/app.bsky.feed.post/3mlnlh4lj2s25,bafyreibkv7qazgqks5eft5o7s5zr2svnc2ukkvclkuq4ldhfkxj62zcqxu,ogcanada.bsky.social,Unapologetic Lee 🇨🇦,What are you doing to protect our water supplies? How are these centres being powered? Will you assure Canadian power bills will not increase because of private enterprise? #cdnpoli,,,,0,0,0,0,2026-05-12T10:30:30Z,at://did:plc:kx375dszrbvqtu7o4xxxmojn/app.bsky.feed.post/3mlmrrryvrs2o,at://did:plc:kx375dszrbvqtu7o4xxxmojn/app.bsky.feed.post/3mlmrrryvrs2o,NA,,,,,
at://did:plc:4ownlsrdmnvwgzmcdi2bof6s/app.bsky.feed.post/3mlnkhok2n224,bafyreicpshcdytcwwfncwutfippgz7n4cfagqa2rz3vf3nksh7j3x4w4te,peipolitical.bsky.social,PEIPolitical 🇨🇦,"Trump claims US forces intercepted 111 Iranian missiles flying at 3,000 mph.
He exposes the absurdity of his own propaganda, fabricating impossible military feats to hide his failures. #cdnpoli",,,,6,12,23,2,2026-05-12T10:12:57Z,NA,NA,NA,,,,,
at://did:plc:ypbo2mq6dqcct43gt2sam6el/app.bsky.feed.post/3mlnk3oqgqt2j,bafyreibdnmairiyozgzsq2i2vsr3moitzpnv2fdbtmi3js74azlwya652e,ipolitics.bsky.social,iPolitics,Champagne heads to New Brunswick to promote latest fiscal update #cdnpoli #ipolitics,,,,0,0,0,0,2026-05-12T10:06:12Z,NA,NA,NA,,,,,
at://did:plc:abt5tpb7lqr7vopkrkwfswwq/app.bsky.feed.post/3mlnjt73ne32t,bafyreiexis3arah43mdrdc3hudk6w57qcytwowaitb2ua6cony3cg6nxka,canadareport.org,Canada Report,"Moment Energy raises $40 million USD Series B to give used EV batteries new life

Canada’s fastest news scan: 25+ headlines, no clutter, updated all day: CanadaReport.org

#cdnpoli #Canada #News #Tech #AI 
Read Original Article 🔗",,,,0,0,0,0,2026-05-12T10:01:27Z,NA,NA,NA,,,,,
at://did:plc:ypbo2mq6dqcct43gt2sam6el/app.bsky.feed.post/3mlnjsrglht2j,bafyreiclx2uiz5gxf7d6fllfgas57zha6o4a2idki5gljiq4fcuhr2kax4,ipolitics.bsky.social,iPolitics,Now is the time for national action on bail reform #cdnpoli #ipolitics,,,,0,0,0,0,2026-05-12T10:01:13Z,NA,NA,NA,,,,,
at://did:plc:z22iojvb45xno3nblfy6fcwg/app.bsky.feed.post/3mlnjsfh6hm2a,bafyreiaprdfwm4yd5rr4wqgxfz5z3lykad6qbyt2zorfxagsuntahciggu,trendtags.bsky.social,Trending Tags (Beta),"🌟 BlueSky trending hashtags (1h):

#aiイラスト #photography #青空ごはん部 #aiart #nsfw #auspol #art #sexy #birds #gay #섹블 #oc #cock #birdoftheday #cdnpoli",,,,0,0,3,1,2026-05-12T10:01:01Z,NA,NA,NA,,,,,
at://did:plc:tyg2ztzq6goz3zgebqa7sjz3/app.bsky.feed.post/3mlnjnjknrqi2,bafyreibwic2fhhq6p6lsv2jvmc3ugnbx4mblnprjw26hfzb62p2wnj7ubi,mpjgregoire.cosocial.ca.ap.brid.gy,M. Grégoire,"#PaulWells ""Have we reached Peak Carney? Probably not, but I wanted to be the first to ask""

""I'm trying to figure out what Mark Carney thought he was doing at this year’s Global Progress Action Summit.""

https://paulwells.substack.com/p/dignified-efficient-and-whatever

#CanPol #cdnpoli #MarkCarney",,,,0,0,1,0,2026-05-12T09:58:24Z,NA,NA,NA,,,,,
at://did:plc:idnbt4e5lah6u3x5xyv6pqm2/app.bsky.feed.post/3mlnjf4ljks2u,bafyreicd3yk4dlvu52c672zhnujetbrpaidduebr2lzgtmykuqquacmtji,bernicecb.bsky.social,🇨🇦 Bernice Hillier 🇨🇦,"Filling out the census is mandatory, so refusing to do it can result in a fine of up to $500 for breaching the Statistics Act. However, StatsCan says May 12 is a reference date more than a deadline for Canadians to turn in their completed forms. #cdnpoli www.cbc.ca/news/politic...",,,,0,3,5,0,2026-05-12T09:53:38Z,NA,NA,NA,,,,,
at://did:plc:xfxzsqkyjwafy7x4lb5msd2y/app.bsky.feed.post/3mlnj3oulkk2s,bafyreialus2y5c6iwwrkgrvfld6yetojrg6d7ljmd3z54vyxvmf4cvgfvm,mythicaldragoness.bsky.social,MythicalDragoness 🇨🇦,"CPC  = USPC

The  Canadian PC party   =   US's  President's Choice  

#Cdnpoli",,,,0,0,0,0,2026-05-12T09:48:21Z,NA,NA,NA,,,,,
at://did:plc:kqqydztpv6lrkmynvlo7zsru/app.bsky.feed.post/3mlniyiz3ts2k,bafyreidawbodh2g5lulf5mbq5fioaubqqem3wkyh3skjrfa45l5ksqtrjq,kaicable.bsky.social,"Kai, a very old GenX 🇨🇦","Foreign Industry Groups Are Pushing to Kill BC Salmon Farm Ban.

Factory salmon farming has been plagued by massive fish die-offs, disease outbreaks and environmental disasters.

Canada’s policy to defend wild salmon should not be dictated by foreign industry. 

#bcpoli #cdnpoli 
shorturl.at/DQose",,,,0,3,5,0,2026-05-12T09:46:35Z,NA,NA,NA,,,,,
at://did:plc:xfxzsqkyjwafy7x4lb5msd2y/app.bsky.feed.post/3mlniw2mlf22s,bafyreifqtlbxnraxv7oow44zctaovszxpzrjecwz3acbpewh6ddagtlysm,mythicaldragoness.bsky.social,MythicalDragoness 🇨🇦,"  🍁  🙅  🍷 🍻 
Awww...he US  crying in their beer again.
FAFO !

It has been devastating,' U.S. spirits group says about Canadian alcohol boycotts
Distilled Spirits Council of the United States says global exports decreased in 2025 partly because of Canada
#Cdnpoli #USpoli  
www.cbc.ca/news/canada/...",,,,1,0,0,0,2026-05-12T09:45:14Z,NA,NA,NA,,,,,
at://did:plc:kqqydztpv6lrkmynvlo7zsru/app.bsky.feed.post/3mlniqrwoxk2k,bafyreihr2utbqj7khf6brgqxt5rlkyv2d7x5yh5hkqlb4pbtezchhjcj2i,kaicable.bsky.social,"Kai, a very old GenX 🇨🇦","The expansion of fish farming and industrial aquaculture comes at ecological, social, and climate costs that are often overlooked by neoliberal governments.

Mark Carney is looking at overturning the current fish farming ban.

#bcpoli #cdnpoli #canada

shorturl.at/UKFyI",,,,0,2,3,1,2026-05-12T09:42:19Z,NA,NA,NA,,,,,
at://did:plc:mwagtmvsxuqlgte5iqk3fndm/app.bsky.feed.post/3mlnidzgobk2x,bafyreicsls3hsofewhsonow7s6epvhucweh5l25nxdfh64u5ckuibujiru,lalegault.bsky.social,LA Legault ⚜️🤌🏻,"While Prime Minister @mark-carney.bsky.social was campaigning for the job we now employ him to do, he promised to strengthen social safety nets so Canadians could better deal with the rapidly changing landscape. He has not only broken that promise, he has reduced social safety nets. #cdnpoli",,,,0,9,21,0,2026-05-12T09:35:05Z,NA,NA,NA,,,,,
at://did:plc:abt5tpb7lqr7vopkrkwfswwq/app.bsky.feed.post/3mlni5hc42w2t,bafyreidzwalvyuhk7ifywmiorkumxsfvc3t3t7avejinbq6zlpfhchuny4,canadareport.org,Canada Report,"DutyFreeFood.com Opens Global Vendor & Investor Enrollment Ahead of Fall 2026 Launch of the World’s First Global Onli...

Canada’s fastest news scan: 25+ headlines, no clutter, updated all day: CanadaReport.org

#cdnpoli #Canada #News #Business #Economy 
Read Original Article 🔗",,,,0,0,0,0,2026-05-12T09:31:24Z,NA,NA,NA,,,,,
at://did:plc:k6a35s56ijvrb4zjkq4ojll5/app.bsky.feed.post/3mlni4qa4yg2k,bafyreicwrqxc7bfgjludqtdu6qu7g5uk7pwdckvb6onnwcojfdlmk6tv3q,toptags.bsky.social,Trending Hashtags,"🔥 BlueSky trending hashtags (30m) #16-30:

#auspol #boobs #birds #nature #cdnpoli #birdoftheday #stitchedjersey #cougar #eck #nipples #porn #furry #digitalart #青空ごはん部 #dick

👇 #1-15 trending hashtags",,,,0,0,1,0,2026-05-12T09:31:00Z,NA,NA,at://did:plc:z22iojvb45xno3nblfy6fcwg/app.bsky.feed.post/3mlni4ptfdn2s,,,,,
at://did:plc:4ownlsrdmnvwgzmcdi2bof6s/app.bsky.feed.post/3mlnhsyjlx22k,bafyreib4rofxb4hakrf2tezsj6ed2fjxzcyud4jf2fxz3ltltydygy64ja,peipolitical.bsky.social,PEIPolitical 🇨🇦,"RUBIO: ""Iran is violating every law by striking ships in the Hormuz..""
IRAN: ""US and Israel blew up 600 schools, killed over 1000 students in last 30 days. WAS THAT LEGAL?” #cdnpoli",,,,7,26,85,4,2026-05-12T09:25:34Z,NA,NA,NA,,,,,
at://did:plc:4ownlsrdmnvwgzmcdi2bof6s/app.bsky.feed.post/3mlnhpajfa22k,bafyreihfxhmwoyngkl42szy7qdd4x7deaqo3evcqkb43xhu77pw2lqkdz4,peipolitical.bsky.social,PEIPolitical 🇨🇦,"Netanyahu grabs a journalist's phone and openly threatens him, boasting he can easily paint anyone as a monster. #cdnpoli",,,,1,5,10,2,2026-05-12T09:23:28Z,NA,NA,NA,,,,,
at://did:plc:kqqydztpv6lrkmynvlo7zsru/app.bsky.feed.post/3mlnhib37ks2k,bafyreibuw52dg53x5tcqnuus7t4hxhrpxo572i2mobyfbqgpmdbybawmhu,kaicable.bsky.social,"Kai, a very old GenX 🇨🇦","Owners of Controversial Ostrich Farm Plan New Venture on Vancouver Island.

Local farmers are concerned about how they handled their previous avian flu outbreak.

Why are they allowed to continue to endanger other livestock and people?

#bcpoli #vanpoli #abpoli #cdnpoli #canada
shorturl.at/unNwS",,,,0,1,5,0,2026-05-12T09:19:36Z,NA,NA,NA,,,,,
at://did:plc:4ownlsrdmnvwgzmcdi2bof6s/app.bsky.feed.post/3mlnhhdaskc2k,bafyreigbb5awwv5pywm3xrsnb2cr7rdm6nuv3snqwnrpsnrazuughaa7ue,peipolitical.bsky.social,PEIPolitical 🇨🇦,Rod Stewart to King Charles III about Donald Trump: “May I say well done in the Americas. You were superb. Absolutely superb. You put that little rat bag in his place.” #cdnpoli,,,,3,18,53,1,2026-05-12T09:19:03Z,NA,NA,NA,,,,,
at://did:plc:z22iojvb45xno3nblfy6fcwg/app.bsky.feed.post/3mlnhbufnm62b,bafyreibuqdqjspt635moujc377deje34qlynjkcicpdjxzt2eclcn7y7hy,trendtags.bsky.social,Trending Tags (Beta),"🚀 BlueSky trending hashtags (15m):

#eqnz #aiイラスト #art #aiart #photography #sexy #oc #gay #nsfw #milf #auspol #gayporn #cdnpoli #섹블 #ai",,,,0,0,2,1,2026-05-12T09:15:58Z,NA,NA,NA,,,,,
at://did:plc:4ownlsrdmnvwgzmcdi2bof6s/app.bsky.feed.post/3mlnh7spyp22k,bafyreigyac5giq6rhwvofldpcy3p2qim747aan2qa622ljxkcjc2rtzqjy,peipolitical.bsky.social,PEIPolitical 🇨🇦,"MAGA Premier Smith asked if in light of the alleged voter data breach if she'd be comfortable sharing her address. 
""Nope."" #cdnpoli",,,,2,7,19,0,2026-05-12T09:14:50Z,NA,NA,NA,,,,,
at://did:plc:4ownlsrdmnvwgzmcdi2bof6s/app.bsky.feed.post/3mlnh4qfk6c2k,bafyreiefkub3lmbzzchpnag5w52gwsovpmljkdwfey4droqni6zyrmblui,peipolitical.bsky.social,PEIPolitical 🇨🇦,Trump: Drugs coming by sea meaning coming by water. A lot of people don’t know what I mean by sea. They think I mean vision. I’m talking about sea like the sea. #cdnpoli,,,,17,6,36,14,2026-05-12T09:13:07Z,NA,NA,NA,,,,,
at://did:plc:4ownlsrdmnvwgzmcdi2bof6s/app.bsky.feed.post/3mlngzlj3ms2k,bafyreich6ynh25xokxbmei4ntzs55svtwrsbo4h5u5cqdrapdz6qd6tvnq,peipolitical.bsky.social,PEIPolitical 🇨🇦,"Canada publicly rebuked the United States and Israel on the record:
“The United States and Israel acted without engaging the United Nations or consulting allies — including Canada.”
A NATO ally.
Calling this illegal under international law. #cdnpoli",,,,0,26,64,1,2026-05-12T09:11:21Z,NA,NA,NA,,,,,
at://did:plc:4ownlsrdmnvwgzmcdi2bof6s/app.bsky.feed.post/3mlngveg4o22k,bafyreieb56oqgcjnuzpt5dqun2llg4ae5k3c6qysjvurepilevl4kk37ju,peipolitical.bsky.social,PEIPolitical 🇨🇦,ZELENSKYY: We have also begun preparing such a Drone Deal with Canada. This is a very significant expansion of our security cooperation. #cdnpoli,,,,19,100,355,9,2026-05-12T09:08:59Z,NA,NA,NA,,,,,
at://did:plc:ig6dnt4tqgg7iwwtywx3bkvd/app.bsky.feed.post/3mlngro5q3c26,bafyreifkpv6p77rsxxpfzm5er4wdre7h5veu5l23pg3fsq6bvxfei36na4,robduncan.bsky.social,Rob Duncan,"RESEARCH ESTABLISHES THAT WEALTHIER PEOPLE ARE LESS ETHICAL

#auspol #USPOL #USA #us #uspoli #poli #politics #cdnpoli #canada #MeidasMighty #anticapitalist #capitalismkills #killCapitalism #capitalism #abolishcapitalism #fuckcapitalism #SocialJustice #ethics #ClassConsciousness #FalseConsciousness",,,,1,7,11,0,2026-05-12T09:06:57Z,NA,NA,NA,,,,,
at://did:plc:tyg2ztzq6goz3zgebqa7sjz3/app.bsky.feed.post/3mlngrhb4k4h2,bafyreifq5o6oo3zkkwmjbzpghqsjs2ccj37z6qrq6g3guaxa54vkhvss7e,mpjgregoire.cosocial.ca.ap.brid.gy,M. Grégoire,"(C-5 was the bill giving Cabinet the right to waive many existing laws for projects of national interest.)

This was from https://nitter.net/Smileyyeg/status/2053914504355070294#m

2/2

#CanPol #cdnpoli
#CBC #AtIssue",,,,0,0,0,0,2026-05-12T09:06:52Z,at://did:plc:tyg2ztzq6goz3zgebqa7sjz3/app.bsky.feed.post/3mlngnudhhtc2,at://did:plc:tyg2ztzq6goz3zgebqa7sjz3/app.bsky.feed.post/3mlngnudhhtc2,NA,,,,,
at://did:plc:4ownlsrdmnvwgzmcdi2bof6s/app.bsky.feed.post/3mlngqjro3c2k,bafyreihz2lzxh7m2i3g7tmwiof5wtvlxyu23cjmvjiujcow4wczybqzzg4,peipolitical.bsky.social,PEIPolitical 🇨🇦,"Trump: ""We have a man who is doing a great job. I knew it! Because he kept me out of jail for years. Acting Attorney General Todd Blanche. He kept me out of jail."" #cdnpoli",,,,8,17,27,2,2026-05-12T09:06:18Z,NA,NA,NA,,,,,
at://did:plc:ig6dnt4tqgg7iwwtywx3bkvd/app.bsky.feed.post/3mlngmy6xjs26,bafyreie3cmkymgqrqfggxcad2p2dxendv6bqj4yadzmcuprczctq7kqd4i,robduncan.bsky.social,Rob Duncan,#ClimateEmergency #Renewables #auspol #USPOL #USA #us #uspoli #poli #politics #cdnpoli #canada #MeidasMighty #america  #Ethics #ClimateJustice #bcpoli #abpoli #Klimapolitik #ClimateActionNow #ClimateChange #Climate #Ecosocialism #environment #Nature #BCClimateAction #capitalism #FalseConsciousness,,,,1,5,7,0,2026-05-12T09:04:22Z,NA,NA,NA,,,,,
at://did:plc:abt5tpb7lqr7vopkrkwfswwq/app.bsky.feed.post/3mlngikxvz22k,bafyreief3b4ld23ub4abd3gtovrsup5xjmhxq6wi723q6vfuub7wg7swce,canadareport.org,Canada Report,"Avortement avec une brochette de barbecue | Des policiers témoignent à l’ouverture du procès

Canada’s fastest news scan: 25+ headlines, no clutter, updated all day: CanadaReport.org

#cdnpoli #Canada #News 
Read Original Article 🔗",,,,0,0,0,0,2026-05-12T09:01:50Z,NA,NA,NA,,,,,
at://did:plc:ig6dnt4tqgg7iwwtywx3bkvd/app.bsky.feed.post/3mlngiawhzk26,bafyreifogbf6xsjd4rju7gzlgdmos2gusiixwh35jtocbv276hmol4bvt4,robduncan.bsky.social,Rob Duncan,"Capitalism creates a false consciousness which prevents us from achieving rational understanding.

#auspol #USPOL #USA #us #uspoli #poli #politics #cdnpoli #anticapitalist #capitalismkills #capitalism #abolishcapitalism #fuckcapitalism #SocialJustice #ethics #ClassConsciousness #FalseConsciousness",,,,1,1,4,0,2026-05-12T09:01:42Z,NA,NA,NA,,,,,
at://did:plc:spj2b3ftmpntvrx4mc4rz6nm/app.bsky.feed.post/3mlng6ddm4c2r,bafyreibs2wybgiv4ijunevcoh7l3oy42gkyludjxk3ckssh5jc3ytrgti4,kingonesock.bsky.social,Onesock,Leaving environmental protections behind in Canada is going to have consequences you don’t have anything if you don’t have a healthy environment. I think the federal govt is losing sight of the forrest for the trees #cdnpoli,,,,0,0,3,0,2026-05-12T08:56:06Z,NA,NA,NA,,,,,
at://did:plc:abt5tpb7lqr7vopkrkwfswwq/app.bsky.feed.post/3mlnescrias22,bafyreif23ubc3isj6sveim3iuzjoif4egkntppezdch5iyjnapsqtn2qsa,canadareport.org,Canada Report,"Xi-Trump Meet to Extend China Markets’ Trade-Detente Rally

Canada’s fastest news scan: 25+ headlines, no clutter, updated all day: CanadaReport.org

#cdnpoli #Canada #News #Business #Economy 
Read Original Article 🔗",,,,0,0,0,0,2026-05-12T08:31:29Z,NA,NA,NA,,,,,
at://did:plc:abt5tpb7lqr7vopkrkwfswwq/app.bsky.feed.post/3mlnd4tlj7c2j,bafyreiaffszwjwk233xmofkkwds5ovv6l5mzxtwttlfzibtlcowsxfbf34,canadareport.org,Canada Report,"Ontario | Le fédéral implantera un radar arctique en terre agricole

Canada’s fastest news scan: 25+ headlines, no clutter, updated all day: CanadaReport.org

#cdnpoli #Canada #News #onpoli 
Read Original Article 🔗",,,,0,0,0,0,2026-05-12T08:01:35Z,NA,NA,NA,,,,,
at://did:plc:xzgwn3nornr6v6cdd2fqsdru/app.bsky.feed.post/3mlncz42yfc2l,bafyreiedbdny2ox56bjtmp5oxfuvesom7khvrn734zxafntbmmafwsx2oq,mikemontreal.bsky.social,Montreal Mike🇨🇦,"I am running out of time to book a truck to be able to move before my lease renewal here in July.  I’m $1553 short.  Any help you can provide is urgently appreciated.  🫶🙏
#cdnpoli #workinglife 

gofund.me/28344bf43",,,,1,5,4,0,2026-05-12T07:59:30Z,NA,NA,NA,,,,,
at://did:plc:v3eup4rzroyniw2x7bmsdzgt/app.bsky.feed.post/3mlnclcdbmk2s,bafyreihdim67njnrck3lx4papj5dwq6qiws4qv3bxysfbknobmoiqb5d2y,spudislander45.bsky.social,Spudislander45 🇨🇦❤️🌎💪🫡,"#Democracy with Trump Administration 

Political artist #MichaelDeAdder #cdnpoli #USApoli #EUPOLI #AUSPOLI",,,,0,2,8,1,2026-05-12T07:51:47Z,NA,NA,NA,,,,,
at://did:plc:v3eup4rzroyniw2x7bmsdzgt/app.bsky.feed.post/3mlnbz6wunk2s,bafyreidr2pmm2wbl3z6uuue5hwlblma3re35a7x2hs7owroowruz6mctby,spudislander45.bsky.social,Spudislander45 🇨🇦❤️🌎💪🫡,"#Ontario NDP proactively contacts #RCMP, the Information and Privacy Commissioner, Secretary of Cabinet with concerns the current ON govt under #DougFord will destroy records. #cdnpoli #Ndp ##OnPoli #MaritStyles",,,,2,27,48,1,2026-05-12T07:41:39Z,NA,NA,NA,,,,,
at://did:plc:io6b3jymeb2uf2s2ytutzxcc/app.bsky.feed.post/3mlnbs7ters2k,bafyreigmqiygjvy2bqj7g4k2yqlqttfne4vs7vbrtfrsd7m3u4u7uzrroe,fightpoliceto.bsky.social,Fight Police Corruption Toronto,"I don't know anything more important than getting innocent people out of prison. The federal government is delaying the creation of an independent commission designed to review the miscarriage of justice claims of people wrongfully incarcerated. 

#cdnpoli

www.cbc.ca/radio/day6/w...",,,,0,0,0,0,2026-05-12T07:37:49Z,NA,NA,NA,,,,,
at://did:plc:ig6dnt4tqgg7iwwtywx3bkvd/app.bsky.feed.post/3mlnbrxhijc26,bafyreid2bmmq7g6qrxrs5d4bdoosze3rz3q3j2v4ghc53l7jvs2cdmqqju,robduncan.bsky.social,Rob Duncan,#ClimateEmergency #Renewables #auspol #USPOL #USA #us #uspoli #poli #politics #cdnpoli #canada #MeidasMighty #america  #Ethics #ClimateJustice #bcpoli #abpoli #Klimapolitik #ClimateActionNow #ClimateChange #Climate #Ecosocialism #environment #Nature #BCClimateAction #capitalism #FalseConsciousness,,,,0,6,24,0,2026-05-12T07:37:37Z,NA,NA,NA,,,,,
at://did:plc:v3eup4rzroyniw2x7bmsdzgt/app.bsky.feed.post/3mlnbpvnkuk2s,bafyreiednsz3fa32cki6rrrnr5pvdqhsbyjyyk5auxsw32jyjsitbntxkq,spudislander45.bsky.social,Spudislander45 🇨🇦❤️🌎💪🫡,"#America’s administration of misfits, scumbags and weirdos gather for their strange “briefing”.  

Dr Oz pipes up to DUMB DOWN  the term referring to #decline in #birthrates ➡️➡️➡️

“UNDER-BABIED” 

No #gender reference at all… 

#cdnpoli #ONPOLI #USAPOLI #womensrights",,,,0,0,1,0,2026-05-12T07:36:27Z,NA,NA,at://did:plc:4llrhdclvdlmmynkwsmg5tdc/app.bsky.feed.post/3mlllnap2zi23,,,,,
at://did:plc:ig6dnt4tqgg7iwwtywx3bkvd/app.bsky.feed.post/3mlnbhd6dfc26,bafyreibndfjlgkp5njbfonvhbgybcs67xz4ie6fh4fnpx73bbi5s4ytpea,robduncan.bsky.social,Rob Duncan,"And of course Trump is pushing for a 60% increase in military spending in this year's budget.

#pedopresident #Pedogarchy #Pedophocracy #25thAmendment #TraitorTrump #USPOL #USA #uspoli #poli #politics #cdnpoli #auspol #RemoveTrump #DonaldTrump #antifa  #FightOligarchy #DefundBillionaires #TrumPedo",,,,1,2,7,0,2026-05-12T07:31:40Z,NA,NA,NA,,,,,
at://did:plc:abt5tpb7lqr7vopkrkwfswwq/app.bsky.feed.post/3mlnbh63qgf22,bafyreign6gyltk5eqn2y364ufu3cg7lhl4ytzt35qwdrwbtaoet7wc4kjm,canadareport.org,Canada Report,"Thyssenkrupp Trims Sales View While Keeping Profit Target Intact

Canada’s fastest news scan: 25+ headlines, no clutter, updated all day: CanadaReport.org

#cdnpoli #Canada #News #Business #Economy 
Read Original Article 🔗",,,,0,0,0,0,2026-05-12T07:31:33Z,NA,NA,NA,,,,,
at://did:plc:ig6dnt4tqgg7iwwtywx3bkvd/app.bsky.feed.post/3mlnbbkwfhs26,bafyreicb2dzfo3ir5uc5qix3ol3ewx6ubtmmf5dddpgju4hqlrdjxkw4u4,robduncan.bsky.social,Rob Duncan,#pedopresident #Pedogarchy #Pedophocracy #25thAmendment #TraitorTrump #USPOL #USA #us #uspoli #poli #politics #cdnpoli #canada #auspol #MeidasMighty #america #history #RemoveTrump #DonaldTrump #Trump #TRUMP #FuckTrump #antifa #AntiTrump #fascistfelon #FightOligarchy #DefundBillionaires #TrumPedo,,,,0,2,9,0,2026-05-12T07:28:29Z,NA,NA,NA,,,,,
at://did:plc:v3eup4rzroyniw2x7bmsdzgt/app.bsky.feed.post/3mlnb5bqvm22s,bafyreidsuucjhz352y2mnalgqajk2wukv3phqxb6scgvbt5nvoofs3urw4,spudislander45.bsky.social,Spudislander45 🇨🇦❤️🌎💪🫡,"100% solidarity with Nurses, wherever they are. 

#Ontario, like many provincial govt, have not met the needs of healthcare workers and the patients they serve.  

#Canadians must support #nurses and value their concerns.  They are the FRONT LINE workers in #Healthcare. #cdnpoli #ONpoli #cdnhealth",,,,0,8,21,2,2026-05-12T07:26:02Z,NA,NA,NA,,,,,
at://did:plc:mwagtmvsxuqlgte5iqk3fndm/app.bsky.feed.post/3mlna74sbfc2k,bafyreiepzcc4oojcuphx5p3x7gs23kbdxicqnk2tidul7s54nklnshsb4q,lalegault.bsky.social,LA Legault ⚜️🤌🏻,Was no one paying attention? You’re surprised? #cdnpoli,,,,0,0,3,0,2026-05-12T07:09:10Z,NA,NA,at://did:plc:4euncr44a5aflpbcbjhvjvdo/app.bsky.feed.post/3mjanyjefja2t,,,,,
at://did:plc:q53ibv7ujf27tbhk7ar76tfz/app.bsky.feed.post/3mln7ukzkic2p,bafyreie5ldux6smqzxjnbsz3eynvtgyso7zamilflhrsju53vncv3wdowa,marc55.bsky.social,Marc 🍁,"Well ya found the guilty party.
Now.
Actually do something about it.
#ableg #cdnpoli",,,,0,4,13,0,2026-05-12T07:03:16Z,NA,NA,at://did:plc:yjctvuscyvjzfisuc7p4ey2x/app.bsky.feed.post/3mlmr77roi22q,,,,,
at://did:plc:abt5tpb7lqr7vopkrkwfswwq/app.bsky.feed.post/3mln7rdrwt322,bafyreibn6oqeuy2w36ibp27yewxhw6ln4yrqrltv6p22gfd3vfxtkohg6u,canadareport.org,Canada Report,"Canada | Des députés modifient un projet de loi pour y inclure les hypertrucages « quasi-nus »

Canada’s fastest news scan: 25+ headlines, no clutter, updated all day: CanadaReport.org

#cdnpoli #Canada #News 
Read Original Article 🔗",,,,0,0,0,0,2026-05-12T07:01:27Z,NA,NA,NA,,,,,
at://did:plc:q53ibv7ujf27tbhk7ar76tfz/app.bsky.feed.post/3mln7cforgc2p,bafyreignrlsqve2g3pz4a5hi73phszwhx6aeee4klgzc7rgs2mhegjkesm,marc55.bsky.social,Marc 🍁,"You support AI?
You lost my vote.
#cdnpoli",,,,0,0,2,0,2026-05-12T06:53:07Z,NA,NA,NA,,,,,
at://did:plc:abt5tpb7lqr7vopkrkwfswwq/app.bsky.feed.post/3mln63t7w432b,bafyreib7yub7uznobghiemvz5anooolf5c4m4lnra4bz4e6w3h6vowmyum,canadareport.org,Canada Report,"Merz to Meet German Coalition Partners as Reform Agenda Falters

Canada’s fastest news scan: 25+ headlines, no clutter, updated all day: CanadaReport.org

#cdnpoli #Canada #News #Business #Economy 
Read Original Article 🔗",,,,0,0,0,0,2026-05-12T06:31:32Z,NA,NA,NA,,,,,
at://did:plc:sekspfhdnbidv24p3hddei54/app.bsky.feed.post/3mln5tp5gc22i,bafyreibdotyjh2ms73irjdl46e7frxymskb6l63och6ufkjjk4jaqwv4ly,polisquirrel.bsky.social,Frociaggine Wheat Sheaf 🌾,"We’re gonna have these ai data centres forced on us across the country. With the environmental and social consequences.

And it’s all the oligopolies that profit?

“They’re going to be sexy as hell,” Evan Solomon quotes someone as saying. 

#cdnpoli #bcpoli

betakit.com/steel-concre...",,,,0,0,2,1,2026-05-12T06:27:01Z,NA,NA,NA,,,,,
at://did:plc:ifi6xqgbojwquosnkvzx3gna/app.bsky.feed.post/3mln5e3y5r22h,bafyreidxjoydyowawybjrkbr7c7bst2vvrk2kz5bjpc5iay7hwe4z776be,leftcoasttreefrog.bsky.social,Left Coast Tree Frog 🕊️,"EU negotiators agree new rules on vital medicines.
A new agreement aims to tackle the drug shortages that have plagued the bloc.  Among other things, it would make it easier to use public funds to support the production of essential medicines.
#cdnpoli
www.dw.com/en/eu-negoti...",,,,0,0,1,0,2026-05-12T06:18:16Z,NA,NA,NA,,,,,
at://did:plc:abt5tpb7lqr7vopkrkwfswwq/app.bsky.feed.post/3mln4g4rhrb2b,bafyreihh7ypotu75nczpitm35xtfpurplq6qbq4hmwrwlmpdfgx4ort4iu,canadareport.org,Canada Report,"Les députés et sénateurs canadiens réduisent les échanges avec leurs homologues américains

Canada’s fastest news scan: 25+ headlines, no clutter, updated all day: CanadaReport.org

#cdnpoli #Canada #News 
Read Original Article 🔗",,,,0,0,0,0,2026-05-12T06:01:30Z,NA,NA,NA,,,,,
at://did:plc:v3eup4rzroyniw2x7bmsdzgt/app.bsky.feed.post/3mln3ny3npc2v,bafyreih7obl3ztuskf2fras3gxposcfh2q6wyvhpaj2dmopqn2we7tshma,spudislander45.bsky.social,Spudislander45 🇨🇦❤️🌎💪🫡,"EU sanctions Israeli settlers West Bank 

#cdnpoli #uspoli #Palestine",,,,1,1,3,0,2026-05-12T05:48:00Z,NA,NA,NA,,,,,
at://did:plc:w7yhpanniwt2sweiorkvec7j/app.bsky.feed.post/3mln3my532c22,bafyreialax63vijs5jbmrdqxaztr6ffbevynjdzmtyt6vseihutusrn5hi,luciecatnip.bsky.social,Lucie🐈‍⬛Catnip ,"Oh hell no.

#cdnpoli",,,,0,1,9,0,2026-05-12T05:47:27Z,NA,NA,at://did:plc:kx375dszrbvqtu7o4xxxmojn/app.bsky.feed.post/3mlmrrryvrs2o,,,,,
at://did:plc:2afwbonvqumpbiksfxrddtfy/app.bsky.feed.post/3mln3cipjg22z,bafyreibq2nej5r6qha6ovmk3tjuv5twihdyb753ickndjpwgwsymjnjx6m,blackpanther25.bsky.social,Black Panther🍁💪🦫🇨🇦 Aɴᴛɪғᴀ✌️,"🇨🇦Which rodents carry hantavirus in Canada?
#Cdnpoli
#CanadaSky🍁

www.cbc.ca/news/health/...",,,,0,0,4,0,2026-05-12T05:41:36Z,NA,NA,NA,,,,,
at://did:plc:abt5tpb7lqr7vopkrkwfswwq/app.bsky.feed.post/3mln2qbphn32z,bafyreicbf2kh4wzxaxvbei7wsq5v4npmaemqnfcsh37p4npf6uqt4aikea,canadareport.org,Canada Report,"ALL ACCOR × ROLAND-GARROS: A PARTNERSHIP CENTERED ON EXPERIENCE

Canada’s fastest news scan: 25+ headlines, no clutter, updated all day: CanadaReport.org

#cdnpoli #Canada #News #Business #Economy 
Read Original Article 🔗",,,,0,0,0,0,2026-05-12T05:31:23Z,NA,NA,NA,,,,,
at://did:plc:7lk2ea67pioh2e7tqj5n7whh/app.bsky.feed.post/3mln2agvnkc25,bafyreicbiavjgjxfequqsqwomsmyz4rbpwkouw4zrjq4l4ffdrk5ei6d2e,samspade1941.bsky.social,Samuel Spade,"Ugh, India.

""One study found that 40 percent of all pro-Russia posts on Twitter globally came from Indian users. Many of those posts didn’t just support Russia – they attacked the countries criticizing Russia, most notably America.""

#cdnpoli #ukpol #auspol #uspol

thediplomat.com/2026/05/indi...",,,,1,0,5,0,2026-05-12T05:22:33Z,NA,NA,NA,,,,,
at://did:plc:xfp4seu2aokuv5zwseozwhjb/app.bsky.feed.post/3mlmzioizyk2g,bafyreicek4imx7s6gvviflefu6wfgpt7qnblyycddd6tzm3sx6dxruvfx4,mapboy.bsky.social,Cole 🚲,"This is so laughably stupid it's pathetic. I am so glad I didn't vote for this clown show and voted for my local NDP candidate before leaving my old riding of Hamilton Centre. All the neolibs defending him can fuck right off, you're a bunch of clowns too.
#cdnpoli #aislop",,,,1,0,7,0,2026-05-12T05:09:14Z,NA,NA,at://did:plc:kx375dszrbvqtu7o4xxxmojn/app.bsky.feed.post/3mlmrrryvrs2o,,,,,
at://did:plc:bw35mx7zohkm3fmtxtixidbz/app.bsky.feed.post/3mlmzi5xdsc2c,bafyreigeiko3quodkuu34z6clqg76zodrapzfvxxrhdyay5yy7vgbb4mge,dcapto.bsky.social,DCapTO,#ClimateCrisis is doing this. As our leaders double down on oil & gas and AI data centres. #cdnpoli,,,,1,1,5,0,2026-05-12T05:08:57Z,NA,NA,at://did:plc:c3roikkeki4hxu2gz7r5pljd/app.bsky.feed.post/3mlmpp72qt222,,,,,
at://did:plc:53ujb6cpbho7cmhqpwtjmag4/app.bsky.feed.post/3mlmzcevaxk2a,bafyreifckqu3qphtxipb3km7abg5sgbs5mlv7c7mhusi3ipz6abeog6js4,ladyjan.bsky.social,Lady Jan,"Yes: homes, hospitals, safe injection sites, attractions, museums/science centres, 
No: data centres that waste vast amounts of fresh water, land & energy. 
(Remember: just b/c the salesperson uses words you don’t know, doesn’t mean you must buy the snake oil)
#TimeToBuild #TheFuture #Waste #cdnpoli",,,,0,0,4,0,2026-05-12T05:05:43Z,NA,NA,at://did:plc:kx375dszrbvqtu7o4xxxmojn/app.bsky.feed.post/3mlmrrryvrs2o,,,,,
at://did:plc:ig6dnt4tqgg7iwwtywx3bkvd/app.bsky.feed.post/3mlmz7kvmjk2e,bafyreihzrhyv3aw7cr565jjsccl2in46kxqjqdivdqodgmeacrpsthb2tu,robduncan.bsky.social,Rob Duncan,#auspol #USPOL #USA #us #uspoli #poli #politics #cdnpoli #canada #MeidasMighty #america #communityovercapitalizm #history #Ethics #SocialJustice #LongerTables #DemocraticSocialist #Ecosocialism #Socialist #socialism #LeftIsBest #ClassConsciousness #FalseConsciousness #abolishcapitalism #HumanRights,,,,0,1,3,0,2026-05-12T05:04:10Z,NA,NA,NA,,,,,
at://did:plc:wm747lzgrn6v4xookpzdpytu/app.bsky.feed.post/3mlmz6q6sz22i,bafyreieu24mwyvmuyzamhxbevpeyrpridmhkvrp4eukrmbhlcshpblc6ju,justmzrawr.bsky.social,Just Ms.Rawr,"Welp. That's one way to drive down the housing market, but we still can't eat or drink data, and jobs are being made obsolete by AI, so the priorities are off, here. #cdnpoli",,,,0,2,4,0,2026-05-12T05:03:41Z,NA,NA,at://did:plc:kx375dszrbvqtu7o4xxxmojn/app.bsky.feed.post/3mlmrrryvrs2o,,,,,
at://did:plc:ig6dnt4tqgg7iwwtywx3bkvd/app.bsky.feed.post/3mlmz527xak2e,bafyreie3lppd7wwvprldyncq45mwjbifhnamb3bubbpjieuwopfjrhsvmu,robduncan.bsky.social,Rob Duncan,"CAPITALISM IS THE PROBLEM

#auspol #USPOL #USA #us #uspoli #poli #politics #cdnpoli #canada #MeidasMighty #america #history #anticapitalism #anticapitalist #capitalismkills #killCapitalism #capitalism #abolishcapitalism #fuckcapitalism #SocialJustice #ethics #ClassConsciousness #FalseConsciousness",,,,0,3,11,0,2026-05-12T05:02:46Z,NA,NA,NA,,,,,
at://did:plc:abt5tpb7lqr7vopkrkwfswwq/app.bsky.feed.post/3mlmz2vwars2k,bafyreifyluvkr2lg3mvssgs7pjsyzzvwfqffq7z2nzgytcr63uyzcvdc4m,canadareport.org,Canada Report,"Camionnage | Un poids lourd intercepté avec des pneus et des freins déficients

Canada’s fastest news scan: 25+ headlines, no clutter, updated all day: CanadaReport.org

#cdnpoli #Canada #News 
Read Original Article 🔗",,,,0,0,0,0,2026-05-12T05:01:32Z,NA,NA,NA,,,,,
at://did:plc:hxcxag3apoqmi5kcecebbxbm/app.bsky.feed.post/3mlmxtqvwtc2a,bafyreiafuh4arnlkuxymuk7rg5iwb6esrbogbpyfalhemd73gtvjct7u5i,thoughtsnations.bsky.social,Blackfoot Niitsítapi🪶🇨🇦🇺🇸🏳️‍🌈🏳️‍⚧️💙🌎🐾🐾🐝🦋🦅🦬🦫🐋🦆🦉🐧🐦‍⬛🐻🦊,"#CTV-#PowerPlay every political pundit on today talking about the #MajorProjects are all Caucasians!

Don’t ever speak for my people settlers! 🪶😡🌲🌳🦬🦅🦌🐦‍⬛🐺🦊🦉🦫🐟🐋 #ClimateCrisis #TreatyRights #cdnpoli",,,,0,2,3,0,2026-05-12T04:39:39Z,NA,NA,NA,,,,,
at://did:plc:abt5tpb7lqr7vopkrkwfswwq/app.bsky.feed.post/3mlmxf4aptb2p,bafyreif576ms7e65pfuoirdkbdxrzqjeokuwuth6ink4jke53bfewh6dsu,canadareport.org,Canada Report,"Constellation Software Inc., Topicus.com Inc. and Lumine Group Inc. Announce Update to Schedule for Annual Meetings

Canada’s fastest news scan: 25+ headlines, no clutter, updated all day: CanadaReport.org

#cdnpoli #Canada #News #Business #Economy 
Read Original Article 🔗",,,,0,0,0,0,2026-05-12T04:31:27Z,NA,NA,NA,,,,,
at://did:plc:43fith5mnhgvqiafxbp3jq6m/app.bsky.feed.post/3mlmxcouu5s2z,bafyreihhkoaqdpuk4cvlm25maxnrydt3divbmvl4z2xqhfl7piby4gmaee,greencalvin.bsky.social,Calvin Beauchesne,"Alberta has regulations that restrict wind and solar development in areas deemed ‘pristine viewscapes’. The tar sands are visible from outer space. So if it’s big enough to see from space its ok, as long as you can’t see it from your front yard. thenarwhal.ca/alberta-oils... #cdnpoli #abpoli",,,,1,4,5,0,2026-05-12T04:30:49Z,NA,NA,NA,,,,,
at://did:plc:eix3tk3r26zi2p3vyreh3k3b/app.bsky.feed.post/3mlmxaaabv222,bafyreif32xvtx7w3udw26qyqpi6gzvssqfaqqltk2i7px5fdisxz7pef2i,atomicker.bsky.social,NA,"From January - even before the US & Israel attacked #Iran: 

'Canada’s food prices are rising faster than in other major economies, prompting some experts to describe the country as the ""food inflation capital of the G7.""'

#Canada #CDNPoli #CostOfLivingCrisis #Greedflation #Polycrisis",,,,0,2,3,0,2026-05-12T04:28:37Z,NA,NA,NA,,,,,
at://did:plc:sict2qz7mqqa4x27syaowhns/app.bsky.feed.post/3mlmx2zn57c2c,bafyreiebrufxsfop4mu3oru4ajqasz44xxyq6cltd3xf25aey4cera575e,prairiesocial.bsky.social,Prairie Socialist 🇨🇦,"Right now much of our data is stored in the US and is subject to USian law - I much prefer keeping that data in Canadian hands.
The lack of control over our info that is stored in foreign hands is a huge security risk - this is timely and important. We need these for Gripens too.
#canada #cdnpoli",,,,3,0,5,1,2026-05-12T04:25:49Z,at://did:plc:kx375dszrbvqtu7o4xxxmojn/app.bsky.feed.post/3mlmrrryvrs2o,at://did:plc:kx375dszrbvqtu7o4xxxmojn/app.bsky.feed.post/3mlmrrryvrs2o,NA,,,,,
at://did:plc:eix3tk3r26zi2p3vyreh3k3b/app.bsky.feed.post/3mlmwxjlqrs22,bafyreigmfmd2upjj7xx3ltzmof34ldhdv3tloytv5l6bh6bfts6b4u5o5m,atomicker.bsky.social,NA,"""UN's top court says failing to protect planet from climate change could violate international law""

""'Clean, healthy and sustainable environment' is a human right, International Court of Justice says""

www.cbc.ca/news/science...

#ClimateCrisis #CDNPoli #Canada #NoPipelines #ClimateChange",,,,0,2,4,0,2026-05-12T04:23:48Z,NA,NA,NA,,,,,
at://did:plc:mv6loxcddhj3i6pzfvzicc36/app.bsky.feed.post/3mlmwwh6fmk2u,bafyreia2eyq52do4onv552hj64twlkziviammh7zxu6fmk3lk3usfefstq,dennisjkoch.bsky.social,"Dennis ""dejay"" Koch","THE SHATTERED ALLIANCE: America Has Betrayed Canada For The Last Time

The handshake is shattered. The miracle is burning. And as a veteran, I’m telling you: Canada is done playing the vassal.

Elbows up.

#USA #Trump #uspoli #cdnpoli #ElbowsUp

youtu.be/f8O0KLi90p0",,,,0,0,0,0,2026-05-12T04:23:17Z,NA,NA,NA,,,,,
at://did:plc:uxj5ihyuzrgxmuvjeanl57ys/app.bsky.feed.post/3mlmw2bt55g72,bafyreifr7aqtibnedlrwusgqeupo66nkcg4e5ydidlayd62amrgjgwm3bm,chris.mstdn.chrisalemany.ca.ap.brid.gy,Chris Alemany🇺🇦🇨🇦🇪🇸,"There are increasing rumours and reports that two things are happening with the Royal Canadian Air Force.

1) that the Snowbirds may be replaced or cancelled

2) that a decision is imminent on the F35 or split Gripen fighter fleet.

This “long shot” prediction from Esprit de Corps Canadian […]",,,,1,3,0,0,2026-05-12T04:07:37Z,NA,NA,NA,,,,,
at://did:plc:abt5tpb7lqr7vopkrkwfswwq/app.bsky.feed.post/3mlmvpbl6fn2t,bafyreid3mbimveufqlckd2e4vb6kikcxzwqdpvyvk764aiju4cpjp6x6za,canadareport.org,Canada Report,"Dossier santé numérique | Un départ chaotique lundi matin

Canada’s fastest news scan: 25+ headlines, no clutter, updated all day: CanadaReport.org

#cdnpoli #Canada #News 
Read Original Article 🔗",,,,0,1,1,0,2026-05-12T04:01:21Z,NA,NA,NA,,,,,
at://did:plc:i2dpzc6vwt6wohl7h3pxowad/app.bsky.feed.post/3mlmvmjldoc2h,bafyreicqqdxxus2zquuq5c45euxgvhfggttcun5bq4ztvr3bp4fu2ymxzy,ldorak.bsky.social,Ldora🍉🌻🍁,"Jfc. We need to stop Carney. He knows his time is limited and he's going to do as much damage as he can for his technocrat friends and handlers before he goes. A complete sellout traitor.

Call and write to your Liberal MPs, they don't have to go along with this destructive insanity.

#cdnpoli",,,,0,1,4,0,2026-05-12T03:59:50Z,NA,NA,at://did:plc:kx375dszrbvqtu7o4xxxmojn/app.bsky.feed.post/3mlmrrryvrs2o,,,,,
at://did:plc:bfypaxsdpfcj4i2t5qkeu3eh/app.bsky.feed.post/3mlmvggavys2t,bafyreiglggan3vaabhdrdub2zicxcyy3ojzd3znr4eje7hzqasrkejffjq,conorcurtis.bsky.social,Conor Curtis,"Again: policyoptions.irpp.org/2026/04/carn...

There are legitimate reasons to get off U.S. tech & shift Canadians' data to non-U.S. locations.

But building out AI is largely just a scam - an environmentally costly bubble. Steel/concrete/code is not worth cutting services like pharmacare. #CDNpoli",,,,3,15,35,3,2026-05-12T03:56:26Z,NA,NA,NA,,,,,
at://did:plc:3tyv5bvel6rvtaycd3gsk6xd/app.bsky.feed.post/3mlmvgbujss26,bafyreigfcylsstafbfxqqse2twteava4kfim4jpul6qk4z23gkkb3hbgcq,therealmothman.bsky.social,"Izzy, The Mothman","At this point I think it's safe to say that Mark Carney is a bigger and more active threat to Canada than Pierre Poilievre or Danielle Smith. At least their power is extremely limited, Carney's just able to do whatever and fuck us all in the process. #cdnpoli",,,,3,1,6,0,2026-05-12T03:56:19Z,NA,NA,NA,,,,,
at://did:plc:mwagtmvsxuqlgte5iqk3fndm/app.bsky.feed.post/3mlmv7q6m222u,bafyreifvux3cbbchgdqnksunoug6qfaw54fhqg3xl33f7z5kcbwjx5245u,lalegault.bsky.social,LA Legault ⚜️🤌🏻,Elizabeth May is warning 🇨🇦 that it isn’t Poilievre vs. Carney. It is the Liberals and the Conservatives against Canadian democracy. #cdnpoli,,,,1,3,8,0,2026-05-12T03:52:39Z,NA,NA,NA,,,,,
at://did:plc:4xqt7t2zph634drigtdxdmro/app.bsky.feed.post/3mlmv2skorc2l,bafyreiez7lbl3kg4zhlvqdh5s3ly2s5oxvqeel35stvzs3w35sxjzfjnp4,journodale.bsky.social,Dale Smith,"For the late/west coast crowd, my Loonie Politics column: Jason Kenney wants the rest of Canada to clean up his mess #cdnpoli",,,,0,2,8,0,2026-05-12T03:49:54Z,NA,NA,NA,,,,,
at://did:plc:67mpqdmuvarollmm2lqcz6ac/app.bsky.feed.post/3mlmuvbqibc26,bafyreie3xjhcqehibopvyx3m6mjw4iztz34e7j565ougejarpkokyuix2u,coldcollective.bsky.social,4restKC,"Oh yes I'm sure that's fine. 

Who needs ambulances to be timely anyways.

#cdnpoli #abpoli #ableg",,,,0,2,3,0,2026-05-12T03:46:48Z,NA,NA,NA,,,,,
at://did:plc:swu4joy4bgsjrypfbnuckkt7/app.bsky.feed.post/3mlmu63wjz22f,bafyreicwgq77zmuq7ckg4kzow2cfloqzxbfg5owa6ew2atc44gczbqvntq,bornat3b.bsky.social,Born @ 3B #StandUp 🇨🇦,"Why do people want this? Why do they think it will not get this way in any country that allows this? 

youtube.com/shorts/H7FMJ...

#CdnPoli
#ABleg",,,,0,0,0,0,2026-05-12T03:33:53Z,NA,NA,NA,,,,,
at://did:plc:abt5tpb7lqr7vopkrkwfswwq/app.bsky.feed.post/3mlmtzw5w7t2k,bafyreiaxbm2qnskebcwdpz46ye5brs566jj57eyt7chmtefkbnyceklvku,canadareport.org,Canada Report,"US Colleges Report 20% Drop in Foreign Students Over Visa Clampdown

Canada’s fastest news scan: 25+ headlines, no clutter, updated all day: CanadaReport.org

#cdnpoli #Canada #News #Business #Economy 
Read Original Article 🔗",,,,0,0,0,0,2026-05-12T03:31:30Z,NA,NA,NA,,,,,
at://did:plc:jfzh2unjcjsnbw3nntyaipgr/app.bsky.feed.post/3mlmtpxlsm22l,bafyreie2m6mxvrduzar5dc3ov7x6imxci2be3mtx3soxdg5jf4jv7wofem,authorpcollins.bsky.social,NA,"#MTVStars #OscarSoWhite #Vote #Vote4Climate #ItsOurVote #NextElection #CdnPoli #Elxn44 #nomination #awards #award #filmfestival #film #vote #cinema #nominee #theatre #filmmaker #music #shortfilm #director #actor #acteur #mediaset  
www.youtube.com/shorts/iLfun... 
www.msn.com/en-ca/news/w...",,,,0,0,1,0,2026-05-12T03:25:56Z,NA,NA,NA,,,,,
at://did:plc:w7yhpanniwt2sweiorkvec7j/app.bsky.feed.post/3mlmtkxflk22q,bafyreiezmdataih6wuggqujcx6fe5ozdtu6irjp63mte2koqmdymx3jyku,luciecatnip.bsky.social,Lucie🐈‍⬛Catnip ,"You can ban books in school libraries but you can't stop kids from reading them.

calgary.citynews.ca/2026/05/11/a...

#abpoli #cdnpoli",,,,1,21,74,0,2026-05-12T03:23:11Z,NA,NA,NA,,,,,
at://did:plc:3gunqxzhhjp4aicvukudv55y/app.bsky.feed.post/3mlmtkeoqhc23,bafyreifddaxfhhvekqi44gi2headxkpiwhc4dicruhirdaqns2ozdiectu,thekimberglund.bsky.social,kim berglund,"It's time to make Avi Lewis Prime Minister. 
We need many things in BC and Canada but resource sucking billionaire profiting data centres that are a blight on this planet, aren't one of them.

#bcpoli #cdnpoli",,,,0,1,4,0,2026-05-12T03:19:25Z,NA,NA,at://did:plc:kx375dszrbvqtu7o4xxxmojn/app.bsky.feed.post/3mlmrrryvrs2o,,,,,
at://did:plc:deej5pakczvmljahhvrridlp/app.bsky.feed.post/3mlmtev2qmc2i,bafyreifjf5st4t7ggm6aqsedabtadvsyqyk5524y4ztfcr776imhzjhnvi,pat112.bsky.social,Pat,"The review of CUSMA is actually a non event as it requires nothing to be done . 

However the breaking of CUSMA and other potential illegal acts by the US are the real issue and no deal,  CUSMA or otherwise,  can stop that. 

#Cdnpoli #Uspoli",,,,0,0,1,1,2026-05-12T03:19:45Z,NA,NA,NA,,,,,
at://did:plc:4wtl4ihomtq4zax5cz2y62us/app.bsky.feed.post/3mlmt6tdklk27,bafyreifm5ye4hwb3hk2gknsysvyyv3l767vtnmvx4d77l5rkveudszjp5i,shireenj.bsky.social,Shireen Anne Jeejeebhoy ,Solar powered? Wind powered? Geothermal? Or are you going to pollute the air and accelerate #ClimateChange by using coal or natural gas to create electricity? Building should be sustainable and futuristic not anachronistic. Right 🇨🇦? 😀 #cdnpoli,,,,2,0,2,0,2026-05-12T03:16:22Z,NA,NA,at://did:plc:kx375dszrbvqtu7o4xxxmojn/app.bsky.feed.post/3mlmrrryvrs2o,,,,,
at://did:plc:lanvmgthztbuwa3ieqcrzsys/app.bsky.feed.post/3mlmt3abmd22n,bafyreig4244zc4pexk4a7zvk6guveu7q36sm5ip5o4b4szavzlyzu4aq4u,hab3261.bsky.social,Hazel B. 🇨🇦,"The previous statement about him cooperating was a total lie. IMO, Parker plans on selling names to the highest bidder. This is going to be a massive money-making machine for him. #ableg #abpoli #cdnpoli",,,,2,7,17,1,2026-05-12T03:14:22Z,NA,NA,NA,,,,,
at://did:plc:w7yhpanniwt2sweiorkvec7j/app.bsky.feed.post/3mlmt2xoz7k2q,bafyreifmogmsmhlask7p73hgmbmrid6kzpo5jborhb46qhfgk66vhuhnk4,luciecatnip.bsky.social,Lucie🐈‍⬛Catnip ,"""Alberta’s Premier is not ruling out using her authority to approve a provincial separation vote this October, a move independence leaders are now openly urging her to make.""

This is a move members of her own caucus oppose.

#abpoli #ableg #cdnpoli

calgary.citynews.ca/2026/05/11/d...",,,,5,14,16,1,2026-05-12T03:14:14Z,NA,NA,NA,,,,,
at://did:plc:yqoefaqh7523t2hw3wo2g2gw/app.bsky.feed.post/3mlmszcbyqc2y,bafyreignamve577vlf4xd4soh6iz4hbyb34vj63s2jlzq2zrdotpfmnkjq,mariloupage.bsky.social,Marilou,"Le gouvernement Carney a fait le virage techno-fasciste à une vitesse que je n’avais pas anticipé.

Personne ne veut de tes centres de données de 💩

#CdnPoli #stopAI #stopdatacenters",,,,1,1,10,0,2026-05-12T03:13:16Z,NA,NA,at://did:plc:kx375dszrbvqtu7o4xxxmojn/app.bsky.feed.post/3mlmrrryvrs2o,,,,,
at://did:plc:jeibpuiku4aeybewdxqab4w3/app.bsky.feed.post/3mlmsprmkcs2n,bafyreifjbearawxpn6xtp2agjgs775373fasurg6tmtak6zblymtbpzsw4,westernhemlox.bsky.social,Western Hemlox,#cdnpoli,,,,0,0,3,0,2026-05-12T03:07:56Z,NA,NA,at://did:plc:xpgujbkkrjevueb53vpgnetz/app.bsky.feed.post/3mlms22p7lk22,,,,,
at://did:plc:76e4qryfph6q4wmz3li6v2l6/app.bsky.feed.post/3mlmsmy5bcs2h,bafyreie3pn4dlbffgxpg2dihrld2c3fo4pysfkkompbl3vhjxb73lkmiz4,stacescases2.bsky.social,StacesCases2 🇨🇦 📎,"In a stunning interview following her meeting with @mark-carney.bsky.social, @slotkin.senate.gov admitted that #American industries are “feeling it deeply” as Trump’s tariff strategy backfires against the #UnitedStates economy. 🇨🇦 #Cdnpoli #ABpoli #Ableg
youtu.be/ESEAG24GdfI?...",,,,1,3,5,1,2026-05-12T03:06:24Z,NA,NA,NA,,,,,
at://did:plc:tlkakpjayncxubstzzd4dwdt/app.bsky.feed.post/3mlmshfk5jk2o,bafyreihxqqdw37dzwzny7ugtymxpu5ybtpjpyuizmp4t75u4enqzqaop4i,cyborgk9.bsky.social,Cyborg K9 🌹,"""But the Conservatives would be worse…!"" Really? I'm not sure their policies would be much different than what the Liberals are doing under Carney.

Carney's main benefit is that he isn't quite as odious as Poilievre, but that's about it.

#cdnpoli",,,,0,0,1,0,2026-05-12T03:03:15Z,at://did:plc:tlkakpjayncxubstzzd4dwdt/app.bsky.feed.post/3mlmscpqkyk2o,at://did:plc:tlkakpjayncxubstzzd4dwdt/app.bsky.feed.post/3mlmrus4rjc2l,NA,,,,,
at://did:plc:mwagtmvsxuqlgte5iqk3fndm/app.bsky.feed.post/3mlmsfncfq22u,bafyreibbiusopp5iepfi4enszouyf33knqfrbxv3ghi7t7mfauk5hofh7a,lalegault.bsky.social,LA Legault ⚜️🤌🏻,"It can all be over @elizabethemay.bsky.social, if you would just request an Epstein investigation in the House of Commons. You will be remembered forever as the politician who put country over political class. #cdnpoli",,,,1,6,7,0,2026-05-12T03:02:18Z,NA,NA,NA,,,,,
at://did:plc:abt5tpb7lqr7vopkrkwfswwq/app.bsky.feed.post/3mlmse6v6u32d,bafyreicbewyvas2rk54atnoofpnb2bui2wjd5na7qlg2u27qgjzw33jhli,canadareport.org,Canada Report,"Étudiants étrangers | Les effectifs au plus bas depuis la pandémie

Canada’s fastest news scan: 25+ headlines, no clutter, updated all day: CanadaReport.org

#cdnpoli #Canada #News 
Read Original Article 🔗",,,,0,0,0,0,2026-05-12T03:01:27Z,NA,NA,NA,,,,,
at://did:plc:tlkakpjayncxubstzzd4dwdt/app.bsky.feed.post/3mlmscpqkyk2o,bafyreig6c7rhbc6j4awjvmcg3uie2jtr5smffpzxi7bcbwfhqgvi6mjnjy,cyborgk9.bsky.social,Cyborg K9 🌹,"What we want: UBI, better healthcare, better public transit, better railways, an end to fossil fuel extraction, a transition to renewable energy, and taxing the rich more.

What Carney is giving us: AI data centres, privatization, cuts to public services, probably an oil pipeline… :/

#cdnpoli",,,,2,2,4,0,2026-05-12T03:00:38Z,at://did:plc:tlkakpjayncxubstzzd4dwdt/app.bsky.feed.post/3mlmrvs2xi22l,at://did:plc:tlkakpjayncxubstzzd4dwdt/app.bsky.feed.post/3mlmrus4rjc2l,NA,,,,,
at://did:plc:i2grq5k4gqwyilcjuftzluyx/app.bsky.feed.post/3mlmrwjnd4s2y,bafyreid6vvithar5dc5wjzgpmk5fqsenbjyckhqv7a4qrflhpnrsevtqkm,voscovery.bsky.social,Richard Price 🇨🇦,The Danielle Smith of the last week is totally rattled. Prove me wrong. #cdnpoli,,,,0,0,1,0,2026-05-12T02:53:50Z,NA,NA,NA,,,,,
at://did:plc:pizr3tyqsxwuxprk3pvx2yv3/app.bsky.feed.post/3mlmrvxf6qk2n,bafyreig22zdgugaddt4hojaphyysf3biuo4fl43d7eqtx5l5yefqiqoysm,canuck666.bsky.social,Max,"A 42% decline.

Things simply will not be the same anymore. 

A lot of US small businesses will fold by next year. 

#Canada #cdnpoli #ONpoli #ABpoli

www.youtube.com/watch?v=AKSq...",,,,1,3,6,0,2026-05-12T02:53:32Z,NA,NA,NA,,,,,
at://did:plc:tlkakpjayncxubstzzd4dwdt/app.bsky.feed.post/3mlmrvs2xi22l,bafyreiar66efylmhdpywzwmlbiglqdqxr3r4ufsgcrjnzmq72acy2e7jne,cyborgk9.bsky.social,Cyborg K9 🌹,"Have I mentioned I am not very fond of Mark Carney or the Liberals in general? :/

#cdnpoli",,,,1,0,0,0,2026-05-12T02:53:24Z,at://did:plc:tlkakpjayncxubstzzd4dwdt/app.bsky.feed.post/3mlmrus4rjc2l,at://did:plc:tlkakpjayncxubstzzd4dwdt/app.bsky.feed.post/3mlmrus4rjc2l,NA,,,,,
at://did:plc:tlkakpjayncxubstzzd4dwdt/app.bsky.feed.post/3mlmrus4rjc2l,bafyreicew4dq2l3t7ilbtjju2ofqykdf6szk5py5n5vemm3ojekvbgflxi,cyborgk9.bsky.social,Cyborg K9 🌹,"""It's time to pollute the environment and make people dumber with AI data centres!""

#cdnpoli",,,,1,0,6,0,2026-05-12T02:52:51Z,NA,NA,at://did:plc:kx375dszrbvqtu7o4xxxmojn/app.bsky.feed.post/3mlmrrryvrs2o,,,,,
at://did:plc:oprhya4c3rd3prfyypchbd2l/app.bsky.feed.post/3mlmruasyss2v,bafyreih4kx5fun6ct5x2v4tce6ps7yuh5goh2qm6ygpbolqjw6n6s66hsm,ruthmkb.bsky.social,ruthko,"I ❤️ you, Elton!!!

#EltonJohn #Canadian #cdnpoli 

 www.facebook.com/share/r/1CaP...",,,,0,0,2,0,2026-05-12T02:52:33Z,NA,NA,NA,,,,,
at://did:plc:upeoyam5mpawsxn22wmxezfk/app.bsky.feed.post/3mlmrdfhtts2t,bafyreih6ro3jrcmi2gghw4fbx4v2wcfsue7zvzsnkzmakzfoarfptrjsi4,catalystmeow.bsky.social,Cat Alyst 🇨🇦 (they/she),"As Trump and others aim to separate Alberta from Canada, petitions (signable by Canadians, shareable by anyone) urge Canada's government to fight separatism:

1️⃣ www.ourcommons.ca/petitions/en...

2️⃣ www.ourcommons.ca/petitions/en...

3️⃣ www.ourcommons.ca/petitions/en...

#CdnPoli #USDemocracy #MomSky",,,,2,10,12,0,2026-05-12T02:43:10Z,NA,NA,NA,,,,,
at://did:plc:glx2iftaxaiirglk3auu7htn/app.bsky.feed.post/3mlmrc5uebk26,bafyreih7um7aziqiycgzfiin4i4d4zqysek533ktps5jf2bhdi2i27c63q,audricmoses.bsky.social,Audric Moses 🇨🇦,"WOW! First Nations were the most supporti — oh...nevermind...

#ableg #cdnpoli",,,,2,2,9,0,2026-05-12T02:42:30Z,NA,NA,NA,,,,,
at://did:plc:abt5tpb7lqr7vopkrkwfswwq/app.bsky.feed.post/3mlmqoqjpel27,bafyreih5twclnb62mqa4clkjoixze2io5ces25dia6n3pgbun6wajv7qq4,canadareport.org,Canada Report,"IFM Issues Ultimatum Over A$3 Billion Australia Fuel Project

Canada’s fastest news scan: 25+ headlines, no clutter, updated all day: CanadaReport.org

#cdnpoli #Canada #News #Business #Economy 
Read Original Article 🔗",,,,0,0,0,0,2026-05-12T02:31:34Z,NA,NA,NA,,,,,
at://did:plc:mv6loxcddhj3i6pzfvzicc36/app.bsky.feed.post/3mlmqjdcfim23,bafyreidv5zfmpxrfpa4bpvtvhabwan5lhcp4b5q7mhakwykh4sdmt2a7hi,dennisjkoch.bsky.social,"Dennis ""dejay"" Koch","Cancel the Referendum!

#Canada #cdnpoli #abpoli #ableg #YEG #YYC #AlbertaUCP

youtube.com/shorts/PYAXn...",,,,0,4,7,0,2026-05-12T02:28:34Z,NA,NA,NA,,,,,
at://did:plc:eaeuyrvdlqvjgznelgcdimct/app.bsky.feed.post/3mlmpqy4hoc2i,bafyreigsyfc2jsnzvs4akf4l4otfa4gyptd4arunhglhju3lwszklouaxi,madhat59kenwood.bsky.social,Ken Wood part owner of 🇨🇦,👍🇨🇦💪 #cdnpoli,,,,0,0,4,0,2026-05-12T02:14:55Z,NA,NA,at://did:plc:xl5gwwaeebelpr6lij65rmmu/app.bsky.feed.post/3mlmkpgnkhs2r,,,,,
at://did:plc:abt5tpb7lqr7vopkrkwfswwq/app.bsky.feed.post/3mlmoyyk3tt2b,bafyreifuuibo3asn4nkf4ayshtzi4lw7satwlmjkfe5hbdx7ivxfqzp5qm,canadareport.org,Canada Report,"MV Hondius | Les Canadiens à bord n’ont pas eu de contact direct avec une personne infectée

Canada’s fastest news scan: 25+ headlines, no clutter, updated all day: CanadaReport.org

#cdnpoli #Canada #News 
Read Original Article 🔗",,,,0,0,0,0,2026-05-12T02:01:31Z,NA,NA,NA,,,,,
at://did:plc:mwagtmvsxuqlgte5iqk3fndm/app.bsky.feed.post/3mlmoqvvwo22u,bafyreiamezndqeqqrqllmit3qe5j3cqmiskutalrswdgzm7ejo4hcctrhu,lalegault.bsky.social,LA Legault ⚜️🤌🏻,I don’t think anyone should be surprised at this juncture to find out this investment is already being diverted to prioritize men’s teams over women’s teams. #cdnpoli,,,,1,3,2,3,2026-05-12T01:57:05Z,NA,NA,NA,,,,,
at://did:plc:w4xgktzvnu4xyy37xlgp3xki/app.bsky.feed.post/3mlmodwo3q22r,bafyreibkvfv7h6wifzvd4sz4viqj7gftwzigkneyfgeqqwgfgyzl6bhug4,cindylee2102.bsky.social,Lil Cin 🇨🇦,"The very least the #UCP could have done was provide information to us about how to protect ourselves, not fall for scams, etc. 

They couldn't even do the bare minimum!

#ableg #abpoli #cdnpoli",,,,1,11,20,0,2026-05-12T01:49:45Z,NA,NA,at://did:plc:c2avovzu36xeqw2icvxfiz4b/app.bsky.feed.post/3mlmepxugds2m,,,,,
at://did:plc:mwagtmvsxuqlgte5iqk3fndm/app.bsky.feed.post/3mlmo2j2k4k24,bafyreihwpxrxa7lrd2d5qlsxbzhrr2lj5qhxssxk5olmolusb44hngrrci,lalegault.bsky.social,LA Legault ⚜️🤌🏻,👇🏻more on how the Liberals are obfuscating to erase Indigenous people. #cdnpoli,,,,0,1,3,0,2026-05-12T01:44:29Z,at://did:plc:mwagtmvsxuqlgte5iqk3fndm/app.bsky.feed.post/3mlmg7tan4c2b,at://did:plc:mwagtmvsxuqlgte5iqk3fndm/app.bsky.feed.post/3mlkohkfib22d,NA,,,,,
at://did:plc:mwagtmvsxuqlgte5iqk3fndm/app.bsky.feed.post/3mlmnvgaams24,bafyreiebxtwzre3qlr6hrcykmyfmk5d42c6o7ezdjkxkxd6woovzdo3cvy,lalegault.bsky.social,LA Legault ⚜️🤌🏻,"I love his work but I do not forgive Hudson Williams for glazing Carney and letting his endorsement stand while it is being used to do unspeakable things. He is talented & wonderful, I need him to be brave and rescind his endorsement or he is just another fascist collaborator. 
#bcpoli #cdnpoli",,,,0,1,1,0,2026-05-12T01:41:38Z,NA,NA,at://did:plc:mdzeqvc66kimzyvm3lszp7m5/app.bsky.feed.post/3mlmfx6vsfs2p,,,,,
at://did:plc:4jhds6khpgmfkova5vetcm5h/app.bsky.feed.post/3mlmnlw2svk2d,bafyreiegwgcurnjqaip6l5bnwx5www52ldkbdywy3getkamdtax2dltbri,drunkondespair.bsky.social,NA,"The father tried to protect his daughter. They killed him. The child tried to run. They killed her, too.

Another #MarkCarney shared value.

#cdnpoli",,,,0,1,2,0,2026-05-12T01:36:16Z,NA,NA,at://did:plc:4llyqwdqnd6t7ncyvvjzeih7/app.bsky.feed.post/3mlmneqjwrc2t,,,,,
at://did:plc:abt5tpb7lqr7vopkrkwfswwq/app.bsky.feed.post/3mlmndkktnk2k,bafyreid72pmx4ztnwbvlbyxhah3q67tnwj3lrfcki52l4bpldd7owexqje,canadareport.org,Canada Report,"Almonty Industries Reports First Quarter 2026 Financial Results

Canada’s fastest news scan: 25+ headlines, no clutter, updated all day: CanadaReport.org

#cdnpoli #Canada #News #Business #Economy 
Read Original Article 🔗",,,,0,0,0,0,2026-05-12T01:31:37Z,NA,NA,NA,,,,,
at://did:plc:kqqydztpv6lrkmynvlo7zsru/app.bsky.feed.post/3mlmmgogemk2u,bafyreihiohl4amquireffw6pwviu3dqou32xzq5kw2jh5lquffmie6bkt4,kaicable.bsky.social,"Kai, a very old GenX 🇨🇦","Is Canada's boycott of U.S. travel thawing? 

Data from Statistics Canada found that automobile trips were up in April compared to last year.

Tsk, tsk.

#cdnpoli #canada #boycottusa #elbowsup",,,,0,0,1,0,2026-05-12T01:15:33Z,NA,NA,NA,,,,,
at://did:plc:7wmc36uwxgne6bdfvpq4jfwx/app.bsky.feed.post/3mlmmf2h6ws2f,bafyreifszytlpykccveun5cjb2iwb2oqx4yrojlokrskjadlcbhvnykdpy,drunkweather.bsky.social,Drunkweather,"Good thing weather won't be relevant going forward 

🤡 #CDNpoli 🤡",,,,1,0,2,0,2026-05-12T01:14:34Z,NA,NA,at://did:plc:clgthoaouiclezlxbk3yyhj7/app.bsky.feed.post/3mlmkvquwhc27,,,,,
at://did:plc:5hma2vzdervbigdd7gmfg6ph/app.bsky.feed.post/3mlmmd6gvps22,bafyreiemx2nexl2vinrmjdrn7cz3lgjcn3avxmxwoahx3eeikct6r2chai,ellenteapot.ca,ellen teapot 🇨🇦🏳️‍⚧️,"if i were the minister of his majesty’s government for ai and digital transformation, i would at least have a public, conceete list of deliverables for ai and digital transformation within the government’s current mandate by now. #cdnpoli",,,,1,1,5,0,2026-05-12T01:13:31Z,NA,NA,NA,,,,,
at://did:plc:kqqydztpv6lrkmynvlo7zsru/app.bsky.feed.post/3mlmmbo5tdk2u,bafyreihw6nq62su6ytiziwkrh2ec3dabizseytcov2stqwfegolydygqx4,kaicable.bsky.social,"Kai, a very old GenX 🇨🇦","BYD’s latest EV costs just over $10,000, goes 250 miles, and packs a LiDAR, too.

The 2026 Seagull is proof that the future of affordable EVs is already here, just not in the West. 

#cdnpoli #canada 

www.digitaltrends.com/cars/byds-la...",,,,0,3,5,0,2026-05-12T01:12:45Z,NA,NA,NA,,,,,
at://did:plc:r64wzjtkimyq4vkiddzuu6no/app.bsky.feed.post/3mlmlr4z7lk25,bafyreifakyystabq6vh26mqsxjdcdqlanvhrzanklzfmjkicpo3bb2p5jm,bcwildfirewkly.bsky.social,BC Wildfire Weekly - Wildfires + More,"“Middle East could be destination for B.C. lumber exports amid push to diversify” www.cbc.ca/news/canada/... - CBC British Columbia 

#BCPoli #CDNPoli #Forestry #MiddleEast",,,,0,2,0,0,2026-05-12T01:03:27Z,NA,NA,NA,,,,,
at://did:plc:abt5tpb7lqr7vopkrkwfswwq/app.bsky.feed.post/3mlmlnspenn2b,bafyreibjpgxhdvx2a6qt4lelmgylwbmudbjy6n32cfjwig7baq7hofwqni,canadareport.org,Canada Report,"Reculs en environnement | Pourquoi Guilbeault continue-t-il de siéger comme libéral ?

Canada’s fastest news scan: 25+ headlines, no clutter, updated all day: CanadaReport.org

#cdnpoli #Canada #News 
Read Original Article 🔗",,,,0,0,0,0,2026-05-12T01:01:34Z,NA,NA,NA,,,,,
at://did:plc:mv6loxcddhj3i6pzfvzicc36/app.bsky.feed.post/3mlmlnas4hw2i,bafyreicadai3klt4lkqmxphn2knygvrue73dzfcttru4433pbmxji7f3li,dennisjkoch.bsky.social,"Dennis ""dejay"" Koch","#Trump

#Canada

#cdnpoli #uspoli #Putin #Russia #abpoli #ableg #YEG #YYC #Alberta #Ottawa #Sovereignty

#Unite",,,,0,4,3,0,2026-05-12T01:01:15Z,NA,NA,at://did:plc:5t7mfoqwvsxnjqi2hjanyonb/app.bsky.feed.post/3mlml5w3abk2s,,,,,
at://did:plc:aup43vyegw7pvuu7fq6a5dfc/app.bsky.feed.post/3mlmljovijs23,bafyreici3vmb5az5x6jzrcqp46knlnmdixf4e7kssm7luoskm2es7mzuda,walterverse.bsky.social,Walter 🇨🇦 (ウォールター),"You know what would actually help Canadians?  A #UBI.  Provides a floor that people cannot fall through. Improves labour force, education, opportunities.  www.cbc.ca/player/play/...  #cdnpoli",,,,0,1,2,0,2026-05-12T00:59:18Z,at://did:plc:kx375dszrbvqtu7o4xxxmojn/app.bsky.feed.post/3mlljjvqvzs2l,at://did:plc:kx375dszrbvqtu7o4xxxmojn/app.bsky.feed.post/3mlljjvqvzs2l,NA,,,,,
at://did:plc:re7tflvczjceanwkco2bseqb/app.bsky.feed.post/3mlmlixqhnc2a,bafyreiblnuwxzywqrthu2avpx5duwsvdqzzvw3aqio2cedzagbytumayfu,bella-andme.bsky.social,Sherry Lee,"An excellent analysis. Well worth the read.

#onpoli #cdnpoli",,,,0,0,2,0,2026-05-12T00:58:52Z,NA,NA,at://did:plc:k7ulrduhfefoqvo35dz567ow/app.bsky.feed.post/3mlm2lzndm22h,,,,,
at://did:plc:rtczszdhggqmi237zc7syz56/app.bsky.feed.post/3mlmlfanhik2u,bafyreidmvgncwmeql2qm3mu5ox2kos4avlj3agctas2wjjbdxse2dcunuy,letshearit.bsky.social,Jimmy,"""We will chart a new path forward because this is Canada and we decide what happens here"" PM MARK CARNEY. #Cdnpoli #Canada #LeaderShilp #NewWorldOrder #TeamCanada #ElbowsUp #CanadaStrong #PMMarkCanery youtu.be/V10cVpcz-wo?...",,,,0,0,1,0,2026-05-12T00:56:50Z,NA,NA,NA,,,,,
at://did:plc:r64wzjtkimyq4vkiddzuu6no/app.bsky.feed.post/3mlml3mk2jc25,bafyreidmbvi5cdbhu7jqwveut7tyuhhuwprnhx4gszqkoqmx2xq4timpma,bcwildfirewkly.bsky.social,BC Wildfire Weekly - Wildfires + More,"BELIZE: “On May 8, 2026, a one-month state of emergency was declared in specific areas of Belize City and Belize District following a sharp rise in violent crime.” travel.gc.ca/destinations... - Government of Canada

FR: voyage.gc.ca/destinations...

#Belize #CDNPoli #CentralAmerica #TravelAdvisory",,,,0,2,0,0,2026-05-12T00:51:24Z,NA,NA,NA,,,,,
at://did:plc:rtczszdhggqmi237zc7syz56/app.bsky.feed.post/3mlmkxwczus2u,bafyreidiwqku54yod3n6f3itru7wqufijcmjtxtrg6hd55ljwdkyxeneva,letshearit.bsky.social,Jimmy,Canada as moved On #ElbowsUp  #Cdnpoli #Canada #CanadaStrong #PMMarkCanery youtu.be/f8O0KLi90p0?...,,,,0,0,0,0,2026-05-12T00:49:23Z,NA,NA,NA,,,,,
at://did:plc:r64wzjtkimyq4vkiddzuu6no/app.bsky.feed.post/3mlmkxj2sok25,bafyreigwq5zoosqwjla7k3hjeiwbx2kkvkaklusbq7gb463q5zk7xkmhr4,bcwildfirewkly.bsky.social,BC Wildfire Weekly - Wildfires + More,"“The situation in the Middle East is causing travel disruptions and security implications worldwide.” travel.gc.ca/travelling/t... - Government of Canada 

FR: voyage.gc.ca/voyager/pert... 

#CDNPoli #IranWar #MiddleEast #Travel",,,,0,2,1,0,2026-05-12T00:49:07Z,NA,NA,NA,,,,,
at://did:plc:r64wzjtkimyq4vkiddzuu6no/app.bsky.feed.post/3mlmkswo7hc25,bafyreiawkrrymj7iio27dcdr3lvzdfci7huqsf7dbq3iyeorkjw3k2apui,bcwildfirewkly.bsky.social,BC Wildfire Weekly - Wildfires + More,"“The three common rodents known to carry hantavirus in Canada are: the deer mouse, the white-footed mouse and the red-backed vole.” www.cbc.ca/news/health/... - CBC News 

#Alberta #BCPoli #CDNPoli #Hantavirus #MVHondius",,,,0,3,1,0,2026-05-12T00:46:34Z,NA,NA,NA,,,,,
at://did:plc:nl34p4zyo4pdam4qlefmltcc/app.bsky.feed.post/3mlmkrnwpk22t,bafyreigbeu2c3vebsdycfyzv3ohf63mm2ynucab7uxg23nei7aoo5jzdxi,jemotluk.bsky.social,James 🇨🇦,"“They’re cutting things that affect public safety like Weatheradio and also radar science ...""  Nothing says Nation building like cutting things that affect public safety while offering Billionaires tax cuts #cdnpoli",,,,0,3,3,0,2026-05-12T00:45:51Z,NA,NA,NA,,,,,
at://did:plc:aup43vyegw7pvuu7fq6a5dfc/app.bsky.feed.post/3mlmkkoj3hc23,bafyreiawp657cfk75xlxxwn4pw37aakg3t7nrn6prqpuwivrvahsxhjlou,walterverse.bsky.social,Walter 🇨🇦 (ウォールター),www.cbc.ca/news/canada/...  #cdnpoli,,,,0,2,1,0,2026-05-12T00:41:58Z,at://did:plc:kx375dszrbvqtu7o4xxxmojn/app.bsky.feed.post/3mlljjvqvzs2l,at://did:plc:kx375dszrbvqtu7o4xxxmojn/app.bsky.feed.post/3mlljjvqvzs2l,NA,,,,,
at://did:plc:jukf22tcjgd6nt3rtbeao4kt/app.bsky.feed.post/3mlmkhcws522d,bafyreieo6qqp57xn77lx66vb7w5ipic7o6kprhdn75bbrvc5ushfhprzki,trueoak.bsky.social,True Oak,"#DanielleSmith will never be able to equivocally answer Yes to the simple question “Do you stand for Canada?” because either she loves her personal power more than her country or she is actually a separatist. 

#ForeverCanadian
#CDNpoli
#ABpoli",,,,0,6,11,2,2026-05-12T00:40:07Z,NA,NA,NA,,,,,
at://did:plc:4e7vswp5qrqppoxknd2lkfjk/app.bsky.feed.post/3mlmk35lhvc2a,bafyreihjkiicjhbeamgzf5fmvj6sb3oaxfziauknqqwir3z3gtl4f7enfe,cdnelxnstracker.bsky.social,Canadian Elections Tracker,"The 3 major parties in Nova Scotia have all now nominated candidates for the Chéticamp-Margarees-Pleasant Bay by-election.

This is a new riding that will be contested for the first time in the by-election after the Electoral Boundaries Commission created it earlier this year.

#cdnpoli #nspoli",,,,1,0,2,0,2026-05-12T00:33:17Z,NA,NA,NA,,,,,
at://did:plc:abt5tpb7lqr7vopkrkwfswwq/app.bsky.feed.post/3mlmjxpites27,bafyreigmmy3nh4vz62ms6xn2ngekh4xwjl5rhegnnda5koxly7px5i7kaa,canadareport.org,Canada Report,"Trump Takes Aim at Beef, Fuel Prices as Inflation Risks Mount

Canada’s fastest news scan: 25+ headlines, no clutter, updated all day: CanadaReport.org

#cdnpoli #Canada #News #Business #Economy 
Read Original Article 🔗",,,,0,0,0,0,2026-05-12T00:31:19Z,NA,NA,NA,,,,,
at://did:plc:kqqydztpv6lrkmynvlo7zsru/app.bsky.feed.post/3mlmjvrh6bc2u,bafyreid7vaewlnoromv2wcdu4m7gqbvllqqlfm42xvp7vnd6j4kojcbh3m,kaicable.bsky.social,"Kai, a very old GenX 🇨🇦","'Unless Alberta Premier Danielle Smith has misread her meeting last week with Prime Minister Mark Carney, it looks like it’s a go for an oil pipeline from Alberta to B.C.’s west coast.' 

#cdnpoli #canada

thegoldenstar.net/news-columni...",,,,2,1,3,0,2026-05-12T00:30:22Z,NA,NA,NA,,,,,
at://did:plc:ket6p3hpdllgjocxeito6n3l/app.bsky.feed.post/3mlmjt43vus2l,bafyreihs52ltxrqopinjpqsigle7d2wxp7kqcpukzj3lbu5iw6webwvsu4,markkersten.bsky.social,Mark Kersten,"“What is growing is the comfort people have with sharing their denialism. We’re seeing a lot of politicians giving permission to people to be racist... to practise those ideologies.""

Who’s Behind the Residential School Denialism Movement? thetyee.ca/News/2026/05... #cdnpoli",,,,2,7,13,0,2026-05-12T00:28:46Z,NA,NA,NA,,,,,
at://did:plc:b7tjp4yaqcy2crro6sumg5zy/app.bsky.feed.post/3mlmjokcorc2v,bafyreigvxsqmzv5i3keljkt4djxnxixpi4g4ppwkg7t5dddbxyfhguk2qu,nandanainthegarden.bsky.social,Nandana,This is why a #datacenter in #Alberta is DANGEROUS. We are already experiencing drought conditions. #abpoli #ableg #cdnpoli,,,,1,5,9,0,2026-05-12T00:26:11Z,NA,NA,at://did:plc:4u3hwe3p7oy3hoy3amlw7rp2/app.bsky.feed.post/3mlmblapb4y2y,,,,,
at://did:plc:amnhdrsyqrmpomj6qdzc3ved/app.bsky.feed.post/3mlmjhgem4c62,bafyreidbqyem5flze7ctntnmwp4cwimxj6nrzw27oxkylsjln65bse273q,edwing.mstdn.moimeme.ca,Edwin G. :mapleleafroundel:,"Canada’s 🇨🇦 use of AI in government may cause more harm than good

https://mobilesyrup.com/2026/05/11/canadas-use-of-ai-in-government-may-cause-more-harm-than-good/
- - -
L’utilisation de l’IA par le Canada 🇨🇦 dans les gouvernements pourrait causer plus de torts que de bien-faits

// Article en […]",,,,0,5,1,0,2026-05-12T00:22:14Z,NA,NA,NA,,,,,
at://did:plc:iyyzcuc24pgchmsbjnsa3wu3/app.bsky.feed.post/3mlmj3flcak27,bafyreifzvgryyp5ilurmbr3auotqorrhnqbowqmd2jcqdv55f22i763y3q,torontokate.bsky.social,🎶 I Will Choose Freewill 🇨🇦,"""the minimizing of airborne precautions for an event with human-to-human transmission of deadly respiratory virus possibly spread by airborne transmission.""

""until the transmission is specified by the WHO as airborne, wearing a medical mask rather than a respirator mask""🤔

#cdnpoli #onpoli #Bcpoli",,,,2,1,2,0,2026-05-12T00:15:29Z,NA,NA,at://did:plc:klg3tgjw5zznughlc2em55tq/app.bsky.feed.post/3mllxsnlfhc2o,,,,,
at://did:plc:rkyu6mb3uieyk6nel54xwisl/app.bsky.feed.post/3mlmihvbi7c27,bafyreig4zhethuprrtuc3loxp3fn2uhdg5odejhdtif3vv26sxj3azkj3y,smikooman.bsky.social,Doug Johnson 🇨🇦,"Is listening to AI generated music a thing? Who would even do that in the first place? Where do you find it?
#CdnPoli 🇨🇦",,,,0,0,0,0,2026-05-12T00:04:38Z,at://did:plc:rkyu6mb3uieyk6nel54xwisl/app.bsky.feed.post/3mlhabhubu22o,at://did:plc:rkyu6mb3uieyk6nel54xwisl/app.bsky.feed.post/3m7vvmpomp22n,NA,,,,,
at://did:plc:4xqt7t2zph634drigtdxdmro/app.bsky.feed.post/3mlmigijtpc2l,bafyreifcsggod4cua4ilw2cxc33dj5dvl5dc2nxo7qvumbl4k5sul6jj3i,journodale.bsky.social,Dale Smith,"For the evening crowd, my Loonie Politics column on Kenney demanding that federalists across the country do their party against the Alberta separatists when he's the one who empowered and legitimized them in the first place #cdnpoli",,,,0,0,6,0,2026-05-12T00:03:48Z,NA,NA,NA,,,,,
at://did:plc:cotdccb2x4rhir44fokzmszk/app.bsky.feed.post/3mlmidaiho22s,bafyreic7rq5thgpuysnwoetvpd7jfxl2umqbk2i7sv3zaqgsex5wwdc6fq,cmcalgary.bsky.social,cm 🇨🇦,"Government of Canada and TELUS advance work to build sovereign AI infrastructure

This marks a significant step to bringing large-scale data centre capacity online

www.canada.ca/en/innovatio...

#Canada #TELUS #AI #cdnpoli",,,,3,0,5,1,2026-05-12T00:01:58Z,NA,NA,NA,,,,,
at://did:plc:abt5tpb7lqr7vopkrkwfswwq/app.bsky.feed.post/3mlmic7kqbb2z,bafyreif3sqretucl6gzyapjnwfi2477kwa5scihefch4ul2cewkjfaiyae,canadareport.org,Canada Report,"Ce qu’il faut savoir ce lundi | 250 millions en santé, Patrick Bruel et Dossier santé numérique

Canada’s fastest news scan: 25+ headlines, no clutter, updated all day: CanadaReport.org

#cdnpoli #Canada #News 
Read Original Article 🔗",,,,0,0,0,0,2026-05-12T00:01:25Z,NA,NA,NA,,,,,
at://did:plc:3ikpfin23qwpthv3xzwbubtu/app.bsky.feed.post/3mlmhp3puis2f,bafyreiecssz4hy5rcltlean6o66sjclbrangtwfs5hgtv64yof63usu5he,vulpine.meme,Kit Juniper,"She can give $6,000 raises to her MLAs but hey us disabled folks need to deal with up to $400 a less a month.

My families going to be fucking homeless in 4 months due to that.

But I sure hope @daniellesmithab.bsky.social  and Jason Nixon enjoy their bonuses.

#ABPoli #CDNPoli",,,,0,2,7,0,2026-05-11T23:50:43Z,NA,NA,at://did:plc:rhxbqadvbzcaw6kp4vclzjbb/app.bsky.feed.post/3mlmcdxshok2p,,,,,
at://did:plc:ekew4wtc2m4ctroumek7kr4l/app.bsky.feed.post/3mlmhp37mxs2n,bafyreihr3nuudkxruvd3jk3rgfhrad3qz6ae27jdbtnjyrcpl74np2tve4,schmutzie.com,Schmutzie.,#CdnPoli #CanPoli,,,,0,1,7,0,2026-05-11T23:50:42Z,NA,NA,at://did:plc:h5jfa5awx3eqwla76sxncohi/app.bsky.feed.post/3mlmhlamfys2l,,,,,
at://did:plc:sywtwkbhpdibiprqvv7epcto/app.bsky.feed.post/3mlmhoeca7s27,bafyreiarlf6bo4zyyoyfbxhdu65ef4ohphahbq5gilslqkrd5vlz5b2j4u,elliott4mp.bsky.social,"Derek Elliott, Libertarian","Poilievre lectures the Liberals and Carney on discipline, but look at his own party. One of his members, Jamil Jivani, calls Canada shooting ourselves in the foot while Pierre desperately says he speaks only for himself.

Can't lead his party, wants to lead Canada? Hypocrisy. #cdnpoli #Libertarian",,,,0,0,0,0,2026-05-11T23:50:23Z,NA,NA,NA,,,,,
at://did:plc:frwecggow7f5ertmucxfcxqq/app.bsky.feed.post/3mlmhamwh5225,bafyreia6uoamqpece2sizcwtgiovkieprz73jo6luk2tgavxogxnetvm7i,jrmccranker.bsky.social,Jason McCrank,"Weird fucking shit. Also, when I was a kid the world's population was just over 5 billion. We're well over 8 now. I'm 42 years old. Shut the fuck up about the world being underpopulated. #uspoli #cdnpoli",,,,0,0,1,0,2026-05-11T23:42:37Z,NA,NA,at://did:plc:4llrhdclvdlmmynkwsmg5tdc/app.bsky.feed.post/3mlllnap2zi23,,,,,
at://did:plc:dzu7ntlsxj2rlxxob4ymyhwz/app.bsky.feed.post/3mlmh5axfmc2a,bafyreifavru2cmjrfw4vo3zrz5xei7lpmsnbaec2i2ykjqwrhcj55oxz24,grannycanuck.bsky.social,💪🏼🫎🛶🦫🌲💨🪨🌊,"MAPPING TARIFFS
Mapping potential impacts of 
🇺🇸 US tariffs in 🇨🇦 Canada using cell phone data (vs border crossings)
- from the School of Cities at University of Toronto (Interactive) 🔚 #cdnPoli #Never51 #Tariffs #Tourism #Travel #UofT #usPol. mappingtariffs.org/map",,,,0,0,1,0,2026-05-11T23:40:47Z,NA,NA,NA,,,,,
at://did:plc:abt5tpb7lqr7vopkrkwfswwq/app.bsky.feed.post/3mlmgmjx3522p,bafyreiaglba23rx5hv47fart5djer3whlytjrhsywd5lhmew4gucuxzjsm,canadareport.org,Canada Report,"Vecima Declares Quarterly Dividend

Canada’s fastest news scan: 25+ headlines, no clutter, updated all day: CanadaReport.org

#cdnpoli #Canada #News #Business #Economy 
Read Original Article 🔗",,,,0,0,0,0,2026-05-11T23:31:23Z,NA,NA,NA,,,,,
at://did:plc:kqqydztpv6lrkmynvlo7zsru/app.bsky.feed.post/3mlmge2qvu22m,bafyreihiepi6cgxwpb3abrnxlpbtc6u3iwnoxpvyklljcjk4qs6s2nwbrm,kaicable.bsky.social,"Kai, a very old GenX 🇨🇦","GM agrees to pay $12.75 million to settle California lawsuit over the theft and misuse of customers' driving data through its OnStar program

The U.S. is already a security risk.

#boycottusa #cdnpoli #canada

www.engadget.com/2169135/gm-a...",,,,0,0,1,0,2026-05-11T23:26:41Z,at://did:plc:h2thseiou732j3h7hnaexs6a/app.bsky.feed.post/3mlm6zwblys2i,at://did:plc:kqqydztpv6lrkmynvlo7zsru/app.bsky.feed.post/3mlln37qtjc2u,NA,,,,,
at://did:plc:q5zroikqfmpsiaab34af7xom/app.bsky.feed.post/3mlmg2nzfpc2j,bafyreiddvhpdhw3vws3dsa4ukepocikxxogkf4ukgucvosj5oefdk5ppxm,ryanjespersen.bsky.social,Ryan Jespersen,"Canada's spy agency warns Alberta's upcoming referendum is ""rife for disinformation and foreign interference"".

@supriya.bsky.social gets into it. How concerned are you about this?

👀 FULL: rtrj.info/051126Supriya

🎧 FULL: rtrj.info/051126

#abpoli #cdnpoli #RealTalkRJ #CSIS",,,,2,19,35,1,2026-05-11T23:21:24Z,NA,NA,NA,,,,,
at://did:plc:eix3tk3r26zi2p3vyreh3k3b/app.bsky.feed.post/3mlmflswen22w,bafyreiflyrsjk24rn7iyhjijlailwpxaqahbrb47ru56hloswfvjmelpei,atomicker.bsky.social,NA,"“It’s really bad … I think this might be the thing that breaks things,” added another MP, who noted that the Liberal caucus was kept in the dark about the changes until Friday.

#Canada #CDNPoli #ClimateCrisis #ClimateBreakdown #ClimateChange #PolyCrisis",,,,0,2,3,0,2026-05-11T23:13:06Z,NA,NA,at://did:plc:eix3tk3r26zi2p3vyreh3k3b/app.bsky.feed.post/3mlmfbnpg6c2f,,,,,
at://did:plc:eix3tk3r26zi2p3vyreh3k3b/app.bsky.feed.post/3mlmfijkvw222,bafyreidzpmh5oplxqe7jgepuxmnyhyzw3ifb2ft4bengc4xzgcc3pvtppu,atomicker.bsky.social,NA,"“Canadians expected better when they elected this government. They voted for a government that would shield us from the threat posed by the current U.S. administration, not to mimic their legislative agenda”.

#Canada #CDNPoli #ClimateCrisis #ClimateBreakdown #ClimateChange #PolyCrisis",,,,1,3,3,0,2026-05-11T23:11:15Z,NA,NA,at://did:plc:eix3tk3r26zi2p3vyreh3k3b/app.bsky.feed.post/3mlmfbnpg6c2f,,,,,
at://did:plc:rsvzkqxa2xdojwmjljqzs4ik/app.bsky.feed.post/3mlmfehztdk2u,bafyreiac5nlierudw43o2u5sgupkdih6l4oaeohvtv6s4bk7ldikjsltwy,thebreakdownab.bsky.social,The Breakdown AB,"Scoop!

Emails obtained by The Breakdown reveal a $1,000,000 funding cut to social safety net organization ""The Alex"" resulting in decreased programming and multiple job losses. 

#abpoli #ableg #cdnpoli #YYC 

 open.substack.com/pub/thebreak...",,,,6,76,122,4,2026-05-11T23:09:00Z,NA,NA,NA,,,,,
at://did:plc:eix3tk3r26zi2p3vyreh3k3b/app.bsky.feed.post/3mlmfddndo22f,bafyreifd4szgq7w5urv7jttzkwa2jtmxcwffaajmv6zk4bmcdxmd2uzyou,atomicker.bsky.social,NA,"“It’s worse than what Harper did, I agree,” said Steven Guilbeault, the Liberal MP and former environment minister. “This goes beyond what Harper proposed when he was in power, yes, that’s true.”

#Canada #CDNPoli #ClimateCrisis #ClimateBreakdown #ClimateChange #PolyCrisis",,,,0,0,2,0,2026-05-11T23:08:21Z,NA,NA,at://did:plc:eix3tk3r26zi2p3vyreh3k3b/app.bsky.feed.post/3mlmfbnpg6c2f,,,,,
at://did:plc:eix3tk3r26zi2p3vyreh3k3b/app.bsky.feed.post/3mlmfbnpg6c2f,bafyreieecvfgtfqfa2eneefw4si7t7hrvbycszgj654qou3a4acu6dk3ne,atomicker.bsky.social,NA,"""This would represent by far the worst evisceration of environmental law in Canadian history, far worse than what happened under Prime Minister Harper’s government in 2012.”

#Canada #CDNPoli #ClimateCrisis #ClimateBreakdown #ClimateChange #PolyCrisis",,,,0,0,1,3,2026-05-11T23:07:26Z,NA,NA,NA,,,,,
at://did:plc:fw7nfyu73qekvpkioowgugpy/app.bsky.feed.post/3mlmex6r6rk2b,bafyreietrz7zj7fdvglzgkhfuvpfho74fx2ojosaaoqplr3inyrwqhwqee,raedeeton.bsky.social,Rae Deeton,Across Canada Food Banks are short of food. Thousands of Canadians are living on the street. What does our Federal Government intend to do about this? #cdnpoli,,,,2,1,2,1,2026-05-11T23:01:31Z,NA,NA,NA,,,,,
at://did:plc:abt5tpb7lqr7vopkrkwfswwq/app.bsky.feed.post/3mlmewutbyz27,bafyreihnxzmxcz4epdpcgnfpoasifvowrfqwnkjh6eorztm2pmas5scc4m,canadareport.org,Canada Report,"Infractions pédosexuelles | L’avocat Daniel Rochefort accusé d’agression sexuelle sur une mineure

Canada’s fastest news scan: 25+ headlines, no clutter, updated all day: CanadaReport.org

#cdnpoli #Canada #News 
Read Original Article 🔗",,,,0,0,0,0,2026-05-11T23:01:22Z,NA,NA,NA,,,,,
at://did:plc:x2fori67bggzcj2a6c7sj6ur/app.bsky.feed.post/3mlmetdjqds2c,bafyreid37ljwdsm7rmjuya27xihhvbvuygh4e2f4kdl3oydpjkhcrwbjfq,jimmydp01.bsky.social,J Payne,"Canada show your generosity and  ❤️ 

#Elbowsup for the great People of Gaza Palestine who are facing the unfathomable and could use a hand up by supporting this very important initiative;

#Gaza #Palestine 
#Cdnpoli #BCPoli

www.gofundme.com/f/support-be...",,,,0,0,0,0,2026-05-11T22:59:26Z,NA,NA,NA,,,,,
at://did:plc:7lk2ea67pioh2e7tqj5n7whh/app.bsky.feed.post/3mlmesu44h225,bafyreieoq5fzosxe6hky6poubuosjwt4gz6ykttqzshlbhxwu6zhaxhk6i,samspade1941.bsky.social,Samuel Spade,"#cdnpoli #ukpol #auspol #uspol

""Why should Beijing risk entering a hot war or challenging American leadership in the Middle East or elsewhere when the United States is plainly wearing itself down, militarily, fiscally, and politically?""",,,,1,2,4,0,2026-05-11T22:59:07Z,NA,NA,at://did:plc:7lk2ea67pioh2e7tqj5n7whh/app.bsky.feed.post/3mlmeityx722l,,,,,
at://did:plc:ldvnqrqk3hghqcu5qj53uahf/app.bsky.feed.post/3mlmemwtqqc2a,bafyreiaul5kvj5wywywwzrfv4rg637wpt3v5h5j6uawsnzwdg524yxkdry,micropainter.bsky.social,Leeta 🇨🇦," The UCP are afraid of 456,388 Albertans who signed the Forever Canadian petition.

They are also afraid of the millions of angry Albertans whose personal data was illegally exposed, shared, and used by their separatists.

And they should be. Very. Afraid.

#Canada #Alberta #cdnpoli #ableg  #abpoli",,,,0,6,24,0,2026-05-11T22:55:49Z,NA,NA,NA,,,,,
at://did:plc:ypbo2mq6dqcct43gt2sam6el/app.bsky.feed.post/3mlmekagu3p2g,bafyreicvb7eofbboju7vlyuwhafw3od5wdg72buj6dzfo723562em5p3xa,ipolitics.bsky.social,iPolitics,The Senate’s role: compliant or complementary? #cdnpoli #ipolitics,,,,1,2,2,1,2026-05-11T22:54:18Z,NA,NA,NA,,,,,
at://did:plc:bfypaxsdpfcj4i2t5qkeu3eh/app.bsky.feed.post/3mlmeh25vsc2e,bafyreid66kqont6vm4iix35bmgthbjvgcpgh57tetri2llmc67ccj2kvnm,conorcurtis.bsky.social,Conor Curtis,"Again, I think we will see folks like this try to reframe Canadian sovereignty away from progressive values. 

""Unify"" in the name I suspect is no accident.

Don't underestimate where that reframing could lead: 'The abortion debate isn’t prominent in Canada but she wants that to change...' #CDNpoli",,,,1,2,5,0,2026-05-11T22:52:32Z,NA,NA,at://did:plc:zh5dfrgucq2td5ngz2wtlzle/app.bsky.feed.post/3mlmdccfcik2k,,,,,
at://did:plc:fkmrbdlv2yoo5iebg4j6eqjh/app.bsky.feed.post/3mlme5mw64k2e,bafyreiea7orosc4es4lgn52n2l7p7jt72nz2bywtkjs27kvtr3ljdc5mt4,wcelaw.bsky.social,West Coast Environmental Law,"The federal government is proposing to make it easier to kill endangered species, pollute waterways & risk human health, all in the name of fast-tracking resource development projects. #impactassessment #cdnpoli",,,,3,4,5,0,2026-05-11T22:47:17Z,NA,NA,NA,,,,,
at://did:plc:mwagtmvsxuqlgte5iqk3fndm/app.bsky.feed.post/3mlme2qkwqc2f,bafyreihq5hbqbm6lkvlitaeuhgisxqdbwmpcujk5voh6aawfzopi5glrbe,lalegault.bsky.social,LA Legault ⚜️🤌🏻,"A PSA to Canadians, hear her out. 
#cdnpoli #Canadasky",,,,0,7,10,0,2026-05-11T22:45:39Z,NA,NA,NA,,,,,
at://did:plc:mwagtmvsxuqlgte5iqk3fndm/app.bsky.feed.post/3mlmdtobwt22f,bafyreicornyy6bpwjjboub6z42tzrawooqtskz626krfbypjl7esaxy7ei,lalegault.bsky.social,LA Legault ⚜️🤌🏻,Prime Minister Mark Carney is a Liberal for people who listen to what he says. He is a conservative to people who pay attention to what he does. And he is a fascist to people who read the legislation he writes. #cdnpoli,,,,0,6,11,0,2026-05-11T22:41:41Z,NA,NA,NA,,,,,
at://did:plc:ii6oavwfjgy2s33lwrcbjubl/app.bsky.feed.post/3mlmdsst5q22l,bafyreicmpftdxxaadomlzdkrb7svvujlmatfuhvk6ss2vwndcjkls4vlga,robinhood246.bsky.social,B.G. Witch 🇨🇦 🏳️‍⚧️ 🌈,"Platner is absolutely correct. 

Canada faces the same underlying problems. 

Market Carney will continue appeasing corporations and killing government.

Citizens' rights > eternal profit growth #cdnpoli @mark-carney.bsky.social @liberalca.bsky.social",,,,0,0,2,0,2026-05-11T22:41:14Z,NA,NA,NA,,,,,
at://did:plc:nx3fxjnxlrpet6jifjuhbklp/app.bsky.feed.post/3mlmdr3pia22u,bafyreifenypyaqae22mu3d56k2ud4atay6lhb5raqjyy6klns3natov2ym,trailerparkphd.bsky.social,Trailer Park PhD,"Great job, #AlbertaSeparatists! You are one step closer to dying on Hamburger Hill for Supreme Leader #DonaldTrump.

Yay! 

You did it!

#Alberta #CdnPoli #DaniellSmith

youtube.com/shorts/q0Uw9...",,,,0,1,1,0,2026-05-11T22:40:14Z,NA,NA,NA,,,,,
at://did:plc:r64wzjtkimyq4vkiddzuu6no/app.bsky.feed.post/3mlmdpd7los2h,bafyreibdmbjg3iybqfh5gg4tsqgzoep42nmmrdt4ovj3xlmaciqzyp33ry,bcwildfirewkly.bsky.social,BC Wildfire Weekly - Wildfires + More,"“Vancouver and Kamloops will be home to a new data centre cluster under a planned partnership announced by the federal government and Telus.” www.cbc.ca/news/canada/... - CBC British Columbia 

#AI #ArtificialIntelligence #CDNPoli #Data #Kamloops #YVR",,,,2,1,1,3,2026-05-11T22:39:16Z,NA,NA,NA,,,,,
at://did:plc:eaeuyrvdlqvjgznelgcdimct/app.bsky.feed.post/3mlmdlh5olc2u,bafyreifcidvgm4n3bbuvp5bv7x4u2rzav636coqkpmtj4cp3z6rqzxljfy,madhat59kenwood.bsky.social,Ken Wood part owner of 🇨🇦,Just what we do NOT need in 🇨🇦 #cdnpoli,,,,1,3,6,0,2026-05-11T22:37:05Z,NA,NA,at://did:plc:zh5dfrgucq2td5ngz2wtlzle/app.bsky.feed.post/3mlmdccfcik2k,,,,,
at://did:plc:eaeuyrvdlqvjgznelgcdimct/app.bsky.feed.post/3mlmdhcpqd22u,bafyreib5vvheqacr2batuaom6tzxzofgdztkjgepnh4urge2czt3zgiote,madhat59kenwood.bsky.social,Ken Wood part owner of 🇨🇦,Completely misinformed the whole panel. Lavigne calling Black moderate says it all. I can only hope BCers reject this clown car of racist rejects. 🤞 #bcpoli #cdnpoli,,,,0,0,1,0,2026-05-11T22:34:46Z,NA,NA,at://did:plc:zkx5ssoe4pq7pfmckyqumax5/app.bsky.feed.post/3mlmdaf4t5c2b,,,,,
at://did:plc:abt5tpb7lqr7vopkrkwfswwq/app.bsky.feed.post/3mlmdbcofmi2k,bafyreihjjzrquoqhsm6cri2oyceiyidmgy4f2e4jnm4tattlcuexy3vkzy,canadareport.org,Canada Report,"Badger Announces Appointment of Chief Operating Officer

Canada’s fastest news scan: 25+ headlines, no clutter, updated all day: CanadaReport.org

#cdnpoli #Canada #News #Business #Economy 
Read Original Article 🔗",,,,0,0,0,0,2026-05-11T22:31:25Z,NA,NA,NA,,,,,
at://did:plc:zkx5ssoe4pq7pfmckyqumax5/app.bsky.feed.post/3mlmdaf4t5c2b,bafyreie23xcdo33bodmb7qcikk2x7zlx6qb4gfeu53pdx2pe7xlbdp3yeq,traveling4life.bsky.social,Traveler,The panel didn't seem to understand how the BCConservatives came to be. Collapse of the BC United just prior to election. They are a mishmash of two parties- both right to far right. Kate Harrison's comments showed her lack of understanding. #PnP #cdnpoli Agreed - worse than other Con Premiers.,,,,0,1,1,1,2026-05-11T22:30:54Z,at://did:plc:eaeuyrvdlqvjgznelgcdimct/app.bsky.feed.post/3mlmc3ysik227,at://did:plc:eaeuyrvdlqvjgznelgcdimct/app.bsky.feed.post/3mlmc3ysik227,NA,,,,,
at://did:plc:in6t5b6l3wnfwkcuqji57ttg/app.bsky.feed.post/3mlmcu76iis2h,bafyreiddhnl32k53y7z2pf6hysjnkd22kjimyhcvigxd66sriume4ddkca,ccfr-ccdaf.bsky.social,Canadian Coalition for Firearm Rights,"How does penalizing millions of licensed gun owners stop the REAL problem:

Repeat offenders with illegal guns? 🇨🇦 #cdnpoli",,,,0,0,0,0,2026-05-11T22:24:04Z,NA,NA,NA,,,,,
at://did:plc:sywtwkbhpdibiprqvv7epcto/app.bsky.feed.post/3mlmctkawps2l,bafyreiflgvnzrmp3v3l47agdo53cdowbcjzqxhqibcl5rf7rsnq5xufz2q,elliott4mp.bsky.social,"Derek Elliott, Libertarian","The government needs to stop acting like a gatekeeper. We don't need a new ""office"" for every issue. We need to shut down the ones that are blocking progress. Let's make things easier for everyone across the board.

Full video: www.youtube.com/shorts/-w7ZP...

#CdnPoli #Libertarian #Freedom",,,,0,1,1,0,2026-05-11T22:23:48Z,NA,NA,NA,,,,,
at://did:plc:re7tflvczjceanwkco2bseqb/app.bsky.feed.post/3mlmcruda2s22,bafyreigkrjo3padlr4ws3dcomlfwskitgihgqchrq3vtu4zbj2opdeosl4,bella-andme.bsky.social,Sherry Lee,"I fully appreciate that we need reporting on the news about Iran, the war and Trump but I sit shaking my head listening to Katie Nicholson discuss anything Trump says using language as if he is a reasonable, competent leader. Kudos to Katie Nicholson  for that.  Quite a challenge. 
#pnpcbc #cdnpoli",,,,0,0,0,0,2026-05-11T22:22:46Z,NA,NA,NA,,,,,
at://did:plc:eaeuyrvdlqvjgznelgcdimct/app.bsky.feed.post/3mlmcbo25fs27,bafyreietlr3uxtyp6pj6yxa5jfstqgu7fyj55pndfrep463ad7ogj4zfe4,madhat59kenwood.bsky.social,Ken Wood part owner of 🇨🇦,Very good question. After the weekend debate I think this is a great question. Definately a bunch of racist when discussing indigenous. #bcpoli #vanpoli #cdnpoli,,,,0,1,1,0,2026-05-11T22:13:43Z,NA,NA,at://did:plc:t4qjao6o2xfwavfc5ewwvosg/app.bsky.feed.post/3mljfdp5lx226,,,,,
at://did:plc:eaeuyrvdlqvjgznelgcdimct/app.bsky.feed.post/3mlmc3ysik227,bafyreia44qihqxjnclxzodymliqxpfx6mzxg2kizqs4l3hmvsln6dxo6le,madhat59kenwood.bsky.social,Ken Wood part owner of 🇨🇦,"#PnP the #BCConservatives are worse IMO & living here, worse than Smith/Moe/Ford. After watching that debate Im firm on this. A collection of bigots. As for #IanBlack being a moderate give me a bloody break. Wrong hes heavy right leaning listen to him. #bcpoli #cdnpoli",,,,1,0,0,0,2026-05-11T22:10:33Z,NA,NA,NA,,,,,
at://did:plc:re7tflvczjceanwkco2bseqb/app.bsky.feed.post/3mlmbxbmbcc2b,bafyreifot3gvygfmyxegstvgsgv6das5komzpshdanuhikkcnhdab6me6e,bella-andme.bsky.social,Sherry Lee,#abpoli #cdnpoli,,,,0,3,7,0,2026-05-11T22:07:57Z,NA,NA,NA,,,,,
at://did:plc:re7tflvczjceanwkco2bseqb/app.bsky.feed.post/3mlmbp3ub3224,bafyreibon3a5lxqtlcyrqtcccmp7wwhugfdmag76fkn6tzjkrcesqbjzom,bella-andme.bsky.social,Sherry Lee,"And I should explain it’s the Reporter Roundtable I enjoy on Thursday. 
#pnpcbc #cdnpoli",,,,2,0,1,0,2026-05-11T22:03:21Z,at://did:plc:re7tflvczjceanwkco2bseqb/app.bsky.feed.post/3mlmbl7abtk24,at://did:plc:re7tflvczjceanwkco2bseqb/app.bsky.feed.post/3mlmaxx2cas26,NA,,,,,
at://did:plc:abt5tpb7lqr7vopkrkwfswwq/app.bsky.feed.post/3mlmblrfev22z,bafyreicygc2exfe2h4o3i7fwj6ci4qwrwki36hjudypoiddmue2wgans2m,canadareport.org,Canada Report,"Toronto Tech Week reveals new Homecoming speakers

Canada’s fastest news scan: 25+ headlines, no clutter, updated all day: CanadaReport.org

#cdnpoli #Canada #News #Tech #AI 
Read Original Article 🔗",,,,0,1,1,0,2026-05-11T22:01:28Z,NA,NA,NA,,,,,
at://did:plc:re7tflvczjceanwkco2bseqb/app.bsky.feed.post/3mlmbl7abtk24,bafyreia53b54p6pepdvqsbg2tlyrrcvfnslfrn3jlgadq3ubcuyv7a733y,bella-andme.bsky.social,Sherry Lee,"Honestly? The only panels I enjoy - and actually learn something from are Thursday and Friday. 
Really enjoyed the Guilbeault interview.
#pnpcbc #cdnpoli",,,,2,0,1,0,2026-05-11T22:01:09Z,at://did:plc:iuki2csm6jjkts6pcmocbbvs/app.bsky.feed.post/3mlmbdgijwc2r,at://did:plc:re7tflvczjceanwkco2bseqb/app.bsky.feed.post/3mlmaxx2cas26,NA,,,,,
at://did:plc:re7tflvczjceanwkco2bseqb/app.bsky.feed.post/3mlmbgntvuc24,bafyreig3bzzi6qjkhhqu46y224u3tpo6ec7tjctgqeput3tbo7ul7qtiim,bella-andme.bsky.social,Sherry Lee,"Rob Russo makes sense - a review of a 19 vote win - Erskine-Smith’s loss - leaves no doubt, no unanswered questions. It’s such a slim win. Why leave a cloud hanging over it?
#pnpcbc #onpoli #cdnpoli",,,,1,0,1,0,2026-05-11T21:58:37Z,NA,NA,NA,,,,,
at://did:plc:ed63zp3ko7gvx6cfpxko45mo/app.bsky.feed.post/3mlmbfmw6522q,bafyreiehudemdmbesssmfq5xdsgxouwfst26auxqqm2uqiln3qmu6cn5vq,heathermoandco.bsky.social,Heather e^-1/x^2,"Reminder, tomorrow is the deadline to fill out your #Census, Canada! 

Unfortunately, as with anything in the realm of good governance, idiots have to have #MapleMAGA ignorance tantrums about it. 
#cdnpoli",,,,18,31,77,1,2026-05-11T21:58:05Z,NA,NA,NA,,,,,
at://did:plc:eoouaeqa2taou3aqacpjuaq4/app.bsky.feed.post/3mlmbdwjuok2d,bafyreieqzyjczbzx5ncwuwokh2mtjzdhrkc6wjuwbsnpp7cwvlm5nf3fce,alexgoatcher.bsky.social,Alex Goatcher,THANKS TRUDEAU! Prince Albert residents not doing their census papers is all the Libtards' fault! #cdnpoli,,,,1,1,4,0,2026-05-11T21:57:07Z,NA,NA,NA,,,,,
at://did:plc:re7tflvczjceanwkco2bseqb/app.bsky.feed.post/3mlmaxx2cas26,bafyreifrtiykeskjzb3uxwijcpyu5vtufqxhxnnl2dzwwntaxd2llk2ipe,bella-andme.bsky.social,Sherry Lee,"Nope Brad Lavigne. Not a favourite panel. By a long shot. I’m sure there are many others who enjoy it very much. 
#pnpcbc #cdnpoli",,,,1,0,1,0,2026-05-11T21:50:23Z,NA,NA,NA,,,,,
at://did:plc:t4qjao6o2xfwavfc5ewwvosg/app.bsky.feed.post/3mlmawt254c23,bafyreiau5q33shmawjjdkhermrnajbondy547knd55dqypmokjlmqgx6ly,pqpolitics.bsky.social,Pete Quily,"Has Mark Carney put sanctions on far right Israeli terrorist settlers like the European Union did after fascist Hungary became democratic Hungary?

#cdnpoli",,,,0,0,0,0,2026-05-11T21:49:46Z,NA,NA,at://did:plc:r4ve5hjtfjubdwrvlxcad62e/app.bsky.feed.post/3mlmaoi6kpv2z,,,,,
at://did:plc:v3eup4rzroyniw2x7bmsdzgt/app.bsky.feed.post/3mlmarll5sk2p,bafyreidbzjoiqu53bfakwa4aw24tcuh76fiap3xwdbhp7c3ethi47r2rhi,spudislander45.bsky.social,Spudislander45 🇨🇦❤️🌎💪🫡,"Ally and friend of #Putin suggested by #Russia to negotiate war end on #Ukraine?

This is not a serious proposal. Putin will NEVER negotiate peace.  He’d have every one of his citizens used in war before ever giving up land or negotiating end to war.

Ukraine must have peace on their terms. #cdnpoli",,,,0,0,0,0,2026-05-11T21:46:51Z,NA,NA,NA,,,,,
at://did:plc:zkx5ssoe4pq7pfmckyqumax5/app.bsky.feed.post/3mlmar7r73c2u,bafyreiahw7ltdn3o37nntglcpbu2usyq75vo2kq4ah2niml4viqa6lluji,traveling4life.bsky.social,Traveler,Economic growth over the environment does not have to mean at the expense of the environment. #cdnpoli #pnp,,,,0,0,0,0,2026-05-11T21:46:38Z,NA,NA,NA,,,,,
at://did:plc:re7tflvczjceanwkco2bseqb/app.bsky.feed.post/3mlmaqltyhc2q,bafyreifwhptvhmxvqezl54qt6jr3b57ru4dybpylayexot4az7phcb55y4,bella-andme.bsky.social,Sherry Lee,"Love when certain panelists are on during Monday night’s Power Panel. Gives me the opportunity to prepare a salad or peel potatoes. 
#pnpcbc #cdnpoli",,,,0,0,2,0,2026-05-11T21:46:17Z,NA,NA,NA,,,,,
at://did:plc:oxusypvea4j6vq7kavhuoncn/app.bsky.feed.post/3mlma57f5xk2s,bafyreihw6ql22smtgx7bg5s5bwcfw5xtgx6sy4qzqxzfdlshf5swpk3mnm,marktottenpolitics.bsky.social,Mark Totten,"Canadians are experiencing record high levels of debt and bankruptcies in the start of 2026. 

Bankruptcies are at the highest rate since 2009. Mortgage delinquency at the highest rate since 2021. 

How does the liberal spring budget help? It's reported to funnel more wealth to the wealthy. #cdnpoli",,,,0,0,0,0,2026-05-11T21:35:26Z,NA,NA,NA,,,,,
at://did:plc:abt5tpb7lqr7vopkrkwfswwq/app.bsky.feed.post/3mlm7vxiail2t,bafyreia4kgvizfs3sildo4lhltrzqd4etjkbb5qg274x72jwbxba4r7bdu,canadareport.org,Canada Report,"LIFT Provides Update on Timetable for Combination Transaction With Winsome Resources

Canada’s fastest news scan: 25+ headlines, no clutter, updated all day: CanadaReport.org

#cdnpoli #Canada #News #Business #Economy 
Read Original Article 🔗",,,,0,0,0,0,2026-05-11T21:31:23Z,NA,NA,NA,,,,,
at://did:plc:re7tflvczjceanwkco2bseqb/app.bsky.feed.post/3mlm7u7eakk24,bafyreiajm3ywuljkv3zb46un5ig4x2fxlwjsp5dhjctschdk22airgcwru,bella-andme.bsky.social,Sherry Lee,"Scarborough Southwest such a hot property these days. A loss for Erskine-Smith by 19 votes. Just announced yesterday city  council member being investigated by police. 
It used to be so bland and boring. 
#pnpcbc #cdnpoli #onpoli",,,,0,0,1,0,2026-05-11T21:30:24Z,NA,NA,NA,,,,,
at://did:plc:ig6dnt4tqgg7iwwtywx3bkvd/app.bsky.feed.post/3mlm7jkv2322a,bafyreictcrkux4c57lqekljpq5svhsagrw7nbagab4n3kfzgihc34ifvwm,robduncan.bsky.social,Rob Duncan,"""Our economic model is at war with life on earth.""  - Naomi Klein

#auspol #USPOL #USA #us #uspoli #poli #politics #cdnpoli #canada #anticapitalist #capitalismkills #killCapitalism #capitalism #abolishcapitalism #fuckcapitalism #SocialJustice #ethics #FalseConsciousness",,,,0,4,17,1,2026-05-11T21:24:30Z,NA,NA,NA,,,,,
at://did:plc:ig6dnt4tqgg7iwwtywx3bkvd/app.bsky.feed.post/3mlm7bffie22a,bafyreigptntllzpcrt5s6x7nuzgvycgivfd3scad2xolji5vtdxn4uuwla,robduncan.bsky.social,Rob Duncan,"""Something awful is happening to a society when it ceases ... to believe in the report that only poets can make.""

#auspol #USPOL #USA #uspoli #poli #politics #cdnpoli #history #SocialJustice #LongerTables #Socialist #socialism #LeftIsBest #ClassConsciousness #FalseConsciousness #abolishcapitalism",,,,1,2,14,0,2026-05-11T21:19:54Z,NA,NA,NA,,,,,
at://did:plc:r64wzjtkimyq4vkiddzuu6no/app.bsky.feed.post/3mlm76vjmbc2h,bafyreicfhanuohqp6oel5ezi4uot3fpvlp5kxtqmilnrc6xs3amlb7lkxu,bcwildfirewkly.bsky.social,BC Wildfire Weekly - Wildfires + More,"VICTORIA, BRITISH COLUMBIA: “From the airport, the individuals were transported directly to secure, pre-arranged isolation accommodations under strict public health supervision.” www.ctvnews.ca/vancouver/ar... - @ctvnewsvancouver.bsky.social

#BCPoli #CDNPoli #Hantavirus #VancouverIsland #YYJ",,,,1,1,3,0,2026-05-11T21:18:30Z,NA,NA,NA,,,,,
at://did:plc:h2spa3l463coxycuy6iiov2l/app.bsky.feed.post/3mlm76pkmws2u,bafyreicdeizjyd3yd2xarkonkghgwnteismok5avhwh5wtpyrdhx5547gy,shewandersferal.bsky.social,Allison Moon 🌙  🍁,"Oh #BRICS is giving it to the #US from all sides

#AfriCom is seeing criticism
as well they should…

I would imagine most #Canadians are unawares…

#🍁 #CANpoli 🍁 #CDNpoli 🍁  #CanadaSky 🌌 #Alberta",,,,0,0,0,0,2026-05-11T21:18:25Z,NA,NA,NA,,,,,
at://did:plc:kwbtkxw77a5565qckvvpv3d3/app.bsky.feed.post/3mlm73k7qi22d,bafyreifutdnonewwwkn7cio7vem7tlnqa5m6czr6fe7dlnqufyhwx4vjhm,darkwaterphotos.bsky.social,Photography by Douglas 🍁,"On Trade, 

""What Canada cannot do is outsource its trade policy to a U.S. Senate committee.

America can warn us. America can disagree. America can make its case.

But Canada is a country, not a branch plant with a flag.""

— Marcus | The Headline Lab   

#CdnPoli #TheHeadlineLab #EVs 🦾🦾🪖🍁 #ElbowsUp",,,,0,0,5,1,2026-05-11T21:16:37Z,NA,NA,NA,,,,,
at://did:plc:px2esgvbnl7ransisaced6wu/app.bsky.feed.post/3mlm72mgx7s2c,bafyreif4aqo4n3fvgtobnevhxyq4xjtaxtsyi7nn5bvljfkcfequeijitm,stevemilesnet.bsky.social,🟥‬🍁🟥‬𝓢𝓽𝓮𝓿𝓮 𝓜𝓲𝓵𝓮𝓼 𝓝𝓮𝓽🟥‬🍁🟥‬,"Automation: What can you do❓ Invest in it❓
@enemywithinyt.bsky.social 
#Instafollow #Bluesky #Politics #Democracy #Resistance #Canadasky #Canadian #cdnpoli #Boycotts #neverthe51ststate #EightySixFortySeven #nomorewar #NeverVoteConservative #American #USApoli #𝓢𝓽𝓮𝓿𝓮𝓜𝓲𝓵𝓮𝓼𝓝𝓮𝓽
youtu.be/DmILmWQtQDE?...",,,,0,2,2,1,2026-05-11T21:16:07Z,NA,NA,NA,,,,,
at://did:plc:re7tflvczjceanwkco2bseqb/app.bsky.feed.post/3mlm6yzvzz22y,bafyreift2bujf5d6vyogskzys33fquwex4xdztj2fwgyoqzaxzm7j24iue,bella-andme.bsky.social,Sherry Lee,"In all the in-depth detail Steven Guilbeault went into re the government’s major projects push he’s correct when he said that if we go too fast with approval of projects people may lose trust and we need to have confidence in the process. Transparency is necessary. 
#pnpcbc #cdnpoli",,,,1,1,2,0,2026-05-11T21:15:12Z,NA,NA,NA,,,,,
at://did:plc:r64wzjtkimyq4vkiddzuu6no/app.bsky.feed.post/3mlm6yauljk2s,bafyreiggvp6gl7hcwvnnv5wo2buxohyhfplkakgzmumxemtfpmhtirh2aq,bcwildfirewkly.bsky.social,BC Wildfire Weekly - Wildfires + More,"“Henry said the arrival “went very smoothly” and involved coordination between Island Health, the Public Health Agency of Canada, quarantine officers and the Canadian Armed Forces.” cheknews.ca/b-c-s-provin... - @cheknews.ca 

#BCPoli #CDNPoli #Hantavirus #MVHondius #VancouverIsland",,,,0,0,1,0,2026-05-11T21:14:47Z,NA,NA,NA,,,,,
at://did:plc:zkx5ssoe4pq7pfmckyqumax5/app.bsky.feed.post/3mlm6wkwwt22v,bafyreiao75r5dwiss3nc7tq2d42kufixuin62bps4vhokiw76w2okwfhwm,traveling4life.bsky.social,Traveler,Guilbeault makes so much sense. #cdnpoli #pnp,,,,1,0,1,0,2026-05-11T21:13:49Z,NA,NA,NA,,,,,
at://did:plc:mwagtmvsxuqlgte5iqk3fndm/app.bsky.feed.post/3mlm6upp7qc2f,bafyreibvzzjlu4exugif5aloct7zq44irpubhjpanq3xzsbtpyqrbqr6uy,lalegault.bsky.social,LA Legault ⚜️🤌🏻,"Senior Director of North American government and  Regulatory Affairs Natalie Campbell, on Lawful Access Bill C-22: #cdnpoli",,,,1,31,39,2,2026-05-11T21:12:50Z,NA,NA,NA,,,,,
at://did:plc:in6t5b6l3wnfwkcuqji57ttg/app.bsky.feed.post/3mlm6uevwvs2w,bafyreie66zqkwqeg5dg5azkgmhghk2g6i5najv5zvgayq442vttkpthxda,ccfr-ccdaf.bsky.social,Canadian Coalition for Firearm Rights,"""The Supreme Court is interested in something.""

Despite losses at Federal Court (2023) & Court of Appeal (2025), Rod Giltaca explains why Canadians remain optimistic about CCFR v Canada.

""Every case that the Surpreme Court rules in favour of, took the same path that we took to get there."" #cdnpoli",,,,1,0,0,1,2026-05-11T21:12:38Z,NA,NA,NA,,,,,
at://did:plc:r64wzjtkimyq4vkiddzuu6no/app.bsky.feed.post/3mlm6q3mabk2s,bafyreifrhsoaztokpyw2hh3avcwheawxkxcgjceqk7yie7hdcbhzbpidly,bcwildfirewkly.bsky.social,BC Wildfire Weekly - Wildfires + More,"“According to the Government of Canada, there are already more than 40 different types of ticks in Canada.” www.cbc.ca/news/canada/... - CBC Nova Scotia 

#Allergies #CDNPoli #LymeDisease #Ticks",,,,0,0,2,2,2026-05-11T21:10:13Z,NA,NA,NA,,,,,
at://did:plc:ig6dnt4tqgg7iwwtywx3bkvd/app.bsky.feed.post/3mlm6olwyns2a,bafyreibonzpvesn54xv3honbq5l2kh3pv3zpzucsezcxvucfh3geir4ura,robduncan.bsky.social,Rob Duncan,#pedopresident #Pedogarchy #Pedophocracy #25thAmendment #TraitorTrump #USPOL #USA #us #uspoli #poli #politics #cdnpoli #canada #auspol #MeidasMighty #america #history #RemoveTrump #DonaldTrump #Trump #TRUMP #FuckTrump #antifa #AntiTrump #fascistfelon #FightOligarchy #DefundBillionaires #TrumPedo,,,,0,12,23,0,2026-05-11T21:09:23Z,NA,NA,NA,,,,,
at://did:plc:v3eup4rzroyniw2x7bmsdzgt/app.bsky.feed.post/3mlm6ohojhs2p,bafyreigq57i4erjwpee565n5chbzvnj7xv7w6rodfwuic4argzcrhio43m,spudislander45.bsky.social,Spudislander45 🇨🇦❤️🌎💪🫡,"Make your voices heard #Ontario! 

Here’s the website.  SaveTorontoIslands.ca

#MaritStyles talks about #DougFord taking over #TorontoIsland for private airport.  #cdnpoli #Onpoli",,,,0,6,9,0,2026-05-11T21:09:19Z,NA,NA,NA,,,,,
at://did:plc:ig6dnt4tqgg7iwwtywx3bkvd/app.bsky.feed.post/3mlm6mfns2c2a,bafyreiarbw6vjx4s2qlwos3tp7qoyjowjlzeltw6gvy7cfzaa2er2fe3mi,robduncan.bsky.social,Rob Duncan,#pedopresident #Pedogarchy #Pedophocracy #25thAmendment #TraitorTrump #USPOL #USA #us #uspoli #poli #politics #cdnpoli #canada #auspol #MeidasMighty #america #history #RemoveTrump #DonaldTrump #Trump #TRUMP #FuckTrump #antifa #AntiTrump #fascistfelon #FightOligarchy #DefundBillionaires #TrumPedo,,,,0,2,5,0,2026-05-11T21:08:10Z,NA,NA,NA,,,,,
at://did:plc:abt5tpb7lqr7vopkrkwfswwq/app.bsky.feed.post/3mlm6at4nio2z,bafyreibtcg2pv6heuiw2qgcgpnvpfyftpl5jshs3a7ktop4yhlb2x7mtna,canadareport.org,Canada Report,"Shopify posts strong Q1 revenue growth, but stock still falls on slow growth forecast

Canada’s fastest news scan: 25+ headlines, no clutter, updated all day: CanadaReport.org

#cdnpoli #Canada #News #Tech #AI 
Read Original Article 🔗",,,,0,0,0,0,2026-05-11T21:01:40Z,NA,NA,NA,,,,,
at://did:plc:aluhvhowyayoyhqeu2hxinwh/app.bsky.feed.post/3mlm63niazs2v,bafyreidpmr5a5pvmg77kxkukls7f5z5kvldpssb7rsmohssf2adcgtmciu,stephenlautens.bsky.social,Stephen Lautens,"Well, that will make the right-wing and Alberta separatist crowd rush to fill in their census forms... #cdnpoli",,,,5,3,20,0,2026-05-11T20:58:50Z,NA,NA,NA,,,,,
at://did:plc:r64wzjtkimyq4vkiddzuu6no/app.bsky.feed.post/3mlm5vdkxcs2s,bafyreia5vigckw5kajeerkonkram4st4w3rvvpscj7koylrcv2j4ae36ku,bcwildfirewkly.bsky.social,BC Wildfire Weekly - Wildfires + More,"“4 passengers isolating for hantavirus in Victoria are from B.C. and Yukon, top doctor says” www.cbc.ca/news/canada/... - CBC British Columbia 

#BCPoli #CDNPoli #Hantavirus #MVHondius #VictoriaBC #Yukon #YYJ",,,,0,0,0,0,2026-05-11T20:55:16Z,NA,NA,NA,,,,,
at://did:plc:ypbo2mq6dqcct43gt2sam6el/app.bsky.feed.post/3mlm5qnysqt2u,bafyreie53factdg42zy23l6pungm4yozkrypjsuulmv62zhrad5uoslrja,ipolitics.bsky.social,iPolitics,The Great Canadian Upload #cdnpoli #ipolitics,,,,0,0,0,0,2026-05-11T20:52:38Z,NA,NA,NA,,,,,
at://did:plc:jw3ocg24thye7i5sjjhia62e/app.bsky.feed.post/3mlm5mtvxjs2g,bafyreiarvlg4sdrqhdqmqzkclyxzlnjqipeewsfwrfemnjiujxqkctbboi,markhamhislop.bsky.social,Markham Hislop,"Asia’s Electrification Boom Threatens Canadian Pipeline Dreams

A West Coast pipeline didn't make sense before Trump invaded Iran. As Asia scrambles to speed up electrification, it makes even less sense.

Agree or disagree?
#cdnpoli #abpoli 
youtu.be/Spng19NRRcE",,,,4,10,23,3,2026-05-11T20:50:31Z,NA,NA,NA,,,,,
at://did:plc:abt5tpb7lqr7vopkrkwfswwq/app.bsky.feed.post/3mlm4kygzkm2k,bafyreiemoifxzmsdjajq3thu3kdi5lgi7fstozjxncysmfnxlch5e5ont4,canadareport.org,Canada Report,"Definium Therapeutics Announces New Employee Inducement Grants

Canada’s fastest news scan: 25+ headlines, no clutter, updated all day: CanadaReport.org

#cdnpoli #Canada #News #Business #Economy 
Read Original Article 🔗",,,,0,0,0,0,2026-05-11T20:31:34Z,NA,NA,NA,,,,,
at://did:plc:ypbo2mq6dqcct43gt2sam6el/app.bsky.feed.post/3mlm3yibztn23,bafyreihmlqhbpnbpnh2lwpsqpmgredjbhhmsffxh3gwxcsx2fo42ymd5le,ipolitics.bsky.social,iPolitics,Ottawa taps TELUS to help build sovereign AI computing power #cdnpoli #ipolitics,,,,0,0,0,0,2026-05-11T20:21:13Z,NA,NA,NA,,,,,
at://did:plc:eaeuyrvdlqvjgznelgcdimct/app.bsky.feed.post/3mlm3n6ek7s2o,bafyreidkva22c5hlmvdy4m3g5q2wtbk5bk7do6alh6vadeh726f5ufge2y,madhat59kenwood.bsky.social,Ken Wood part owner of 🇨🇦,Truth 👍 #abpoli #cdnpoli,,,,0,1,4,0,2026-05-11T20:14:52Z,NA,NA,at://did:plc:erwcofx42b24pekytwhgwsk3/app.bsky.feed.post/3mlm37t5ark25,,,,,
at://did:plc:jeuzjfwsgn62xfoe7qo4jul5/app.bsky.feed.post/3mlm35ooxvs23,bafyreif6rqjccirtioo674fn5jkn3xepammi7wj3vbsucpme3flmfuvnyq,bigclimate.bsky.social,Bentley ****TALK CLIMATE****,This needs to be fixed and I know who should pay for ALL of it and so do you. #SueBigOil #ClimateChange #cdnpoli #bcpoli,,,,0,2,6,0,2026-05-11T20:06:14Z,NA,NA,at://did:plc:sxywaaocdrjp7aywbhsqpjn7/app.bsky.feed.post/3mllcgrj2gs2h,,,,,
at://did:plc:c7ocgtuam5t56eb72y7d4hnu/app.bsky.feed.post/3mlm2xs5mjk2w,bafyreiffzv6p4mxfjubwji5hq4ioki4ncjzbabeb6fokwwaaxqmxybvb6y,pawbaby2.bsky.social,Marie 🇨🇦 🐸,"Canada doesn’t need grievance politics. It needs backbone.

PM Carney says it plainly!  While the wreckers rage, we build: trade, housing, clean energy, and a sovereign future. 🇨🇦
#cdnpoli #MarkCarney 
#USDemocracy
#Pinks",,,,9,69,130,1,2026-05-11T20:02:56Z,NA,NA,NA,,,,,
at://did:plc:fuak6asmyzr6r34f6er6z4ju/app.bsky.feed.post/3mlm2wwvbic2s,bafyreigli7zjzslfdc2xebtfwex4aus7gwdqordhmmqdom5a4bqebdwvm4,jansplanet.bsky.social,Janet 🇨🇦,"Canada demand @mark-carney.bsky.social change course, invest in Canadians, and enact legislation more like the Scot’s Community Wealth Building Bill. The GoC must #InvestInCanadians stop the cuts, esp in science & Ag, develop renewables & #climate resilience mitigation efforts. #CdnPoli",,,,1,2,11,0,2026-05-11T20:02:52Z,NA,NA,NA,,,,,
at://did:plc:v3eup4rzroyniw2x7bmsdzgt/app.bsky.feed.post/3mlm2whdcw22p,bafyreigepms43idhkjt3l4dz47ruq3akfypgz3uks2k7q6ohaoduo3y37a,spudislander45.bsky.social,Spudislander45 🇨🇦❤️🌎💪🫡,Did mine!  Submitted online.  Easy!  #cdnpoli,,,,4,0,21,1,2026-05-11T20:02:12Z,NA,NA,NA,,,,,
at://did:plc:abt5tpb7lqr7vopkrkwfswwq/app.bsky.feed.post/3mlm2van45i2j,bafyreigdmkrhqv47tscdwabem4hbep7wvi3lmonkxf3sflfu5m3axy42m4,canadareport.org,Canada Report,"“The math is not mathing”: How AI bubble fears are changing Canadian VCs’ investment approach

Canada’s fastest news scan: 25+ headlines, no clutter, updated all day: CanadaReport.org

#cdnpoli #Canada #News #Tech #AI 
Read Original Article 🔗",,,,0,0,1,0,2026-05-11T20:01:30Z,NA,NA,NA,,,,,
at://did:plc:k7ulrduhfefoqvo35dz567ow/app.bsky.feed.post/3mlm2lzndm22h,bafyreidhjgamtl2balnzdufnyktdfiz2zp7hdh5lii4kyd3ncpih5mtyei,spaikin.bsky.social,Steve Paikin,ANALYSIS: The anatomy of a stunner in Scarborough Southwest  www.tvo.org/article/anal... @nateforontario.bsky.social @ontliberal.bsky.social #onpoli #cdnpoli,,,,2,2,13,1,2026-05-11T19:56:22Z,NA,NA,NA,,,,,
at://did:plc:2jfr7qhenekca6f6qtjgwdr4/app.bsky.feed.post/3mlm2l6pkhc2v,bafyreictvlwju4vuh6npfnqy4iivg6juyv6e53nqhzw4t5biiu3f74ld7a,calgaryclimatehub.ca,Calgary Climate Hub, #CostOfClimate #ClimateChange #yyc #abpoli #cdnpoli #CanadaSky #ClimateSky #EnergyTransition #Electrostates #Petrostates #China #Iran #America,,,,0,6,9,0,2026-05-11T19:55:54Z,NA,NA,NA,,,,,
at://did:plc:2jfr7qhenekca6f6qtjgwdr4/app.bsky.feed.post/3mlm2j5uj3k2v,bafyreih75c5nkxuvfa44bgdnokwq4dprmycwxaciz4ugcztoh5qxo6f5c4,calgaryclimatehub.ca,Calgary Climate Hub,"""The cost of climate isn't just measured in dollars, it's measured in tragically missed opportunities to build something better while we still can."" #CostOfClimate #ClimateChange #yyc #abpoli #cdnpoli #CanadaSky #ClimateSky #EnergyTransition #Electrostates #Petrostates #China #Iran #America",,,,0,3,2,1,2026-05-11T19:54:45Z,NA,NA,at://did:plc:2jfr7qhenekca6f6qtjgwdr4/app.bsky.feed.post/3mkpzlgssi226,,,,,
at://did:plc:ifi6xqgbojwquosnkvzx3gna/app.bsky.feed.post/3mlm2cvotnc2v,bafyreibah3t64dfuknobsuqlqxblol6bkgmeprbwdx4ljs2kkkijrfgeve,leftcoasttreefrog.bsky.social,Left Coast Tree Frog 🕊️,"EU agrees sanctions on Israeli settlers over West Bank violence.
#cdnpoli
www.bbc.com/news/article...",,,,0,0,3,0,2026-05-11T19:51:15Z,NA,NA,NA,,,,,
at://did:plc:ralxrfpmgdxc7hmnvujfzjqy/app.bsky.feed.post/3mllzz6gwts2n,bafyreibdgo34y7t6gnofkp3n33abhggm637jmtq7xwcvucakboabq7wsz4,turnbullwhitby.bsky.social,MP Ryan Turnbull 🇨🇦🇺🇦,"These are just some of the ways we are putting more money back in your pockets. ⬇️

#cdnpoli #affordability #Whitby",,,,0,0,2,0,2026-05-11T19:45:48Z,at://did:plc:ralxrfpmgdxc7hmnvujfzjqy/app.bsky.feed.post/3mllzz4yqdc2n,at://did:plc:ralxrfpmgdxc7hmnvujfzjqy/app.bsky.feed.post/3mllzz4yqdc2n,NA,,,,,
at://did:plc:n4pqhwrikpixyolryheangut/app.bsky.feed.post/3mllzyhfvv22s,bafyreialpjhmrro3jbvqx5xb2yzipjqf3ls4qnd6ibqk5ugv463tlh2rn4,albertapitbull.bsky.social,AlbertaPitbull ⚖️ 🇨🇦,"I think that Corb Lund is making lots of new fans. 

We won't forget him. 😘😍❤️

#ableg #abpoli #cdnpoli",,,,0,0,5,0,2026-05-11T19:45:24Z,at://did:plc:64x5pkpfozsljnoqtd7f7p4q/app.bsky.feed.post/3mllqnfx4y22o,at://did:plc:64x5pkpfozsljnoqtd7f7p4q/app.bsky.feed.post/3mllqnfx4y22o,NA,,,,,
at://did:plc:ralxrfpmgdxc7hmnvujfzjqy/app.bsky.feed.post/3mllzxijb622n,bafyreiauaua2vhfwa4z7d3hjk7wakwprvzas5xqukbugrmdornxdxjig2a,turnbullwhitby.bsky.social,MP Ryan Turnbull 🇨🇦🇺🇦,"A stronger Canada is built by workers. From skilled trades training to 100,000 youth summer jobs, we are creating pathways to good careers and stronger communities across the country. Real leadership means investing in people and creating opportunity. 

#Cdnpoli #SkilledTrades #CanadaStrong",,,,0,3,7,0,2026-05-11T19:44:52Z,NA,NA,NA,,,,,
at://did:plc:eix3tk3r26zi2p3vyreh3k3b/app.bsky.feed.post/3mllzuei2os2h,bafyreibap2mskwf7hx3edu24y4v6mdfhu54b2ptab33br3f2mk66qikofq,atomicker.bsky.social,NA,"What we have seen is a ""sleepwalk into increasing dangers over the last decade. And we see these problems growing"", thanks to the ""complete failure in leadership"" in the US and other countries:

#Canada #CDNPoli #ClimateCrisis #ClimateChange #ClimateBreakdown #NoPipelines #USPoli",,,,0,0,0,0,2026-05-11T19:43:08Z,NA,NA,NA,,,,,
at://did:plc:yrior223p4bfadvbknfpxtk2/app.bsky.feed.post/3mllzr4yuok2z,bafyreidcemkaqwau3kn6nnpmpteeg5q3wceilp63ukqr732r6mda7ajndm,shin-kuroi.bsky.social,,"As if #Montreal wasn’t terrible enough.

youtu.be/zcHEulB-uwE?...

#cdnpoli #cndpoli #canada #pollution",,,,0,0,0,0,2026-05-11T19:41:21Z,NA,NA,NA,,,,,
at://did:plc:rsvzkqxa2xdojwmjljqzs4ik/app.bsky.feed.post/3mllzp3tr2c2r,bafyreifke2btx5lgt3zn2ameskc4uwbaifpj3cccg5jadkt7fc6nckj6mm,thebreakdownab.bsky.social,The Breakdown AB,"Today Smith revealed that multiple UCP staffers knew about the separatist data breach and none of them saw anything wrong with it.

“It was just regular oversight of a regular opposition meeting”

(Does Dani not know who the opposition is?)

#abpoli #ableg #cdnpoli",,,,43,88,214,16,2026-05-11T19:40:12Z,NA,NA,NA,,,,,
at://did:plc:qkwj4hstt5ez4jecdqjpcly2/app.bsky.feed.post/3mllzlz3zps2u,bafyreieixkhtyd346oglzh3bygol7hk2u7m5m5qe2vrsseosaavvqfw6li,quoimedia.bsky.social,QUOI Media 🇨🇦,"""Health equity is not about giving some people more. It is about ensuring that everyone has what they need to achieve comparable outcomes for optimal health.

Accepting the truth of health inequity requires us to be honest about the fact that not everyone starts from the same place.""

#cdnpoli",,,,0,1,4,0,2026-05-11T19:38:27Z,at://did:plc:qkwj4hstt5ez4jecdqjpcly2/app.bsky.feed.post/3mllzlxuus22u,at://did:plc:qkwj4hstt5ez4jecdqjpcly2/app.bsky.feed.post/3mllzlxuus22u,NA,,,,,
at://did:plc:abt5tpb7lqr7vopkrkwfswwq/app.bsky.feed.post/3mllz7nbtrb2b,bafyreiduzpg7cq7amqb3wj7albowl3qb6qolagymd46f3msq4twkhonzp4,canadareport.org,Canada Report,"Grosvenor Property Canada names new executive leadership team

Canada’s fastest news scan: 25+ headlines, no clutter, updated all day: CanadaReport.org

#cdnpoli #Canada #News #Business #Economy 
Read Original Article 🔗",,,,0,0,0,0,2026-05-11T19:31:32Z,NA,NA,NA,,,,,
at://did:plc:scijaby6du6jgxawtsawmsqo/app.bsky.feed.post/3mllz6od66s2l,bafyreicfsitepl5ycokbyhrg4j7qv2ayuxekvuuviwt5tci3ydzauyiqtq,infiniteworlds.bsky.social,4 Seasons Total Landscaping,#abpoli #cdnpoli #UnitedCorruptionParty #databreach,,,,0,0,0,0,2026-05-11T19:30:59Z,NA,NA,at://did:plc:lar2o6mnnvln22w6kgnpifli/app.bsky.feed.post/3mllyqapazc2c,,,,,
at://did:plc:tlkakpjayncxubstzzd4dwdt/app.bsky.feed.post/3mllz3nwp2s2x,bafyreibdrfnmf3thjbartilu7i6cowjmdxuekznjl26azgikciotdj3eyq,cyborgk9.bsky.social,Cyborg K9 🌹,"Obviously low birth rates are common across developed nations... but I still think ""make an environment where having kids makes your life even more of a struggle"" is the wrong way to go, policy-wise. :P

#cdnpoli #uspoli",,,,0,0,1,0,2026-05-11T19:29:18Z,at://did:plc:tlkakpjayncxubstzzd4dwdt/app.bsky.feed.post/3mllyxkcf4k2x,at://did:plc:tlkakpjayncxubstzzd4dwdt/app.bsky.feed.post/3mllyxkcf4k2x,NA,,,,,
at://did:plc:eaeuyrvdlqvjgznelgcdimct/app.bsky.feed.post/3mllz3ggaq22h,bafyreicbh36cyhtw2r22cu6sasqt5h6yhwjxb2vfndh3lc5xax7eyv2evy,madhat59kenwood.bsky.social,Ken Wood part owner of 🇨🇦,oh so good 🤣🤣 #uspoli #cdnpoli,,,,0,0,2,0,2026-05-11T19:29:10Z,NA,NA,at://did:plc:bya76aoajvy6ihmaviywjcil/app.bsky.feed.post/3mlk75u3om22e,,,,,
at://did:plc:eaeuyrvdlqvjgznelgcdimct/app.bsky.feed.post/3mllyubtihk2h,bafyreiehn5dtacudqxjcqweutfjv5g3wo3zwtxte3xu6m7jp4g3fxkh6jq,madhat59kenwood.bsky.social,Ken Wood part owner of 🇨🇦,"Its already under control, are you suggesting its not and there's a bigger issue? Because that's BS. This is NOT covid, does not spread like covid. Is not a unknown like covid. Its a well known virus and has been handled for decades. What am I missing in this post? Idk. #cdnpoli",,,,1,0,2,0,2026-05-11T19:25:10Z,NA,NA,at://did:plc:5jotthnaxi2oykgzwzbvhaj6/app.bsky.feed.post/3mllwj42fys2s,,,,,
at://did:plc:eaeuyrvdlqvjgznelgcdimct/app.bsky.feed.post/3mllymhyrfs2h,bafyreihhslgyjcth342f3clph745jyundlkywx4ebeylrcsfydlqz2ddwu,madhat59kenwood.bsky.social,Ken Wood part owner of 🇨🇦,👍 #boycottUSA its working and we'll do better continuing it. #uspoli #cdnpoli,,,,0,0,1,0,2026-05-11T19:20:48Z,NA,NA,at://did:plc:3l6h5tayy6vycige2igmorv4/app.bsky.feed.post/3mllcflgla22h,,,,,
at://did:plc:eaeuyrvdlqvjgznelgcdimct/app.bsky.feed.post/3mllyhrogqk2h,bafyreifd6y4actyog37rbg6dostm66dwvmv6e4n3qlo6tp6m4pqmzqveze,madhat59kenwood.bsky.social,Ken Wood part owner of 🇨🇦,Continual extortion of Canada. Beyond tired of these stupid freaking whiney on going narratives. #Smith you're not getting a pipeline through BC. One is enough we are done. #bcpoli #abpoli #cdnpoli,,,,2,4,3,0,2026-05-11T19:18:11Z,NA,NA,at://did:plc:h7fcxq6223zhow4fpiok3apn/app.bsky.feed.post/3mllv6belus2p,,,,,
at://did:plc:dlywvc252kvz4hc4j24jhwh2/app.bsky.feed.post/3mllyhnwqo22i,bafyreibn24evvg77bnrdoonfy3ak3vajd45xbrzczha4g2pam6ci7grrru,solitudex.bsky.social,X Solitude ∞ 🍁🇨🇦 EH!,"Ahhh, piss off Senator!!! 🍁🖕🏼🍁

www.cbc.ca/player/play/... #CdnPoli",,,,9,7,40,3,2026-05-11T19:18:08Z,NA,NA,NA,,,,,
at://did:plc:ypbo2mq6dqcct43gt2sam6el/app.bsky.feed.post/3mllygsap4k23,bafyreiho5sw4rjzupedfiipvllelimwfjmmxgyfmocpearvrx6xs55gbt4,ipolitics.bsky.social,iPolitics,Short race for submarine fleet contract nears its end #cdnpoli #ipolitics,,,,0,0,0,0,2026-05-11T19:17:38Z,NA,NA,NA,,,,,
at://did:plc:eaeuyrvdlqvjgznelgcdimct/app.bsky.feed.post/3mllyekwtmk2h,bafyreic35tg6f4ygyuhf7ka55p6urzl3d7qh2nuthqljqw5wxqbr7zdsr4,madhat59kenwood.bsky.social,Ken Wood part owner of 🇨🇦,GREAT news. Thank you Ukraine #cdnpoli,,,,1,0,2,0,2026-05-11T19:16:23Z,NA,NA,at://did:plc:4aqzua5vsewimmusg66fyajl/app.bsky.feed.post/3mlltu5nqck2u,,,,,
at://did:plc:eaeuyrvdlqvjgznelgcdimct/app.bsky.feed.post/3mllyarscs22h,bafyreihyk7n735vopehtnpwrnvanfqgl2zxj7573q57jpysnmwa3mezswi,madhat59kenwood.bsky.social,Ken Wood part owner of 🇨🇦,"22 fn years and nobody thinks that's a bloody issue? of course that's how the justice system, mostly male, treat women. 22 years they just let it go on. #cdnpoli #saskpoli",,,,1,0,0,0,2026-05-11T19:14:16Z,NA,NA,at://did:plc:ummaaxwu2hkdue5p47rj7f36/app.bsky.feed.post/3mllwmq7fst2o,,,,,
at://did:plc:4al42ir6fhnwjwbtbg7j6pfd/app.bsky.feed.post/3mllya224mk2q,bafyreidmg5cpuiwswg3azhflcbv5vfnc3frl33iappmkltamt5xeyhi2a4,lyleskinner.bsky.social,Lyle Skinner,"In the Archives, I came across the Government of Canada's complete legal record surrounding the appointment of 4 or 8 additional Senators per s.26 of the Constitution Act, 1867.

This is a letter to the Governor General from PCO and includes communication with the Queen's Private Secretary #cdnpoli",,,,1,0,0,0,2026-05-11T19:14:07Z,NA,NA,NA,,,,,
at://did:plc:wqqfgwkwsx5yljeyyl6xxxzw/app.bsky.feed.post/3mlly3yjdsk2g,bafyreigtczutgzb62i54o727ti6bbge7lpqqis3edwfxokhe57ijvnfd2u,iclmg-csilc.bsky.social,International Civil Liberties Monitoring Group (ICLMG),"Check out our latest News Digest! conta.cc/4vWGjMN 

In this edition:

- Webinaire avec la CSILC : C-22, Loi sur l'accès légal : une surveillance sans précédent

- White hat hackers warn lawful access bill C-22 would make it easier for criminals to penetrate Cdn systems 1/ 
#cdnpoli #stopc22 #Canada",,,,1,1,0,0,2026-05-11T19:11:46Z,NA,NA,NA,,,,,
at://did:plc:eaeuyrvdlqvjgznelgcdimct/app.bsky.feed.post/3mlly2w5mfk2h,bafyreihku4sa5xsigvftnjo7jnztcjcrvddsowjyvy7bzxmyj42mf2cs3u,madhat59kenwood.bsky.social,Ken Wood part owner of 🇨🇦,continued great numbers. Driving the naysayers batty. #cdnpoli,,,,0,0,1,0,2026-05-11T19:10:59Z,NA,NA,at://did:plc:bwnpn6d4ewofwpy56xooo3kb/app.bsky.feed.post/3mllx62wemc2x,,,,,
at://did:plc:eaeuyrvdlqvjgznelgcdimct/app.bsky.feed.post/3mllxxvq5zk2h,bafyreibaurbugx5273lx6bkxyd3mcolsbhwom5oxop2d2ogkhdgjezy33m,madhat59kenwood.bsky.social,Ken Wood part owner of 🇨🇦,👍 full support #cdnpoli,,,,0,0,0,0,2026-05-11T19:09:18Z,NA,NA,at://did:plc:4j57tftvmydigwkoigb23atj/app.bsky.feed.post/3mllxk5ktrr2h,,,,,
at://did:plc:abt5tpb7lqr7vopkrkwfswwq/app.bsky.feed.post/3mllxp5rugt2d,bafyreieafbdh7jso54hptgdwog5aawhbelfacpkzzritefte6ofebrajou,canadareport.org,Canada Report,"🇨🇦 PM Briefing — May 11  
Challenges in federal operations highlight the need for adaptation.  
• Remote work impacts productivity.  
• Rising costs threaten agriculture.  
Lear...

Read: canadareport.org/briefing-2026-05-11-afternoon.html
#cdnpoli",,,,0,0,0,0,2026-05-11T19:04:24Z,NA,NA,NA,,,,,
at://did:plc:mv6loxcddhj3i6pzfvzicc36/app.bsky.feed.post/3mllxcw3pac2d,bafyreiefmzhce6c4rmjojzcqm4glfz34244ime2gxn7fyqpd3yctjz2dla,dennisjkoch.bsky.social,"Dennis ""dejay"" Koch","After 'MAGA influencer' trolls gay couple with baby, support grows for dad who threw punches

Ryley Niemi had no regard for the baby's safety - he's an asshole who should be held accountable for his actions.

#LGBTQ #USA #uspoli #Canada #cdnpoli #EU #UK #Australia

www.yahoo.com/news/article...",,,,0,1,4,0,2026-05-11T18:57:35Z,NA,NA,NA,,,,,
at://did:plc:bwnpn6d4ewofwpy56xooo3kb/app.bsky.feed.post/3mllx62wemc2x,bafyreia33njkyyuudmva3y7yckrka7fwpaugltginrx4eszdp4dok3in3a,stevev68.bsky.social,Steve Valeriote,"Oh look Pierre, reverting back to being a total negative partisan asshole didn't work either... #cdnpoli",,,,1,3,9,1,2026-05-11T18:54:51Z,NA,NA,at://did:plc:2oxlnaoierkgu6jl645tg7va/app.bsky.feed.post/3mllktmk6as2q,,,,,
at://did:plc:ypbo2mq6dqcct43gt2sam6el/app.bsky.feed.post/3mllwwjcdko2j,bafyreie5ihi46myos7rxwfpasjpr6y52q23xuownkvvlpsj5adazrj7hwy,ipolitics.bsky.social,iPolitics,"MPs, senators set to cut back U.S. exchange travel, despite pressure on trade file #cdnpoli #ipolitics",,,,0,0,0,0,2026-05-11T18:50:38Z,NA,NA,NA,,,,,
at://did:plc:egl4mfr2njrr2br4vhya7yrf/app.bsky.feed.post/3mllwh5cxps2d,bafyreidfrgb6f5ry5xsa5yizn36l7sfucuigrni4n4li2nxcx7zkfxnvfe,judy-bug.bsky.social,judy 🇨🇦,"The IDU is a global alliance of #conservative RW parties giving reactionary leaders a respectable stage to coordinate their regressive agendas.  It is a network to amplify white supremacist sympathies & ethnoreligious-fascist ideologies.

Global chairman: Harper; 🇨🇦 chairman: #Poilievre 

#cdnpoli",,,,0,1,2,0,2026-05-11T18:42:06Z,at://did:plc:6hnkpvshsxjgot5figjyardd/app.bsky.feed.post/3mlltgbkkik2q,at://did:plc:6hnkpvshsxjgot5figjyardd/app.bsky.feed.post/3mlltgbkkik2q,NA,,,,,
at://did:plc:xuhwb4qwqmuhvhw7keljcdu2/app.bsky.feed.post/3mllvweq2xt2e,bafyreihvy7hma2m4ss7fioghdszqd6fvox3chwoshtgow667rcwslnxgym,aster-verite.bsky.social,Aster Vérité,"Fuck Canada the land where ""Human Rights"" are really only polished fecal matter with a shiny chrome coating,

Provinces now routinely enact the notwithstanding clause and politicians push charter rights violating legislation as a matter of course.

#cdnpoli 

www.ctvnews.ca/politics/art...",,,,0,0,2,0,2026-05-11T18:32:42Z,NA,NA,NA,,,,,
at://did:plc:4e7vswp5qrqppoxknd2lkfjk/app.bsky.feed.post/3mllvvate6k2p,bafyreifilpxesjtqklyijqvxgaczbu7ca6gokfyz2m7vltmtuozuarbitq,cdnelxnstracker.bsky.social,Canadian Elections Tracker,"NEW: Becky Druhan, Nova Scotia MLA for Lunenburg West has joined the Liberal Party and will seek the leadership of the party.

She was elected twice as a Progressive Conservative before leaving to become an independent last year.

#cdnpoli #nspoli",,,,0,0,2,0,2026-05-11T18:32:03Z,NA,NA,NA,,,,,
at://did:plc:abt5tpb7lqr7vopkrkwfswwq/app.bsky.feed.post/3mllvu757e62z,bafyreidzm5mvqklmjywrwfucd2d4uypvkt56rnnwpfykq6zvqqwi7tcyn4,canadareport.org,Canada Report,"FIT HOUSE OF BRANDS LAUNCHES ATHLETE OWNERSHIP INITIATIVE INTRODUCING A NEW PATHWAY FOR ATHLETES TO PARTICIPATE IN FI...

Canada’s fastest news scan: 25+ headlines, no clutter, updated all day: CanadaReport.org

#cdnpoli #Canada #News #Business #Economy 
Read Original Article 🔗",,,,0,0,0,0,2026-05-11T18:31:26Z,NA,NA,NA,,,,,
at://did:plc:ig6dnt4tqgg7iwwtywx3bkvd/app.bsky.feed.post/3mllvi265k22t,bafyreiclwennudo77kgbl7uzwnyessubqotvuvfghiqyjfthwklgp2nkxm,robduncan.bsky.social,Rob Duncan,"GENERAL STRIKE TO REMOVE TRUMP

#pedopresident #Pedogarchy #Pedophocracy #25thAmendment #TraitorTrump #USPOL #USA #uspoli #poli #politics #cdnpoli #canada #auspol #MeidasMighty #america #history #RemoveTrump #DonaldTrump #Trump #TRUMP #FuckTrump #antifa #FightOligarchy #DefundBillionaires #TrumPedo",,,,0,0,4,0,2026-05-11T18:24:41Z,NA,NA,NA,,,,,
at://did:plc:jw3ocg24thye7i5sjjhia62e/app.bsky.feed.post/3mllvelfzgk2g,bafyreifedee2k7jxlalkqvzyyn3ykmrk4t43faridmco6x2jfcpeo6s3iq,markhamhislop.bsky.social,Markham Hislop,"Strait of Hormuz Just One of Many Vulnerable Global Energy Chokepoints

Abishur ""Mr Geopolitics"" Prakash discusses which other oil/LNG chokepoints in the world might be blockaded next.
#cdnpoli 
youtu.be/zK6jI-whBkY",,,,0,4,12,0,2026-05-11T18:22:43Z,NA,NA,NA,,,,,
at://did:plc:tlkakpjayncxubstzzd4dwdt/app.bsky.feed.post/3mllv6prpqc2d,bafyreicvs3bonuqyzxadp5amz7mar5fccgz6eqstvyql6fuvl7bynzpozq,cyborgk9.bsky.social,Cyborg K9 🌹,"This shouldn't be surprising to anyone.
#cdnpoli #uspoli",,,,0,0,0,1,2026-05-11T18:19:25Z,NA,NA,at://did:plc:nl32untxngcg74dl3w7scd74/app.bsky.feed.post/3mlljhvpza32q,,,,,
at://did:plc:h7fcxq6223zhow4fpiok3apn/app.bsky.feed.post/3mllv6bed3k2p,bafyreihzql6x3rhxp4ac4ydpkbmhrzbb5vwpmyxf3rl4s4qn5oibqi5j5i,dianemarie.bsky.social,Diane Marie 🇨🇦,"Danielle Smith claims that she needs another pipeline (to the west coast) MOU to prove that ""federalism works"". She could barely acknowledge that TMX - which involved the federal government *buying* the project - was clear evidence of that. /2 #cdnpoli #abpoli",,,,3,15,34,2,2026-05-11T18:19:11Z,NA,NA,NA,,,,,
at://did:plc:ig6dnt4tqgg7iwwtywx3bkvd/app.bsky.feed.post/3mllv3oivf22r,bafyreibvigab6htm7jvnlrauah6ojaxcah5eswtcz5jrmsbima4xyylvuy,robduncan.bsky.social,Rob Duncan,#pedopresident #Pedogarchy #Pedophocracy #25thAmendment #TraitorTrump #USPOL #USA #us #uspoli #poli #politics #cdnpoli #canada #auspol #MeidasMighty #america #history #RemoveTrump #DonaldTrump #Trump #TRUMP #FuckTrump #antifa #AntiTrump #fascistfelon #FightOligarchy #DefundBillionaires #TrumPedo,,,,1,2,10,0,2026-05-11T18:17:46Z,NA,NA,NA,,,,,
at://did:plc:ig6dnt4tqgg7iwwtywx3bkvd/app.bsky.feed.post/3mlluzxupy22r,bafyreiec367awujq4jleokydzu264qmegdh63n6bvw3a6djweo3maaey7u,robduncan.bsky.social,Rob Duncan,#auspol #USPOL #USA #us #uspoli #poli #politics #cdnpoli #canada #MeidasMighty #communityovercapitalizm #america #history #anticapitalism #anticapitalist #capitalismkills #killCapitalism #capitalism #abolishcapitalism #fuckcapitalism #SocialJustice #ethics #ClassConsciousness #FalseConsciousness,,,,0,5,11,0,2026-05-11T18:16:48Z,NA,NA,NA,,,,,
at://did:plc:ig6dnt4tqgg7iwwtywx3bkvd/app.bsky.feed.post/3mlluyddh722r,bafyreiasifm73tihiocwnlai5cdnocclq3ngtrtbmip73j5re5q4s45owy,robduncan.bsky.social,Rob Duncan,#pedopresident #Pedogarchy #Pedophocracy #25thAmendment #TraitorTrump #USPOL #USA #us #uspoli #poli #politics #cdnpoli #canada #auspol #MeidasMighty #america #history #RemoveTrump #DonaldTrump #Trump #TRUMP #FuckTrump #antifa #AntiTrump #fascistfelon #FightOligarchy #DefundBillionaires #TrumPedo,,,,0,3,8,0,2026-05-11T18:15:52Z,NA,NA,NA,,,,,
at://did:plc:ig6dnt4tqgg7iwwtywx3bkvd/app.bsky.feed.post/3mlluw57og22r,bafyreidrrjuq4v62okc2tmlbcouc3hvhjlcqe2s3roi6nfib57hv5j275e,robduncan.bsky.social,Rob Duncan,"""Normal"" is not coming back.

#pedopresident #Pedogarchy #Pedophocracy #25thAmendment #TraitorTrump #USPOL #USA #uspoli #poli #politics #cdnpoli #canada #auspol #MeidasMighty #america #history #RemoveTrump #DonaldTrump #Trump #TRUMP #FuckTrump #antifa #FightOligarchy #DefundBillionaires #TrumPedo",,,,0,1,2,0,2026-05-11T18:14:39Z,NA,NA,NA,,,,,
at://did:plc:ig6dnt4tqgg7iwwtywx3bkvd/app.bsky.feed.post/3mlluqvjrgk2r,bafyreieyt726pelx5jqtbtnh2vtck54ue4ryzx4ajcxv5gopsoy2ys3a5u,robduncan.bsky.social,Rob Duncan,"It's capitalism, not rocket science.

#auspol #USPOL #USA #us #uspoli #poli #politics #cdnpoli #canada #MeidasMighty #anticapitalist #capitalismkills #killCapitalism #capitalism #abolishcapitalism #fuckcapitalism #SocialJustice #ethics #ClassConsciousness #FalseConsciousness",,,,0,2,8,0,2026-05-11T18:11:43Z,NA,NA,NA,,,,,
at://did:plc:mv6loxcddhj3i6pzfvzicc36/app.bsky.feed.post/3mlluq2uvgs2n,bafyreigjk5z3oeiyfi4f4wx3pephkffnwk6uomrqm4b5f7ubigst7cce5a,dennisjkoch.bsky.social,"Dennis ""dejay"" Koch","Alberta Separatism

Follow all the news on this section of Global News Edmonton

#abpoli #ableg #cdnpoli #Alberta #News #YEG #YYC

globalnews.ca/tag/alberta-...",,,,0,0,5,0,2026-05-11T18:11:16Z,NA,NA,NA,,,,,
at://did:plc:ig6dnt4tqgg7iwwtywx3bkvd/app.bsky.feed.post/3mlluiyrp322r,bafyreifgdxe237emwud3524pxqzlbphxxmofuhhapamyuqugs6u3fg2rom,robduncan.bsky.social,Rob Duncan,"The window for effective climate action closes soon.

#ClimateEmergency #Renewables #auspol #USPOL #USA #us #uspoli #poli #politics #cdnpoli #canada #MeidasMighty #america  #Ethics #ClimateJustice #abpoli #Klimapolitik #ClimateActionNow #ClimateChange #BCClimateAction #capitalism #FalseConsciousness",,,,0,0,5,0,2026-05-11T18:07:18Z,NA,NA,NA,,,,,
at://did:plc:xzgwn3nornr6v6cdd2fqsdru/app.bsky.feed.post/3mllugbamck2b,bafyreia5org22bmdquyrpfrabmur24e5uh2g3z5yvtpaoh2fyrgpwcv2o4,mikemontreal.bsky.social,Montreal Mike🇨🇦,"Funny.  Suddenly no one is sick enough to warrant an ER visit when the Habs play. 
#cdnpoli

www.cbc.ca/news/canada/...",,,,2,1,7,0,2026-05-11T18:05:48Z,NA,NA,NA,,,,,
at://did:plc:kqqydztpv6lrkmynvlo7zsru/app.bsky.feed.post/3mlluakalq22u,bafyreigq7ul6wrwmudwvmq6oebnm2rvnez33zny3xn2hagjtu5kzui66ma,kaicable.bsky.social,"Kai, a very old GenX 🇨🇦","Should Canadians Resist, Surrender or Rebel Against Trump?

The American Revolution Provides Some Guidance.

Interesting read.

#cdnpoli #canada
opencanada.org/should-canad...",,,,0,0,3,0,2026-05-11T18:02:37Z,NA,NA,NA,,,,,
at://did:plc:abt5tpb7lqr7vopkrkwfswwq/app.bsky.feed.post/3mllu6ilofr27,bafyreifmu6f6sgdcb4ulwwf7ig7gv5mivhd5ruycbjothe2hsvvv75juka,canadareport.org,Canada Report,"Dorval | Incendie suspect dans un commerce

Canada’s fastest news scan: 25+ headlines, no clutter, updated all day: CanadaReport.org

#cdnpoli #Canada #News 
Read Original Article 🔗",,,,0,0,0,0,2026-05-11T18:01:24Z,NA,NA,NA,,,,,
at://did:plc:ig6dnt4tqgg7iwwtywx3bkvd/app.bsky.feed.post/3mllu3wkwzk2s,bafyreif75hbwxn2w4wp6wgzgdmiax23mdw7diuaznqbi64rnbljgtdn5da,robduncan.bsky.social,Rob Duncan,#pedopresident #Pedogarchy #Pedophocracy #25thAmendment #TraitorTrump #USPOL #USA #us #uspoli #poli #politics #cdnpoli #canada #auspol #MeidasMighty #america #history #RemoveTrump #DonaldTrump #Trump #TRUMP #FuckTrump #antifa #AntiTrump #fascistfelon #FightOligarchy #DefundBillionaires #TrumPedo,,,,0,0,6,0,2026-05-11T18:00:07Z,NA,NA,NA,,,,,
at://did:plc:jeibpuiku4aeybewdxqab4w3/app.bsky.feed.post/3mllty7jrhs2v,bafyreiajsj22jeey3qfv2ujrowdlcbd4kzjy26md677zmoh6hsvei7lhoa,westernhemlox.bsky.social,Western Hemlox,"#cdnpoli

www.youtube.com/watch?v=5SfA...",,,,0,0,0,0,2026-05-11T17:57:56Z,NA,NA,NA,,,,,
at://did:plc:j4rrqqwlgedatyuhbcposqz2/app.bsky.feed.post/3mlltmzhejk2k,bafyreibxrmj65i2au3egqwatzaln23dwp5nwmr4kzlacwbrdb5snwq4u3q,danonthelam.bsky.social,Dan Johnson,"Wonder why police don't investigate his South Asian organized crime/gang connections.

#ableg #abpoli #cdnpoli #Alberta #yeg #corruptUCP",,,,0,3,6,1,2026-05-11T17:51:38Z,NA,NA,at://did:plc:ykvfxsnswr6rcwdbwocwqajt/app.bsky.feed.post/3mlls2mzfr22y,,,,,
at://did:plc:i2grq5k4gqwyilcjuftzluyx/app.bsky.feed.post/3mlltk4vxus2f,bafyreiaxpxilhwsmwmqb6z2v7cowicegw5sw432vmiu4wb2ylgcojki6m4,voscovery.bsky.social,Richard Price 🇨🇦,"As suspected the #alberta data breach story broke first overseas and made the link to a U.S. firm. That gives Canadian outlets the cover to start asking Canadian officials about foreign interference. Buckle up. #cdnpoli 

www.theguardian.com/world/2026/m...",,,,0,1,3,0,2026-05-11T17:50:03Z,NA,NA,NA,,,,,
at://did:plc:kqqydztpv6lrkmynvlo7zsru/app.bsky.feed.post/3mlltjnng3k2u,bafyreia7pecn5syedsavi2tv53r6mnv45zqjxmf4uonaan56po5rchy2fa,kaicable.bsky.social,"Kai, a very old GenX 🇨🇦","GM agrees to pay $12.75 million to settle California lawsuit over the theft and misuse of customers' driving data through its OnStar program

The U.S. is already a security risk.

#boycottusa #cdnpoli #canada

www.engadget.com/2169135/gm-a...",,,,0,0,0,0,2026-05-11T17:49:47Z,at://did:plc:kqqydztpv6lrkmynvlo7zsru/app.bsky.feed.post/3mljtmms4ik2q,at://did:plc:kqqydztpv6lrkmynvlo7zsru/app.bsky.feed.post/3mljtmms4ik2q,NA,,,,,
at://did:plc:xzgwn3nornr6v6cdd2fqsdru/app.bsky.feed.post/3mllthwoluc2b,bafyreihi46rmtro6sulqntmkhdf6ev7qhroikx7wexzbjim46panl5sd3u,mikemontreal.bsky.social,Montreal Mike🇨🇦,"Lay the blame directly on Bibi and Trump. 

There was no issue in the Strait of Hormuz until they started one.  

This isn’t the “libs” or “Brookfield” — it’s the current US and Israeli administration. 
#cdnpoli 

www.cbc.ca/news/canada/...",,,,0,0,1,0,2026-05-11T17:48:49Z,NA,NA,NA,,,,,
at://did:plc:in6t5b6l3wnfwkcuqji57ttg/app.bsky.feed.post/3mlltbkwkb223,bafyreigvh5kl2cvpswy26gonbf2mgidffyjh6jqgjinjcdqjjezt7d3fx4,ccfr-ccdaf.bsky.social,Canadian Coalition for Firearm Rights,"ICYMI: Liberal Steven Mackinnon TRIPLES DOWN on the same tired rhetoric about his govt's wasteful, inflationary spending. 

MP Carol Anstey lets him know, underlining Carney's failed gun grab contributing to Canada's $1.3 TRILLION deficit.

(That's $31,013 of debt, per Canadian.)

Crazy! #cdnpoli",,,,1,0,1,0,2026-05-11T17:45:18Z,NA,NA,NA,,,,,
at://did:plc:xzgwn3nornr6v6cdd2fqsdru/app.bsky.feed.post/3mllt323gv22b,bafyreieojwm3o7ghl7fsw3wjsowlzezbee5w3xqvlohmtuinsa6fuawrpm,mikemontreal.bsky.social,Montreal Mike🇨🇦,"Excellent article. 
#cdnpoli #uspoli",,,,0,0,0,0,2026-05-11T17:41:35Z,NA,NA,at://did:plc:tsksqpjisdvtusxq6ide5tzj/app.bsky.feed.post/3mllqiwm6qs2c,,,,,
at://did:plc:kqqydztpv6lrkmynvlo7zsru/app.bsky.feed.post/3mllt262fsk2u,bafyreih6nlbxrlz6o423qu6yowul6rcsrpqdpx7ugkihu6asqbfei2uxb4,kaicable.bsky.social,"Kai, a very old GenX 🇨🇦","NDP, Bloc MPs says feds should impose Buy Canadian policy on Via Rail contract to prevent buying new trains from foreign supplier warning against the ""mistake"" of awarding the contract to a U.S. company.

#cdnpoli #canada
#boycottusa

shorturl.at/pC0VG",,,,0,0,1,0,2026-05-11T17:41:08Z,NA,NA,NA,,,,,
at://did:plc:taj2zzm53ypc45lb25vfslts/app.bsky.feed.post/3mllszy5a3s2l,bafyreigqzkr3irbymmj6bijiaox3myfntxgr3xfc4br2szus3lxx2nnfuu,clairebeauchampmd.bsky.social,Claire Beauchamp MD 🇨🇦,"www.theglobeandmail.com/gift/2596095...
@eleanorolszewski.bsky.social @coreyhogan.ca @mattjeneroux.bsky.social @mark-carney.bsky.social 
#cdnpoli #abpoli 
Why should women stay in the pink collar ghettos?",,,,1,0,1,0,2026-05-11T17:41:00Z,NA,NA,NA,,,,,
at://did:plc:ae3s6ie2znxqm75akdxl3qp5/app.bsky.feed.post/3mllsx3hnns2w,bafyreif66ffgu7k2luw7jnu4lapjsvyamfcqbinmx3sehi2hstm765ivqy,tabmcleod.bsky.social,,"Data from the University of #Toronto researchers suggest that travel to the #usa from #canada has declined more than thought

#cdnpoli #uspolitics #cellphone #tariffs #trump 

mappingtariffs.org/canada-us-vi...",,,,0,0,0,0,2026-05-11T17:39:22Z,NA,NA,NA,,,,,
at://did:plc:kqqydztpv6lrkmynvlo7zsru/app.bsky.feed.post/3mllsot7iy22u,bafyreia2rpmk4sz2lszeqq6sybx2k5qz6kw3op3gzcmrf4vpc5cbjp2una,kaicable.bsky.social,"Kai, a very old GenX 🇨🇦","Temporary Foreign Worker Permits Are Destroying Trucking

A new Teamsters’ report finds that the number of TFW permits approved for truck drivers has quadrupled since 2010.

The trucking industry refuses to create decent work while killing the middle class.

#cdnpoli #canada 
shorturl.at/qUzl6",,,,1,0,3,0,2026-05-11T17:34:50Z,NA,NA,NA,,,,,
at://did:plc:abt5tpb7lqr7vopkrkwfswwq/app.bsky.feed.post/3mllsiyuhra27,bafyreih2ognex3yplidvce7rnexnf4krvapffaroid5stoae34omazt4eq,canadareport.org,Canada Report,"Brazil’s Mastercard Rival Elo Taps Bank of America, Other Banks for US IPO

Canada’s fastest news scan: 25+ headlines, no clutter, updated all day: CanadaReport.org

#cdnpoli #Canada #News #Business #Economy 
Read Original Article 🔗",,,,0,0,0,0,2026-05-11T17:31:29Z,NA,NA,NA,,,,,
at://did:plc:kqqydztpv6lrkmynvlo7zsru/app.bsky.feed.post/3mllsgxdquk2u,bafyreibpnwmixjt3r33j42n2dsyx5utwzekzrrgzkm2amopcny6u6u2ppm,kaicable.bsky.social,"Kai, a very old GenX 🇨🇦","The U.S. Owned National Post Praises White Supremacist Novel ft. Carmen Celestini.

Racist book gets approval from Post columnist

#cdnpoli #canada #DefundPostMedia 
#boycottusa #racistusa 

readthecatch.ca/national-pos...",,,,0,0,2,0,2026-05-11T17:30:23Z,NA,NA,NA,,,,,
at://did:plc:kqqydztpv6lrkmynvlo7zsru/app.bsky.feed.post/3mlls6fagas2u,bafyreidsinh22qjba6xyusc5kylkmngrpue2j2h57rub4vj3hpmdivp3vq,kaicable.bsky.social,"Kai, a very old GenX 🇨🇦","Basic Income is key to averting a dystopian future

#cdnpoli #canada

doreenn.substack.com/p/basic-inco...",,,,0,2,6,0,2026-05-11T17:25:40Z,NA,NA,NA,,,,,
at://did:plc:ykvfxsnswr6rcwdbwocwqajt/app.bsky.feed.post/3mlls2mzfr22y,bafyreiarenoeas54afrndiepuw43vyq6fppsvsb4kvux5e2iujouahv3za,anniegirl.bsky.social,Ann Petersen-Kane,"They are all so fucking corrupt and up to their eye-balls in separatism. #ableg #abpoli #cdnpoli 

UCP staffer appears to have been more than just 'observing' the doxxing of Jason Kenney www.nationalobserver.com/2026/05/08/i...",,,,2,11,23,1,2026-05-11T17:23:30Z,NA,NA,NA,,,,,
at://did:plc:2yp3qbkyxd5znzhtsq4n2wml/app.bsky.feed.post/3mllrwsei422x,bafyreibcdrznnfggxa4e52jtmf4355xppmn2vlq54gh5my4afpzbgjmzkm,tk1ng.bsky.social,Tim King,"LQ measures how concentrated each country is in a defined set of advanced industries/technologies, such as IT & information services, computers & electronics, pharmaceuticals, electrical equipment, machinery, motor vehicles, basic and fabricated metals, chemicals & other transport equipment #cdnpoli",,,,0,0,0,0,2026-05-11T17:21:20Z,at://did:plc:2yp3qbkyxd5znzhtsq4n2wml/app.bsky.feed.post/3mllrtkb5ks2x,at://did:plc:2yp3qbkyxd5znzhtsq4n2wml/app.bsky.feed.post/3mllrtkb5ks2x,NA,,,,,
at://did:plc:2yp3qbkyxd5znzhtsq4n2wml/app.bsky.feed.post/3mllrtkb5ks2x,bafyreibv2jh5zjwumbwsh57qdxowvumguufzcbwile36c3ga4lje7x5n2y,tk1ng.bsky.social,Tim King,"""China overperforms relative to the size of its economy, with an LQ of 1.36 (meaning 36% above the global average). By comparison, America underperforms with an LQ of just 0.88 (12% below average)""

#Canada's is 0.58 (42% below avg) #cdnpoli
@mark-carney.bsky.social 

itif.org/publications...",,,,1,0,0,0,2026-05-11T17:19:32Z,NA,NA,NA,,,,,
at://did:plc:mv6loxcddhj3i6pzfvzicc36/app.bsky.feed.post/3mllrhi6zjs2s,bafyreiftwjqfvhxjgeyikivlyjbr26nptxjtmmrlbmgpjaemaknn3bzwsa,dennisjkoch.bsky.social,"Dennis ""dejay"" Koch","Your elector information should not be treated as political ammunition.

It is protected democratic infrastructure.

- TheBreakdownAB

#abpoli #ableg #YEG #YYC #Alberta #cdnpoli #AlbertaUCP",,,,0,1,5,0,2026-05-11T17:12:45Z,NA,NA,at://did:plc:6x4uv4s2njfsmbg6dq2tijld/app.bsky.feed.post/3mllpyexnac2e,,,,,
at://did:plc:abt5tpb7lqr7vopkrkwfswwq/app.bsky.feed.post/3mllqt4w6by2j,bafyreihih57od3jwmikzkunqu3t7f6gszztxj35ioh6foj3hmqui2s7xqi,canadareport.org,Canada Report,"La revue de presse de Paul Arcand | Le Canadien domine les Sabres, violence et crypto et le sport qui augmente le plu...

Canada’s fastest news scan: 25+ headlines, no clutter, updated all day: CanadaReport.org

#cdnpoli #Canada #News 
Read Original Article 🔗",,,,0,0,0,0,2026-05-11T17:01:21Z,NA,NA,NA,,,,,
at://did:plc:kqqydztpv6lrkmynvlo7zsru/app.bsky.feed.post/3mllqnz475c2u,bafyreicprhqp3ruryx7dskb5dao74lofdlmearroksjbydjeza7eypg5dq,kaicable.bsky.social,"Kai, a very old GenX 🇨🇦","As war sends oil profits surging, calls grow louder for a windfall tax.

The Iran war’s expected upside for Canadian oil majors has prompted some organizations and politicians to call for a levy.

#cdnpoli #canada

corporateknights.com/energy/as-wa...",,,,0,0,2,0,2026-05-11T16:58:33Z,NA,NA,NA,,,,,
at://did:plc:64x5pkpfozsljnoqtd7f7p4q/app.bsky.feed.post/3mllqnfx4y22o,bafyreia7sqvwnsxq47wvwqydsirvhrk553hhj5zdhrgtav2pkgvpsmpetq,nigelb.bsky.social,NigelBankes,"Meantime, those of us who are proudly woke celebrate Lund for putting his own life on hold for months, all in order to fight for an important cause he truly believes in.
#cdnpoli #abpoli",,,,5,19,61,1,2026-05-11T16:58:10Z,NA,NA,at://did:plc:mxpubbcj3tclc25zczup3f52/app.bsky.feed.post/3mlln4x33xc2k,,,,,
at://did:plc:kqqydztpv6lrkmynvlo7zsru/app.bsky.feed.post/3mllqmdfzp22u,bafyreiawrnfw4mncukgwdxzjd2f7vdhxyvaeavoc2y6iiemimy33aojf2e,kaicable.bsky.social,"Kai, a very old GenX 🇨🇦","Canada’s silence at the UN exposes a buried history of slavery at home.

Canada’s abstention on a recent United Nations reparations vote cannot erase its role in two centuries of slavery.

#cdnpoli #canada

ricochet.media/justice/cana...",,,,0,0,1,0,2026-05-11T16:57:37Z,NA,NA,NA,,,,,
at://did:plc:fw7nfyu73qekvpkioowgugpy/app.bsky.feed.post/3mllqgkplvs2n,bafyreibbutyk53noan33t6feoefbeyf54ina7zjgg2is566r3lvjnlhfgu,raedeeton.bsky.social,Rae Deeton,Mark Carney intends to sell off Canada's airports. #cdnpoli,,,,0,1,2,0,2026-05-11T16:54:19Z,NA,NA,at://did:plc:keg3c3lhpxiihjho4e7auzaq/app.bsky.feed.post/3mllpeggc2c2v,,,,,
at://did:plc:jw3ocg24thye7i5sjjhia62e/app.bsky.feed.post/3mllqggewfs24,bafyreid7jkqtblecrghmuevyqimez2s7j5z3qev2kkaxbkdzrvycf56nfa,markhamhislop.bsky.social,Markham Hislop,"Trump’s Iran Quagmire Disrupting Global Energy Stability

Donald Trump is the worst president in the history of the United States.

His mishandling of the Strait of Hormuz debacle is just one data point, says @UofT Prof Jack Cunningham
#cdnpoli #uspoli
youtu.be/cU5OzPfjVAI",,,,0,2,12,0,2026-05-11T16:54:17Z,NA,NA,NA,,,,,
at://did:plc:ykvfxsnswr6rcwdbwocwqajt/app.bsky.feed.post/3mllplgb4yc2s,bafyreicndcqebnmmdygigj3bkfg5okp246xp5x762odcdulr3vtxnhigke,anniegirl.bsky.social,Ann Petersen-Kane,"When I hear the phrase ""Fortress North America"", I imagine its dungeons stuffed with Canadians and Mexicans. It's not inspiring. #cdnpoli",,,,0,4,13,0,2026-05-11T16:39:09Z,NA,NA,NA,,,,,
at://did:plc:kqqydztpv6lrkmynvlo7zsru/app.bsky.feed.post/3mllpkjsdi22u,bafyreia3uvkc36ricltsajd26wgc624kvntbbq4jnqpdfef2u67uha3qya,kaicable.bsky.social,"Kai, a very old GenX 🇨🇦","Uber Drivers Have Won A Contract For The First Time In Canada

About time!

#bcpoli #abpoli #cdnpoli #canada #unions #labour

www.readthemaple.com/uber-drivers...",,,,0,2,4,0,2026-05-11T16:38:43Z,NA,NA,NA,,,,,
at://did:plc:kqqydztpv6lrkmynvlo7zsru/app.bsky.feed.post/3mllpdn62rc2u,bafyreieheq7747whjmjb356rdeszww33qdfxlegxv2e2ztoim5mcbdq4oq,kaicable.bsky.social,"Kai, a very old GenX 🇨🇦","Mark Carney's plan to boost competition is nothing more than a reduction in red tape to get the government out of the way - certainly not to defeat Canada’s monopolies  

Stop me if you’ve heard this before, possibly under Paul Martin or Stephen Harper...

#cdnpoli #canada 

shorturl.at/32feP",,,,0,0,3,0,2026-05-11T16:34:52Z,NA,NA,NA,,,,,
at://did:plc:abt5tpb7lqr7vopkrkwfswwq/app.bsky.feed.post/3mllp5msu7f2b,bafyreies3exexiuj3ny65r6kaezf6lhy27umcqkldn5s6ue5ugtimiamnu,canadareport.org,Canada Report,"US Home Resales Barely Rise as Key Selling Season Begins

Canada’s fastest news scan: 25+ headlines, no clutter, updated all day: CanadaReport.org

#cdnpoli #Canada #News #Business #Economy 
Read Original Article 🔗",,,,0,0,0,0,2026-05-11T16:31:29Z,NA,NA,NA,,,,,
at://did:plc:kqqydztpv6lrkmynvlo7zsru/app.bsky.feed.post/3mlloo5nbes2u,bafyreic226qlwke7kvjoi7mq3eabulv2veqhpxvxcsadftwlj4ajh4xciu,kaicable.bsky.social,"Kai, a very old GenX 🇨🇦","Mark Carney Knows Privatization Worsens Conditions, That's the Point

#cdnpoli #canada #neoliberalism

readthecatch.ca/carney-knows...",,,,0,3,7,1,2026-05-11T16:22:51Z,NA,NA,NA,,,,,
at://did:plc:re7tflvczjceanwkco2bseqb/app.bsky.feed.post/3mllonnuovc2t,bafyreidtwifwwmaktxztqwpdo7xf6zqx5cc452gtmr4oobf2p4nho74wwm,bella-andme.bsky.social,Sherry Lee,"Thank you Minister @anitaoakvilleeast.bsky.social 
Those children need to be returned - long ago.
#cdnpoli",,,,0,0,0,0,2026-05-11T16:22:40Z,NA,NA,at://did:plc:4euncr44a5aflpbcbjhvjvdo/app.bsky.feed.post/3mlloa33dkk2v,,,,,
at://did:plc:eaeuyrvdlqvjgznelgcdimct/app.bsky.feed.post/3mllomphjc22h,bafyreig7nnwj2qknbaei32scdcde3cnf7iwzhwzyicnqacw5ruwct4sob4,madhat59kenwood.bsky.social,Ken Wood part owner of 🇨🇦,Read educate people. #cdnpoli 👇,,,,0,0,1,0,2026-05-11T16:21:58Z,NA,NA,at://did:plc:kqsdfw4cj532lp7bidtdzyyz/app.bsky.feed.post/3mlllelchfs2i,,,,,
at://did:plc:ruhwgda4uh6aaj4qe5ncapj3/app.bsky.feed.post/3mllomijayc2u,bafyreigfptnpebz7cq76qvtkn2kknv4sq5muip4qyc5drghq36z7pxrwjy,neilforreal.bsky.social,Neil,"What Michigan Sen. Elissa Slotkin and other U.S. politicians miss with their warnings to Canada about embracing Chinese trade is that we aren't being fooled by China, we're simply wary of the U.S. AND China, who are both equally transactional and untrustworthy.  #cdnpoli
www.cbc.ca/news/politic...",,,,1,2,6,0,2026-05-11T16:21:52Z,NA,NA,NA,,,,,
at://did:plc:eaeuyrvdlqvjgznelgcdimct/app.bsky.feed.post/3mlloklhz3c2h,bafyreicllaa37qol2sp3qrqqoi4dvgqaz5oa6pqzlxy3csqxegznlk2gum,madhat59kenwood.bsky.social,Ken Wood part owner of 🇨🇦,🇨🇦 built fast and safe after WWII Those homes many still stand. The bldg codes are not changed. Nor should they be. #cdnpoli,,,,1,0,3,0,2026-05-11T16:20:47Z,at://did:plc:wcxi3smv7cat5467faxykqzi/app.bsky.feed.post/3mlllo24y3k2d,at://did:plc:jzjhu672veifvnae33gunnf3/app.bsky.feed.post/3mllgpamx2k2f,NA,,,,,
at://did:plc:eaeuyrvdlqvjgznelgcdimct/app.bsky.feed.post/3mllodo6jns2h,bafyreidfacxdrtezm2die2cpw5hax7v3b5rebli2chyhxox3koif6z2ayq,madhat59kenwood.bsky.social,Ken Wood part owner of 🇨🇦,Need to keep these POSs in the light. Need to know them and call them out. They are disgusting and racist. #bcpoli #cdnpoli,,,,1,0,3,0,2026-05-11T16:16:55Z,NA,NA,at://did:plc:kbmqvf3f2oo4s7j2b6d4ye4h/app.bsky.feed.post/3mllm62f7ts2p,,,,,
at://did:plc:5o2no5oxmt7tqcwc6pbdsc3x/app.bsky.feed.post/3mllocmhp722b,bafyreifkwdcpfeu7df74ajudpc4judp4m2pua5bkk2geonf53ptnvbc234,andreasor.bsky.social,Andreas 🇨🇦 Fella 💙 #AbolishICE,"Naheed Nenshi: #Alberta #UCP #Cdnpoli How dare he contact the police and not help the UCP coverup this #DataBreach. #Traitors #Treason #Maple-MAGA

vt.tiktok.com/ZS9TnTxaA/",,,,1,4,9,0,2026-05-11T16:16:22Z,NA,NA,NA,,,,,
at://did:plc:e4qglzjpa4pcasim3rpqsicy/app.bsky.feed.post/3mlloa4mils2p,bafyreidaejv5x7d5qfcivq22titcpgmcbjece2ahwdekaovc6xw6gcqrne,thesaanichdaily.bsky.social,Club Saanich,"Notice that he said ""feel"" safe because we already are statistically safer than ever but politicians like Carney and the media use safety as a tactic to increase the surveillance state.

#cdnpoli",,,,1,3,8,0,2026-05-11T16:14:57Z,NA,NA,at://did:plc:kx375dszrbvqtu7o4xxxmojn/app.bsky.feed.post/3mlljjvqvzs2l,,,,,
at://did:plc:xem6ong7n3vuco364pevzcfu/app.bsky.feed.post/3mllo6itk522i,bafyreicjw3io3sxpivb2iluybsyrzevub3favr6uokpif37wjm5k6s26e4,ourclimatejourney.bsky.social,Our Climate Journey,".𖥔 ݁ ˖ Renewable energy is the future… ⊹ ࣪ ˖

Source: www.theenergymix.com/asia-races-a...

#greensky #cdnpoli #uspoli",,,,0,0,0,0,2026-05-11T16:14:09Z,NA,NA,NA,,,,,
at://did:plc:eaeuyrvdlqvjgznelgcdimct/app.bsky.feed.post/3mllnwmlrb22h,bafyreigoesbyisdffbimet4v5ihmx5nlep4mbr4eoyosi6w6jfrjd27yse,madhat59kenwood.bsky.social,Ken Wood part owner of 🇨🇦,Good news #cdnpoli,,,,0,0,1,0,2026-05-11T16:09:37Z,NA,NA,at://did:plc:jzjhu672veifvnae33gunnf3/app.bsky.feed.post/3mllgql74vk2f,,,,,
at://did:plc:sgkn3mngslzbvvhy6xlpphoh/app.bsky.feed.post/3mllnqi5e7s2g,bafyreidhxg4uaunoyqi3b6ue3d7lkmeztqzdltnc6z2zqwbz2zj3sjcgaa,cleanenergycanada.org,Clean Energy Canada,"🇨🇦🔌 In this week's Clean Energy Review: The policies ‘Canada Strong’ can’t happen without, Canada welcomes the first signs of a more affordable EV market, and an Arctic community in Quebec successfully swaps diesel for clean energy. 
#cdnpoli #energytransition",,,,0,0,4,0,2026-05-11T16:06:14Z,NA,NA,NA,,,,,
at://did:plc:ii6oavwfjgy2s33lwrcbjubl/app.bsky.feed.post/3mllnjv7wrk2d,bafyreiclduazt6zo6lky7xgp7wdgg5s4x3iq4lhns6nxfy6fppqkradfvi,robinhood246.bsky.social,B.G. Witch 🇨🇦 🏳️‍⚧️ 🌈,"Canadian Senators are appointed, effectively, for life.

Why do unelected, unaccountable, establishment figures control which laws we can pass?

I'd love some democracy in my democracy #cdnpoli",,,,0,1,2,0,2026-05-11T16:02:31Z,NA,NA,NA,,,,,
at://did:plc:abt5tpb7lqr7vopkrkwfswwq/app.bsky.feed.post/3mllnhwfx3y2k,bafyreiaugrip7ymckfyk5asbsfiszskvltw4fpft5xwvocdncec6ncmvse,canadareport.org,Canada Report,"Canada’s plan to ban crypto ATMs worries industry, advocates

Canada’s fastest news scan: 25+ headlines, no clutter, updated all day: CanadaReport.org

#cdnpoli #Canada #News #Tech #AI 
Read Original Article 🔗",,,,0,0,0,0,2026-05-11T16:01:24Z,NA,NA,NA,,,,,
at://did:plc:ralxrfpmgdxc7hmnvujfzjqy/app.bsky.feed.post/3mllnevmzus2n,bafyreihlair7dnamgi5zycinkanp3pmm2qxfl2zuqzmsgwszj4tcbcpjfq,turnbullwhitby.bsky.social,MP Ryan Turnbull 🇨🇦🇺🇦,"A stronger Canada is built by workers. From skilled trades training to 100,000 youth summer jobs, we are creating pathways to good careers and stronger communities across the country. Real leadership means investing in people and creating opportunity. 

#Cdnpoli #SkilledTrades #CanadaStrong",,,,0,1,2,0,2026-05-11T16:05:57Z,NA,NA,NA,,,,,
at://did:plc:ii6oavwfjgy2s33lwrcbjubl/app.bsky.feed.post/3mllnduny5s2d,bafyreidpu5hi43h4einrpj5qy2ri7izyrzwe5qdye6p62b72kqpm2qp6ku,robinhood246.bsky.social,B.G. Witch 🇨🇦 🏳️‍⚧️ 🌈,"Why does the Notwithstanding clause exist?

Why is our country geared to protect the powerful and the angry? #cdnpoli",,,,0,0,0,0,2026-05-11T15:59:09Z,NA,NA,NA,,,,,
at://did:plc:7ycfilosz2dmgcnqbh76jdol/app.bsky.feed.post/3mlln5q75h22w,bafyreidf4f2js2tndq5x6a4xlv7axmer34edshqimodnfcgkh4njhy4434,coolxenu.bsky.social,Cool Xenu 8647,"They are scared of the truth, like all modern conservatives.

#ableg #cdnpoli",,,,0,1,13,0,2026-05-11T15:55:42Z,at://did:plc:oqxoq7btbkztewuzmallzuvo/app.bsky.feed.post/3mllmkdoq6c23,at://did:plc:oqxoq7btbkztewuzmallzuvo/app.bsky.feed.post/3mllmkdoq6c23,NA,,,,,
at://did:plc:kqqydztpv6lrkmynvlo7zsru/app.bsky.feed.post/3mlln37qtjc2u,bafyreieeu7a3niozvmthemuesvuzfxz6cgpahr5rtqbtfhz3eeqw7a2tcm,kaicable.bsky.social,"Kai, a very old GenX 🇨🇦","GM agrees to pay $12.75 million to settle California lawsuit over misuse of customers' driving data through its OnStar program

The U.S. is already a security risk.

#boycottusa #cdnpoli #canada

www.engadget.com/2169135/gm-a...",,,,2,13,23,0,2026-05-11T15:54:21Z,NA,NA,NA,,,,,
at://did:plc:7ycfilosz2dmgcnqbh76jdol/app.bsky.feed.post/3mllmxe63r22w,bafyreibvoigmfem74xlpiqwey33glonx2knnowbpxvnlatp7h4xmymbxsm,coolxenu.bsky.social,Cool Xenu 8647,"Alt-right rag Epoch had an uptick. Sad.

Epoch and Druthers make great liners for the bottom of your compsting pail.

#cdnpoli",,,,0,0,0,0,2026-05-11T15:52:08Z,at://did:plc:kjjhbsc3pp3vkqjsivk6z2yd/app.bsky.feed.post/3mllg6zvams24,at://did:plc:kjjhbsc3pp3vkqjsivk6z2yd/app.bsky.feed.post/3mllg6zvams24,NA,,,,,
at://did:plc:x2ge66dlb4pw7ssk2lhte536/app.bsky.feed.post/3mllmvu2l4c2f,bafyreifns5rghne4yi7ji3t3fbmqy2pdk4xsjobgrfi2wuarfoqg3jqpki,saskboy.bsky.social,Saskboy from Saskatchewan,"The message has changed. Why try to convince people Carney hasn't flipped? Yeah, it sucks to have thought he was a better guy and supported him, and found out this now.

#cdnpoli",,,,2,0,2,0,2026-05-11T15:51:18Z,at://did:plc:faijealz6vwlhf5bo2w2bxof/app.bsky.feed.post/3mllknq4lxk2t,at://did:plc:x2ge66dlb4pw7ssk2lhte536/app.bsky.feed.post/3mlljfbrdx22f,NA,,,,,
at://did:plc:jw3ocg24thye7i5sjjhia62e/app.bsky.feed.post/3mllmtvsrsk24,bafyreibtpiogmaakqprm4ml4fl4qvulosbduwoangtqqacdhm4salhe3ku,markhamhislop.bsky.social,Markham Hislop,"Canada's Got Future Energy Demand All Wrong

@IEA data shows that clean electricity's share of energy demand growth is now almost 60% - and it's growing each year.
#cdnpoli #abpoli #bcpoli 
markhamhislop.substack.com/p/canadas-go...",,,,4,23,40,2,2026-05-11T15:50:14Z,NA,NA,NA,,,,,
at://did:plc:yiykf4gzuc7ofsnvmdmee5kz/app.bsky.feed.post/3mllmtcx7e22w,bafyreihd5zrx73q4mbkcqt2efj3rqc6kvmwguogqht2y4tki3vko25teqa,hope50.bsky.social,,"The Conservatives are all under the big tent of the IDU.org. The conservatives and the ultra right wing are on the same Harper mission. No government, just ideology. #cdnpoli",,,,1,2,3,0,2026-05-11T15:49:58Z,at://did:plc:qlf74ykzfhfl7odgxq7ofren/app.bsky.feed.post/3mlljj2uoos2h,at://did:plc:qlf74ykzfhfl7odgxq7ofren/app.bsky.feed.post/3mlljj2uoos2h,NA,,,,,
at://did:plc:lin2g3h6fvle3fdrs5nqmkiy/app.bsky.feed.post/3mllmtckmz22q,bafyreidcga2d77oytqs7uitkshp4eaod5l5aw7pecjrcgml4z2ewexizua,canadiancontent.bsky.social,Not That Kind Of Canadian,"And oldie but a goodie.

""Free Canada
Trade Mulroney""

Button

#cdnpoli",,,,0,0,1,0,2026-05-11T15:49:55Z,at://did:plc:4ownlsrdmnvwgzmcdi2bof6s/app.bsky.feed.post/3mlle6vwoi226,at://did:plc:4ownlsrdmnvwgzmcdi2bof6s/app.bsky.feed.post/3mlle6vwoi226,NA,,,,,
at://did:plc:i2grq5k4gqwyilcjuftzluyx/app.bsky.feed.post/3mllmljfal22l,bafyreicanmdmrcwzf6sc3cjecg23ewribfvxt3tymcvnyrjleonh3hmlru,voscovery.bsky.social,Richard Price 🇨🇦,"Jamil Jivani really is 🇨🇦 ‘s JD Vance. It’s so bad it would be funny, if it was so bad. #cdnpoli",,,,0,0,1,0,2026-05-11T15:45:32Z,NA,NA,NA,,,,,
at://did:plc:7ycfilosz2dmgcnqbh76jdol/app.bsky.feed.post/3mllmkxatdc2w,bafyreigbu3phpr4lg27ewehmwv26s7yed5bbrodmhxyxfvtimtfaikx2iu,coolxenu.bsky.social,Cool Xenu 8647,"Mormons have too many ""m""s in their religion's name.

#USA #MAGA #Utah

#cdnpoli",,,,0,0,1,0,2026-05-11T15:45:12Z,NA,NA,at://did:plc:q7rv2wta4qb2534kxjmbr6dm/app.bsky.feed.post/3mlllqfhp5u2o,,,,,
at://did:plc:q6icpg6i4nzcuzbjyhtosjyk/app.bsky.feed.post/3mllmi5grm22f,bafyreihy2ricrhfc4gwz4hyis7uejfhbqrfur3njdp6c3jokp2p2ydeus4,plrstill.bsky.social,Pamela Ross,trump is sounding a lot like #BaghdadBob from the #IraqWar #uspoli #cdnpoli,,,,0,0,0,0,2026-05-11T15:43:41Z,NA,NA,NA,,,,,
at://did:plc:oxb3kmal3netfpfkgkxlragl/app.bsky.feed.post/3mllmcpqp7c2q,bafyreibkbfkrr3rdnisu2p7fvdguxycoynuwrbqan4jeg7umcedva23vie,denisesf5.bsky.social,DeniseSF5 🇨🇦*🇺🇦*🇩🇪,#cdnpoli #canada,,,,0,1,2,0,2026-05-11T15:40:39Z,NA,NA,NA,,,,,
at://did:plc:bbnve3u34qpmusulfzkei3p2/app.bsky.feed.post/3mllma7sivk2k,bafyreie7q3ztg7pmuydeogsiwihzbosvyjpc2jiqlc6xc4lbelaomsdrdq,fluxliner.bsky.social,Flux Liner,"I Love My Liberal Canada !!!!
#Alberta #Canada #cdnpoli  heeee haaaaa",,,,0,0,0,0,2026-05-11T15:39:14Z,at://did:plc:2oxlnaoierkgu6jl645tg7va/app.bsky.feed.post/3mllktmk6as2q,at://did:plc:2oxlnaoierkgu6jl645tg7va/app.bsky.feed.post/3mllktmk6as2q,NA,,,,,
at://did:plc:7ycfilosz2dmgcnqbh76jdol/app.bsky.feed.post/3mllm3oyujs2w,bafyreihklbxamc4cpbzv4cq2jj2vco2udhn2fqliby5logk5frjlp42bcu,coolxenu.bsky.social,Cool Xenu 8647,"There are plenty of greedy, selfish Canadians.  We call them conservatives.

#cdnpoli",,,,2,2,34,0,2026-05-11T15:36:41Z,at://did:plc:2w45zyhuklwihpdc7oj3mi63/app.bsky.feed.post/3mllkv4kire2d,at://did:plc:2w45zyhuklwihpdc7oj3mi63/app.bsky.feed.post/3mllkv4kire2d,NA,,,,,
at://did:plc:istu2catmtwuynu7jlh6buzl/app.bsky.feed.post/3mlllvolbks2k,bafyreigijr7wzfpq6egvpzz5kawfiodafpbcht4zq7htrcncdevrutwhvu,elcanaco.bsky.social,elcanaco.bsky.social,"Let's check in on the Fascist States of America...

AOC as a presidential candidate, consolidating votes of the left, Latinos, soccer moms, and the Black community is a winning combination.

But also, a leftist president would be a positive way forward for the US.

#Trump #fascism #AOC #cdnpoli",,,,0,0,4,0,2026-05-11T15:33:19Z,NA,NA,at://did:plc:vz3gs36c5xyidrrd4ucmrdmu/app.bsky.feed.post/3mljnwfqalk2r,,,,,
at://did:plc:ykvfxsnswr6rcwdbwocwqajt/app.bsky.feed.post/3mlllu2xj4k25,bafyreia7w4n6s3uftb77iymjoh3telckdeqa72saoemzaibk2iw5xm2vvm,anniegirl.bsky.social,Ann Petersen-Kane,Canadian security clearance is a joke if someone like her can get it. #cdnpoli #abpoli #ableg,,,,3,16,40,0,2026-05-11T15:32:25Z,NA,NA,at://did:plc:htozz7cklgxvzxbzhfjm4djh/app.bsky.feed.post/3mllg6oqgns2k,,,,,
at://did:plc:abt5tpb7lqr7vopkrkwfswwq/app.bsky.feed.post/3mllls5shtm2k,bafyreiav4dpqmuyoyrcz54d3uohzp4okwuh7dbgppjhdteavz3socgrk6q,canadareport.org,Canada Report,"Inside a year of chaos and conflict at Kevin Hart’s media company

Canada’s fastest news scan: 25+ headlines, no clutter, updated all day: CanadaReport.org

#cdnpoli #Canada #News #Business #Economy 
Read Original Article 🔗",,,,0,0,0,0,2026-05-11T15:31:21Z,NA,NA,NA,,,,,
at://did:plc:4xqt7t2zph634drigtdxdmro/app.bsky.feed.post/3mlllpsw5is2l,bafyreiaejkdzyybpreav32iiae54gwtwwkd6nxfungdum4ygzokcrsr554,journodale.bsky.social,Dale Smith,"For the Monday morning crowd, my Loonie Politics Quick Take on why the Alberta voter list leak should be a cue for MPs to strengthen privacy provisions in Bill C-25. #cdnpoli",,,,0,0,0,0,2026-05-11T15:30:06Z,NA,NA,NA,,,,,
at://did:plc:azikujfdbcqnvznzdysyf3wh/app.bsky.feed.post/3mlllhoyfjs2j,bafyreihyvrzvfntyv3neuq73bls4c54nkpxb43pqskxy3opj5y4tebdkmi,courtellingson.bsky.social,Court Ellingson,"Domestic violence survivors, judges, journalists, law enforcement officials are all at high risk & all of us are at risk of fraud.

This is unacceptable.

To make matters worse, the UCP Caucus has also confirmed their staff attended the meeting.

#abpoli #ableg #Alberta #Canada #cdnpoli",,,,1,0,1,0,2026-05-11T15:25:31Z,at://did:plc:azikujfdbcqnvznzdysyf3wh/app.bsky.feed.post/3ml7gujj3422c,at://did:plc:azikujfdbcqnvznzdysyf3wh/app.bsky.feed.post/3ml7gujivak2c,NA,,,,,
at://did:plc:7ycfilosz2dmgcnqbh76jdol/app.bsky.feed.post/3mlll7hv3ks2w,bafyreiabqziwj7i4x2vjhnkq3nkfqbuudnsdl2igiruruxirhu52d3k25e,coolxenu.bsky.social,Cool Xenu 8647,"Ole Mitch is always shooting his mouth off....

#ableg #cdnpoli",,,,0,0,0,0,2026-05-11T15:20:53Z,at://did:plc:xpgujbkkrjevueb53vpgnetz/app.bsky.feed.post/3mlkhk5rymc2o,at://did:plc:xpgujbkkrjevueb53vpgnetz/app.bsky.feed.post/3mlkhk5rymc2o,NA,,,,,
at://did:plc:w4xgktzvnu4xyy37xlgp3xki/app.bsky.feed.post/3mllkuzgeb227,bafyreignduhkywjpozxhh7ahdjbyrhpblvywrfjuk7zyizsmg4wazn337y,cindylee2102.bsky.social,Lil Cin 🇨🇦,"""It behooves us to fully digest the fact that we are currently engaged in a rational debate about our future with the sort of people whose capacity for self-reflection is exhausted when the Tim Hortons drive-thru menu switches screens"". 
#abpoli #ableg #cdnpoli",,,,0,6,9,0,2026-05-11T15:15:03Z,NA,NA,at://did:plc:4fhfllxcnnzqosradtz336ye/app.bsky.feed.post/3mlir4uw5pk2c,,,,,
at://did:plc:xvhfw6ch4oy4yez2kbu5wrhl/app.bsky.feed.post/3mllkqpxpgc2o,bafyreidvtt7klhkzbwf3kws7n2xsmpfo5qha6cnzvx5eemjsbrkf3dcj6u,linzi-the-artist.bsky.social,Lindsay Brambles🇨🇦,"We can't afford to cave, b/c that will set up a poorer future for our descendants. #Canadians shouldn't fool themselves into believing a Democrat in the WH will reverse any bad deal we get from the US. #cdnpoli

#Canada Should Call Trump’s Bluff on CUSMA Trade Talks open.substack.com/pub/thewalru...",,,,0,0,0,0,2026-05-11T15:12:40Z,NA,NA,NA,,,,,
at://did:plc:2ynlbrdcl77cqoo3s75dzvt7/app.bsky.feed.post/3mllkbgcggl2f,bafyreiczanmpfy53nvxf6jj3gorukaqshb346hbzoqied7hepuocxfe6ym,lockdownludonaut.bsky.social,Lockdown Ludonaut,"🍁👇🏼Fight back, #Canada Buy the #OperationCanCon #gamebooks this #CanadaDay. 

#Never51 #CdnPoli

🏒Buy them today
www.amazon.ca/dp/B0F6Z4W71...",,,,0,0,0,0,2026-05-11T15:04:04Z,NA,NA,NA,,,,,
at://did:plc:abt5tpb7lqr7vopkrkwfswwq/app.bsky.feed.post/3mllk4x4jjl2t,bafyreiddhejxudjtstjqkuudh2rnswoaufejsoobnljyg4liq2uh5mmomi,canadareport.org,Canada Report,"Planète bleue, idées vertes | Les excréments de pitou bientôt en compost ?

Canada’s fastest news scan: 25+ headlines, no clutter, updated all day: CanadaReport.org

#cdnpoli #Canada #News 
Read Original Article 🔗",,,,0,0,0,0,2026-05-11T15:01:35Z,NA,NA,NA,,,,,
at://did:plc:migpri6ukqvsbz7j7iy7hdxu/app.bsky.feed.post/3mllk3ioxir2c,bafyreiegbqn7o5bc3lm32deua62vlz6qkk36ohecmhrrihrkclszgkpcn4,breakfastscotch.bsky.social,Breakfast Scotch National,"Alberta Assures Disabled Residents Starvation Builds Character | Read More: tinyurl.com/36kwvpvc 

#NEWS | #BSN | #CANADA | #ALBERTA | #AB | #DANIELLESMITH | #CDNPOLI | #ABPOLI | #UCP | #NDP | #LIBERALS | #CONSERVATIVES | #AISH",,,,1,1,9,0,2026-05-11T15:00:47Z,NA,NA,NA,,,,,
at://did:plc:pedpziwws5vkocuq76mokn7c/app.bsky.feed.post/3mllk2bd3t22s,bafyreibhwvb75wop5a3ctpvx57pgjdbl3ebmgpcbos65y7wtlda5q3bo2e,deepgreendesign.bsky.social,Deep Green Design,"I support science-based and evidence based policy. 🧪

Attempting to affiliate me with any political party is a failure on your part. Do better.

Perform due diligence before your sadly fabricated sloppy mess hits my timeline.

Critical thinking helps everyone, try it next time. 

#CdnPoli #VoteBlue",,,,0,0,0,0,2026-05-11T15:00:09Z,NA,NA,NA,,,,,
at://did:plc:l2ycnbx3yrvz4tgyhey3lztg/app.bsky.feed.post/3mllk26omlk2e,bafyreieifk6iwxpmeskvcueqo7kxz3yexn2mna4totpkcced5pbc2icxhu,blakehamiltonca.bsky.social,Blake Hamilton,"First-Past-The-Post Fail League❗️
Canada Federal Edition 🇨🇦🗳️!

Today’s champion:

Jeff Kibble
MP for Cowichan—Malahat—Langford

Won with only 37.2% of total voter ballots cast

Multi-Member #ProportionalRepresentation please! Like & share if you agree!￼
#cdnpoli #ElectoralReform #MakeVotesMatter",,,,0,0,0,0,2026-05-11T15:00:04Z,NA,NA,NA,,,,,
at://did:plc:in6t5b6l3wnfwkcuqji57ttg/app.bsky.feed.post/3mlljxyugkk27,bafyreig225xlobc46ioip4g7bhbgqrtcwxu27und2sa5eq5wflr7lrboti,ccfr-ccdaf.bsky.social,Canadian Coalition for Firearm Rights,"WATCH: Premier Smith tells @davidakin.bsky.social, green-lighting a pipeline would not be enough to calm Alberta separation.

She underlined 3 main drivers the PM will need to solve:
1. Building a pipeline
2. Fixing the immigration system
3. Cancelling the gun grab

Will Mark Carney listen? #cdnpoli",,,,1,0,0,0,2026-05-11T14:58:53Z,NA,NA,NA,,,,,
at://did:plc:pedpziwws5vkocuq76mokn7c/app.bsky.feed.post/3mllju2ulys2s,bafyreiayezl3yd6ewrd6jfyrdjqfnfjsrhppaj7h6swyqh32rlluatsnae,deepgreendesign.bsky.social,Deep Green Design,"Many do not trust police in Canada, that’s a problem. 

Canada requires an upgrade to policing quality and effectiveness.

Canada requires a Royal Commission on Policing. Adding more officers won’t fix the dysfunction.

#CdnPoli #RCOP",,,,0,0,12,0,2026-05-11T14:56:38Z,at://did:plc:kx375dszrbvqtu7o4xxxmojn/app.bsky.feed.post/3mlljjvqvzs2l,at://did:plc:kx375dszrbvqtu7o4xxxmojn/app.bsky.feed.post/3mlljjvqvzs2l,NA,,,,,
at://did:plc:oprhya4c3rd3prfyypchbd2l/app.bsky.feed.post/3mlljtyogv223,bafyreifp5llngdoaijajh4tynwbkcyqrsnxfnhtmx57gtxl6lu4ay3kq3y,ruthmkb.bsky.social,ruthko,"Have you ever woken up in the morning and said to yourself ""I don't want to read or watch any news...too depressing...""?

It's happening to me more and more frequently these days.

#cdnpoli #worldpoli #uspoli",,,,0,0,4,0,2026-05-11T14:56:38Z,NA,NA,NA,,,,,
at://did:plc:oskhctwwyye5sjjgufdcnzi6/app.bsky.feed.post/3mlljox6mrc2y,bafyreihic3j2wdksynobzlq5zn45bytccgwxrwvb4in2uxbf477gsxtgz4,cuthillh.bsky.social,100 Percent Canadian 🇨🇦,This does scare the hell out of me. #privacy #databreach #abpoli #cdnpoli,,,,0,2,1,0,2026-05-11T14:53:45Z,NA,NA,at://did:plc:nyh2lnwqxcmf4rfnx5b6afip/app.bsky.feed.post/3mlljkl6mg22f,,,,,
at://did:plc:ly26j5p7exctv7c4cdmu6etc/app.bsky.feed.post/3mlljjry6qs2q,bafyreif6da36agus4qh346pba3ji6szgrptboa6fc2my7txn7nyzajcyti,janniemcjanjan.bsky.social,JannieMcJJ,"#UK is in the ""find out"" phase of the ""privatise everything & sell off our public services to foreign investment funds"" boom that began with Thatcher.
We run a bit behind, with #Conservative gov'ts like Ontario's getting into #SEZs and overpaying #OHIP to private healthcare.
#greed
#cdnpoli
#onpoli",,,,0,1,3,0,2026-05-11T14:50:52Z,at://did:plc:ebnpvh2qn74h56bqgsus4fur/app.bsky.feed.post/3mllbqnfqrs2m,at://did:plc:ebnpvh2qn74h56bqgsus4fur/app.bsky.feed.post/3mllbqnfqrs2m,NA,,,,,
at://did:plc:4c2eayeaiwryhoftnznatth3/app.bsky.feed.post/3mlljfzr5bs2k,bafyreidrl6ieyhyghwnatqi7zvuip3ik3i3j7lrh5ikwxrowpqhmroy4uy,shiftaction.bsky.social,Shift: Action for Pension Wealth & Planet Health,"With so much at stake, OTPP must fix its flawed new climate strategy to meet its long-term obligations to its members. 

Ontario teachers can help by using our action tool to send a letter to OTPP: No investments in LNG and pipelines! #cdnpoli #onpoli #bcpoli win.newmode.net/shiftaction/...",,,,0,2,3,0,2026-05-11T14:48:47Z,at://did:plc:4c2eayeaiwryhoftnznatth3/app.bsky.feed.post/3mlljfzr4ck2k,at://did:plc:4c2eayeaiwryhoftnznatth3/app.bsky.feed.post/3mlljfybvks2k,NA,,,,,
at://did:plc:4c2eayeaiwryhoftnznatth3/app.bsky.feed.post/3mlljfybvks2k,bafyreid5762xdtnaqftbae6dvqtdgn6izmlybge3zf4fex2scrmd6ftkjq,shiftaction.bsky.social,Shift: Action for Pension Wealth & Planet Health,"While the Ontario Teachers’ Pension Plan (OTPP)'s new climate strategy includes some positive steps, it abandons OTPP’s previous climate ambition and leadership, and leaves the door open to new gas investments. #cdnpoli #onpoli",,,,3,6,7,0,2026-05-11T14:48:47Z,NA,NA,NA,,,,,
at://did:plc:x2ge66dlb4pw7ssk2lhte536/app.bsky.feed.post/3mlljfbrdx22f,bafyreifpf7nmab7tdmlvgpixde2eegbjlxgt76cdekvwwwtiie6jmqkmw4,saskboy.bsky.social,Saskboy from Saskatchewan,"Meanwhile the PM says he thinks Canadians are open to further integration. Outrageous that he's attempting to gaslight Canadians in that way.

#cdnpoli",,,,3,5,15,1,2026-05-11T14:48:21Z,NA,NA,at://did:plc:yzjmgg6uorsfs2bm6txotdx6/app.bsky.feed.post/3mllir2uyss27,,,,,
at://did:plc:5o2no5oxmt7tqcwc6pbdsc3x/app.bsky.feed.post/3mlljarl5nk2b,bafyreihlk7yagdxbwtle5x2i2wla6b75nhcqqgsiijzwqpqephiebuzfhe,andreasor.bsky.social,Andreas 🇨🇦 Fella 💙 #AbolishICE,Cultural Perspective: #Cdnpoli #Canada #PMMarkCarney #ElbowsUp,,,,2,13,23,0,2026-05-11T14:45:50Z,NA,NA,NA,,,,,
at://did:plc:4xqt7t2zph634drigtdxdmro/app.bsky.feed.post/3mllizsmc7s2l,bafyreia7rcwnr4qh6ba6rscpgkdau3sammd2jyhpx24olsxy6y7cwxajia,journodale.bsky.social,Dale Smith,"For the Monday morning crowd, my weekend Loonie Politics column: Jason Kenney wants the rest of Canada to clean up his mess #cdnpoli",,,,0,0,1,1,2026-05-11T14:41:56Z,NA,NA,NA,,,,,
at://did:plc:jqrhqia7u2k2djghwccdrrrb/app.bsky.feed.post/3mllizb7kh532,bafyreiczd5lpflaksand7wn6i32663rrx57rehzsqw4lk7g6nrercsb3da,davidm-yeg.beige.party.ap.brid.gy,DavidM_yeg,"The announcement of a new Governor General leaves me we a few thoughts about GG Mary Simon

How is it possible that it’s been five years since she was appointed?
Her appointment with all its firsts was a good and important step for Canada.
I hope we can continue to create space for indigenous […]",,,,0,0,0,0,2026-05-11T14:41:47Z,NA,NA,NA,,,,,
at://did:plc:7ycfilosz2dmgcnqbh76jdol/app.bsky.feed.post/3mlliyvw4f22w,bafyreia7y7wwhoece7gl4dz54cz6kmfubryt5flunrbhgcpv4tuv7g3n2a,coolxenu.bsky.social,Cool Xenu 8647,"In Alberta, voters are stupid.

#ableg #cdnpoli",,,,1,0,0,0,2026-05-11T14:41:26Z,at://did:plc:xvhfw6ch4oy4yez2kbu5wrhl/app.bsky.feed.post/3mllgy57p322k,at://did:plc:xvhfw6ch4oy4yez2kbu5wrhl/app.bsky.feed.post/3mllgy57p322k,NA,,,,,
at://did:plc:7ycfilosz2dmgcnqbh76jdol/app.bsky.feed.post/3mlliw5jomk2w,bafyreifth3yjpj5j52a3g2orpdqsqlga5nfuwurxzbf43osov6fsuhq2dy,coolxenu.bsky.social,Cool Xenu 8647,"Rural Albertans are very proud of their willful ignorance and will protect that at all costs.

#ableg #cdnpoli",,,,1,0,0,0,2026-05-11T14:39:53Z,at://did:plc:xvhfw6ch4oy4yez2kbu5wrhl/app.bsky.feed.post/3mlj4fsvjfk2k,at://did:plc:xvhfw6ch4oy4yez2kbu5wrhl/app.bsky.feed.post/3mlj4fsvjfk2k,NA,,,,,
at://did:plc:go6lnimas6bzfthjvcaulmya/app.bsky.feed.post/3mllitmnt3s23,bafyreigtiwcza7sb2ndwqzxpokrtyiadre6jbjdnz27d2pm5mhz2dmu2du,jbnewt.bsky.social,Jackson Newt,The relationship has been irreparably ruptured but we’re open to deeper integration ??? This #Carney is a gaslighting fool and is destroying Canada .   #Cdnpoli #Canada #Trade #USA #Trump www.ctvnews.ca/canada/artic...,,,,0,0,0,0,2026-05-11T14:38:22Z,NA,NA,NA,,,,,
at://did:plc:yzjmgg6uorsfs2bm6txotdx6/app.bsky.feed.post/3mllir2uyss27,bafyreidy5vwcsncau3rfwqb7myt3kljqbjf5tt2pnaqoc4qg6jm5wyxxze,davenlsn.bsky.social,Dave Nelson 🇨🇦,"Just how much has Canadian travel to the U.S. declined? Researchers suggest it’s more than we thought.

The group instead looked at cellphone activity in major U.S. metropolitan areas, and said they found a median decline in visits of 42 per cent.
#cdnpoli

vancouverisland.ctvnews.ca/world/trumps...",,,,1,21,27,1,2026-05-11T14:37:05Z,NA,NA,NA,,,,,
at://did:plc:xvhfw6ch4oy4yez2kbu5wrhl/app.bsky.feed.post/3mlliowq7ns2l,bafyreifqnf7nwgt6qxrrymoenmsfkivyx3xz2e4awghlz5ayu43s7h7ud4,linzi-the-artist.bsky.social,Lindsay Brambles🇨🇦,"Is the global ubiquity of #UnitedStates culture a new kind of colonialism? It has reshaped the social dynamic of many countries, from film & TV dominance to fast food franchises. Even as other countries grow wealthier & more independent, they seem also to become more Americanized. #cdnpoli #uspoli",,,,0,0,1,0,2026-05-11T14:35:50Z,NA,NA,NA,,,,,
at://did:plc:i2grq5k4gqwyilcjuftzluyx/app.bsky.feed.post/3mlliixdx3s2v,bafyreiazb5p37k55pukksuvcpesgsoqn3gkilqgnnwiso6sblot6e3ovvu,voscovery.bsky.social,Richard Price 🇨🇦,"Every country in the world has issues they are totally irrational about. In Canada that’s pipelines. The discourse, misinformation, ignorance and emotion, from everyone, is fucking embarrassing and is hurting the country. #cdnpoli",,,,0,1,3,0,2026-05-11T14:32:31Z,NA,NA,NA,,,,,
at://did:plc:abt5tpb7lqr7vopkrkwfswwq/app.bsky.feed.post/3mllihhulwi2j,bafyreifbjnhhg3dzposwvw7kxvtjssmcs76azg77b3dn5ywysi4km5x44i,canadareport.org,Canada Report,"Bill Gates-Backed Fervo Energy Boosts IPO Target to $1.8 Billion

Canada’s fastest news scan: 25+ headlines, no clutter, updated all day: CanadaReport.org

#cdnpoli #Canada #News #Business #Economy 
Read Original Article 🔗",,,,0,0,0,0,2026-05-11T14:31:41Z,NA,NA,NA,,,,,
at://did:plc:52x4hgh43acag3ecs2qi57tr/app.bsky.feed.post/3mllidb6qw223,bafyreifu7syqvtghct4vbau4zuf4bbdvpukufezoktyaa2olqv3qxyisae,albertagirl67.bsky.social,albertagirl67 🇨🇦🇺🇦👊🐧🔥,"Idk #cdnpoli but I'd have concerns if Carney, with the experience he has & the knowledge he is privy to the rest of us aren't, makes decisions on complex issues based on the online polling of what is a largely ignorant (statement of fact, not a judgement) population. His reasons need to be shared.",,,,0,0,1,0,2026-05-11T14:29:19Z,at://did:plc:b3nlsopwvdn246ccpxctzsw4/app.bsky.feed.post/3mlkwriymdc2w,at://did:plc:b3nlsopwvdn246ccpxctzsw4/app.bsky.feed.post/3mlkwriymdc2w,NA,,,,,
at://did:plc:eoouaeqa2taou3aqacpjuaq4/app.bsky.feed.post/3mlli4fybzk2d,bafyreieqfkysje7np3stckyajzbz4hnquycsbzaxtlsozuzznxox6s2tnq,alexgoatcher.bsky.social,Alex Goatcher,"""Energy""....that's oil and gas, kids. Clean energy, China and Europe are beating us in that category. #cdnpoli",,,,0,0,0,0,2026-05-11T14:25:30Z,NA,NA,at://did:plc:h56y5u5aeddrqpljvplgsbf2/app.bsky.feed.post/3mllhccwv2s25,,,,,
at://did:plc:xvhfw6ch4oy4yez2kbu5wrhl/app.bsky.feed.post/3mllhycbtps2c,bafyreibwm3wwbactpif7soxvnvhva3lllv6w7amlbabyqllyvpx3zamyri,linzi-the-artist.bsky.social,Lindsay Brambles🇨🇦,"Seems every day one comes across yet another reason to despair for the future of this world. Greed is destroying the promise of tomorrow & life for our descendants. #Canada #cdnpoli #environment

“Green Finance” Promises to Save the Planet. It’s Doing the Opposite
open.substack.com/pub/thewalru...",,,,0,0,1,0,2026-05-11T14:23:12Z,NA,NA,NA,,,,,
at://did:plc:52x4hgh43acag3ecs2qi57tr/app.bsky.feed.post/3mllhoobx2c23,bafyreicqdmo6j6mfgjlqdhafz2tkoi5otxtfym7dhme7po7it6ml3czqwm,albertagirl67.bsky.social,albertagirl67 🇨🇦🇺🇦👊🐧🔥,Kenney wants everyone to forget that he is the one who as a political strategy actively cultivated & pandered to extremists to create the UCP under his leadership. Then they ate him. We are here thanks to Kenney's greed for power. He can't fix what he deliberately f**ked up. #abpoli #cdnpoli,,,,0,0,0,0,2026-05-11T14:17:48Z,at://did:plc:b3nlsopwvdn246ccpxctzsw4/app.bsky.feed.post/3mll4o5xghn2s,at://did:plc:b3nlsopwvdn246ccpxctzsw4/app.bsky.feed.post/3mll4o5xghn2s,NA,,,,,
at://did:plc:7ycfilosz2dmgcnqbh76jdol/app.bsky.feed.post/3mllhm7bczs2w,bafyreic2zamag2lu5ye6pthjfor2vj5cpr5mxnfdjymf6b3b7kjzqgalui,coolxenu.bsky.social,Cool Xenu 8647,"One of Thiel's political operatives, Jamil Jivani, is currently trying to maga-ize Canada through  #StephenHarper's #ConservativePartyOfCanada.

#cdnpoli

#USA #MAGA dipshits.",,,,0,0,0,0,2026-05-11T14:16:26Z,NA,NA,at://did:plc:emhyi4kljodgqlusdsopgfgd/app.bsky.feed.post/3mll37z3g3s2q,,,,,
at://did:plc:ypbo2mq6dqcct43gt2sam6el/app.bsky.feed.post/3mllhm3duwm2j,bafyreidx7pyakl3lhrikxp6mkwccmhdudn74bkdsw3eoxpg3fdviijxwiq,ipolitics.bsky.social,iPolitics,"Economic growth now tops environment as priority in energy policy, poll suggests #cdnpoli #ipolitics",,,,0,0,0,0,2026-05-11T14:16:22Z,NA,NA,NA,,,,,
at://did:plc:bqvcoxdpr4lp3qmq5cng2w4i/app.bsky.feed.post/3mllhlgp6rs2m,bafyreibujcg6ymligr5np33ryru3pupl6nwvkjp5r2zpjavv4envfajbrq,ogcanada.bsky.social,Unapologetic Lee 🇨🇦,Trump’s Vietnam. #cdnpoli,,,,0,0,2,0,2026-05-11T14:16:01Z,NA,NA,at://did:plc:nyxviptfyic2lvuorkr5yy3y/app.bsky.feed.post/3mlk3wyxddk2v,,,,,
at://did:plc:4xqt7t2zph634drigtdxdmro/app.bsky.feed.post/3mllh6ui6pk2l,bafyreihbmqslfxj4eergn3zzieqphxj3hke2xljk42atfr2iw57c3scncq,journodale.bsky.social,Dale Smith,Roundup post: Mixed messages about deeper integration #cdnpoli,,,,1,0,4,0,2026-05-11T14:08:58Z,NA,NA,NA,,,,,
at://did:plc:rgk6xquxjkufq2un4heudl3o/app.bsky.feed.post/3mllh6ld6qc2m,bafyreict7ughrciftwappghwmpa6kzduez7xrwdsmxbspim4aaikubmfoy,stephenjwt.bsky.social,Stephen Thomas,"What a profound and shameful waste of public money. 

Those who say we ""can't afford"" renewables are the same people who will waste $26B refurbishing legacy coal plants for the privilege of over-paying for power for the next 25 years. 

#coal #skpoli #cdnpoli #energysky

www.cbc.ca/news/canada/...",,,,0,0,2,0,2026-05-11T14:08:49Z,NA,NA,NA,,,,,
at://did:plc:7ycfilosz2dmgcnqbh76jdol/app.bsky.feed.post/3mllh3zvgx22w,bafyreiap3s7nhoemjewb2n76vtrgezb2tpe275tcrdwba3zocfuaots4g4,coolxenu.bsky.social,Cool Xenu 8647,"Rural Albertans are very proud and protective of their willful ignorance. 

Their greed and selfishness is breathtaking.

#cdnpoli #ableg",,,,1,0,3,0,2026-05-11T14:07:23Z,at://did:plc:lin2g3h6fvle3fdrs5nqmkiy/app.bsky.feed.post/3mllg565smc2q,at://did:plc:rsvzkqxa2xdojwmjljqzs4ik/app.bsky.feed.post/3mlldfzkhec24,NA,,,,,
at://did:plc:rsvzkqxa2xdojwmjljqzs4ik/app.bsky.feed.post/3mllh362j6k24,bafyreid32d5dfm2admr5igrsuwfz7a2grpjix6vuve4o4xqw3h2djemnni,thebreakdownab.bsky.social,The Breakdown AB,"New episode!

And it’s a crossover between The Breakdown and @readtheorchard.org!

Separatist data breach! The current NDP strategy against Smith! The disassembly of democratic protections in Alberta! The future of journalism & more!

#abpoli #ableg #cdnpoli

podcasts.apple.com/ca/podcast/t...",,,,0,21,53,2,2026-05-11T14:06:56Z,NA,NA,NA,,,,,
at://did:plc:7ycfilosz2dmgcnqbh76jdol/app.bsky.feed.post/3mllgzihma22w,bafyreiedgxxjjmxe5uosjbdqmblc445zzu3h5eglioqn34ige6v4ybjxhe,coolxenu.bsky.social,Cool Xenu 8647,"General strike comes to mind. You know, kind of like what the Maple MAGAs did in Coutts when Dani begged for help from the feds?

#ableg #cdnpoli",,,,0,0,0,0,2026-05-11T14:05:58Z,at://did:plc:7kx3n2axsjesslqcry4q53ws/app.bsky.feed.post/3mllfw3fmek2s,at://did:plc:rsvzkqxa2xdojwmjljqzs4ik/app.bsky.feed.post/3mlldfzkhec24,NA,,,,,
at://did:plc:xvhfw6ch4oy4yez2kbu5wrhl/app.bsky.feed.post/3mllgy57p322k,bafyreidf4xa5msttvu4mrfkjnoe2cpgrvehkgmppgc5xdc2nxujaxwooru,linzi-the-artist.bsky.social,Lindsay Brambles🇨🇦,"Honestly, do we need to relearn the lessons about how coal is ruinous to not only to the land, but to the health of people & to the economy. #cdnpoli #Canada #Alberta

Country Singer Corb Lund Called “Woke Bastard” for Protesting Coal Mining in Alberta
open.substack.com/pub/thewalru...",,,,1,1,3,0,2026-05-11T14:05:13Z,NA,NA,NA,,,,,
at://did:plc:7ycfilosz2dmgcnqbh76jdol/app.bsky.feed.post/3mllgx2bopc2w,bafyreifzj3y7zvcikg4cxidb2ylqjzi5w7vw2hsjbpue2culoybyj57ooq,coolxenu.bsky.social,Cool Xenu 8647,"Rural Albertans are very proud of their ignorance.

#ableg #cdnpoli",,,,0,0,7,0,2026-05-11T14:04:36Z,at://did:plc:ivfsuhienuamw6k6wvrgvaoe/app.bsky.feed.post/3mlldoinqqc22,at://did:plc:rsvzkqxa2xdojwmjljqzs4ik/app.bsky.feed.post/3mlldfzkhec24,NA,,,,,
at://did:plc:7ycfilosz2dmgcnqbh76jdol/app.bsky.feed.post/3mllgrolhbk2w,bafyreicydwk2ko46gpz76yr74ofpci4xqa3gsaxkyghftm667ua2waiu7i,coolxenu.bsky.social,Cool Xenu 8647,"Jivani's owner, Peter Thiel, pays him a bonus every time he utters vile racist tropes.

#cdnpoli",,,,0,0,4,0,2026-05-11T14:01:36Z,at://did:plc:w7hneehw2imt4n47zmzesstg/app.bsky.feed.post/3mlldrkzxvk2s,at://did:plc:b3hopsken4bqeslq6w42gf5l/app.bsky.feed.post/3mllbaadns22i,NA,,,,,
at://did:plc:abt5tpb7lqr7vopkrkwfswwq/app.bsky.feed.post/3mllgrcg7zn2k,bafyreibmreuvhyog2nuv3qmusi2rhrh2j3encbj5syjho4f6mxit5r37ue,canadareport.org,Canada Report,"Cryptomonnaies | Enlèvements à la chaîne

Canada’s fastest news scan: 25+ headlines, no clutter, updated all day: CanadaReport.org

#cdnpoli #Canada #News 
Read Original Article 🔗",,,,0,0,0,0,2026-05-11T14:01:23Z,NA,NA,NA,,,,,
at://did:plc:7ycfilosz2dmgcnqbh76jdol/app.bsky.feed.post/3mllgpc4cok2w,bafyreifg53jxyl23hvty3hdxyqajykrxyrsqym6ogywumzw7ljgnpyuszm,coolxenu.bsky.social,Cool Xenu 8647,"My MP, #FrankCaputo, swears he is not a racist but does not publicly repudiate his racist fellow party members.

#cdnpoli #bcpoli",,,,1,0,2,0,2026-05-11T14:00:16Z,at://did:plc:4zhs7rbmbrjyblozh3zqt7is/app.bsky.feed.post/3mlldvxjbj22j,at://did:plc:b3hopsken4bqeslq6w42gf5l/app.bsky.feed.post/3mllbaadns22i,NA,,,,,
at://did:plc:xvhfw6ch4oy4yez2kbu5wrhl/app.bsky.feed.post/3mllgpaf6z22m,bafyreidn6ly4lm57bxcxz642ofbx44lewwejrawzxpv4cchzhfmllhxgqa,linzi-the-artist.bsky.social,Lindsay Brambles🇨🇦,"#Canada is at a crucial crossroads in its history, facing a fight not only from the #UnitedStates, but also from separatists forces--especially those in #Alberta. It is time for Albertans & all Canadians to start fighting back. #cdnpoli

No One Is Coming To Save Us open.substack.com/pub/charliea...",,,,0,1,1,0,2026-05-11T14:00:15Z,NA,NA,NA,,,,,
at://did:plc:mgmhq5daplfs52ztiocmae74/app.bsky.feed.post/3mllgnlaoyk23,bafyreicrjxo2pejtxinpn57jdf3x3yx4qoq4fnbv6rhnzdrhfeuv7wkzkm,o-tawdry.bsky.social,Bridget McGrath 🇨🇦,"It's like a Harperite has infiltrated Canada's Liberal Party. 

#cdnpoli #onpoli

www.ctvnews.ca/politics/art...",,,,0,3,5,0,2026-05-11T13:59:21Z,NA,NA,NA,,,,,
at://did:plc:7ycfilosz2dmgcnqbh76jdol/app.bsky.feed.post/3mllgn7h5ws2w,bafyreigjqzebphxsczbrdtvbc3bmh7oxlduaugnuiwab2dozeqq6ec6iv4,coolxenu.bsky.social,Cool Xenu 8647,"#StephenHarper's #ConservativePartyOfCanada: not racist... but number one with racists!

#cdnpoli",,,,0,0,1,0,2026-05-11T13:59:06Z,at://did:plc:b3hopsken4bqeslq6w42gf5l/app.bsky.feed.post/3mllbaadns22i,at://did:plc:b3hopsken4bqeslq6w42gf5l/app.bsky.feed.post/3mllbaadns22i,NA,,,,,
at://did:plc:asoznhbjzx27cxeqfb3y7x34/app.bsky.feed.post/3mllglruafc2k,bafyreibul4wqbo5k2uxmcrnkeausbrerzfx6qtlhmvypzbirj6ijj5s62e,shakespearesgal.bsky.social,Canadian Loyalist 🇨🇦,"Wah, wah, wah … get your own house in order and then maybe we’ll talk … maybe

Vive le Canada! 🇨🇦 

#cdnpoli",,,,1,4,10,0,2026-05-11T13:58:19Z,NA,NA,NA,,,,,
at://did:plc:jeuzjfwsgn62xfoe7qo4jul5/app.bsky.feed.post/3mllgkubqck2x,bafyreiht7aiijhbhuff7fcjbqgm3xwsor75faqmliyyscaze4hdes7jcji,bigclimate.bsky.social,Bentley ****TALK CLIMATE****,#MarkCarney #cdnpoli #AviLewis bsky.app/profile/bigc...,,,,0,0,1,0,2026-05-11T13:57:49Z,at://did:plc:jeuzjfwsgn62xfoe7qo4jul5/app.bsky.feed.post/3mllep6g3522x,at://did:plc:jeuzjfwsgn62xfoe7qo4jul5/app.bsky.feed.post/3mlheyn2qrk2b,at://did:plc:jeuzjfwsgn62xfoe7qo4jul5/app.bsky.feed.post/3mllgcm4x2c2x,,,,,
at://did:plc:deej5pakczvmljahhvrridlp/app.bsky.feed.post/3mllgiupdps22,bafyreiaugjya5oy4uxeraujo6n2hyjq7d7q2f4b7yafldgoqq654rbidha,pat112.bsky.social,Pat,"EU imposes sanctions on 16 officials over helping Russia abduct thousands of Ukrainian children, 

while Trump says just fk the kids like I do 

#Cdnpoli #Uspoli #Russia 
abcnews.com/Internationa...",,,,0,2,2,0,2026-05-11T13:56:45Z,NA,NA,NA,,,,,
at://did:plc:4ownlsrdmnvwgzmcdi2bof6s/app.bsky.feed.post/3mllgigyets26,bafyreidw6ciqkku2s4dkrkabftr4solqwulhx4uadkj7af4yxr25r7ywk4,peipolitical.bsky.social,PEIPolitical 🇨🇦,"😂👏🖕🤣🔥  LOL LOL LOL LOL LOL 
MAGAs Are Fuming After Email Confirms They Will Never Get Their $500 Trump Phones or Deposits Back
The T1 'Trump phone' promised a 'Made in the USA' build but left buyers without devices or refunds. #cdnpoli 
www.ibtimes.co.uk/trump-mobile...",,,,15,21,41,1,2026-05-11T13:56:28Z,NA,NA,NA,,,,,
at://did:plc:jeuzjfwsgn62xfoe7qo4jul5/app.bsky.feed.post/3mllgcm4x2c2x,bafyreifmo34ery76df6azbzcjnhdeikxgafdkca5nvb3tb6oz3vxh2gtie,bigclimate.bsky.social,Bentley ****TALK CLIMATE****,The Banker #MarkCarney rode #ElbowsUp to power and is now using it to fork over YOUR money to the already wealthy at a rate that'd make even a Conservative blush. This is standard #ShockDoctrine www.nationalobserver.com/2025/12/01/a... #cdnpoli,,,,0,4,4,1,2026-05-11T13:53:16Z,at://did:plc:jeuzjfwsgn62xfoe7qo4jul5/app.bsky.feed.post/3mllg3xvsnc2x,at://did:plc:jeuzjfwsgn62xfoe7qo4jul5/app.bsky.feed.post/3mlld76qzhk2x,NA,,,,,
at://did:plc:deej5pakczvmljahhvrridlp/app.bsky.feed.post/3mllgcj5o7s22,bafyreie5t3yvmyx5iztfmdtwmk4xc5dgi46xnckigwceduavtmgavt2gqi,pat112.bsky.social,Pat,"Fury as massive Georgia data center uses 30 million gallons of water through secret 'unbilled' pipes 

while residents suffer low pressure

#Cdnpoli #Uspoli 
www.dailymail.com/news/article...",,,,1,3,5,1,2026-05-11T13:53:09Z,NA,NA,NA,,,,,
at://did:plc:lin2g3h6fvle3fdrs5nqmkiy/app.bsky.feed.post/3mllg565smc2q,bafyreieyhrqs5fiufzh3x2kig7i67ocjukrcetqfajbbtp6dbd6lf2uo7q,canadiancontent.bsky.social,Not That Kind Of Canadian,"I suggested brining in the federal privacy commissioner.

They will have jurisdiction.

If the recall movemnt failed, don't expect a change in the next election.

Sorry, but from here it looks like enough Albertan's either don't care or like what they are seeing.

Kind of like the US

#cdnpoli",,,,2,2,6,0,2026-05-11T13:50:08Z,at://did:plc:7kx3n2axsjesslqcry4q53ws/app.bsky.feed.post/3mllfw3fmek2s,at://did:plc:rsvzkqxa2xdojwmjljqzs4ik/app.bsky.feed.post/3mlldfzkhec24,NA,,,,,
at://did:plc:7erknbz7f4wsocjxci2n4hlk/app.bsky.feed.post/3mllg3kmbhd2l,bafyreievz27bsxo6345byts6nejgydza5udu6rh47by4gfi7ldoixd44lm,kpateonthehill.bsky.social,Senator Kim Pate,"Stay tuned to #BillS2 in the House of Commons as the government decides the future of #SenCA amendments that would end the discriminatory two-parent rule & #End2ndGen. 🍁's credibility and commitment to reconciliation hang in the balance. 3/3 #cdnpoli
 
To learn more: www.ubcic.bc.ca/indian_act_s...",,,,0,0,2,0,2026-05-11T13:49:17Z,at://did:plc:7erknbz7f4wsocjxci2n4hlk/app.bsky.feed.post/3mllg3kmbhc2l,at://did:plc:7erknbz7f4wsocjxci2n4hlk/app.bsky.feed.post/3mllg3km5kc2l,NA,,,,,
at://did:plc:deej5pakczvmljahhvrridlp/app.bsky.feed.post/3mllfnnxk4k22,bafyreibvwmutoeoit52gms64y6oipasa656ikpi5mhqwsdhdc7nj2hjtny,pat112.bsky.social,Pat,"Gaza: Doctors Under Attack makers dare BBC to cut their BAFTAs speech after impartiality row

While the lies from Israel and their media agents - eg National Post - keep coming the Truth can no longer  be quelled. 

#Cdnpoli #Uspoli #Israel 
metro.co.uk/2026/05/10/g...",,,,0,1,2,1,2026-05-11T13:41:30Z,NA,NA,NA,,,,,
at://did:plc:rsvzkqxa2xdojwmjljqzs4ik/app.bsky.feed.post/3mllfkn4wts24,bafyreidx4kko6aqagdvtuueedfxstie7uuuxeagrdvoje2yf6sfsvnl33y,thebreakdownab.bsky.social,The Breakdown AB,"New episode!

And it’s a crossover between The Breakdown and @readtheorchard.org!

Separatist data breach! The current NDP strategy against Smith! The disassembly of democratic protections in Alberta! The future of journalism & more!

#abpoli #ableg #cdnpoli",,,,0,7,18,0,2026-05-11T13:39:49Z,NA,NA,NA,,,,,
at://did:plc:egl4mfr2njrr2br4vhya7yrf/app.bsky.feed.post/3mllfizsztc24,bafyreicbojebp7zsb74beajnt4fuxxfzyzrmyxhhzvx7pjiyfarh4g2q2q,judy-bug.bsky.social,judy 🇨🇦," The “Epstein class” is a web of billionaires, politicians, professors, royals, financiers, & cultural elites who protected each other while ordinary people paid the price. 

#Cdnpoli #USPoli #UKpoli #Epstein #AnandGiridharadas #MAGA #Cdnmedia #ReleasetheFiles #CanadaSky 

youtu.be/i9hhlpKg4ZY?...",,,,1,1,2,0,2026-05-11T13:38:54Z,NA,NA,NA,,,,,
at://did:plc:5gd2whpd44ksvqnwdygaqw5j/app.bsky.feed.post/3mllfgjb3os2w,bafyreigcki3wxlogq2k7rxx7mrqz53wtlphgavdm4v7i34eolzhsy37gvi,sadiex.bsky.social,sadie,"🇨🇦🍁 Not really a surprise, tx to the needy greedy one.
#elbowsup #never51 #democracy #tourism #cdnpoli #uspoli

www.theguardian.com/world/2026/m...",,,,0,0,1,0,2026-05-11T13:37:29Z,NA,NA,NA,,,,,
at://did:plc:abt5tpb7lqr7vopkrkwfswwq/app.bsky.feed.post/3mllf3yehbm22,bafyreiacsrcmorr4fzrsytzzpqegseslaig7rhhapi2bfsub4k2rr4amqu,canadareport.org,Canada Report,"Thousands of Canadians to Come Together for MS Walk This May to Support the MS Community

Canada’s fastest news scan: 25+ headlines, no clutter, updated all day: CanadaReport.org

#cdnpoli #Canada #News #Business #Economy 
Read Original Article 🔗",,,,0,0,0,0,2026-05-11T13:31:34Z,NA,NA,NA,,,,,
at://did:plc:deej5pakczvmljahhvrridlp/app.bsky.feed.post/3mllevq6f3c22,bafyreidlyr5m6fmebktwnv5rt4z6qb7nsahdu3mgoqzfc2mgzdcds2euui,pat112.bsky.social,Pat,"Iran spokesman says Tehran doesn't care if US not happy with response to peace proposal and is not alone in that sentiment as the US and Israel , are War Criminals attacking the world

#Cdnpoli #Uspoli #Israel #Iran 
apnews.com/video/iran-s...",,,,0,2,5,0,2026-05-11T13:28:08Z,NA,NA,NA,,,,,
at://did:plc:kl3tgzj3eoyutlmgxysdxnnr/app.bsky.feed.post/3mllesdqix22p,bafyreifa6luj4m3yucjl77och5fqirbpatqklhmj3g4lvsgsguxj3rfdga,jacerealstoryy.bsky.social,Jace,"The #CIA #Covert Operation: Episode 3

open.substack.com/pub/jacereal...

#Trump #TransnationalRepression #England #Qatar #Egypt #Norway #Sweden #Norway #USA #CDNPoli
#Canucks
#LeafsForever
#NHLPlayoffs
#MothersDay
#Canada
#AI
#Gaming
#News
#Tech",,,,0,0,0,0,2026-05-11T13:26:15Z,NA,NA,NA,,,,,
at://did:plc:4ownlsrdmnvwgzmcdi2bof6s/app.bsky.feed.post/3mllepd3u4226,bafyreieq4ej6peo4rovg7wh4robagrkuvcmni2yarlzsy45mrgyh5wvlgy,peipolitical.bsky.social,PEIPolitical 🇨🇦,Peter D Jones - Trump Did It To Biden First. Poilievre did it to Trudeau. Now he's doing it to Carney! #cdnpoli,,,,1,24,37,1,2026-05-11T13:24:33Z,NA,NA,NA,,,,,
at://did:plc:h2spa3l463coxycuy6iiov2l/app.bsky.feed.post/3mllenr5crs2k,bafyreigumcvdpfzaml3lv3nkl4zwnrx7evkddkuvj34ko5gyfihdzmejpa,shewandersferal.bsky.social,Allison Moon 🌙  🍁,🍁 #CANpoli 🍁 #CDNpoli 🍁  #CanadaSky 🌌 #Canadiana,,,,0,1,3,0,2026-05-11T13:23:39Z,at://did:plc:h2spa3l463coxycuy6iiov2l/app.bsky.feed.post/3mlldiye6hk22,at://did:plc:h2spa3l463coxycuy6iiov2l/app.bsky.feed.post/3mlldiye6hk22,NA,,,,,
at://did:plc:jeuzjfwsgn62xfoe7qo4jul5/app.bsky.feed.post/3mllen42rt22x,bafyreihxyxpwejyc5y3qtwxds4kvdpvgvxkc4v7nhdyc6qzferbjqbcb3y,bigclimate.bsky.social,Bentley ****TALK CLIMATE****,bsky.app/profile/bigc... #MarkCarney #AviLewis #cdnpoli,,,,0,4,6,0,2026-05-11T13:23:18Z,at://did:plc:jeuzjfwsgn62xfoe7qo4jul5/app.bsky.feed.post/3mlld76qzhk2x,at://did:plc:jeuzjfwsgn62xfoe7qo4jul5/app.bsky.feed.post/3mlld76qzhk2x,at://did:plc:jeuzjfwsgn62xfoe7qo4jul5/app.bsky.feed.post/3mlheyn2qrk2b,,,,,
at://did:plc:deej5pakczvmljahhvrridlp/app.bsky.feed.post/3mllefvo5yk22,bafyreienacifr2zwx6mylworysz4i3igxi6ovtijlim3cpii3ub5hqud2a,pat112.bsky.social,Pat,"The Poilievre Effect 

Asked how they would vote in a federal election

 if Trump were no longer president and 

a Democrat were in office, 

44 per cent said Liberal, and 36 per cent said Conservative.
Abacus Data Poll 

#Cdnpoli 
www.msn.com/en-ca/news/c...",,,,0,0,1,0,2026-05-11T13:19:13Z,NA,NA,NA,,,,,
at://did:plc:4ownlsrdmnvwgzmcdi2bof6s/app.bsky.feed.post/3mlle6vwoi226,bafyreicn3gwxegfokkbldhjifae5xbahovquscqsm7y4m76llqqaqs4b4u,peipolitical.bsky.social,PEIPolitical 🇨🇦,"Most People Forget What Brian Mulroney and the Conservative Party Actually Did to Canada! 
Mark Carney is attempting to undo much of the damage and reliance on the US from when Mulroney sold out Canada. #cdnpoli",,,,9,21,58,1,2026-05-11T13:15:21Z,NA,NA,NA,,,,,
at://did:plc:ixt6yldqvtcamcarm6fpgqo5/app.bsky.feed.post/3mlldxbs5is2s,bafyreigqo5bw46uvnsrc77wusnq2nmuut6xmlq4hgaddw2gkwqf2jvatli,shortstackfella.bsky.social,Short Stack Fella 🇨🇦🇺🇦,"Senate bill proposes giving Ottawa the power to confiscate Russian state assets

#cdnpoli #Ukraine #Canada

www.theglobeandmail.com/politics/art...",,,,0,1,6,0,2026-05-11T13:11:05Z,NA,NA,NA,,,,,
at://did:plc:lin2g3h6fvle3fdrs5nqmkiy/app.bsky.feed.post/3mlldtlxfgs2q,bafyreifedfsqzpms6fuohg4qa4jbt5irhlodruxc6t5k3wknjacfdfh3dy,canadiancontent.bsky.social,Not That Kind Of Canadian,"Crown to sell personal information!

AB, you deserve all you will get if you do not shut DS down before it is too late.

Maybe ask for help from the federal privacy commissioner?

Not my data or I would do it myself.

#cdnpoli

www.priv.gc.ca/en/",,,,1,1,7,0,2026-05-11T13:09:00Z,at://did:plc:rsvzkqxa2xdojwmjljqzs4ik/app.bsky.feed.post/3mlldfzkhec24,at://did:plc:rsvzkqxa2xdojwmjljqzs4ik/app.bsky.feed.post/3mlldfzkhec24,NA,,,,,
at://did:plc:deej5pakczvmljahhvrridlp/app.bsky.feed.post/3mlldlpws2k22,bafyreid4ylwtjqres2vv3xjfqx6iiatknyfpxu7tbclviqccj7qnrtrw74,pat112.bsky.social,Pat,"Farmers confront Trump  US War Criminal rising cost of fertilizer and fuel as spring seeding underway

#Cdnpoli 
www.cbc.ca/news/canada/...",,,,0,0,1,0,2026-05-11T13:04:38Z,NA,NA,NA,,,,,
at://did:plc:h2spa3l463coxycuy6iiov2l/app.bsky.feed.post/3mlldjqtqok22,bafyreievqwkqgu6ujoiij5cqdi4zlu4wvzawcvbt43qt2ak5kakpbru5fi,shewandersferal.bsky.social,Allison Moon 🌙  🍁,"like I haven’t said it for years…

🍁 #CANpoli 🍁 #CDNpoli 🍁  #CanadaSky 🌌 #PrivacyRights",,,,0,1,2,0,2026-05-11T13:03:30Z,at://did:plc:h2spa3l463coxycuy6iiov2l/app.bsky.feed.post/3mll53q4ijs2e,at://did:plc:4ownlsrdmnvwgzmcdi2bof6s/app.bsky.feed.post/3mll24xobus2d,NA,,,,,
at://did:plc:h2spa3l463coxycuy6iiov2l/app.bsky.feed.post/3mlldiye6hk22,bafyreiaaopdamlzi3a3yg47s6swkp2b7ywmu63iigfpnsh7tqexlo3wu4a,shewandersferal.bsky.social,Allison Moon 🌙  🍁,"like I haven’t said it for years…

🍁 #CANpoli 🍁 #CDNpoli 🍁  #CanadaSky 🌌 #PrivacyRights",,,,2,2,2,0,2026-05-11T13:03:05Z,NA,NA,NA,,,,,
at://did:plc:abt5tpb7lqr7vopkrkwfswwq/app.bsky.feed.post/3mlldgakldq2z,bafyreif4jybsqtamncb2smvsqzheemn7jd5zzfgh4z2niktam2vhvmcsl4,canadareport.org,Canada Report,"Crise des infrastructures | Vers une hausse des taxes municipales ?

Canada’s fastest news scan: 25+ headlines, no clutter, updated all day: CanadaReport.org

#cdnpoli #Canada #News 
Read Original Article 🔗",,,,0,1,1,0,2026-05-11T13:01:30Z,NA,NA,NA,,,,,
at://did:plc:rsvzkqxa2xdojwmjljqzs4ik/app.bsky.feed.post/3mlld7nfcss24,bafyreiclcyvvr4zavyqfynjbacoblsdnopcnl34paukiqfoc5cbmdvztg4,thebreakdownab.bsky.social,The Breakdown AB,"Scott Sinclair’s return to the UCP not only comes with the benefit of getting his constituency back…

Not only has the UCP dropped him from their “Progressive Conservative” Lawsuit…

But it’s pretty clear Scottie’s return was in the works for a while!

#abpoli #ableg #cdnpoli",,,,1,25,43,1,2026-05-11T12:57:51Z,NA,NA,NA,,,,,
at://did:plc:jeuzjfwsgn62xfoe7qo4jul5/app.bsky.feed.post/3mlld76qzhk2x,bafyreicdbwnqpldritpddgg5qmc5qayce6i4kvz4hmhqs5jcvhl5esjesi,bigclimate.bsky.social,Bentley ****TALK CLIMATE****,"I say AGAIN: #AviLewis is speaking my language. There is a choice beyond the Conservative #Poilievre & the conservative-in-all-but-name #MarkCarney. There's far worse things than a #LiberalMinority with #NDP as #OfficialOpposition, in fact, that's how we got #UniversalHealthcare. 
#cdnpoli #abpoli",,,,6,10,24,2,2026-05-11T12:57:38Z,NA,NA,NA,,,,,
at://did:plc:iga4jdwfpruz47byvryy56tz/app.bsky.feed.post/3mlld6ilif22e,bafyreiejygsxfc3siwd2akzkt7nztgu6v6okqye6gmbmkiq75dlvlpyumq,thisiswilladams.bsky.social,Will Adams,"Huge congrats to Michael Harris on becoming Deputy Leader of the Libertarian Party! If anyone can finally figure out how we're going to pay for the roads without using a cent of tax money, it's definitely you.

Can't wait to see the plan (and the tolls). Proud of you, man! 🤠🛣️ #CDNpoli #ABpoli",,,,1,0,0,0,2026-05-11T12:57:22Z,NA,NA,NA,,,,,
at://did:plc:deej5pakczvmljahhvrridlp/app.bsky.feed.post/3mlld5oyr6222,bafyreigwrrnbkd2l7rad26qmbkpwky7k4rwfulshe3n5h2vkorricwz4e4,pat112.bsky.social,Pat,"Totally irrelevant narcissistic U.S. senator has the extreme arrogance and overinflated self importance to say Canada should be cautious of making deals with China, whom the US did $414 billion in trade with in 2025.  Just F Off 

#Cdnpoli #Uspoli  #FOffSenator #BoycottUSA
www.cbc.ca/news/politic...",,,,3,1,6,0,2026-05-11T12:56:46Z,NA,NA,NA,,,,,
at://did:plc:in6t5b6l3wnfwkcuqji57ttg/app.bsky.feed.post/3mlld5kccpk2m,bafyreicuom5ctgvr6j5bhriojxmgqteaxh7d34v5jhdysqtqsoipcbkz5m,ccfr-ccdaf.bsky.social,Canadian Coalition for Firearm Rights,"ILLEGAL GUNS: U.S. authorities announced arrests on Friday of 3 suspects — including 2 Canadian citizens — who attempted to smuggle 90 illegal firearms into Canada. Cumulatively, the maximum sentences each faces, if convicted, is 35 years in prison. #cdnpoli

Read More: www.cbc.ca/news/world/n...",,,,2,0,1,0,2026-05-11T12:56:45Z,NA,NA,NA,,,,,
at://did:plc:3l6h5tayy6vycige2igmorv4/app.bsky.feed.post/3mllc6rs5vk2h,bafyreifqxgqd7vm2kq7si2r2jkwpt5ybsfggghbg27sb3qolrfgzdupg2y,minibubbly.bsky.social,Cheryl in Nova Scotia 🇨🇦🍁🍁,"OTTAWA — A House of Commons committee has amended a proposed bill that would criminalize sexual deepfakes to ensure it covers “nearly nude” images. #Canada #cdnpoli

www.ctvnews.ca/politics/art...",,,,0,10,24,1,2026-05-11T12:39:28Z,NA,NA,NA,,,,,
at://did:plc:cn34k3kvoqnx47xaitq2fnm3/app.bsky.feed.post/3mllc63cim22u,bafyreihz2f4jdqwo3smnmxuy2mykwd4btafi2goqddic6iy3xffrskuufm,whatfuntimes.bsky.social,Jim Mike,"Hrm, given the airline lobby in Canada what are the odds this plays into the CPC’s new anti-Alto rhetoric? #cdnpoli 🇨🇦",,,,1,2,6,0,2026-05-11T12:39:04Z,NA,NA,at://did:plc:6ml4nxrk45cy23jay5hc2npp/app.bsky.feed.post/3mll5brz5ec2u,,,,,
at://did:plc:67mpqdmuvarollmm2lqcz6ac/app.bsky.feed.post/3mllc47i6s22q,bafyreian3a7jq6pvt52hrvdb43do3dvysyrr7ne7kk3o2j6zscixiu7wma,coldcollective.bsky.social,4restKC,"So Keir Starmer loses the election, rightly so. 

And yet on his way out does more for Britain than Carney has done in a year.

He's nationalizing one of their core industries, steel. 

#cdnpoli #abpoli",,,,0,1,1,0,2026-05-11T12:38:01Z,NA,NA,NA,,,,,
at://did:plc:abt5tpb7lqr7vopkrkwfswwq/app.bsky.feed.post/3mllbqu4gyt2z,bafyreig44u6ysnvru25te57udayimuslczphbigwes32apsjhrmns2v3q4,canadareport.org,Canada Report,"VoltaGrid Announces $1 Billion Strategic Equity Investment from Blackstone and Halliburton to Fund Growth and Acquisi...

Canada’s fastest news scan: 25+ headlines, no clutter, updated all day: CanadaReport.org

#cdnpoli #Canada #News #Business #Economy 
Read Original Article 🔗",,,,0,0,0,0,2026-05-11T12:31:40Z,NA,NA,NA,,,,,
at://did:plc:4jhds6khpgmfkova5vetcm5h/app.bsky.feed.post/3mllbhmyqns2a,bafyreifzsgg2tfsa765lmnv6jhop4lqjmt3jlshsjzeqwyahs3fiv3soz4,drunkondespair.bsky.social,NA,"If the cowardly and racist #EU does impose meaningless sanctions on several settlers, expect the cowardly and racist #MarkCarney to follow suit with more pretend sanctions. #cdnpoli",,,,0,0,0,0,2026-05-11T12:26:29Z,NA,NA,at://did:plc:4jhds6khpgmfkova5vetcm5h/app.bsky.feed.post/3mllbco4oa22a,,,,,
at://did:plc:sywtwkbhpdibiprqvv7epcto/app.bsky.feed.post/3mllbh23lgc2n,bafyreidydgnxthhujfudzgnlqlttphd64tzdwsq7qwrt2e56lqb3tc6teq,elliott4mp.bsky.social,"Derek Elliott, Libertarian","Ottawa’s New Project Plan: More Control, Not More Growth
#cdnpoli #libertarian #politics #canada 
youtube.com/shorts/-w7ZP...",,,,0,1,1,0,2026-05-11T12:26:10Z,NA,NA,NA,,,,,
at://did:plc:4jhds6khpgmfkova5vetcm5h/app.bsky.feed.post/3mllb34cvtc2a,bafyreiavjvhk2gfh64iipgovxaney76ryxdvcpbz6frs2o2yq52zhxqpvy,drunkondespair.bsky.social,NA,"Destroying schools, hospitals, and orchards, in the service of ethnic cleansing and genocide, another #MarkCarney shared value. #cdnpoli

t.me/thecradlemed...",,,,0,0,0,0,2026-05-11T12:19:30Z,NA,NA,NA,,,,,
at://did:plc:q53ibv7ujf27tbhk7ar76tfz/app.bsky.feed.post/3mllaza37ck2p,bafyreibof3cfr4biut5nfh5sh6kfruhbzf7u6y5c6lt5zq3h7htkd4bhpq,marc55.bsky.social,Marc 🍁,"Cutting that many civil service is a sure fire way to lose the next election. 
Where? Are 28,000 people going to find gainful employment at the wages they're used to, and have adjusted their standard of living to. 

WTF Carney? 
#cdnpoli",,,,0,1,2,0,2026-05-11T12:18:28Z,NA,NA,at://did:plc:ormie3tjweyhnqckjlzowoxg/app.bsky.feed.post/3mle6eefu4k2y,,,,,
at://did:plc:kqqydztpv6lrkmynvlo7zsru/app.bsky.feed.post/3mllapo4rec2u,bafyreifcz52pxyeuuidexhhmdf4p7gfvo3g44ixr5z3d7xotsqkasfrx3u,kaicable.bsky.social,"Kai, a very old GenX 🇨🇦","Private health insurance giants Manulife, Canada Life, and Sun Life  are “key partners” in Danielle Smith government’s efforts to create a privatized, U.S.-style health care system in Alberta.

#abpoli #bcpoli #cdnpoli #canada

canadians.org/analysis/gia...",,,,3,7,10,2,2026-05-11T12:13:09Z,NA,NA,NA,,,,,
at://did:plc:4jhds6khpgmfkova5vetcm5h/app.bsky.feed.post/3mllabt63jc2a,bafyreieem36nfoo6vjbnoabj27lzpjv2dxqkb43b3bpu53ff4d5ccudyoq,drunkondespair.bsky.social,NA,"Tungsten bombs against civilians, another #MarkCarney shared value. #cdnpoli

t.me/geopolitics_...",,,,0,0,0,0,2026-05-11T12:05:22Z,NA,NA,NA,,,,,
at://did:plc:re7tflvczjceanwkco2bseqb/app.bsky.feed.post/3mlla6leji22c,bafyreidc4qbqarj2vlnqlhc5tzldjfh6o6smfm6nypvwxcb3eu34b4p3lm,bella-andme.bsky.social,Sherry Lee,"And I'm sure that data breach has played into this - if not yet - it very likely could. That makes me incredibly angry.
#abpoli #cdnpoli",,,,0,10,16,0,2026-05-11T12:03:33Z,NA,NA,at://did:plc:3l6h5tayy6vycige2igmorv4/app.bsky.feed.post/3mll7m66u3s2h,,,,,
at://did:plc:mgmhq5daplfs52ztiocmae74/app.bsky.feed.post/3mlla6aqsf22t,bafyreicxor5jrtlsfr7whao44wlpwe5cjlda2k33w25s24rvtyjobcgizu,o-tawdry.bsky.social,Bridget McGrath 🇨🇦,"This is happening all across Canada but sure, build those pipelines, decimate environmental protections and cut social programs both federally and provincially. 

Our corporate overlords need more private islands and yachts to get there.

#cdnpoli #onpoli #abpoli #bcpoli

www.cbc.ca/news/canada/...",,,,1,4,5,1,2026-05-11T12:03:23Z,NA,NA,NA,,,,,
at://did:plc:abt5tpb7lqr7vopkrkwfswwq/app.bsky.feed.post/3mlla2pddtr2p,bafyreib3qf6kkze3xmflk5rqa57yui5wigf4b3f5ifkqolo4xvreodikwu,canadareport.org,Canada Report,"Ottawa plans to spin off federal semiconductor facility into “commercial entity”

Canada’s fastest news scan: 25+ headlines, no clutter, updated all day: CanadaReport.org

#cdnpoli #Canada #News #Tech #AI 
Read Original Article 🔗",,,,0,0,0,0,2026-05-11T12:01:22Z,NA,NA,NA,,,,,
at://did:plc:4ownlsrdmnvwgzmcdi2bof6s/app.bsky.feed.post/3mll7zcf7cc26,bafyreielzylsbvprywp5acpeftpzqjlqlkoycmenxohsq3ygpglbq7525a,peipolitical.bsky.social,PEIPolitical 🇨🇦,"Isn't that convenient? Bullshit. Show us the money!
P.E.I. government's public sector pay bill a 'poor' attempt at a Sunshine List
Proposed database won't include government employees' names or exact pay. #cdnpoli 
www.cbc.ca/news/canada/...",,,,0,6,14,1,2026-05-11T12:00:37Z,NA,NA,NA,,,,,
at://did:plc:z22iojvb45xno3nblfy6fcwg/app.bsky.feed.post/3mll7yj7t3d2n,bafyreifp3a47qfg67q3yi3fm4x7l2tmh7hwrsd4sutev7m243y6cffvule,trendtags.bsky.social,Trending Tags (Beta),"🌟 BlueSky trending hashtags (1h):

#mcm #nsfw #monochromemonday #photography #art #milf #青空ごはん部 #섹블 #aiイラスト #sexy #boobs #aiart #cdnpoli #model #porn",,,,0,0,6,1,2026-05-11T12:00:09Z,NA,NA,NA,,,,,
at://did:plc:4ownlsrdmnvwgzmcdi2bof6s/app.bsky.feed.post/3mll7xf4cbk26,bafyreifkaie4xt4k2io42gmgjsidjmy6rg7o5z4osmwphut3acf7xcg55e,peipolitical.bsky.social,PEIPolitical 🇨🇦,"Crocodile tears from MAGA Moms!
""I'll put up with it for a little longer if it means it will be better for the nation."" #cdnpoli",,,,5,1,18,2,2026-05-11T11:59:32Z,NA,NA,NA,,,,,
at://did:plc:re7tflvczjceanwkco2bseqb/app.bsky.feed.post/3mll6lymkts2u,bafyreicoetjkn56j2ofmfqhtdrmytqke5isdjv5pj4omrncudpmqqsobmi,bella-andme.bsky.social,Sherry Lee,"A ""pin the tail on the donkey"" op ed about why Pierre can't quit Justin. Excellent tie in to ""Brokeback Mountain"".
#cdnpoli

Time for Pierre to quit Justin
open.substack.com/pub/adlibsub...",,,,1,1,2,0,2026-05-11T11:35:17Z,NA,NA,NA,,,,,
at://did:plc:4ownlsrdmnvwgzmcdi2bof6s/app.bsky.feed.post/3mll6jzlgyk26,bafyreicdrypodvgmt7n7wlj3wmsnnf6xyzs7c6hr7utvsnnzrtkmn324qa,peipolitical.bsky.social,PEIPolitical 🇨🇦,"This is why Trump melted down about Fox News & Ro Khanna.
Ro called out Trump for being an inept moron that's controlled by Netanyahu. #cdnpoli",,,,7,37,111,6,2026-05-11T11:34:09Z,NA,NA,NA,,,,,
at://did:plc:abt5tpb7lqr7vopkrkwfswwq/app.bsky.feed.post/3mll6f5fdvt2b,bafyreigoekeykkma3yvvh75u5av4ofsdwbfg7yglbeps4sn3q5agtnwmma,canadareport.org,Canada Report,"Ongwe Minerals Reports Expansion of Manga Bedrock Anomaly, Increasing Grades and Width to the East, Omatjete Gold Pro...

Canada’s fastest news scan: 25+ headlines, no clutter, updated all day: CanadaReport.org

#cdnpoli #Canada #News #Business #Economy 
Read Original Article 🔗",,,,0,0,0,0,2026-05-11T11:31:25Z,NA,NA,NA,,,,,
at://did:plc:4ownlsrdmnvwgzmcdi2bof6s/app.bsky.feed.post/3mll6dg35zs26,bafyreihufyvitlodlfpoqhipwhcbq23x4tfra3dzqf2qh6zeltrdmjjxse,peipolitical.bsky.social,PEIPolitical 🇨🇦,"Lieu: Are there photos of Trump with girls of uncertain age?
$ash Patel: No
Lieu: How do you know?
Patel: It would have been brought to light.
Lieu: That’s not true because no one knew about the creepy birthday message until the WSJ disclosed it. #cdnpoli",,,,1,13,46,2,2026-05-11T11:30:28Z,NA,NA,NA,,,,,
at://did:plc:4ownlsrdmnvwgzmcdi2bof6s/app.bsky.feed.post/3mll5vrnio226,bafyreihipfri2wsknxrtxlqsp3bv4qdzcoh42ve5ft6l3dr7u7xouexl5e,peipolitical.bsky.social,PEIPolitical 🇨🇦,"Hungarian PM is the new headache for Trump. 🔥
🇭🇺Péter Magyar : ""American puppet Orbán, has links to oligarchs who are transferring tens of billions to the United Arab Emirates and the United States. I am going to suspend it.""
#cdnpoli",,,,12,53,178,4,2026-05-11T11:22:50Z,NA,NA,NA,,,,,
at://did:plc:4ownlsrdmnvwgzmcdi2bof6s/app.bsky.feed.post/3mll5q7m4b226,bafyreib7t3t6dkci37dcqr6b5f2n7iiqzqmqr43zln35l72kwmze6aqmyi,peipolitical.bsky.social,PEIPolitical 🇨🇦,"Benzie: ""What Danielle Smith has done is open a can of worms to solve a problem within the UCP just as David Cameron opened a can of worms to solve a problem in the UK Conservative Party ... why would you ask a question at the risk of finding an answer that you don't want. #cdnpoli",,,,2,9,24,0,2026-05-11T11:19:43Z,NA,NA,NA,,,,,
at://did:plc:rlcoxketrj26yu5hgn3izwaz/app.bsky.feed.post/3mll5bqnfx22i,bafyreiddttwowg7rki3w6ovncvcnm33kv6jjrmbh5dmo22dmtfzin6nawe,janfromthebruce.bsky.social,JanFromTheBruce 🍁,"Every day I am going to post this (permission from Del Schilling).

Will you join me?

Over 5700+ Missing & Murdered Indigenous Women & Girls

#MMIWG #cdnpoli",,,,0,4,10,0,2026-05-11T11:11:36Z,NA,NA,NA,,,,,
at://did:plc:abt5tpb7lqr7vopkrkwfswwq/app.bsky.feed.post/3mll4w6seno2d,bafyreiapohdjtsj5nlzxqbpwggeojydep454rgtivm35gjg6vtizzlennm,canadareport.org,Canada Report,"🇨🇦 Morning Briefing — May 11  
Rising costs challenge farmers as spring seeding begins.  
• Inflation pressures food security.  
• Vendasta's AI deal boosts tech landscape.  
Re...

Read: canadareport.org/briefing-2026-05-11-morning.html
#cdnpoli",,,,0,0,1,0,2026-05-11T11:05:10Z,NA,NA,NA,,,,,
at://did:plc:go6lnimas6bzfthjvcaulmya/app.bsky.feed.post/3mll4tntvqc2l,bafyreihze3fwlrqjyh6cdyn4uf2rhivi6zufgjbkuco72yt6aft5kwckqq,jbnewt.bsky.social,Jackson Newt,This is absolutely “Dirty Pool“ and unthinkable for a Customer Driven transportation #Airline . #Westlet is an embarrassment to the industry . Why does the Federal #Liberals allow this nonsense to continue day after day . #Cdnpoli #Canada www.cbc.ca/news/gopubli...,,,,0,0,0,0,2026-05-11T11:03:38Z,NA,NA,NA,,,,,
at://did:plc:h3y7rhw6ao6nk5mmuskplxco/app.bsky.feed.post/3mll4s2nzms2a,bafyreid2smoyhu43djg442qchbzca62e4p43lwt6bjidl65nbwnfph6kqm,brainiackim.bsky.social,Brainiac Kim 🇨🇦,We are sliding back to bring like Americans if we don't want to have a universal pharmacare www.cbc.ca/news/canada/... #cdnpoli,,,,1,0,1,0,2026-05-11T11:02:52Z,NA,NA,NA,,,,,
at://did:plc:kqqydztpv6lrkmynvlo7zsru/app.bsky.feed.post/3mll4nmgqys2q,bafyreih3o2m6lrhaloyhmvgkdhllcc2sp2sm5cxkkhvl4erj64stlhf4sy,kaicable.bsky.social,"Kai, a very old GenX 🇨🇦","Q: If killing journalists is a war crime, why isn’t anyone stopping it?

A: Captured politicians and media.

#cdnpoli #canada
#boycottusa #DefundIsrael #warcrimes #genocide #gaza #lebanon

j-source.ca/if-killing-j...",,,,0,1,2,0,2026-05-11T11:00:25Z,NA,NA,NA,,,,,
at://did:plc:k6a35s56ijvrb4zjkq4ojll5/app.bsky.feed.post/3mll4nerytf2l,bafyreihzusfshahvimg6vj4b4rnubp7lcfimie4mbyqrorqjgw3kstdmwe,toptags.bsky.social,Trending Hashtags,"🌟 BlueSky trending hashtags (1h) #16-30:

#nature #イラスト #earworm #oc #섹트 #illustration #birdoftheday #cum #porn #realnsfw #lockedon #cock #cdnpoli #blueskymonday #furry

👇 #1-15 trending hashtags",,,,0,0,4,0,2026-05-11T11:00:14Z,NA,NA,at://did:plc:z22iojvb45xno3nblfy6fcwg/app.bsky.feed.post/3mll4nemb3r2x,,,,,
at://did:plc:k6a35s56ijvrb4zjkq4ojll5/app.bsky.feed.post/3mll4neg3zj2w,bafyreiepxcft3aznmfmiiymvrx5j6zh2v6xzgqznmbvlxzf5t4wbed5g5y,toptags.bsky.social,Trending Hashtags,"🔥 BlueSky trending hashtags (30m) #16-30:

#nature #cdnpoli #illustration #arsecastextra #milf #gamedev #ass #birds #야노 #イラスト #furry #oc #realnsfw #nationaleatwhatyouwantday #tits

👇 #1-15 trending hashtags",,,,0,1,4,0,2026-05-11T11:00:13Z,NA,NA,at://did:plc:z22iojvb45xno3nblfy6fcwg/app.bsky.feed.post/3mll4ne3drj2z,,,,,
at://did:plc:fuu6bocgrf4aonbnu7wkdsy7/app.bsky.feed.post/3mll4ecafjs2y,bafyreict54qpootlq3lbdk2jqqhgwer3ofnmz6eoh3ipv3kg2xz7cdnkje,theubiquitousj-man.bsky.social,The Ubiquitous J-Man,"Researchers find 42% drop in Canadians visiting US metro areas amid Trump 2.0.

www.theguardian.com/world/2026/m...

#CdnPoli 🇨🇦
#USpoli
#CanadaStrong 🍁
#ElbowsUp 💪🏼",,,,0,2,5,0,2026-05-11T10:55:10Z,NA,NA,NA,,,,,
at://did:plc:z22iojvb45xno3nblfy6fcwg/app.bsky.feed.post/3mll3sdudsr2z,bafyreieqatrqg63b2jyypepa3xit7jeoh4gebat74kunnq4cvxffjobjxq,trendtags.bsky.social,Trending Tags (Beta),"🚀 BlueSky trending hashtags (15m):

#earworm #photography #art #mcm #nsfw #monochromemonday #青空ごはん部 #nationaleatwhatyouwantday #섹블 #boobs #aiイラスト #cdnpoli #arsecastextra #oc #gay",,,,0,0,4,1,2026-05-11T10:45:07Z,NA,NA,NA,,,,,
at://did:plc:4ownlsrdmnvwgzmcdi2bof6s/app.bsky.feed.post/3mll35fssjc2d,bafyreidbxityul5hi4f7hv3lp4ityykdim6rvhlwy2nf2pykfzcdo2lqhy,peipolitical.bsky.social,PEIPolitical 🇨🇦,"Fareed Zakaria exposes Donald Trump's severe cognitive decline and erratic behavior.
The US President literally threatens to destroy Iran and begs them for a deal on the exact same day. #cdnpoli",,,,2,18,46,1,2026-05-11T10:33:25Z,NA,NA,NA,,,,,
at://did:plc:6ajcww7vqdopg3xvcafh42od/app.bsky.feed.post/3mll32musas2u,bafyreifxpemgbs3z5sootz2oqrniva5k5j6vb3ksm4pdywbetmrthlnfai,alonghurst.bsky.social,Andrew Longhurst 🇨🇦 🍉,"My new research study finds that the Ontario provincial government's funding austerity is harming patient access to hospital care

🧵

#onpoli #cdnpoli

www.policyalternatives.ca/news-researc...",,,,4,73,118,12,2026-05-11T10:31:52Z,NA,NA,NA,,,,,
at://did:plc:abt5tpb7lqr7vopkrkwfswwq/app.bsky.feed.post/3mll2zq3sbg2k,bafyreiepzbwpgdrqwkbptstgefvdiry6fhd6q5q7fiattirexb3mhlvn2u,canadareport.org,Canada Report,"Canada has to build new industries while solidifying the old ones

Canada’s fastest news scan: 25+ headlines, no clutter, updated all day: CanadaReport.org

#cdnpoli #Canada #News #Business #Economy 
Read Original Article 🔗",,,,0,0,0,0,2026-05-11T10:31:21Z,NA,NA,NA,,,,,
at://did:plc:k6a35s56ijvrb4zjkq4ojll5/app.bsky.feed.post/3mll2xkomcm2l,bafyreicak72jdowuofqrunpogf3v6v4gkdgluq2drf72oozaj37zmtehfi,toptags.bsky.social,Trending Hashtags,"🔥 BlueSky trending hashtags (30m) #16-30:

#gay #eck #hot #boobs #porn #blackandwhite #aiart #monochrome #illustration #ass #cock #pussy #tits #nude #cdnpoli

👇 #1-15 trending hashtags",,,,0,0,2,0,2026-05-11T10:30:08Z,NA,NA,at://did:plc:z22iojvb45xno3nblfy6fcwg/app.bsky.feed.post/3mll2xkj54r23,,,,,
at://did:plc:z22iojvb45xno3nblfy6fcwg/app.bsky.feed.post/3mll2xjyqx72e,bafyreif4andnvkqp6h3z4lay53tbbdyrjpkjhqlplhpfttua6tgrmvsbgy,trendtags.bsky.social,Trending Tags (Beta),"🚀 BlueSky trending hashtags (15m):

#mcm #photography #nsfw #arsecastextra #섹블 #monochromemonday #art #섹트 #cdnpoli #bluesky #青空ごはん部 #realnsfw #birds #イラスト #oc",,,,0,0,6,1,2026-05-11T10:30:08Z,NA,NA,NA,,,,,
at://did:plc:4ownlsrdmnvwgzmcdi2bof6s/app.bsky.feed.post/3mll2wr5kws2d,bafyreibq7hyhp4aldywqp6mu44aly4vugztlnexzzucswtdfjab2fbiusq,peipolitical.bsky.social,PEIPolitical 🇨🇦,"Nenshi on a UCP staffer's failure to alert the party after Jason Kenney’s private info was shared: ""Danielle Smith has created a culture where that kind of putting your political rival's life in danger doesn't raise any red flags. What kind of unethical immoral culture is that?"" #cdnpoli",,,,6,25,61,1,2026-05-11T10:29:42Z,NA,NA,NA,,,,,
at://did:plc:4ownlsrdmnvwgzmcdi2bof6s/app.bsky.feed.post/3mll2sav2gc2d,bafyreiflriicctirrhmotzokkmrdjhwhenzar27orla7qh24tysoczdzve,peipolitical.bsky.social,PEIPolitical 🇨🇦,"Nenshi on Smith's handling of voter data breach: ""I have never seen a govt respond so badly to a crisis as this govt has. They haven't even put out a tip sheet for people on how they can protect their data, so we had to do it. But really they've acted as though they're just lashing out.""
#cdnpoli",,,,6,32,84,1,2026-05-11T10:27:10Z,NA,NA,NA,,,,,
at://did:plc:4ownlsrdmnvwgzmcdi2bof6s/app.bsky.feed.post/3mll2o7ykzk2d,bafyreie65y4r3inq2vyu4nfoobsscqmvuzg4qfi27ze7oryahwt37bp2pu,peipolitical.bsky.social,PEIPolitical 🇨🇦,"Epic response 👇
Trump at 10:00 AM — “I can't think of anybody in history that should get the Nobel Prize more than me. Nobody else settled wars.”
🇮🇷 Iran at 10:05 AM — ""This idiot actually started a war against us, lost it, and fools everyone by saying he settled it. Absolutely crazy."" #cdnpoli",,,,4,7,37,0,2026-05-11T10:24:56Z,NA,NA,NA,,,,,
at://did:plc:fuu6bocgrf4aonbnu7wkdsy7/app.bsky.feed.post/3mll2kdfqvk2y,bafyreihxhvvy32yey2l3hd7wkslpr7c3rq3qf63l7grqs2sxnkgcalbmf4,theubiquitousj-man.bsky.social,The Ubiquitous J-Man,"Good Article!
And 100% accurate!!
Give it a read.
😎

""It’s time for Pierre Poilievre to finally quit Justin Trudeau""...

www.thestar.com/opinion/cont...

#CdnPoli 🇨🇦
#MapleMAGA🍁
#PierrePoilievreIsLyingToYou🤥
#NeverPoilievre 🚫
#NeverVoteConservative 🚫🗳️",,,,2,2,5,0,2026-05-11T10:22:45Z,NA,NA,NA,,,,,
at://did:plc:4ownlsrdmnvwgzmcdi2bof6s/app.bsky.feed.post/3mll2ijdjz22d,bafyreibbn4fzi7jwmg7stqywfrnba6ymndwprntjcxotvdvuzvlj26acoe,peipolitical.bsky.social,PEIPolitical 🇨🇦,"President Macron — That 79 year old keeps running his mouth, and it always leads to actual conflict.
We in France pay every day for a war we never wanted, but started by a fool. #cdnpoli",,,,31,259,712,14,2026-05-11T10:21:44Z,NA,NA,NA,,,,,
at://did:plc:4ownlsrdmnvwgzmcdi2bof6s/app.bsky.feed.post/3mll2cqqnis2d,bafyreialhh6wg6eiqjnf777h2rijrapwy3uzcx52ata5vgtlqfun2ysfaa,peipolitical.bsky.social,PEIPolitical 🇨🇦,"Charlie Angus: ""When Donald Trump started threatening our nation, to make us beg to be part of the US. Danielle Smith went down to Mar-a-Lago. She didn't go down with Alberta business leaders. She didn't go down as part of Team Canada. She went down with Jordan Peterson and Kevin O'Leary."" #cdnpoli",,,,9,90,173,5,2026-05-11T10:18:30Z,NA,NA,NA,,,,,
at://did:plc:4ownlsrdmnvwgzmcdi2bof6s/app.bsky.feed.post/3mll24xobus2d,bafyreihzcbhz67avculfxsqmsai5tf3quunhwmraokoemif3qhbznqsfie,peipolitical.bsky.social,PEIPolitical 🇨🇦,"PM Carney: ""Those whose politics is to destroy, to demolish, dismantle, they're not going to change their instincts. This is, in many respects, this is their moment. We can't match them by being timid imitations of them. #cdnpoli",,,,10,124,305,14,2026-05-11T10:15:16Z,NA,NA,NA,,,,,
at://did:plc:4ownlsrdmnvwgzmcdi2bof6s/app.bsky.feed.post/3mlkzwd7vzk2d,bafyreidk256lguhjczuwmc7qidnemxedfmxqcu3of5kt6vf4dasaurxxoi,peipolitical.bsky.social,PEIPolitical 🇨🇦,"Canada’s booze bans led to 63 per cent fall in exports: U.S. industry body. #cdnpoli 
globalnews.ca/news/1183714...",,,,7,21,76,1,2026-05-11T10:11:35Z,NA,NA,NA,,,,,
at://did:plc:kqqydztpv6lrkmynvlo7zsru/app.bsky.feed.post/3mlkzusexes2q,bafyreiak4rkl7gpy4cucoe3iv56rerf2ayagr5nqj7ocuzhaxn5fbvqgha,kaicable.bsky.social,"Kai, a very old GenX 🇨🇦","Excellent policy start.

BAN Airbnb from non-primary residences.

#bcpoli #abpoli #nbpoli #onpoli #cdnpoli #canada #realestate

thinkpol.ca/2026/03/25/b...",,,,0,8,13,0,2026-05-11T10:10:45Z,NA,NA,NA,,,,,
at://did:plc:ypbo2mq6dqcct43gt2sam6el/app.bsky.feed.post/3mlkzhpjhpd2q,bafyreigxy3j64clqa3b6cmwfwce5dg3ejbbhkki5m3y2rtzp4hn2rebkpe,ipolitics.bsky.social,iPolitics,"Solomon, Robertson hit the stage at Vancouver tech summit #cdnpoli #ipolitics",,,,0,0,0,0,2026-05-11T10:03:23Z,NA,NA,NA,,,,,
at://did:plc:abt5tpb7lqr7vopkrkwfswwq/app.bsky.feed.post/3mlkzei4wau2p,bafyreicikkbg5zftauxdqkftoo2hy4eegtowv3lylhjrh42t57ny7p3lly,canadareport.org,Canada Report,"Congrès préélectoral de Québec solidaire | Ruba Ghazal veut une plateforme « crédible »

Canada’s fastest news scan: 25+ headlines, no clutter, updated all day: CanadaReport.org

#cdnpoli #Canada #News 
Read Original Article 🔗",,,,0,0,0,0,2026-05-11T10:01:34Z,NA,NA,NA,,,,,
at://did:plc:q53ibv7ujf27tbhk7ar76tfz/app.bsky.feed.post/3mlkyz3hgfc2p,bafyreidbxejljau5tumgqlmr7oyeicxqbnzukkqzybqv7iuocbm7lpunhi,marc55.bsky.social,Marc 🍁,"David Akin fail for not going: ""What the fuck are you even talking about?"" 
#ableg #cdnpoli",,,,3,6,16,0,2026-05-11T09:55:13Z,NA,NA,at://did:plc:4euncr44a5aflpbcbjhvjvdo/app.bsky.feed.post/3mlja47wu552c,,,,,
at://did:plc:ypbo2mq6dqcct43gt2sam6el/app.bsky.feed.post/3mlkyhg6nma22,bafyreif6l5hrmjzbxnx4hrp773r6eh6pbqf3dkp23q2uom7ze5dgzcbmhu,ipolitics.bsky.social,iPolitics,Liberal MP Erskine-Smith loses nomination battle for Ontario provincial byelection #cdnpoli #ipolitics,,,,0,0,0,0,2026-05-11T09:45:19Z,NA,NA,NA,,,,,
at://did:plc:ypbo2mq6dqcct43gt2sam6el/app.bsky.feed.post/3mlky6zulzf2y,bafyreidf4dowayxxz7ic562je3qhh5oralxbtw4d4y3yt5dsgysxlruuji,ipolitics.bsky.social,iPolitics,Bill to help authorities probe online activities raises widespread privacy fears #cdnpoli #ipolitics,,,,1,0,0,0,2026-05-11T09:40:38Z,NA,NA,NA,,,,,
at://did:plc:e2pdzlrs3z23vjmizjuvk4vv/app.bsky.feed.post/3mlky2i4dsk2n,bafyreia7he6vrp3qctaujyf3tcahgizaqrju32eoinwyli25qx7kcaqeie,josemachismo.bsky.social,José Machismo 🇨🇦🇪🇸🤘,"I can’t imagine that it’s easy to type with Donald Trump’s cock in your mouth, so kudos to Conrad Black, I guess.

#cnpoli #cdnpoli",,,,1,0,2,0,2026-05-11T09:38:05Z,NA,NA,NA,,,,,
at://did:plc:abt5tpb7lqr7vopkrkwfswwq/app.bsky.feed.post/3mlkxoqyvhz2p,bafyreihwtl4bzp4gnifycavnro32swpdtfpdld6ywye55mg2riprttmuya,canadareport.org,Canada Report,"Goliath Resources Strengthens Its Advisory Board With The Addition Of Alan Edwards

Canada’s fastest news scan: 25+ headlines, no clutter, updated all day: CanadaReport.org

#cdnpoli #Canada #News #Business #Economy 
Read Original Article 🔗",,,,0,0,0,0,2026-05-11T09:31:32Z,NA,NA,NA,,,,,
at://did:plc:q53ibv7ujf27tbhk7ar76tfz/app.bsky.feed.post/3mlkwnyijoc2p,bafyreig76ky2642pfq346u3larel5kjpx5k6pxrd4v3kozxerq74nooqum,marc55.bsky.social,Marc 🍁,"Conservatives. Just can't stop the Trudeau hatred.

What a sad, sad group.
#cdnpoli",,,,1,0,4,0,2026-05-11T09:13:13Z,NA,NA,NA,,,,,
at://did:plc:q53ibv7ujf27tbhk7ar76tfz/app.bsky.feed.post/3mlkwb4wk7s2p,bafyreieomeljklggkmhsppk7wd3aaeb3toherboxodutzcnvdp4h3wo3aa,marc55.bsky.social,Marc 🍁,"Houston is now blaming Trudeau as well.

Wholey Hannah.
#cdnpoli",,,,1,0,3,0,2026-05-11T09:06:04Z,NA,NA,NA,,,,,
at://did:plc:r64wzjtkimyq4vkiddzuu6no/app.bsky.feed.post/3mlkw3e54q22z,bafyreict5a43n2klksome7mtf6uhixayeeyvxehal3rvw6abtfnho2r2iq,bcwildfirewkly.bsky.social,BC Wildfire Weekly - Wildfires + More,"“Hantavirus: what happens to cruise ship passengers now and will they quarantine?” www.theguardian.com/world/2026/m... - @theguardian.com 

#AusPol #CDNPoli #France #Germany #Greece #Hantavirus #India #MVHondius #Philippines #Spain #Tenerife #TheNetherlands #UKPoli #USPoli",,,,0,3,6,1,2026-05-11T09:02:49Z,NA,NA,NA,,,,,
at://did:plc:abt5tpb7lqr7vopkrkwfswwq/app.bsky.feed.post/3mlkvz4aubg2j,bafyreicsqnjguoueq24uc5dg5ecpqauai3qtwb5cfmdmwtnnxnyc5cs7je,canadareport.org,Canada Report,"Closing the loop: How Mastercard is building for agentic commerce

Canada’s fastest news scan: 25+ headlines, no clutter, updated all day: CanadaReport.org

#cdnpoli #Canada #News #Tech #AI 
Read Original Article 🔗",,,,0,0,0,0,2026-05-11T09:01:31Z,NA,NA,NA,,,,,
at://did:plc:h2spa3l463coxycuy6iiov2l/app.bsky.feed.post/3mlkvtziakc2d,bafyreiaf67gs5txblgjbvmb3tn7hthh2656imvjzhqv3rhz6q65oqhy73y,shewandersferal.bsky.social,Allison Moon 🌙  🍁,"Meanwhile:
#WhiteHouse-bankrolled #seditionist #GOPwannabe weirdos like #DonbasDanielle & #PierrePoiLIEvre are pushing #StatesRights! #FreeDumbs in #Canadian provinces…

🍁 #CANpoli 🍁 #CDNpoli 🍁  #CanadaSky 🌌 #Murica 🇺🇸",,,,0,0,0,0,2026-05-11T08:58:45Z,at://did:plc:vpfavbhwv4okwh6ydgp5uxf6/app.bsky.feed.post/3mlk4gtiync2a,at://did:plc:vpfavbhwv4okwh6ydgp5uxf6/app.bsky.feed.post/3mlk2gwt3sk2a,NA,,,,,
at://did:plc:abt5tpb7lqr7vopkrkwfswwq/app.bsky.feed.post/3mlkud6u4dg2k,bafyreia7nssuqbf5cac3rs2h3gu5qq5dx5nswuiqasuhvfixwfunvrlyse,canadareport.org,Canada Report,"Bessent’s Unprecedented Grasp on Japanese Policy Tests Takaichi

Canada’s fastest news scan: 25+ headlines, no clutter, updated all day: CanadaReport.org

#cdnpoli #Canada #News #Business #Economy 
Read Original Article 🔗",,,,0,0,0,0,2026-05-11T08:31:23Z,NA,NA,NA,,,,,
at://did:plc:6vh4wzz3v5dqizbpmppvyatk/app.bsky.feed.post/3mlku5wf22s2z,bafyreifci6zlhvp7o2apbbedym7mjsnulaugnrhfgfatyqb2gwfjyvr2h4,totemsunrise.bsky.social,totemsunrise,"“A Maple Ridge, B.C., food bank says it is being forced to make difficult choices as demand reaches record levels and donations continue to decline.” www.cbc.ca/news/canada/... - CBC British Columbia 

#BCPoli #CDNPoli #CostOfLiving #FoodInsecurity #FoodSecurity",,,,0,1,1,0,2026-05-11T08:28:26Z,NA,NA,NA,,,,,
at://did:plc:r64wzjtkimyq4vkiddzuu6no/app.bsky.feed.post/3mlktugywv22z,bafyreifrgprlhbfeanqfc2kjfoltplgsdernxurtdbmzc5zkv6bt7gmdkq,bcwildfirewkly.bsky.social,BC Wildfire Weekly - Wildfires + More,"VICTORIA, BRITISH COLUMBIA: “Canadians from ship at centre of hantavirus outbreak land in Victoria” www.cbc.ca/news/canada/... - CBC British Columbia 

#BCPoli #CDNPoli #Hantavirus #MVHondius #VictoriaBC #YYJ",,,,0,0,1,0,2026-05-11T08:23:09Z,NA,NA,NA,,,,,
at://did:plc:ig6dnt4tqgg7iwwtywx3bkvd/app.bsky.feed.post/3mlktizo7ek23,bafyreicnsh3edmhmhaubuhttbg5ky53kviinczd7z5mu5dn5jz7wq5v2qq,robduncan.bsky.social,Rob Duncan,#auspol #USPOL #USA #us #uspoli #poli #politics #cdnpoli #canada #MeidasMighty #communityovercapitalizm #america #history #anticapitalism #anticapitalist #capitalismkills #killCapitalism #capitalism #abolishcapitalism #fuckcapitalism #SocialJustice #ethics #ClassConsciousness #FalseConsciousness,,,,0,2,11,0,2026-05-11T08:16:58Z,NA,NA,NA,,,,,
at://did:plc:abt5tpb7lqr7vopkrkwfswwq/app.bsky.feed.post/3mlksnz4ipg2z,bafyreiasvq3lms4jukkib537rornmkmg3w7w5rypcjmn2cerlydubqg5ty,canadareport.org,Canada Report,"Logement  | Québec solidaire veut augmenter les sanctions contre les propriétaires abusifs

Canada’s fastest news scan: 25+ headlines, no clutter, updated all day: CanadaReport.org

#cdnpoli #Canada #News 
Read Original Article 🔗",,,,0,0,0,0,2026-05-11T08:01:38Z,NA,NA,NA,,,,,
at://did:plc:abt5tpb7lqr7vopkrkwfswwq/app.bsky.feed.post/3mlkqy32rqc2k,bafyreianpxnspbot5uchskpcaijdwk7qnl72vmp3lkiuluag4255oq46q4,canadareport.org,Canada Report,"RBI Should Dial Back Rupee Intervention, Former Governor Says

Canada’s fastest news scan: 25+ headlines, no clutter, updated all day: CanadaReport.org

#cdnpoli #Canada #News #Business #Economy 
Read Original Article 🔗",,,,0,0,0,0,2026-05-11T07:31:28Z,NA,NA,NA,,,,,
at://did:plc:bwnpn6d4ewofwpy56xooo3kb/app.bsky.feed.post/3mlkqip7msc2i,bafyreifhirtzvofxeyklfqjts432bbe3564lq4hwebv7crc34ofibvmndy,stevev68.bsky.social,Steve Valeriote,"Right wing loons:  ""The left wing scientists are manufacturing another virus shutdown and this time we're not going to take it""

Scientists: ""This isn't another COVID pandemic, this virus doesn't spread easily, remain calm"".

The anti-vax crowd are broken souls. 

#uspoli #cdnpoli",,,,0,1,6,1,2026-05-11T07:22:52Z,NA,NA,NA,,,,,
at://did:plc:abt5tpb7lqr7vopkrkwfswwq/app.bsky.feed.post/3mlkpcoaoy32p,bafyreieeyjan7nmms3idedbrnoex2byqfqav4uwwdysk2uuk6hn2f4hqre,canadareport.org,Canada Report,"Dossier santé numérique | Une première fin de semaine sans problème majeur

Canada’s fastest news scan: 25+ headlines, no clutter, updated all day: CanadaReport.org

#cdnpoli #Canada #News 
Read Original Article 🔗",,,,0,0,0,0,2026-05-11T07:01:36Z,NA,NA,NA,,,,,
at://did:plc:jucq2h6357pkybesaib7422z/app.bsky.feed.post/3mlknwws3ys26,bafyreiaslh2y6hev7heangvkwpsqc7ekcs6ko7lpu7unef45cfnyc26w4a,jocalynclark.bsky.social,Jocalyn Clark,#MedicalJournals #GlobalHealth #Migration #HealthPolicy #Canada #cdnpoli,,,,0,0,0,0,2026-05-11T06:37:28Z,at://did:plc:jucq2h6357pkybesaib7422z/app.bsky.feed.post/3mlknww6jzk26,at://did:plc:jucq2h6357pkybesaib7422z/app.bsky.feed.post/3mlknwp6g5k26,NA,,,,,
at://did:plc:abt5tpb7lqr7vopkrkwfswwq/app.bsky.feed.post/3mlknmj42gb2k,bafyreiay76h3m7oo7jsdpyxtgl4lbd3uji2zln5ez2wrmtovptrl7jsebe,canadareport.org,Canada Report,"Race for Critical Minerals Leaves EU Struggling to Keep Up

Canada’s fastest news scan: 25+ headlines, no clutter, updated all day: CanadaReport.org

#cdnpoli #Canada #News #Business #Economy 
Read Original Article 🔗",,,,0,0,0,0,2026-05-11T06:31:19Z,NA,NA,NA,,,,,
at://did:plc:enxqwi3p34i4etwwd4vgz3xy/app.bsky.feed.post/3mlkn3fvcjh2j,bafyreiclotttppzida3kgu6geyz7cpftlygchio6si3rab456exwwem3v4,sheenasharp.bsky.social,Sheena Sharp,"But not climate policy. If the NDP had forced PR, we would not be having this discussion. Illusions of grandeur at our expense. #cdnpoli",,,,1,0,4,0,2026-05-11T06:21:45Z,NA,NA,at://did:plc:jeuzjfwsgn62xfoe7qo4jul5/app.bsky.feed.post/3mlheyn2qrk2b,,,,,
at://did:plc:x2fori67bggzcj2a6c7sj6ur/app.bsky.feed.post/3mlkmbn4ufc2w,bafyreial2dxt2rhol3w2lbd4247rrtlrcdo2mkm6gos6zvqopxm2ez63uy,jimmydp01.bsky.social,J Payne,"Canada show your generosity and  ❤️ 

#Elbowsup for the great People of Gaza Palestine who are facing the unfathomable and could use a hand up by supporting this very important initiative;

#Gaza #Palestine 
#Cdnpoli #BCPoli

www.gofundme.com/f/support-be...",,,,0,0,0,0,2026-05-11T06:08:01Z,NA,NA,NA,,,,,
at://did:plc:abt5tpb7lqr7vopkrkwfswwq/app.bsky.feed.post/3mlklxc2ryr2d,bafyreigzy4ea3t75hrrfuhexifjg2tozt3sspap7bau3dpxk4v4eb6ufnq,canadareport.org,Canada Report,"Hantavirus à bord du MV Hondius | Les derniers passagers canadiens sont rentrés au pays

Canada’s fastest news scan: 25+ headlines, no clutter, updated all day: CanadaReport.org

#cdnpoli #Canada #News 
Read Original Article 🔗",,,,0,0,0,0,2026-05-11T06:01:33Z,NA,NA,NA,,,,,
at://did:plc:mwagtmvsxuqlgte5iqk3fndm/app.bsky.feed.post/3mlklhavdd22p,bafyreidwjrglqigr252x4ps2usk3j2v76agv3b34fil3uoeixnlel2cbl4,lalegault.bsky.social,LA Legault ⚜️🤌🏻,"« Canada must pass Bill S-2 as amended by the Senate without further delay. By removing the second-generation cut-off rule, also known as the ‘disappearing Indian formula,’ it ensures there isn’t a legislative extinction date for each First Nation. » #polcan #cdnpoli",,,,1,11,28,0,2026-05-11T05:52:35Z,NA,NA,at://did:plc:b3nlsopwvdn246ccpxctzsw4/app.bsky.feed.post/3mljr3i2inu2e,,,,,
at://did:plc:x7zfdc4ikywihvwin76a6toa/app.bsky.feed.post/3mlkl7qb4mq52,bafyreigpdmpzpk6vgowwlapbj6vliyga4oyhgllvo2vdmgxw65vzvm2ega,marius-gs.mastodon.social.ap.brid.gy,Marius Fortuna_3,"https://youtube.com/shorts/HdwCjmsyz64

#Canada #MeidasCanada #LouiseArbour #Cdnpoli",,,,0,0,0,0,2026-05-11T05:48:24Z,NA,NA,NA,,,,,
at://did:plc:ig6dnt4tqgg7iwwtywx3bkvd/app.bsky.feed.post/3mlkkvt775k2g,bafyreiey5nx2w2pjqdb23dlkhg5mwz5tsi4w4kzfcwq6ozr744hitn4q5m,robduncan.bsky.social,Rob Duncan,#auspol #USPOL #USA #us #uspoli #poli #politics #cdnpoli #canada #MeidasMighty #america #communityovercapitalizm #history #Ethics #SocialJustice #LongerTables #DemocraticSocialist #Ecosocialism #Socialist #socialism #LeftIsBest #ClassConsciousness #FalseConsciousness #abolishcapitalism #HumanRights,,,,0,1,7,0,2026-05-11T05:42:59Z,NA,NA,NA,,,,,
at://did:plc:ig6dnt4tqgg7iwwtywx3bkvd/app.bsky.feed.post/3mlkkckesak2g,bafyreiduiz55eci25pdhqprg35esjw7kbs5f2jcjtosvyhmwgyjlqw5hp4,robduncan.bsky.social,Rob Duncan,"NEVER DESERT THE DREAM OF A BETTER WORLD

#auspol #USPOL #USA #us #uspoli #poli #politics #cdnpoli #canada #MeidasMighty #america #SocialJustice #LongerTables #DemocraticSocialist #Ecosocialism #Socialist #socialism #LeftIsBest #ClassConsciousness #FalseConsciousness #abolishcapitalism #HumanRights",,,,0,1,2,0,2026-05-11T05:32:07Z,NA,NA,NA,,,,,
at://did:plc:abt5tpb7lqr7vopkrkwfswwq/app.bsky.feed.post/3mlkkbcrmhh22,bafyreigo5cnlrkp5xgov23ujcu6mbtun5emx46uz4y4efl45f2vxvcnjem,canadareport.org,Canada Report,"Australia’s Budget May Lead to Lower Bond Supply, Analysts Say

Canada’s fastest news scan: 25+ headlines, no clutter, updated all day: CanadaReport.org

#cdnpoli #Canada #News #Business #Economy 
Read Original Article 🔗",,,,0,0,0,0,2026-05-11T05:31:22Z,NA,NA,NA,,,,,
at://did:plc:ma5n7cq5oubn424zpxipovbg/app.bsky.feed.post/3mlkjnyzkcs2u,bafyreiei27orofcblnyyesjrmuk7tl5j3apxogzybxx4fs7qw4mboyojci,marushka-t.bsky.social,Marushka-T,#ABpoli #cdnpoli #canadasky #Alberta #separatism #foreigninterference,,,,0,0,0,0,2026-05-11T05:20:57Z,NA,NA,at://did:plc:xl3w4e5jxslqeaglaqit2ql3/app.bsky.feed.post/3mljeatyvs22s,,,,,
at://did:plc:ig6dnt4tqgg7iwwtywx3bkvd/app.bsky.feed.post/3mlkjkzfz222g,bafyreigptkgoule3sgnjhvivxbdmxzaaw23rtynaxzg6o3c4fvwvrkv72a,robduncan.bsky.social,Rob Duncan,#pedopresident #Pedogarchy #Pedophocracy #25thAmendment #TraitorTrump #USPOL #USA #us #uspoli #poli #politics #cdnpoli #canada #auspol #MeidasMighty #america #history #RemoveTrump #DonaldTrump #Trump #TRUMP #FuckTrump #antifa #AntiTrump #fascistfelon #FightOligarchy #DefundBillionaires #TrumPedo,,,,0,2,5,0,2026-05-11T05:18:57Z,NA,NA,NA,,,,,
at://did:plc:ig6dnt4tqgg7iwwtywx3bkvd/app.bsky.feed.post/3mlkjh44mb22g,bafyreidhadgpptiw6amdyl2b4qeygy5vhdb2gjmw7x3uv24jkjts5ub4ta,robduncan.bsky.social,Rob Duncan,#pedopresident #Pedogarchy #Pedophocracy #25thAmendment #TraitorTrump #USPOL #USA #us #uspoli #poli #politics #cdnpoli #canada #auspol #MeidasMighty #america #history #RemoveTrump #DonaldTrump #Trump #TRUMP #FuckTrump #antifa #AntiTrump #fascistfelon #FightOligarchy #DefundBillionaires #TrumPedo,,,,0,9,23,0,2026-05-11T05:16:47Z,NA,NA,NA,,,,,
at://did:plc:ig6dnt4tqgg7iwwtywx3bkvd/app.bsky.feed.post/3mlkjezdbq22g,bafyreifxhstsm6lztiqcingjdc2y7qsixtzdi352slpj6bjknmaalfztbu,robduncan.bsky.social,Rob Duncan,#auspol #USPOL #USA #us #uspoli #poli #politics #cdnpoli #canada #MeidasMighty #america #communityovercapitalizm #history #Ethics #SocialJustice #LongerTables #DemocraticSocialist #Ecosocialism #Socialist #socialism #LeftIsBest #ClassConsciousness #FalseConsciousness #abolishcapitalism #HumanRights,,,,0,5,7,0,2026-05-11T05:15:36Z,NA,NA,NA,,,,,
at://did:plc:x2ge66dlb4pw7ssk2lhte536/app.bsky.feed.post/3mlkiynrumk26,bafyreiccx4ndqbsw2unjg743d6jnv5vgjxfym3imal6un5lrulyykyxrde,saskboy.bsky.social,Saskboy from Saskatchewan,"x.com/i/status/205... there are signs Carney is worse than Harper.

#cdnpoli",,,,0,0,0,0,2026-05-11T05:08:39Z,at://did:plc:ny5w2k6brb2kdubxnevke6li/app.bsky.feed.post/3mlezvtqko222,at://did:plc:ny5w2k6brb2kdubxnevke6li/app.bsky.feed.post/3mlezvtqko222,NA,,,,,
at://did:plc:abt5tpb7lqr7vopkrkwfswwq/app.bsky.feed.post/3mlkilt5t5b27,bafyreig3j5lilwx3yiviw2yvd2zgdhl56vlzlwr2a5u5fmour2begkuki4,canadareport.org,Canada Report,"Former defence minister Harjit Sajjan’s new startup lays groundwork for public listing

Canada’s fastest news scan: 25+ headlines, no clutter, updated all day: CanadaReport.org

#cdnpoli #Canada #News #Tech #AI 
Read Original Article 🔗",,,,0,0,1,0,2026-05-11T05:01:27Z,NA,NA,NA,,,,,
at://did:plc:k5zp2oxoeyf7fsvj2ijmcbve/app.bsky.feed.post/3mlkh77jwfs2r,bafyreiekt4kra4fqswxff3kufomjowyujnkvaccvbgalmrcbdwtsgi4qem,laurenshirleyj.bsky.social,LaurenSJ,"""They will be screened and assessed by local public health officials and transported directly to safe, pre-arranged lodgings, where they will begin an initial 21-day self-isolation period under daily monitoring. Isolation period may be extended to up to 42 days if required.” #cdnpoli",,,,0,1,2,1,2026-05-11T04:36:32Z,NA,NA,NA,,,,,
at://did:plc:b7yl72cikfforgnt2lxh2zbr/app.bsky.feed.post/3mlkh4hcgts2k,bafyreic2r47gh6o2on4lhebqb7rbbkkl3sfrzuzix6f5bbcgfqlerkgvna,ijustwant2bfree.bsky.social,NA,"""There's your problem...""

Now how we get serious about stopping the flow of smuggled firearms into Canada, and get rid of the expensive and useless ""assault-style firearms"" gun grab and the equally pointless ""handgun freeze"".
#cdnnews #cdnpoli #GunGrab #ScrapTheBan #firearms #SportShooting",,,,0,0,0,0,2026-05-11T04:34:59Z,NA,NA,NA,,,,,
at://did:plc:abt5tpb7lqr7vopkrkwfswwq/app.bsky.feed.post/3mlkgwfkl4d2k,bafyreieu4lvz36k324pdxuedemnfalshe7snhwcq2ydrrydszxbs5x4y7q,canadareport.org,Canada Report,"Philippine Peso Falling Trajectory Defies Rate Hike Expectations

Canada’s fastest news scan: 25+ headlines, no clutter, updated all day: CanadaReport.org

#cdnpoli #Canada #News #Business #Economy 
Read Original Article 🔗",,,,0,0,0,0,2026-05-11T04:31:34Z,NA,NA,NA,,,,,
at://did:plc:k5zp2oxoeyf7fsvj2ijmcbve/app.bsky.feed.post/3mlkgi3vmo22r,bafyreigyzjwrkvzvsu2nfgdrlhk3ls35l3woze4eqm2qqz4oimuzaashma,laurenshirleyj.bsky.social,LaurenSJ,"“Eastern European organized crime has certainly been involved, and this isn’t just a big city problem, it’s happening straight across the country,” says CTV News crime specialist, Mark Mendelson.  #cdnpoli",,,,0,2,0,0,2026-05-11T04:23:36Z,NA,NA,NA,,,,,
at://did:plc:upeoyam5mpawsxn22wmxezfk/app.bsky.feed.post/3mlkfu4qlls2w,bafyreifksirixac75m5hk4afilpbtkyq2mdq3g6lyrcwx76olyjh5lxwui,catalystmeow.bsky.social,Cat Alyst 🇨🇦 (they/she),"#CdnPoli #USDemocracy #MomSky

The Trump administration sits in 3rd place in an Abacus Data poll (abacusdata.ca/canadian-pol...).

2,478 Canadians were polled between April 30 and May 5. The margin of error is ±2%.

“What are the 3 most important issues facing Canada today? Please select 3 issues.”",,,,3,23,39,0,2026-05-11T04:12:26Z,NA,NA,NA,,,,,
at://did:plc:abt5tpb7lqr7vopkrkwfswwq/app.bsky.feed.post/3mlkfahzl5b2t,bafyreiawidxtkvrwlicxegbeg3ef4jlhnlitajsjaqem7rjaildfpe3cnm,canadareport.org,Canada Report,"Women’s Equity Lab Manitoba closes Fund 3 at $300,000

Canada’s fastest news scan: 25+ headlines, no clutter, updated all day: CanadaReport.org

#cdnpoli #Canada #News #Tech #AI 
Read Original Article 🔗",,,,0,0,0,0,2026-05-11T04:01:25Z,NA,NA,NA,,,,,
at://did:plc:ifi6xqgbojwquosnkvzx3gna/app.bsky.feed.post/3mlkejopinc23,bafyreide3coj4s7gbbxdt343yvbfd7shc6h67r7afclqbhrbwksw22rzqi,leftcoasttreefrog.bsky.social,Left Coast Tree Frog 🕊️,"Gaza documentary dropped by the BBC wins BAFTA.
A documentary exposing Israel’s attacks on Gaza’s hospitals and the killing of 1,700 Palestinian medics won Best Current Affairs at the BAFTAs. 
#cdnpoli 
www.aljazeera.com/video/newsfe...",,,,1,28,69,1,2026-05-11T03:48:41Z,NA,NA,NA,,,,,
at://did:plc:f5jnbpzq6a67rf2m3s3gu64l/app.bsky.feed.post/3mlkehhbcgs2f,bafyreidjwtypcutv7ug5xqsxivvqvbwj7zh3pjnupq4cgkpszs4erd6cvu,ericdoherty.bsky.social,Eric Doherty,"Trump has declared war on bike and roll lanes, as the obedient (if rather erratic) servant of Big Oil. Of course Timbit Trumpers like Premiers Smith and Ford are following along 🤦🤷 #abpoli #onpoli #cdnpoli #urbantruth",,,,0,7,19,0,2026-05-11T03:47:31Z,NA,NA,NA,,,,,
at://did:plc:4xqt7t2zph634drigtdxdmro/app.bsky.feed.post/3mlkeamc5wc25,bafyreihqwf5bnr3nti6dkpalhfxaicbfmzhrrkuzriylc7diffpeofjqly,journodale.bsky.social,Dale Smith,"For the late/west coast crowd, my Loonie Politics column: Jason Kenney wants the rest of Canada to clean up his mess #cdnpoli",,,,0,3,8,0,2026-05-11T03:43:36Z,NA,NA,NA,,,,,
at://did:plc:lbc6ml2rcnug65zsmapj7pkh/app.bsky.feed.post/3mlkdv43nv22m,bafyreib3dselqugr55kmkxmjxyc6chvicksvmakb2mici5kpfwd6b7xdmu,ntrnchck.bsky.social,Ntrn Chck,"""In paleo-climate terms, New Orleans is gone; the question is how long it has""

I don't know how science can be any clearer, and we keep delaying real climate action

#climate #environment #cdnpoli",,,,0,2,2,0,2026-05-11T03:37:10Z,NA,NA,at://did:plc:ny5w2k6brb2kdubxnevke6li/app.bsky.feed.post/3mlkbfcp7xk2x,,,,,
at://did:plc:upeoyam5mpawsxn22wmxezfk/app.bsky.feed.post/3mlkdljnd772d,bafyreidwjnacebzeecb4rako3hlh5o7qfi2n2gnla6y6nlow4tolvfieee,catalystmeow.bsky.social,Cat Alyst 🇨🇦 (they/she),"“If Canada and the United States reach a new trade agreement, how confident are you that the Trump administration will actually live by the terms of the deal?”

🇨🇦:

9% Very confident
17% Somewhat confident
28% Not very confident
38% Not confident at all
8% Not sure

#CdnPoli #USDemocracy #MomSky",,,,14,35,59,1,2026-05-11T03:31:50Z,NA,NA,NA,,,,,
at://did:plc:abt5tpb7lqr7vopkrkwfswwq/app.bsky.feed.post/3mlkdkon6r427,bafyreiaribwig34cijxcl5smot6vhknhkzrtxbykkf4n24ps7wka5iejaq,canadareport.org,Canada Report,"British Businesses Turning to Temporary Staff to Cope With Volatility

Canada’s fastest news scan: 25+ headlines, no clutter, updated all day: CanadaReport.org

#cdnpoli #Canada #News #Business #Economy 
Read Original Article 🔗",,,,0,0,0,0,2026-05-11T03:31:20Z,NA,NA,NA,,,,,
at://did:plc:jeuzjfwsgn62xfoe7qo4jul5/app.bsky.feed.post/3mlkcxm67o22b,bafyreidgkic2l7ptidy6xlbiq3ysc5p4cr72b7gaiaa53tdhphpe5dm6yi,bigclimate.bsky.social,Bentley ****TALK CLIMATE****,#MarkCarney #cdnpoli #AviLewis #ClimateChange bsky.app/profile/bigc...,,,,1,1,6,0,2026-05-11T03:20:42Z,at://did:plc:jeuzjfwsgn62xfoe7qo4jul5/app.bsky.feed.post/3mlhgt5sfds2b,at://did:plc:jeuzjfwsgn62xfoe7qo4jul5/app.bsky.feed.post/3mlheyn2qrk2b,at://did:plc:jeuzjfwsgn62xfoe7qo4jul5/app.bsky.feed.post/3mla2ptqffk2w,,,,,
at://did:plc:2jfr7qhenekca6f6qtjgwdr4/app.bsky.feed.post/3mlkcfhonp22j,bafyreibsdpuienp2rfmszdtz3fwlugwtmyfhsla5wzjhtied7qlpunbhqi,calgaryclimatehub.ca,Calgary Climate Hub,#ClimateAction #EnergyTransition #ClimateChange #yyc #yyccc #abpoli #cdnpoli bsky.app/profile/calg...,,,,0,3,0,0,2026-05-11T03:10:31Z,at://did:plc:2jfr7qhenekca6f6qtjgwdr4/app.bsky.feed.post/3mljqri6qy22m,at://did:plc:2jfr7qhenekca6f6qtjgwdr4/app.bsky.feed.post/3mljqri6qy22m,at://did:plc:2jfr7qhenekca6f6qtjgwdr4/app.bsky.feed.post/3mljc75nlak2k,,,,,
at://did:plc:ig6dnt4tqgg7iwwtywx3bkvd/app.bsky.feed.post/3mlkbypqhd223,bafyreiglr33luhq3v3m3gagpl3yrek5gro6ry3tfofwud3nr4nwytmmbwm,robduncan.bsky.social,Rob Duncan,#pedopresident #Pedogarchy #Pedophocracy #25thAmendment #TraitorTrump #USPOL #USA #us #uspoli #poli #politics #cdnpoli #canada #auspol #MeidasMighty #america #history #RemoveTrump #DonaldTrump #Trump #TRUMP #FuckTrump #antifa #AntiTrump #fascistfelon #FightOligarchy #DefundBillionaires #TrumPedo,,,,0,4,12,0,2026-05-11T03:03:32Z,NA,NA,NA,,,,,
at://did:plc:abt5tpb7lqr7vopkrkwfswwq/app.bsky.feed.post/3mlkbvgsn552p,bafyreicns352idzaicagivi6gbqnsqjm2rkgqd5vlylcnwhzhkzjlfwa4q,canadareport.org,Canada Report,"Fin de l’année scolaire | Alloprof mise sur TikTok et YouTube

Canada’s fastest news scan: 25+ headlines, no clutter, updated all day: CanadaReport.org

#cdnpoli #Canada #News 
Read Original Article 🔗",,,,0,0,0,0,2026-05-11T03:01:33Z,NA,NA,NA,,,,,
at://did:plc:eaeuyrvdlqvjgznelgcdimct/app.bsky.feed.post/3mlkbrpmeic2y,bafyreihgbahwgltdzqlxt6oixpj2zqvsphchy4owrpvq6s3g37xc65hxfu,madhat59kenwood.bsky.social,Ken Wood part owner of 🇨🇦,"A very good read. Alarming just how hurtful, racist and ignorant the residential school deniers are IMO. Worth the time folks informative #cdnpoli #bcpoli 🪶 👇",,,,0,2,2,0,2026-05-11T02:59:27Z,NA,NA,at://did:plc:tm7uvmb263f5xymsvximzn4g/app.bsky.feed.post/3mldvlltupk22,,,,,
at://did:plc:ixhsi4sic6ffucq4j6wqgesu/app.bsky.feed.post/3mlkbd2yywc2i,bafyreiaw3zpoedz4yvn3ucx64gaskhiqfj755venruhv3j3ztx2ky5tcry,mckay.pub,Andy McKay 🇨🇦,"The proper responses to the Iran war is of course, to double down on green energy as fast as possible.

But you won’t hear that much from Canadian politicians who just want to build pipelines.

www.theguardian.com/environment/...

#cdnpoli",,,,0,3,7,0,2026-05-11T02:51:20Z,NA,NA,NA,,,,,
at://did:plc:opuhw6d5egejzaog7p5wa6ez/app.bsky.feed.post/3mlkal2lpis2y,bafyreieli3nuflbhrznoe26mcydqnsjkxtjib33fe4hfuefy2kdx4tfwvi,yeguablancaa.bsky.social,Mercedes Lenz,"My animosity cannot be politely expressed,but it's towards a particular political class. Not seeing my American friends and cousins and everything good about the US ever again is collateral damage. The other thing is feeling these wolves breathing down our own necks. We must take a stand #cdnpoli",,,,0,0,0,0,2026-05-11T02:37:52Z,at://did:plc:o5wlr3gi4tz23ake7ef23ejs/app.bsky.feed.post/3mlikododis2q,at://did:plc:o5wlr3gi4tz23ake7ef23ejs/app.bsky.feed.post/3mlikododis2q,NA,,,,,
at://did:plc:abt5tpb7lqr7vopkrkwfswwq/app.bsky.feed.post/3mlka7nxisw2t,bafyreic4iaom4q2e3fg3vi5ratt7jjkgloknzcfs632eiorlezmckp5ws4,canadareport.org,Canada Report,"EMGA arranges US$ 25M debt finance for Vietnam’s EVF

Canada’s fastest news scan: 25+ headlines, no clutter, updated all day: CanadaReport.org

#cdnpoli #Canada #News #Business #Economy 
Read Original Article 🔗",,,,0,0,0,0,2026-05-11T02:31:29Z,NA,NA,NA,,,,,
at://did:plc:f3fugbaf3nzkbqasasceerr4/app.bsky.feed.post/3mlka2h3cx22l,bafyreibyky5qbxh7esb3ksi6v45pj3tpfoaii3zjflxxx4azeoppf7nt5i,factsmtr.bsky.social,Factsmtr,"Smith cited foreign interference risk to get CSIS clearance. Her government cited the RCMP to dismiss that same risk. 

Both can't be true. The PCO approved it anyway. 

Here's the facts:  factsmtr.substack.com/p/the-nation...

#abpoli #alberta #canada #cdnpoli",,,,1,5,6,0,2026-05-11T02:28:37Z,NA,NA,NA,,,,,
at://did:plc:mv6loxcddhj3i6pzfvzicc36/app.bsky.feed.post/3mlk7u7krbs2w,bafyreignkvu5zgduhhkjkgvx3axsdmu52x53iv7iqktcfkpt6uzrvjvw2m,dennisjkoch.bsky.social,"Dennis ""dejay"" Koch","Smith Must End Separation Talk After Data Leak

@ryanjespersen.bsky.social 

A massive data breach exposing the personal information of nearly three million Alberta voters

#abpoli #ableg #YEG #YYC #Alberta #AlbertaUCP #cdnpoli

www.youtube.com/live/JF8_2DQ...",,,,1,4,8,0,2026-05-11T02:25:06Z,NA,NA,NA,,,,,
at://did:plc:h2spa3l463coxycuy6iiov2l/app.bsky.feed.post/3mlk7ns245s2v,bafyreid4xiah353brjq5xmii5rxtr574wzcnphvs7axkyqbchtxuorq6ni,shewandersferal.bsky.social,Allison Moon 🌙  🍁,"we all know, #UCP & #PoilLIEvre #GOPwannabeTories want #Oligarch #fascism for #Canadians

🍁 #CANpoli 🍁 #CDNpoli 🍁
  #CanadaSky 🌌 #Canadiana",,,,0,1,2,0,2026-05-11T02:21:32Z,NA,NA,NA,,,,,
at://did:plc:7lueeglwmok6fmza7rfsnwpw/app.bsky.feed.post/3mlk6vq4a2c2c,bafyreibugdwku2njcycdnmxu4hucmliqro7tvwpk57quhypasxqn7rnvaq,jennyyeremiy.bsky.social,"Jenny Yeremiy, P. Geoph 🪶🌿🇵🇸🇳🇬🇱🇧🇨🇦","👋 Albertans, Canadians, & US states. Watch 👀 an important 60 minutes segment tonight about gerrymandering out minority & progressive votes in Louisiana.

A relinquishing of voter’s rights in the name of “progress” by the State Governor. 🤮 
#VoteThemOut #ForThe99percent #uspoli #abpoli #cdnpoli",,,,0,6,12,0,2026-05-11T02:08:10Z,NA,NA,NA,,,,,
at://did:plc:6cri3nbgdxvfuwdgav73lbce/app.bsky.feed.post/3mlk6mdfm7s2i,bafyreibgbzfrkp3qomqqpgk26wxvggvhijybxsb3sdothc5v6f472csye4,uncoverthenews.bsky.social,UncoverTheNews,"Names. Addresses. Politics. 👀
@trueeager.bsky.social  says Albertans have every reason to be furious about the data breach 🔥
Full Episode -May 8 2026: www.youtube.com/watch?v=qfaF...
#cdnpoli #Alberta #Politics #Privacy #abpoli",,,,0,2,0,0,2026-05-11T02:02:48Z,NA,NA,NA,,,,,
at://did:plc:nojsdi2vbnqidm37brlyfgta/app.bsky.feed.post/3mlk6kef5u22k,bafyreicxfumoqqglo7g2b53yzljc3go4hb43aplu4e2kbuourh6wm2eaju,hipmum29.bsky.social,hipmum29 🇨🇦,"#cdnpoli #AI #TumblerRidge 
Canada MUST legislate AI NOW!!!",,,,0,0,0,0,2026-05-11T02:01:41Z,NA,NA,at://did:plc:tvd5qt6oxfqh7nopgpgydiin/app.bsky.feed.post/3mljry2ki6s2p,,,,,
at://did:plc:abt5tpb7lqr7vopkrkwfswwq/app.bsky.feed.post/3mlk6k6nbb62j,bafyreieh6udm7uqdul2euivniioxgvtswuqf2faert5u54r5g535kvu5yu,canadareport.org,Canada Report,"Un projet de loi visant à aider la police suscite des inquiétudes pour la vie privée

Canada’s fastest news scan: 25+ headlines, no clutter, updated all day: CanadaReport.org

#cdnpoli #Canada #News 
Read Original Article 🔗",,,,0,0,0,0,2026-05-11T02:01:34Z,NA,NA,NA,,,,,
at://did:plc:eaeuyrvdlqvjgznelgcdimct/app.bsky.feed.post/3mlk6b3y7cc2r,bafyreieptwhui3ia7x3yeukcxtef6ifaxy3f5vgr5a5bkyhwy4cv4sw27m,madhat59kenwood.bsky.social,Ken Wood part owner of 🇨🇦,"@slotkin.senate.gov condesending tone as if you or 🇺🇲 are in any position to be providing anything to 🇨🇦. We no longer see 🇺🇲 as an ally. Our biggest threat is your country. Stick to your own failing democracy and leave 🇨🇦 alone. Your thiughts, concerns are not welcome. #cdnpoli #uspoli",,,,0,5,10,0,2026-05-11T01:56:29Z,NA,NA,at://did:plc:oyrohcfwvoxxuwbd6gqnvlxn/app.bsky.feed.post/3mlk57sgyx22n,,,,,
at://did:plc:eaeuyrvdlqvjgznelgcdimct/app.bsky.feed.post/3mlk635mxes2r,bafyreiadidsjwzrer7nac5gt72uk433nkbsctdlhxzos7bri26r2bjiaxi,madhat59kenwood.bsky.social,Ken Wood part owner of 🇨🇦,@slotkin.senate.gov 🇨🇦's are not interested you telling us what to do or whom we should be cautious with. 🇺🇲 is a bigger threat to 🇨🇦 than any other country. Id suggest you spend more time trying to save 🇺🇲 & keep your nose out of 🇨🇦's business #boycottUSA #cdnpoli #uspoli,,,,1,7,16,2,2026-05-11T01:53:09Z,NA,NA,NA,,,,,
at://did:plc:ifi6xqgbojwquosnkvzx3gna/app.bsky.feed.post/3mlk5zdeo5k2p,bafyreieitfmcoxikyszt5udvkuxynldxed27o65zqbhbe7wprs44mhled4,leftcoasttreefrog.bsky.social,Left Coast Tree Frog 🕊️,"‘Americans are literally getting squeezed’: A top economist on why your wages are disappearing while the rich keep booking vacations.
#cdnpoli
finance.yahoo.com/economy/arti...",,,,0,3,4,0,2026-05-11T01:52:10Z,NA,NA,NA,,,,,
at://did:plc:jeuzjfwsgn62xfoe7qo4jul5/app.bsky.feed.post/3mlk5ps7lq226,bafyreigytkmullxjrhfcsawnf7nhxwtpundfauxvuv3ltq7gx6z65ahr6u,bigclimate.bsky.social,Bentley ****TALK CLIMATE****,#MarkCarney #cdnpoli #ClimateChange #AviLewis,,,,0,4,7,0,2026-05-11T01:46:49Z,NA,NA,at://did:plc:jeuzjfwsgn62xfoe7qo4jul5/app.bsky.feed.post/3mlheyn2qrk2b,,,,,
at://did:plc:2jfr7qhenekca6f6qtjgwdr4/app.bsky.feed.post/3mlk4uankzk26,bafyreicjiaivjli5mffq66ewn4ei7xvhft2ync6ytzbrhazgh7hx7zmkym,calgaryclimatehub.ca,Calgary Climate Hub,"JOIN: www.calgaryclimatehub.ca/membership

VOLUNTEER: www.calgaryclimatehub.ca/volunteer

DONATE: www.calgaryclimatehub.ca/donate

TREE PARTY! www.calgaryclimatehub.ca/tree_party2026

#ClimateAction #EnergyTransition #ClimateChange #yyc #yyccc #abpoli #cdnpoli",,,,0,3,6,0,2026-05-11T01:31:24Z,NA,NA,at://did:plc:2jfr7qhenekca6f6qtjgwdr4/app.bsky.feed.post/3mlk4s642ik26,,,,,
at://did:plc:abt5tpb7lqr7vopkrkwfswwq/app.bsky.feed.post/3mlk4u6ghbc2k,bafyreidnl3rjftxk3cq6qnbfr562em4lbjiupu3rzi74yx32s3zeyaeqea,canadareport.org,Canada Report,"Galantas Gold Announces $85 Million Private Placement

Canada’s fastest news scan: 25+ headlines, no clutter, updated all day: CanadaReport.org

#cdnpoli #Canada #News #Business #Economy 
Read Original Article 🔗",,,,0,0,0,0,2026-05-11T01:31:23Z,NA,NA,NA,,,,,
at://did:plc:2jfr7qhenekca6f6qtjgwdr4/app.bsky.feed.post/3mlk4s642ik26,bafyreic6unul6sy3vzhfxdghs5y7rbssca2qp4kcttx4f3uxlj5qimw63m,calgaryclimatehub.ca,Calgary Climate Hub,"Happy #MothersDay to all of the moms! You make the world go around! 

#ClimateAction #EnergyTransition #ClimateChange #yyc #yyccc #abpoli #cdnpoli",,,,0,3,5,1,2026-05-11T01:30:58Z,NA,NA,NA,,,,,
at://did:plc:6cri3nbgdxvfuwdgav73lbce/app.bsky.feed.post/3mlk4hp4ut22i,bafyreidgle6raxwwnz5ybplsaotyeedne7xvm2swdofphvigxwafyn266e,uncoverthenews.bsky.social,UncoverTheNews,"Leaked voter data. Legal threats. BIG questions. 😬
@trueeager.bsky.social reacts to cease & desist letters tied to Alberta’s elector list 🇨🇦🔥
Full Episode ⬇️
May 8 2026: www.youtube.com/watch?v=qfaF...
#cdnpoli #Privacy #Alberta #Politics #Abpoli",,,,0,1,0,0,2026-05-11T01:24:34Z,NA,NA,NA,,,,,
at://did:plc:abt5tpb7lqr7vopkrkwfswwq/app.bsky.feed.post/3mlk36shdfh2k,bafyreiae673uwjww3ydv3itw6pxipdjlfyszh44jm3ixu54smdxeauip4a,canadareport.org,Canada Report,"Production d’énergie verte | Des villes québécoises misent sur le soleil pour renflouer leurs coffres

Canada’s fastest news scan: 25+ headlines, no clutter, updated all day: CanadaReport.org

#cdnpoli #Canada #News 
Read Original Article 🔗",,,,0,0,1,0,2026-05-11T01:01:32Z,NA,NA,NA,,,,,
at://did:plc:ii6oavwfjgy2s33lwrcbjubl/app.bsky.feed.post/3mlk2zzpyb22d,bafyreib2k2pvbtvgsdihnp73siffneguciyxheje6wqzhyuqddmqdehi2u,robinhood246.bsky.social,B.G. Witch 🇨🇦 🏳️‍⚧️ 🌈,"Put your excess wealth in the Soverign Investment Fund! More money from citizens to corporations!

More 3 bedroom houses in suburbs WILL save us!

Maybe Mark can use the money to subsidize the poor grocery cartels?? #cdnpoli",,,,0,1,3,0,2026-05-11T00:58:51Z,NA,NA,NA,,,,,
at://did:plc:vra4zxnkszgpiic23dwltxny/app.bsky.feed.post/3mlk2yvr5q3r2,bafyreibjqipwqf7ucmtovlmlbx4uq6ih4yoz7pe4znczuofy5qk2nqv3mi,harold.mastodon.social.ap.brid.gy,Harold Jarche,"""I think the point that I would make and did make to Canadian leaders is, just because we have become more difficult doesn't mean the Chinese are always the straightest shooters when it comes to national security,"" Slotkin told host Rosemary Barton […]",,,,0,0,2,1,2026-05-11T00:58:20Z,NA,NA,NA,,,,,
at://did:plc:mv6loxcddhj3i6pzfvzicc36/app.bsky.feed.post/3mlk2ydp4zc25,bafyreigptomvmotupa3q6nmhlby6arbdgm2rm64bgptjisrzbblwj7m74a,dennisjkoch.bsky.social,"Dennis ""dejay"" Koch"," THE MAGA SCHEME TO BREAK UP CANADA 
@charlieangus.substack.com.web.brid.gy

In this episode, Meidas Canada reports from the Alberta Legislature where Danielle Smith is putting the Donbas playbook into action

#abpoli #ableg #YEG #YYC #cdnpoli #AlbertaUCP

youtu.be/xy7m7mCX1TQ",,,,0,8,7,1,2026-05-11T00:57:56Z,NA,NA,NA,,,,,
at://did:plc:7ycfilosz2dmgcnqbh76jdol/app.bsky.feed.post/3mlk2rxx2gs2u,bafyreih64jshplk5n73ilekkdqhiuzyahdcfkufezbv66ytyk4wuzurzem,coolxenu.bsky.social,Cool Xenu 8647,"It's what #Israel's ruling #Zionist terrorists must do to feel sexual relief.

#cdnpoli",,,,0,0,1,0,2026-05-11T00:54:21Z,NA,NA,at://did:plc:nphj4mp22ccn5czmjwzegtva/app.bsky.feed.post/3mljxw66tqk2u,,,,,
at://did:plc:ig6dnt4tqgg7iwwtywx3bkvd/app.bsky.feed.post/3mlk2ki7ysk2q,bafyreifmidf4jx5c34oix7mvwmqxpzytr4wwvigzaqr2i3nbkwsojeqczq,robduncan.bsky.social,Rob Duncan,#auspol #USPOL #USA #us #uspoli #poli #politics #cdnpoli #canada #MeidasMighty #communityovercapitalizm #america #history #anticapitalism #anticapitalist #capitalismkills #killCapitalism #capitalism #abolishcapitalism #fuckcapitalism #SocialJustice #ethics #ClassConsciousness #FalseConsciousness,,,,2,4,13,0,2026-05-11T00:50:14Z,NA,NA,NA,,,,,
at://did:plc:mv6loxcddhj3i6pzfvzicc36/app.bsky.feed.post/3mlk2i2d3ek25,bafyreihqcyvccnvzy6fmgmtib3zsifecezg2ctfv2e5sye2kgwmd2kr2se,dennisjkoch.bsky.social,"Dennis ""dejay"" Koch","How Canada Quietly Holds America’s Survival Hostage - Geography Explains

#USA #Trump #uspoli #Canada #cdnpoli

youtu.be/41K75_33ihI",,,,0,0,0,0,2026-05-11T00:48:49Z,NA,NA,NA,,,,,
at://did:plc:deej5pakczvmljahhvrridlp/app.bsky.feed.post/3mlk2e4lhj22z,bafyreicqtr72chxsnphzlmthkznhvbu6igyrmf5s57bd4ocm4m6vbroodi,pat112.bsky.social,Pat,"A May poll still has the liberals far ahead of the Cons .

#Cdnpoli",,,,0,0,1,0,2026-05-11T00:46:38Z,NA,NA,NA,,,,,
at://did:plc:7hy5iuitgvm7g4eqruidn2mm/app.bsky.feed.post/3mlk244hkxc2a,bafyreidas2fg3x56qfsrnsao3lprqaq2y7stc4yo3t7csog4rf3kc6noli,whistlerheidi.bsky.social,Whistler Heidi🇨🇦,"Hope my fellow Canadians are paying attention & keeping their eyes open & elbows up! 

We're under attack via the same fascist forces that have destroyed America, & are currently chipping away at the UK via Nigel Farage & the Reform Party. We must not allow this 2 take root in Canada! 🇨🇦 #cdnpoli",,,,1,9,21,0,2026-05-11T00:42:08Z,NA,NA,at://did:plc:xl3w4e5jxslqeaglaqit2ql3/app.bsky.feed.post/3mljeatyvs22s,,,,,
at://did:plc:eaeuyrvdlqvjgznelgcdimct/app.bsky.feed.post/3mlk22f7wis2a,bafyreiav2ykaieehmh2gai2j7aem4qwzyfqs3p5i47tcvivztmdwenay2y,madhat59kenwood.bsky.social,Ken Wood part owner of 🇨🇦,It all does not and can not be done over night. Not one bloody Party has a magic wand. Thus instant fix belief is not realistic. #cdnpoli,,,,1,0,1,0,2026-05-11T00:41:10Z,at://did:plc:v3eup4rzroyniw2x7bmsdzgt/app.bsky.feed.post/3mljzf2524s2t,at://did:plc:kx375dszrbvqtu7o4xxxmojn/app.bsky.feed.post/3mlherrqonk2m,NA,,,,,
at://did:plc:ifi6xqgbojwquosnkvzx3gna/app.bsky.feed.post/3mljzvl2w2k24,bafyreiecgqpevvvwat732f4x4ruppvcvkiiscdauu3vetdo3sjlfglaso4,leftcoasttreefrog.bsky.social,Left Coast Tree Frog 🕊️,"Casper the foster mom owl has raised hundreds of rescued owlets as her own.
Casper has been fostering baby owls at a raptor rehabilitation centre in Delta, British Columbia since 1999.
#bcpoli #cdnpoli
www.cbc.ca/news/canada/...",,,,0,6,18,0,2026-05-11T00:38:29Z,NA,NA,NA,,,,,
at://did:plc:ifi6xqgbojwquosnkvzx3gna/app.bsky.feed.post/3mljzj2zz5k2n,bafyreidqjcu7hugzxrovrkkz5ugtq2yuiqryq4kpjm5hc3suxo43sn4vm4,leftcoasttreefrog.bsky.social,Left Coast Tree Frog 🕊️,"Trump's warmongering buddy, Netanyahu suggested that Israel is looking to wean itself off  America's financial support and go it alone 🤥   I’m in no mood for fiction or political theatre from a war criminal, so let’s just skip viewing this rot.
#cdnpoli
www.thedailybeast.com/trumps-war-p...",,,,4,7,25,1,2026-05-11T00:31:29Z,NA,NA,NA,,,,,
at://did:plc:abt5tpb7lqr7vopkrkwfswwq/app.bsky.feed.post/3mljzizmjzf2p,bafyreiemzfb6yhugqzoawe2myw6ik7yy6nfs3rss7co2ruoii3s2slafgq,canadareport.org,Canada Report,"US Stock Futures Slip as US-Iran Deal Hope Fades: Markets Wrap

Canada’s fastest news scan: 25+ headlines, no clutter, updated all day: CanadaReport.org

#cdnpoli #Canada #News #Business #Economy 
Read Original Article 🔗",,,,0,0,0,0,2026-05-11T00:31:27Z,NA,NA,NA,,,,,
at://did:plc:deej5pakczvmljahhvrridlp/app.bsky.feed.post/3mljzgprum22z,bafyreiaxp6e535edhdfcd4hzywr524u42zoo6mekkyxrzjqbhh36ai3rpy,pat112.bsky.social,Pat,"Just a reminder that perseverance often wins the day, plus it feels good to be doing something to send a message. 

#Cdnpoli #Uspoli  #BoycottUSA",,,,3,6,12,0,2026-05-11T00:30:18Z,NA,NA,NA,,,,,
at://did:plc:v3eup4rzroyniw2x7bmsdzgt/app.bsky.feed.post/3mljyu6d5i22t,bafyreihobouxqgrzhyhl2jx5fmxas4rdti5fco2jyzc63vys43ohg2q6lu,spudislander45.bsky.social,Spudislander45 🇨🇦❤️🌎💪🫡,"HELL NO‼️. 

Hands off our #Canada #pension plan and contributions. 

The government needs to support contributions of workers and employers so the small pensions #CPP does provide, allows Canadians to #retire with some source of income to retire with dignity after a lifetime of work. 

#cdnpoli",,,,0,9,17,1,2026-05-11T00:19:48Z,NA,NA,NA,,,,,
at://did:plc:ifi6xqgbojwquosnkvzx3gna/app.bsky.feed.post/3mljyhah2wk2x,bafyreidbivheqok2kezqq4rvhi527rw3sjullpjbl3o6qnfg4unld2guuy,leftcoasttreefrog.bsky.social,Left Coast Tree Frog 🕊️,"Maple Ridge food bank says soaring demand, falling donations forcing difficult decisions.
Friends in Need says it served more than 1,000 households in April as fresh food shortages become more common.
#bcpoli #vanpoli #cdnpoli
www.cbc.ca/news/canada/...",,,,0,2,2,0,2026-05-11T00:12:34Z,NA,NA,NA,,,,,
at://did:plc:52x4hgh43acag3ecs2qi57tr/app.bsky.feed.post/3mljy6xln2s22,bafyreiecxrtz7elypvecmibcnekxekb3a2bv676t6ecukzvoyl4ja6cxre,albertagirl67.bsky.social,albertagirl67 🇨🇦🇺🇦👊🐧🔥,There's 3million people in Alberta to whom this is now an irrelevant question. #cdnpoli,,,,0,1,6,0,2026-05-11T00:07:55Z,NA,NA,at://did:plc:b3nlsopwvdn246ccpxctzsw4/app.bsky.feed.post/3mlgfsrnebb2w,,,,,
at://did:plc:fuak6asmyzr6r34f6er6z4ju/app.bsky.feed.post/3mljxxbk7ts2k,bafyreid555qbqwmq2zjtbcvzkdjtudhpdway5ubquslcx54zk6jeo7swt4,jansplanet.bsky.social,Janet 🇨🇦,"“For single mothers, indeed all women, the failure of the Spring Economic Update to prioritize poverty reduction and economic resilience is further compounded by the government’s austerity efforts that are  eroding access to critical public services.”
#StopCarneysCuts #CdnPoli #Poverty",,,,1,9,20,0,2026-05-11T00:03:39Z,NA,NA,NA,,,,,
at://did:plc:fuu6bocgrf4aonbnu7wkdsy7/app.bsky.feed.post/3mljxw3zsr22e,bafyreihm4ueyzaltecw6qcjoc44sl36vcwb3iowzwnvhp3myfs2mgfkyq4,theubiquitousj-man.bsky.social,The Ubiquitous J-Man,"Classic!
😂

#CdnPoli 🇨🇦
#MapleMAGA🍁
#PierrePoilievreIsLyingToYou🤥
#NeverPoilievre 🚫
#NeverVoteConservative 🚫🗳️",,,,0,0,0,0,2026-05-11T00:02:58Z,at://did:plc:erwcofx42b24pekytwhgwsk3/app.bsky.feed.post/3mjfo4ntjv22c,at://did:plc:erwcofx42b24pekytwhgwsk3/app.bsky.feed.post/3mjfo4ntjv22c,NA,,,,,
at://did:plc:fuu6bocgrf4aonbnu7wkdsy7/app.bsky.feed.post/3mljxtubu2k2e,bafyreiauvvyriny6epbvxz22bkv7u6pn665wjt74dwojk5nvkpynw7d2sa,theubiquitousj-man.bsky.social,The Ubiquitous J-Man,"🤔

#CdnPoli 🇨🇦
#MapleMAGA🍁
#PierrePoilievreIsLyingToYou🤥
#NeverPoilievre 🚫
#NeverVoteConservative 🚫🗳️",,,,1,0,0,0,2026-05-11T00:01:44Z,at://did:plc:dlywvc252kvz4hc4j24jhwh2/app.bsky.feed.post/3mjgepm7uac2p,at://did:plc:dlywvc252kvz4hc4j24jhwh2/app.bsky.feed.post/3mjgepm7uac2p,NA,,,,,
at://did:plc:abt5tpb7lqr7vopkrkwfswwq/app.bsky.feed.post/3mljxtk3p5s2k,bafyreicpaogdranfjgrsdlggnc7xdxvrb2w5heeldlcacp6if5k33bigf4,canadareport.org,Canada Report,"Biopharma giant Sanofi to grow Toronto presence with expanded AI centre

Canada’s fastest news scan: 25+ headlines, no clutter, updated all day: CanadaReport.org

#cdnpoli #Canada #News #Tech #AI 
Read Original Article 🔗",,,,0,0,0,0,2026-05-11T00:01:32Z,NA,NA,NA,,,,,
at://did:plc:mv6loxcddhj3i6pzfvzicc36/app.bsky.feed.post/3mljxrat74k2a,bafyreiakdani4joe33kxwas4a666ghwi5pcsledrxv2wvbonlnxx7baus4,dennisjkoch.bsky.social,"Dennis ""dejay"" Koch"," Good Talk -- Do Canadians Care About Alberta?

The Bridge with Peter Mansbridge

There's a lot happening on the Alberta story and it seems to get messier by the week.  Bruce and Chantal have their Good Talk thoughts on this and more.

#abpoli #ableg #YEG #YYC #Alberta #cdnpoli

youtu.be/5SfAD1Fj83E",,,,1,3,5,0,2026-05-11T00:00:17Z,NA,NA,NA,,,,,
at://did:plc:52x4hgh43acag3ecs2qi57tr/app.bsky.feed.post/3mljxnjleoc22,bafyreievlk7nlimtawtvxmgsvmy3jlb6kogtctiaexnbo3v66ov3us4dbm,albertagirl67.bsky.social,albertagirl67 🇨🇦🇺🇦👊🐧🔥,#cdnpoli,,,,0,0,0,0,2026-05-10T23:58:10Z,NA,NA,at://did:plc:tm7uvmb263f5xymsvximzn4g/app.bsky.feed.post/3mlgvkb3emk2b,,,,,
at://did:plc:r64wzjtkimyq4vkiddzuu6no/app.bsky.feed.post/3mljxkd4mqs2o,bafyreicdvcdhtnf3fu5lwzimfc3nlkkpw3frv3u6oujrgxsofcpyqkbyaq,bcwildfirewkly.bsky.social,BC Wildfire Weekly - Wildfires + More,"CANADA: “Understanding the hantavirus incubation period as cruise ship passengers return” www.ctvnews.ca/video/2026/0... - CTV News

#BCPoli #CDNPoli #Hantavirus #MVHondius cc: #CanaryIslands #Tenerife",,,,0,3,5,0,2026-05-10T23:56:25Z,NA,NA,NA,,,,,
at://did:plc:deej5pakczvmljahhvrridlp/app.bsky.feed.post/3mljxkb6u6s2z,bafyreig2d3vnqinbojfpqjn7qhjmaskqtbbidmqzqlb6vkcibj3c5qtcru,pat112.bsky.social,Pat,"Respect is earned , as is disdain. 

#Cdnpoli #Uspoli #EU",,,,0,0,2,0,2026-05-10T23:56:25Z,NA,NA,NA,,,,,
at://did:plc:deej5pakczvmljahhvrridlp/app.bsky.feed.post/3mljxdsfbik2z,bafyreic2rhvc55ovjdpyzuvxzcdorqtjc4lue42czr6wz5zcpvxhvubew4,pat112.bsky.social,Pat,"Pariah 

#Cdnpoli #Uspoli #EU",,,,0,1,3,0,2026-05-10T23:52:48Z,NA,NA,NA,,,,,
at://did:plc:lanvmgthztbuwa3ieqcrzsys/app.bsky.feed.post/3mljx7z34y22w,bafyreifh3gynixohcfw6ti4wtedbpksaic756dpmjlrfdquzcs62evahva,hab3261.bsky.social,Hazel B. 🇨🇦,This is not going to help us. #ableg #abpoli #cdnpoli,,,,1,13,23,0,2026-05-10T23:50:41Z,NA,NA,NA,,,,,
at://did:plc:r64wzjtkimyq4vkiddzuu6no/app.bsky.feed.post/3mljx4olmws2o,bafyreibydaprcw56umjszypc4kkgvqwwuuykjvdwxehvvy5nt53c7lvp5a,bcwildfirewkly.bsky.social,BC Wildfire Weekly - Wildfires + More,"“Dr. Bonnie Henry has issued a statement about the arrival of four Canadians from the cruise ship MV Hondius in B.C.” vancouver.citynews.ca/2026/05/10/b... - @citynewsvancouver.bsky.social 

#BCPoli #CDNPoli #Hantavirus #MVHondius cc: #CanaryIslands #Tenerife",,,,1,0,4,0,2026-05-10T23:48:48Z,NA,NA,NA,,,,,
at://did:plc:r64wzjtkimyq4vkiddzuu6no/app.bsky.feed.post/3mljwsundik2o,bafyreiclphmwz26sxhcr74fuxearab7hawot2kefowcciteeay63vvplru,bcwildfirewkly.bsky.social,BC Wildfire Weekly - Wildfires + More,"“The boost over the last two years comes as the world grapples with major armed conflicts and geopolitical uncertainty, and as Canada commits billions in new military funding after years of falling short of its Nato obligations.” www.bbc.com/news/article... - BBC News

#CanadianForces #CDNPoli #NATO",,,,1,3,2,0,2026-05-10T23:43:18Z,NA,NA,NA,,,,,
at://did:plc:52x4hgh43acag3ecs2qi57tr/app.bsky.feed.post/3mljwmh2ssc22,bafyreihuzqusjvbttle4emllw4wvhxsj36lov2eorfmuugxpgcysfjnjvq,albertagirl67.bsky.social,albertagirl67 🇨🇦🇺🇦👊🐧🔥,#abpoli #cdnpoli,,,,0,2,3,0,2026-05-10T23:39:40Z,NA,NA,at://did:plc:serlxfuuco5zwtgjbezfqib5/app.bsky.feed.post/3mljbi6wnn22i,,,,,
at://did:plc:k5zp2oxoeyf7fsvj2ijmcbve/app.bsky.feed.post/3mljw7yxkkc2v,bafyreiglmf66p2pymdg24u5bl3julomv5y45rmomal5nwenork32eeyoxa,laurenshirleyj.bsky.social,LaurenSJ,"He might dive even further after the Freedom Conference...
""We won’t dive into editorials here, but the data speak for themselves: this may be the lowest point for Poilievre’s CPC since 2022."" #cdnpoli",,,,1,2,5,0,2026-05-10T23:32:45Z,NA,NA,NA,,,,,
at://did:plc:abt5tpb7lqr7vopkrkwfswwq/app.bsky.feed.post/3mljw5v2pdp2z,bafyreihyhaqj3hsdj57z46g7pe4x5y6kze4j46m6v6wkbycw7xavkmq23m,canadareport.org,Canada Report,"Momentum-Obsessed Traders Seek Clues on Iran Truce

Canada’s fastest news scan: 25+ headlines, no clutter, updated all day: CanadaReport.org

#cdnpoli #Canada #News #Business #Economy 
Read Original Article 🔗",,,,0,0,1,0,2026-05-10T23:31:32Z,NA,NA,NA,,,,,
at://did:plc:r64wzjtkimyq4vkiddzuu6no/app.bsky.feed.post/3mljvwclehs2o,bafyreiaqmbmthxqd24y4gazcdnhr6plpjk5wuxplniywxv7t755nwtrp2q,bcwildfirewkly.bsky.social,BC Wildfire Weekly - Wildfires + More,"“4 Canadians isolating from hantavirus cruise in ‘critical period’ B.C. top doctor” globalnews.ca/news/1184261... - Global News

#BCPoli #CanaryIslands #CDNPoli #Hantavirus #MVHondius #Tenerife",,,,0,1,5,0,2026-05-10T23:27:18Z,NA,NA,NA,,,,,
at://did:plc:gva6uzmzlyxlecg7jlzozzfs/app.bsky.feed.post/3mljvuu4yyk2y,bafyreightmxrjwohke5y4xemen6toc75v27b47hq5ilcpgwkqe6ozkektu,jamiemackinnon.bsky.social,Jamie MacKinnon🇨🇦,"www.politico.eu/article/hels...

""The limits were enforced with 70 new speed cameras, and a policing strategy.""

#ONpoli
#Cdnpoli
#Ottawa
#Toronto
#Montreal
#Calgary
#cars",,,,1,12,24,4,2026-05-10T23:26:30Z,NA,NA,NA,,,,,
at://did:plc:r64wzjtkimyq4vkiddzuu6no/app.bsky.feed.post/3mljvhjizpk2o,bafyreidn6kq26vcyehhmjpfcewqqxllukbpfthatjx6varfdoh54mnv4fm,bcwildfirewkly.bsky.social,BC Wildfire Weekly - Wildfires + More,"“The four Canadian citizens who were aboard a cruise ship stricken by a rare hantavirus outbreak are being flown to British Columbia, according to the federal government.” www.cbc.ca/news/canada/... - CBC British Columbia 

#BCPoli #CDNPoli #Hantavirus #MVHondius cc: #CanaryIslands #Tenerife",,,,0,1,1,0,2026-05-10T23:19:05Z,NA,NA,NA,,,,,
at://did:plc:ovf5l46vctrnscii22bmlzud/app.bsky.feed.post/3mljv7wnztk2a,bafyreibrrjff76ykbheevjfo5r6eushdxq5jouq6iltthgmt4bwb23mery,lisa1111can.bsky.social,Lisa E 🇨🇦,"#DanielleSmithIsaLIAR
#UCPCorruption
#abpoli
#Cdnpoli",,,,0,1,2,0,2026-05-10T23:14:48Z,NA,NA,at://did:plc:rsvzkqxa2xdojwmjljqzs4ik/app.bsky.feed.post/3mlhpkyimrc24,,,,,
at://did:plc:x2fori67bggzcj2a6c7sj6ur/app.bsky.feed.post/3mljuthc7qc2w,bafyreic4zuhatuhpxrkyj25cnncqfwdalnx7zhzns74u5izcjtjqcero4e,jimmydp01.bsky.social,J Payne,"Canada show your generosity and  ❤️ 

#Elbowsup for the great People of Gaza Palestine who are facing the unfathomable and could use a hand up by supporting this very important initiative;

#Gaza #Palestine 
#Cdnpoli #BCPoli

www.gofundme.com/f/support-be...",,,,0,0,0,0,2026-05-10T23:07:50Z,NA,NA,NA,,,,,
at://did:plc:x2fori67bggzcj2a6c7sj6ur/app.bsky.feed.post/3mljurp5mjk2w,bafyreicuoq3cyxyjxarddvwmmftfvamsgmjt6nvr5nklpfhajhuv52uqxu,jimmydp01.bsky.social,J Payne,"● Expell Israel's Ambassador to Canada and the consulate staff home for consultation. 

● Demand a full and real ceasefire without any conditions. 

● Boycott, divest and sanction the Israelis economy. 

#ICC #ICJ #BDS

#genocide 
#Cdnpoli
#Gaza #Palestine",,,,0,0,0,0,2026-05-10T23:06:50Z,at://did:plc:x2fori67bggzcj2a6c7sj6ur/app.bsky.feed.post/3mljuo6s6ss2w,at://did:plc:x2fori67bggzcj2a6c7sj6ur/app.bsky.feed.post/3mljuo6s6ss2w,NA,,,,,
at://did:plc:x2fori67bggzcj2a6c7sj6ur/app.bsky.feed.post/3mljuqitozs2w,bafyreidca45a22n6x3xaiidinhi4g76xiuey7b5lq2ohlpxrif65uaolle,jimmydp01.bsky.social,J Payne,"The five banks named in the fund’s statement were;

● Hapoalim

● Bank Leumi

● Mizrahi Tefahot Bank

● First International Bank of Israel 

● FIBI Holdings 

#ethniccleansing

#ICC #ICJ #BDS 

#genocide 
#Cdnpoli
#Gaza #Palestine",,,,0,0,0,0,2026-05-10T23:06:09Z,at://did:plc:x2fori67bggzcj2a6c7sj6ur/app.bsky.feed.post/3mljuo6s6ss2w,at://did:plc:x2fori67bggzcj2a6c7sj6ur/app.bsky.feed.post/3mljuo6s6ss2w,NA,,,,,
at://did:plc:x2fori67bggzcj2a6c7sj6ur/app.bsky.feed.post/3mljupteqmc2w,bafyreiebwmj565f7iln45jjfmfvmxgq5garfa3555eim65nff7voackvxe,jimmydp01.bsky.social,J Payne,"● Expell the Israeli Ambassador to Canada for the crime of genocide against the Palestinians.

●  An EMBARGO on everything Israeli, domestic or military, services and parts and partnerships

● Canada could lead a UN Peace Mission to implement a Real ceasefire without any conditions

#Cdnpoli",,,,0,0,0,0,2026-05-10T23:05:47Z,at://did:plc:x2fori67bggzcj2a6c7sj6ur/app.bsky.feed.post/3mljuo6s6ss2w,at://did:plc:x2fori67bggzcj2a6c7sj6ur/app.bsky.feed.post/3mljuo6s6ss2w,NA,,,,,
at://did:plc:x2fori67bggzcj2a6c7sj6ur/app.bsky.feed.post/3mljupgzvts2w,bafyreib4trxy5c5tdydhqmqfakqeiaoej5ogsqadko4zfonaazk6hkxifa,jimmydp01.bsky.social,J Payne,"#Cdnpoli 
#Gaza #Palestine 

#UNRWA 

● Make the perpetrators the USA & Israel pay for reconstruction of Gaza. 

● acknowledge & respect 1947 boundaries or leave Palestine. 

● Netanyahu is a wanted criminal. He and the Israelis should be held to account.",,,,0,0,0,0,2026-05-10T23:05:34Z,at://did:plc:x2fori67bggzcj2a6c7sj6ur/app.bsky.feed.post/3mljuo6s6ss2w,at://did:plc:x2fori67bggzcj2a6c7sj6ur/app.bsky.feed.post/3mljuo6s6ss2w,NA,,,,,
at://did:plc:x2fori67bggzcj2a6c7sj6ur/app.bsky.feed.post/3mljuo6s6ss2w,bafyreibkkt7b5ncvkwsq4xaxvlfseljeqvyfcyrmej4bvp2i54tpx3reke,jimmydp01.bsky.social,J Payne,""" His son, Mohammed, said the burial had been coordinated in advance with Israeli security forces, which provided all necessary permits. ""

@mark-carney.bsky.social 
@anitaoakvilleeast.bsky.social 

#ICC #ICJ 

#Gaza #Palestine 
#Cdnpoli #BCPoli

www.aljazeera.com/news/2026/5/...",,,,4,0,0,0,2026-05-10T23:04:55Z,NA,NA,NA,,,,,
at://did:plc:lanvmgthztbuwa3ieqcrzsys/app.bsky.feed.post/3mljulvnpck2r,bafyreia6gzadkt5e335gxgf75acoe3fhbg2uir6xlctvefg3soe5ol5wa4,hab3261.bsky.social,Hazel B. 🇨🇦,It’s been 11 days since Albertans learned their voter data was breached — and Danielle Smith remains silent. No public address. No accountability. #ableg #abpoli #cdnpoli #VoterDataBreach #UCPCorruption #LeadershipFail,,,,7,38,60,3,2026-05-10T23:03:40Z,NA,NA,NA,,,,,
at://did:plc:x2fori67bggzcj2a6c7sj6ur/app.bsky.feed.post/3mljujn4iyc2w,bafyreid67jokjwkeghhwsq2j6yufazb3uwdyhkhhqp26v472k74wswy4uu,jimmydp01.bsky.social,J Payne,""" ... without warning an Israeli warplane struck, bringing his family’s multistorey building down on top of them ... ""

@mark-carney.bsky.social 
@anitaoakvilleeast.bsky.social 
@eleanorolszewski.bsky.social 

#ICC #ICJ 

#Gaza #Palestine 
#Cdnpoli

www.aljazeera.com/features/202...",,,,0,0,0,0,2026-05-10T23:02:20Z,NA,NA,NA,,,,,
at://did:plc:r64wzjtkimyq4vkiddzuu6no/app.bsky.feed.post/3mljuj565wk2o,bafyreiftajz7tsqdptjyryr22bkun2lbetuhcpaainaybjnshkuhkvwjri,bcwildfirewkly.bsky.social,BC Wildfire Weekly - Wildfires + More,"“Transport Canada’s Office of Boating Safety is responsible for overseeing regulations, standards and policies, enforcement and technical services for recreational vessels.” tc.canada.ca/en/marine-tr... - Transport Canada

FR: tc.canada.ca/fr/transport...

#BoatingSafety #CDNPoli

2/2",,,,0,0,1,0,2026-05-10T23:02:05Z,at://did:plc:r64wzjtkimyq4vkiddzuu6no/app.bsky.feed.post/3mljuf4rr6k2o,at://did:plc:r64wzjtkimyq4vkiddzuu6no/app.bsky.feed.post/3mljuf4rr6k2o,NA,,,,,
at://did:plc:abt5tpb7lqr7vopkrkwfswwq/app.bsky.feed.post/3mljuhwucgj2z,bafyreieq4634zgkoigjz4n6vggfu3xgkbemoh6kvkj744nv3gkaifra5jm,canadareport.org,Canada Report,"Canada’s real workforce crisis isn’t AI, it’s the entry-level experience gap

Canada’s fastest news scan: 25+ headlines, no clutter, updated all day: CanadaReport.org

#cdnpoli #Canada #News #Tech #AI 
Read Original Article 🔗",,,,0,0,0,0,2026-05-10T23:01:22Z,NA,NA,NA,,,,,
at://did:plc:kqqydztpv6lrkmynvlo7zsru/app.bsky.feed.post/3mlju7vplzs2q,bafyreig5ko3gdi763zlot3llkyrtnrf7oiii4n364tjpv3pzifcdgtwo4y,kaicable.bsky.social,"Kai, a very old GenX 🇨🇦","Const. Samuel Culic should have been fired for taking and sharing sexualized photos of a female prisoner.

Instead he was given a 40 day paid vacation by other cops looking into the matter.

It's no wonder many Canadians don't trust cops.

#corruption #graft #RCMP
#bcpoli #abpoli #cdnpoli #canada",,,,0,0,4,0,2026-05-10T22:56:52Z,NA,NA,at://did:plc:owyl5siz6ibqxwxls4szerlx/app.bsky.feed.post/3mljglya4kc2a,,,,,
at://did:plc:v3eup4rzroyniw2x7bmsdzgt/app.bsky.feed.post/3mlju6h367s22,bafyreidoykrfubvmm4xhjy3ok7i4b3tzamnafyqecnymur3b3red3mdxym,spudislander45.bsky.social,Spudislander45 🇨🇦❤️🌎💪🫡,"Canadian govt needs to treat this with the seriousness it demands. 

I agree the tech companies must follow our laws.  Cdn must enforce them  

MPSolomon is far too cavalier 

#cdnpoli #OpenAi #PrivacyLaws",,,,3,10,17,2,2026-05-10T22:56:05Z,NA,NA,NA,,,,,
at://did:plc:bqvcoxdpr4lp3qmq5cng2w4i/app.bsky.feed.post/3mlju5hh2jk2x,bafyreih453p6itlytptpi7spahpmynbjkzgboinpttlpbmjcb2c3vhjvn4,ogcanada.bsky.social,Unapologetic Lee 🇨🇦,"Mothers make up almost  82% of single parent families in Canada, that’s over 1.5 million moms doing it alone. #mothersday #cdnpoli 

I hope someone recognized you today.",,,,0,13,30,0,2026-05-10T22:55:31Z,NA,NA,NA,,,,,
at://did:plc:h3y7rhw6ao6nk5mmuskplxco/app.bsky.feed.post/3mljtwaez5k2n,bafyreieruqkqz3bdnu73kgzlc2hboxvhrinjzcunuj6s2z3lhmmhcss2ie,brainiackim.bsky.social,Brainiac Kim 🇨🇦,"In Canada, women can take 1.5 yrs off for maternity leave, at a reduced income. So a woman who has 5 yrs at an organization could in reality only have 2 yrs of actual work experience. At the federal government, many women don't really work, they take the 90% pay for being away on mat leave. #cdnpoli",,,,0,0,0,0,2026-05-10T22:51:28Z,NA,NA,NA,,,,,
at://did:plc:kqqydztpv6lrkmynvlo7zsru/app.bsky.feed.post/3mljtmms4ik2q,bafyreiex7vekjovpr4lumiml23cxy5fjfmdpt6hmhljjorkipcqi5pjnvu,kaicable.bsky.social,"Kai, a very old GenX 🇨🇦","Should Canada also be worried about the national security risks of US EVs from a clearly hostile nation on our border?

I think much more so.

#cdnpoli #canada
#boycottusa",,,,1,0,4,0,2026-05-10T22:46:06Z,NA,NA,at://did:plc:7clmz2hekkwvdy5xwo5vqtk2/app.bsky.feed.post/3mljti6as6t2d,,,,,
at://did:plc:oqrlb6ouek7aa3bthvddehv3/app.bsky.feed.post/3mljt3ipqxc2q,bafyreigygrk5yx2hrv2zomalgwk27svbalmixmrdrtwrsbybuj6iked3ni,caff3.bsky.social,,"No security PP is meeting secretly with US persons.????
#cdnpoli",,,,0,0,0,0,2026-05-10T22:36:28Z,NA,NA,at://did:plc:fsnjqjjaydqcccikgspjakff/app.bsky.feed.post/3mlgu66n3qk2n,,,,,
at://did:plc:abt5tpb7lqr7vopkrkwfswwq/app.bsky.feed.post/3mljssiv7oq2z,bafyreiaafxzf2y243wrqgg27feisbwmkyegivpxatp7eiopcz2hvo2erga,canadareport.org,Canada Report,"Trump Aims to Press Xi Over China’s Approach to War in Iran

Canada’s fastest news scan: 25+ headlines, no clutter, updated all day: CanadaReport.org

#cdnpoli #Canada #News #Business #Economy 
Read Original Article 🔗",,,,0,0,0,0,2026-05-10T22:31:29Z,NA,NA,NA,,,,,
at://did:plc:bwv6gvaroufvze76wapwrwyk/app.bsky.feed.post/3mljsnh4ggc24,bafyreifauds42xnglwxqztwqbybnk5nh3rk7r3q7tcz2ofwgnnyfr6ycee,hasmanian.bsky.social,Hasmanian ,"Considering strained ties, US senator should be cautious of telling Canada what to do. Especially when the US government's Cloud Act makes them exactly as untrustworthy as the Chinese government.
#cdnpoli",,,,0,0,0,1,2026-05-10T22:28:41Z,NA,NA,NA,,,,,
at://did:plc:re7tflvczjceanwkco2bseqb/app.bsky.feed.post/3mljs3iynws2a,bafyreicectjzaben54gwietxtwxllweu33qmcu5437xcpndsk6z4s47i5q,bella-andme.bsky.social,Sherry Lee,"“It is unclear if Erskine-Smith still intends to launch that leadership bid. He is, however, raising the possibility of challenging the results of Hafiz’s narrow win -- Erskine-Smith said he lost by 19 votes among more than 1,400 cast.”

19 votes? 
#onpoli #cdnpoli

www.ctvnews.ca/toronto/poli...",,,,0,0,2,0,2026-05-10T22:18:38Z,NA,NA,NA,,,,,
at://did:plc:ekew4wtc2m4ctroumek7kr4l/app.bsky.feed.post/3mljrscp5lk2c,bafyreiah667fp7t5rrrsrgtjisyzng2zoiichjelyzdjgjj73rbmrmsove,schmutzie.com,Schmutzie.,#CdnPoli #CanPoli,,,,0,1,7,0,2026-05-10T22:13:28Z,NA,NA,at://did:plc:serlxfuuco5zwtgjbezfqib5/app.bsky.feed.post/3mljbi6wnn22i,,,,,
at://did:plc:robz445cug55h632frrf7yjt/app.bsky.feed.post/3mljrnx6an22h,bafyreifn6ehlylyce3sj4bsdfzxnxqixldy5ngrjuzyaa7xwayrkt3jihu,johnqpublic.bsky.social,John Q Public,"Remember Hosers, many of these “Alberta Separatist” accounts are paid foreign fakes.

They are professional bad actors that amplify disinformation to sow division in Canada, just like the convoy.

#foreverCanada
#never51
#abpoli
#cdnpoli",,,,0,5,3,0,2026-05-10T22:11:04Z,NA,NA,NA,,,,,
at://did:plc:sywtwkbhpdibiprqvv7epcto/app.bsky.feed.post/3mljrgxkr2c22,bafyreigavzgesk2ajdbasrlsbjq44najvmiarm5zed2jrge3qugil7chpy,elliott4mp.bsky.social,"Derek Elliott, Libertarian","Trading your data for a deal at a shop is a choice you make. But being threatened with a fine by the government for those same details is just wrong.
You own your info and you should be the one to decide who gets to see it.
Let’s make it voluntary. 
#cdnpoli #census #libertarian",,,,1,1,2,0,2026-05-10T22:07:13Z,NA,NA,NA,,,,,
at://did:plc:oqrlb6ouek7aa3bthvddehv3/app.bsky.feed.post/3mljrd5scjk2q,bafyreihoqu4dpyw3qvu346tx7gcd26rrsfsbpipqlh5iz7ci2jkuhw77zm,caff3.bsky.social,,"🍁No security Pierre is meeting with several US 
representatives this weekend.  No security threat.
No security Pierre is a potential threat.  He may not even know it.  Security threats are popping up in CPC.  Lots of 'secret' meetings with foreigners.  Shhhh!
#cdnpoli",,,,0,0,0,0,2026-05-10T22:04:58Z,NA,NA,NA,,,,,
at://did:plc:abt5tpb7lqr7vopkrkwfswwq/app.bsky.feed.post/3mljr4t3jxw2k,bafyreieiu5xmxviij6sxs2b6j6aplzbcxnwquy7c4mylteiashgkajliw4,canadareport.org,Canada Report,"Alison Kaizer says founders must build hiring muscles in the AI era

Canada’s fastest news scan: 25+ headlines, no clutter, updated all day: CanadaReport.org

#cdnpoli #Canada #News #Tech #AI 
Read Original Article 🔗",,,,0,0,0,0,2026-05-10T22:01:28Z,NA,NA,NA,,,,,
at://did:plc:ruhwgda4uh6aaj4qe5ncapj3/app.bsky.feed.post/3mljqxrdkjc2b,bafyreift52q5nok725qpp2yamprmdegfxgtyyp6dvup6oiog4hrgkflnsa,neilforreal.bsky.social,Neil,"The Alberta separatist movement is being stoked by Russian misinformation and funded by MAGA money. The company you keep ... 
#abpoli #cdnpoli",,,,1,3,8,0,2026-05-10T21:58:38Z,NA,NA,at://did:plc:xl3w4e5jxslqeaglaqit2ql3/app.bsky.feed.post/3mljeatyvs22s,,,,,
at://did:plc:2jfr7qhenekca6f6qtjgwdr4/app.bsky.feed.post/3mljqsrq32s2m,bafyreiclc66i3f6cbgr7dbwfgieuwsasugcc3xli7oztbwp7ie6avy3vnu,calgaryclimatehub.ca,Calgary Climate Hub,"JOIN: www.calgaryclimatehub.ca/membership

VOLUNTEER: www.calgaryclimatehub.ca/volunteer

DONATE: www.calgaryclimatehub.ca/donate

TREE PARTY! www.calgaryclimatehub.ca/tree_party2026

#ClimateAction #EnergyTransition #ClimateChange #yyc #yyccc #abpoli #cdnpoli",,,,0,3,3,1,2026-05-10T21:55:51Z,NA,NA,at://did:plc:2jfr7qhenekca6f6qtjgwdr4/app.bsky.feed.post/3mljqri6qy22m,,,,,
at://did:plc:2jfr7qhenekca6f6qtjgwdr4/app.bsky.feed.post/3mljqri6qy22m,bafyreibik32bq7adk4mmsajgmjcmigsckazvw4zcgvetahr4btxj5iqipm,calgaryclimatehub.ca,Calgary Climate Hub,"What does #MotherEarth want for #MothersDay this year? 

#ClimateAction #EnergyTransition #ClimateChange #yyc #yyccc #abpoli #cdnpoli",,,,1,3,4,1,2026-05-10T21:55:11Z,NA,NA,NA,,,,,
at://did:plc:xfxnj5j3ks3inwd5pk2lkyyk/app.bsky.feed.post/3mljqoiamtk22,bafyreicngmboginvajwmyzkhcob2co56rqt7fnl27hl45rlxw7dwcpdlqm,mjfurlotte.bsky.social,Zyprexa Fool,"Mark Carney's giving Danielle Smith all the rope she needs to hang her self. 

#abpoli #cdnpoli",,,,1,1,1,0,2026-05-10T21:53:26Z,NA,NA,NA,,,,,
at://did:plc:mv6loxcddhj3i6pzfvzicc36/app.bsky.feed.post/3mljqlc5gzs2q,bafyreicnhucydoggtk2ysfozzl77tkss6v5msl3clpt35mzco7pqdmo7ei,dennisjkoch.bsky.social,"Dennis ""dejay"" Koch"," Why Alberta’s separation from Canada is almost impossible | About That - CBC News

Andrew Chang explains what it would actually take to grant sovereignty to a Canadian province, and why it's so difficult to achieve.

#USA #Trump #uspoli #Canada #cdnpoli

youtu.be/0OT2IQSoVEs",,,,0,4,11,0,2026-05-10T21:51:41Z,NA,NA,NA,,,,,
at://did:plc:zfw2o4gfcahciaylo76rmzxa/app.bsky.feed.post/3mljqhcpb3c2o,bafyreickluwuuttiidbrhqkjiazgtg253jrplaxthksgxzaqfv2i77ubtu,liammci.bsky.social,LiamMcIntosh He/Him 🏳️‍🌈🇵🇸,"“WHAT cult of personality to make The Liberals shifting dramatically to the right more palatable?
I don’t see any cult of personality to make The Liberals shifting dramatically to the right more palatable.” #cdnpoli",,,,0,0,3,0,2026-05-10T21:49:25Z,NA,NA,at://did:plc:2jllhhwfsv56bpftrhnw2qjb/app.bsky.feed.post/3mljesigcn22h,,,,,
at://did:plc:mv6loxcddhj3i6pzfvzicc36/app.bsky.feed.post/3mljqcukx6k2q,bafyreiaviuhnnhs6sckpcjiis6pvlk22cgc7wj4h4qqxm365dabji3ywjy,dennisjkoch.bsky.social,"Dennis ""dejay"" Koch","We can't get into a 'pissing match,' says U.S. senator on relations with Canada

Michigan Democratic Sen. Elissa Slotkin in a Canadian broadcast exclusive interview about the state of Canada-U.S. relations ahead of CUSMA renegotiations.

#Canada #USA #cdnpoli #uspoli #Trump

youtu.be/9kS3icZQFhc",,,,0,2,4,0,2026-05-10T21:46:58Z,NA,NA,NA,,,,,
at://did:plc:mv6loxcddhj3i6pzfvzicc36/app.bsky.feed.post/3mljq6v3hac2q,bafyreidqhro4vuv63t3olyvqyesm3co7bsx4estxzvrj2bvy6suaxy7lfq,dennisjkoch.bsky.social,"Dennis ""dejay"" Koch","Fade to Black w/ Jimmy Church

The Guest on April 29 was Ron James on the Congressional UAP hearings and his new film.

[as always Thank You for the credit, Jimmy!]

...and Jimmy is back on the air Monday, May 11!

#USA #Canada #UK #cdnpoli #uspoli #Paranormal #Media

www.youtube.com/live/_zImORx...",,,,0,0,1,0,2026-05-10T21:44:44Z,NA,NA,NA,,,,,
at://did:plc:mv6loxcddhj3i6pzfvzicc36/app.bsky.feed.post/3mljpis2z7i2p,bafyreife5g5wv4utgcc5atcuujk2rdrodxglrftp7tjx5k6adonk4xopxm,dennisjkoch.bsky.social,"Dennis ""dejay"" Koch"," How separatists doxxed Alberta | Front Burner

#cdnpoli #Alberta #abpoli #ableg #DanielleSmith #AlbertaUCP #YEG #YYC #News #CBCNews

The scandal. The alleged crime. Who are they?

youtu.be/4_jkjLkHgJU",,,,0,4,7,0,2026-05-10T21:32:23Z,NA,NA,NA,,,,,
at://did:plc:abt5tpb7lqr7vopkrkwfswwq/app.bsky.feed.post/3mljphbi6232t,bafyreiepl6bosthxfj5mh4cryrv5yjeeoyldvynqm3emlauhmr342myp3m,canadareport.org,Canada Report,"Repatriation Flights for Hantavirus-Hit Cruise Ship Passengers Begin

Canada’s fastest news scan: 25+ headlines, no clutter, updated all day: CanadaReport.org

#cdnpoli #Canada #News #Business #Economy 
Read Original Article 🔗",,,,0,0,0,0,2026-05-10T21:31:31Z,NA,NA,NA,,,,,
at://did:plc:76e4qryfph6q4wmz3li6v2l6/app.bsky.feed.post/3mljpeqn3sc2f,bafyreiarno6verpcnx6qnjohfpmuppnllntj2jzee7omvnju5yh3ahyqrq,stacescases2.bsky.social,StacesCases2 🇨🇦 📎,"@albertandp.ca Leader @naheednenshi.bsky.social discusses the data breach and the concerns it is raising about the culture of the premier’s office. 🇨🇦 #Cdnpoli #ABpoli #Ableg
youtu.be/-Idfzcdyy7k?...",,,,0,8,13,0,2026-05-10T21:30:07Z,NA,NA,NA,,,,,
at://did:plc:mv6loxcddhj3i6pzfvzicc36/app.bsky.feed.post/3mljpdnwzqa2p,bafyreidmdtcsa5e53kwxvxa2odqvoasiplchip7mxa3ngabc5t43ewydy4,dennisjkoch.bsky.social,"Dennis ""dejay"" Koch","Alberta NDP leader questions whether premier knew about voter data breach | Power & Politics

#abpoli #ableg #cdnpoli #YEG #YYC #DanielleSmith #Alberta #Canada #AlbertaUCP

youtu.be/OAsPpKRzzYg",,,,0,4,5,1,2026-05-10T21:29:30Z,NA,NA,NA,,,,,
at://did:plc:mv6loxcddhj3i6pzfvzicc36/app.bsky.feed.post/3mljpbnzbui2p,bafyreigj7ikuoun5pdux3kofe3vljy4n2g7v5brl3eeylyditrvtamg2yy,dennisjkoch.bsky.social,"Dennis ""dejay"" Koch"," Handling of the Alberta data breach raising concerns and questions

@ctvnewsedmonton.bsky.social

#cdnpoli #abpoli #YEG #YYC #ableg

Alberta NDP Leader Naheed Nenshi discusses the data breach and the concerns it is raising about the culture of the premier’s office.

youtu.be/-Idfzcdyy7k",,,,1,6,7,0,2026-05-10T21:28:24Z,NA,NA,NA,,,,,
at://did:plc:xzgwn3nornr6v6cdd2fqsdru/app.bsky.feed.post/3mljp5gc7wk2m,bafyreidztbnr7edobsunyfxdjsscjlykug3ivxp2zykrthuh72yk3zyiqu,mikemontreal.bsky.social,Montreal Mike🇨🇦,"US corporations are already taking all that data — they’re just worried about China getting it and them pulled off the teat. 

Sorry but I trust Xi more than Trump. 
#cdnpoli #uspoli

www.cbc.ca/news/politic...",,,,0,1,5,0,2026-05-10T21:26:03Z,NA,NA,NA,,,,,
at://did:plc:s62xbk4qptittyioum6musdq/app.bsky.feed.post/3mljowoidnk2y,bafyreidzdrrfoohpkxvdfnhq5yjbxgb4ksg6oiv2b6kzmpoi6gr5jyj7zy,soundskugle.bsky.social,SoundsKugle 🐝🌅,"The 🌍 keeps inviting @petebuttigieg.bsky.social for a reason...

Respected, honest and lacking the ugly 🇺🇸n stereotype (looking at you @gavinnewsom.bsky.social )

Thanks for coming to 🇨🇦, Pete

#ElbowsUp 🌍
#cdnpoli 🇨🇦

youtu.be/6XpU5cc8Iuc?...",,,,1,3,8,0,2026-05-10T21:22:15Z,NA,NA,NA,,,,,
at://did:plc:ifi6xqgbojwquosnkvzx3gna/app.bsky.feed.post/3mljord4eds2s,bafyreiclcyj6f2a7nb4x6m2rlh5ntcg5c3wxdkvlokebbwtwznf32e7l5m,leftcoasttreefrog.bsky.social,Left Coast Tree Frog 🕊️,"Trump (grifter) says he wants to check whether the gold in Fort Knox is still there because ‘they steal a lot.’
Absolutely hilarious — this sounds like satirical piece dreamt up by The Onion 🧅 
#cdnpoli
www.independent.co.uk/news/world/a...",,,,0,2,4,0,2026-05-10T21:19:15Z,NA,NA,NA,,,,,
at://did:plc:jeuzjfwsgn62xfoe7qo4jul5/app.bsky.feed.post/3mljoj4zz2s2t,bafyreiede7rximkzzvzm3zxfav5mdlaqzt7mdxpfzmk2atmsusx2jmhvzm,bigclimate.bsky.social,Bentley ****TALK CLIMATE****,Canada.....is.......moving........so........slow.........in......the..........energy.........transition............in...........fact...........if.........anything.......we're .............moving.....................backwards #EnergyTransition #ClimateChange #cdnpoli,,,,1,11,23,0,2026-05-10T21:14:39Z,NA,NA,at://did:plc:owyl5siz6ibqxwxls4szerlx/app.bsky.feed.post/3mljm2ozia22a,,,,,
at://did:plc:na3mz3ylemrjkt4mftqxuvyz/app.bsky.feed.post/3mljoicalks2a,bafyreiaagoqtee6cywgwlrtzqnp47xtxca7ia2ysomdvqs4qdaw6xt45m4,mejax.bsky.social,MJ 🇨🇦🇳🇿,#census #CanadaCounts #cdnpoli,,,,0,0,0,0,2026-05-10T21:14:11Z,NA,NA,at://did:plc:6lf4mqeuilmro75uc6jy72dd/app.bsky.feed.post/3mljju7j4oc2n,,,,,
at://did:plc:cdfnqsasmbemq66t7k7dda55/app.bsky.feed.post/3mljnrf3fhv2u,bafyreieyujhokplthralesaolticu5k5cwbvuz2il5rgzoi3jhkukc5yka,pembina.org,Pembina Institute,"ICYMI: this piece on time-of-day pricing in New Brunswick, featuring input from our team, has been nominated for an Atlantic Journalism Award. 🎉🎖️

It’s a great reminder that energy affordability isn’t just about tech, but about trust and public engagement. #cdnpoli #EnergySky

buff.ly/gcfQc9H",,,,0,4,3,2,2026-05-10T21:01:23Z,NA,NA,NA,,,,,
at://did:plc:abt5tpb7lqr7vopkrkwfswwq/app.bsky.feed.post/3mljnregewk2z,bafyreiho7d54qkulgjbsibroe5fjrw72kemz557h5nezd7o3xfanxczove,canadareport.org,Canada Report,"What Canadian founders can learn from Silicon Valley’s speed

Canada’s fastest news scan: 25+ headlines, no clutter, updated all day: CanadaReport.org

#cdnpoli #Canada #News #Tech #AI 
Read Original Article 🔗",,,,0,0,0,0,2026-05-10T21:01:22Z,NA,NA,NA,,,,,
at://did:plc:d4pjo6ehblrviy625go6uodj/app.bsky.feed.post/3mljnblomhc2t,bafyreiai4tvtrwlzb3ue6u4ir4plhlgsx4kklvzs4zubcui6l7figd3wmq,tindizzy.bsky.social,Dizzy ★,"It’s not rocket science: They win by preventing us from organising.

It’s just that simple. 

#AbLeg #AbPoli 
#CanPoli #CdnPoli

bsky.app/profile/tind...",,,,0,1,2,1,2026-05-10T20:52:33Z,at://did:plc:d4pjo6ehblrviy625go6uodj/app.bsky.feed.post/3mljn62fvak2t,at://did:plc:d4pjo6ehblrviy625go6uodj/app.bsky.feed.post/3mljn2d5p3c2t,at://did:plc:d4pjo6ehblrviy625go6uodj/app.bsky.feed.post/3mljiez44gc2t,,,,,
at://did:plc:r64wzjtkimyq4vkiddzuu6no/app.bsky.feed.post/3mljn7x3ypc2h,bafyreiglkohg42lmbonatnatuovkoitc6jmigkdnae64lmf625r23g3ufq,bcwildfirewkly.bsky.social,BC Wildfire Weekly - Wildfires + More,"LIVE UPDATES: “The plane carrying the four Canadians has arrived in Bagotville, Que., where officials say the passengers will change planes for a flight to B.C.” www.cbc.ca/news/world/l... - CBC News

#Bagotville #BCPoli #CDNPoli #Hantavirus #MVHondius",,,,0,1,1,0,2026-05-10T20:51:38Z,NA,NA,NA,,,,,
at://did:plc:h2spa3l463coxycuy6iiov2l/app.bsky.feed.post/3mljmta7dl22p,bafyreidwnra4532s4tb3albdvh3zx6s3blvn4a3nugzqm2vnp3m5ivmpha,shewandersferal.bsky.social,Allison Moon 🌙  🍁,"there is a #globalenergycrisis?
#Canada doesn’t exist in a vacuum
We can’t create change we need if we collapse under the pressure of the #US & #BRICS
The #World is currently running days ahead of catastrophe that would choke ecochallenge mitigation

🍁 #CANpoli 🍁 #CDNpoli 🍁  #CanadaSky 🌌",,,,1,0,1,0,2026-05-10T20:44:32Z,at://did:plc:7atfw5iz77vwsq5gp3l2itml/app.bsky.feed.post/3mljlga3f2c2j,at://did:plc:x7txiel3rihm7ywmzopxkabr/app.bsky.feed.post/3mlb64tb3ys2f,NA,,,,,
at://did:plc:r64wzjtkimyq4vkiddzuu6no/app.bsky.feed.post/3mljmreoz3s2h,bafyreihaihjgwr32pd46lpeyw5ntgdzdmmboqk75dtsszo7usfwgctiy5m,bcwildfirewkly.bsky.social,BC Wildfire Weekly - Wildfires + More,"LIVE: “Canadians heading to B.C. after being stuck on cruise ship hit by hantavirus outbreak” www.cbc.ca/news/world/l... - CBC News 

* “B.C.'s provincial health officer said in a news conference travellers will have no contact with the public during self-isolation.”

#BCPoli #CDNPoli #Hantavirus",,,,0,2,2,1,2026-05-10T20:43:30Z,NA,NA,NA,,,,,
at://did:plc:ifi6xqgbojwquosnkvzx3gna/app.bsky.feed.post/3mljmlbthyc27,bafyreicvfhu6xv3qdnffo32nf6uk44bsin6kidgugnbjkr3l3u2glqj3l4,leftcoasttreefrog.bsky.social,Left Coast Tree Frog 🕊️,"2 new wildfires sparked in B.C. by lightning.
#cdnpoli #bcpoli
vancouver.citynews.ca/2026/05/10/2...",,,,2,3,3,0,2026-05-10T20:40:05Z,NA,NA,NA,,,,,
at://did:plc:ifi6xqgbojwquosnkvzx3gna/app.bsky.feed.post/3mljm7tdkzc2h,bafyreicngh52n37rlmkndt3inla4ci7mslhzi7nnrihuh4cte5vxygndhe,leftcoasttreefrog.bsky.social,Left Coast Tree Frog 🕊️,"Four Canadians from hantavirus-hit cruise ship to quarantine in B.C.
Provincial health officer Dr. Bonnie Henry says the group will be isolated for at least 21 days to monitor for symptoms.
#bcpoli #cdnpoli
vancouversun.com/news/four-ca...",,,,0,1,2,0,2026-05-10T20:33:40Z,NA,NA,NA,,,,,
at://did:plc:eaeuyrvdlqvjgznelgcdimct/app.bsky.feed.post/3mljm7cjm6c2l,bafyreif4ayqy2j6l6qdzahusbzq56wynzyntos2xymdyfxcru4q3ajuxz4,madhat59kenwood.bsky.social,Ken Wood part owner of 🇨🇦,STOP extorting 🇨🇦 #cdnpoli,,,,0,0,2,0,2026-05-10T20:33:21Z,NA,NA,at://did:plc:4euncr44a5aflpbcbjhvjvdo/app.bsky.feed.post/3mlep6jmugs2b,,,,,
at://did:plc:abt5tpb7lqr7vopkrkwfswwq/app.bsky.feed.post/3mljm3qpo5o22,bafyreibx23mwlko5t77eyq35hpcfs5iroxqwu62f5b2iupbdj7mmsa7nyu,canadareport.org,Canada Report,"Modi Urges Indians to Conserve Fuel, Curb Costly Oil Imports

Canada’s fastest news scan: 25+ headlines, no clutter, updated all day: CanadaReport.org

#cdnpoli #Canada #News #Business #Economy 
Read Original Article 🔗",,,,0,0,0,0,2026-05-10T20:31:23Z,NA,NA,NA,,,,,
at://did:plc:eaeuyrvdlqvjgznelgcdimct/app.bsky.feed.post/3mljlwyjkgk2l,bafyreifv3xzrulah3y4illgezo6rcotqiayvbpelymuet6erlofhzsypca,madhat59kenwood.bsky.social,Ken Wood part owner of 🇨🇦,Long gone once 'Progressive' was removed from their Party name. #cdnpoli,,,,0,0,3,0,2026-05-10T20:28:43Z,NA,NA,at://did:plc:wyeaejkkx7d73plmv72fomhq/app.bsky.feed.post/3mljhxasgck2g,,,,,
at://did:plc:px2esgvbnl7ransisaced6wu/app.bsky.feed.post/3mljlw7o7b22l,bafyreian63h63grzhlmpbos5gnat2dkrxxqn344q5cz7wtuk4lkpntbmlq,stevemilesnet.bsky.social,🟥‬🍁🟥‬𝓢𝓽𝓮𝓿𝓮 𝓜𝓲𝓵𝓮𝓼 𝓝𝓮𝓽🟥‬🍁🟥‬,"Is this just another case of blaming the effect instead of the cause❓
@enemywithinyt.bsky.social 
#Instafollow #Bluesky #Politics #Canadasky #Canadian #cdnpoli #neverthe51ststate #EightySixFortySeven #nomorewar #NeverVoteConservative #American #USApoli #𝓢𝓽𝓮𝓿𝓮𝓜𝓲𝓵𝓮𝓼𝓝𝓮𝓽
youtu.be/5Iv-LhFZCL8?...",,,,0,1,4,0,2026-05-10T20:28:17Z,NA,NA,NA,,,,,
at://did:plc:eaeuyrvdlqvjgznelgcdimct/app.bsky.feed.post/3mljlunbdwk2l,bafyreihyvscw65tayt6qv6yhbp2q2r3tq2ahoiz7n2qgbhx3g6kwmvm7si,madhat59kenwood.bsky.social,Ken Wood part owner of 🇨🇦,"Debate was an eye opener. No old real BCLib on the coalition is gone.They railed against indigenous & tried to out tax cut each other. No one said how cuts would effect services. No to FNs, yes to tax cuts, yes to businesses getting less taxes, less fees, less regulations. OMG. #bcpoli #cdnpoli",,,,1,1,2,0,2026-05-10T20:27:24Z,NA,NA,at://did:plc:t4qjao6o2xfwavfc5ewwvosg/app.bsky.feed.post/3mljgyaq7fk24,,,,,
at://did:plc:w4xgktzvnu4xyy37xlgp3xki/app.bsky.feed.post/3mljltja2ns2r,bafyreicp4gtdj4kq4xcrll5uag7vispnpcyyr2auucaw3itdmzlw62hg2y,cindylee2102.bsky.social,Lil Cin 🇨🇦,#abpoli #ableg #cdnpoli,,,,0,1,3,0,2026-05-10T20:26:47Z,NA,NA,at://did:plc:rsvzkqxa2xdojwmjljqzs4ik/app.bsky.feed.post/3mljgwrwjmk2e,,,,,
at://did:plc:ifi6xqgbojwquosnkvzx3gna/app.bsky.feed.post/3mljlpduoyk2c,bafyreiaxqrwgsdauty3ytdr5kzds4h7u6xlca3kutomdc7htepkyc3btzi,leftcoasttreefrog.bsky.social,Left Coast Tree Frog 🕊️,"Let’s just file that under the real “losers and suckers”
#cdnpoli 
bsky.app/profile/wild...",,,,0,0,2,1,2026-05-10T20:24:27Z,NA,NA,at://did:plc:3xqcktmtgczhwwsf45tzjr6p/app.bsky.feed.post/3mljhe2f56c2c,,,,,
at://did:plc:ii6oavwfjgy2s33lwrcbjubl/app.bsky.feed.post/3mljlmdlr5k2f,bafyreiesutlvxqicnfh6varoz7hx4vqpjzv3vcybte2drvwu72k22ncnaa,robinhood246.bsky.social,B.G. Witch 🇨🇦 🏳️‍⚧️ 🌈,"Canada can't have nice things. 

Wealthy people and megacorps need most of ALL dollars.

National projects funded with wealth taxes can't be done. FDR is a lie. #cdnpoli",,,,0,0,2,0,2026-05-10T20:22:46Z,NA,NA,NA,,,,,
at://did:plc:ovf5l46vctrnscii22bmlzud/app.bsky.feed.post/3mljlit2ork2e,bafyreih4k33vcirjbtvkn42koudq2ecvcthm57f7txlbdul4zn5g2ybn3e,lisa1111can.bsky.social,Lisa E 🇨🇦,"#abpoli
#Cdnpoli",,,,0,0,0,0,2026-05-10T20:20:48Z,NA,NA,at://did:plc:xgiwtxbtt6xc7low5vdz7dq4/app.bsky.feed.post/3mljcfi55wc2i,,,,,
at://did:plc:eaeuyrvdlqvjgznelgcdimct/app.bsky.feed.post/3mljlctn75k2l,bafyreiblhe36a5a2eif53zu5wzr3tcjvijfnqcnohcmwdxa7qkmildxj6y,madhat59kenwood.bsky.social,Ken Wood part owner of 🇨🇦,"👏👏👏 thank you.
Those pulling their hair out are just trying to push a specific narrative. A negative narrative all the time.  #cdnpoli",,,,0,0,0,0,2026-05-10T20:17:26Z,NA,NA,at://did:plc:2lqqxxrrpvx5xlo642onakvh/app.bsky.feed.post/3mlhjzjvc5c25,,,,,
at://did:plc:eaeuyrvdlqvjgznelgcdimct/app.bsky.feed.post/3mljl3xcusc2l,bafyreih2bm7wiyoidjjllorkc342nfmfc7g2vm27hxocyuz6ihqqm7f3dq,madhat59kenwood.bsky.social,Ken Wood part owner of 🇨🇦,"Just 🇺🇲 branded BS. People like her calling people like myself ""woke"" isnt a slur. I wear WOKE like a badge of honour. Rather be woke than be self centred and an ass that wants to hurt as many people as they can with their BS policies & ideology. #cdnpoli",,,,1,1,2,0,2026-05-10T20:13:36Z,NA,NA,at://did:plc:lvrq6k56lcf6n5h6yzldfjqw/app.bsky.feed.post/3mljgdcxwfc2p,,,,,
at://did:plc:ypbo2mq6dqcct43gt2sam6el/app.bsky.feed.post/3mljkn5bf462j,bafyreibszs5qcijacctexubzj2rzcmz23x6sxvwvgm7tg6ipbzmdzym72e,ipolitics.bsky.social,iPolitics,"With regular House proceedings on pause, Team Carney front benchers fan out to promote spring update #cdnpoli #ipolitics",,,,0,0,0,0,2026-05-10T20:05:19Z,NA,NA,NA,,,,,
at://did:plc:eaeuyrvdlqvjgznelgcdimct/app.bsky.feed.post/3mljki4iias2f,bafyreichaatg2eoort56i3433elauv5h3njgvwg3faagohsscjplaerxoe,madhat59kenwood.bsky.social,Ken Wood part owner of 🇨🇦,YES PM @mark-carney.bsky.social @liberalca.bsky.social #cdnpoli,,,,2,5,12,0,2026-05-10T20:02:30Z,NA,NA,at://did:plc:ed63zp3ko7gvx6cfpxko45mo/app.bsky.feed.post/3mlji7w2cp22v,,,,,
at://did:plc:abt5tpb7lqr7vopkrkwfswwq/app.bsky.feed.post/3mljkg5wcp42j,bafyreicgxawypv2z4klpykd65f3fpqdek54gtcplgb6m5cpvqr6fhhl24y,canadareport.org,Canada Report,"Q&A: Why the threat of Anthropic’s Mythos demonstrates the need for sovereign AI

Canada’s fastest news scan: 25+ headlines, no clutter, updated all day: CanadaReport.org

#cdnpoli #Canada #News #Tech #AI 
Read Original Article 🔗",,,,0,0,0,0,2026-05-10T20:01:25Z,NA,NA,NA,,,,,
at://did:plc:lhrqfkzlbuqhvt3zljozk5uu/app.bsky.feed.post/3mljkb4jbo22q,bafyreia4ys7l56zmsyvmxassnrtm6b5sazi5mlg2lajdw2cn5s2s6m7v4i,skoinguud.bsky.social,Skoinguud 🇨🇦,"Why is @cbcnews.ca giving this #traitor news coverage? His desperation to be relevant rivals that of his dear leader, #NeverPoilievre. 

#ABpoli #CDNpoli",,,,1,0,0,0,2026-05-10T19:58:36Z,NA,NA,NA,,,,,
at://did:plc:mv6loxcddhj3i6pzfvzicc36/app.bsky.feed.post/3mljj2uodsc2p,bafyreiejpi75xgr4w2zrsscfapwqurntw6o3nd7rdhzlzzjbsdnnlph6dm,dennisjkoch.bsky.social,"Dennis ""dejay"" Koch","I warned everyone ten years ago to create a backup website in case Trump moved against anyone. Now that he reached across the border, no one is ""safe"".

Trump dick will try to get into your pants.

#USA #Trump #uspoli #Google #Canada #cdnpoli #Breaking #News #Internet #SocialMedia #Media",,,,0,0,0,0,2026-05-10T19:37:12Z,at://did:plc:mv6loxcddhj3i6pzfvzicc36/app.bsky.feed.post/3mljj2uo6w22p,at://did:plc:mv6loxcddhj3i6pzfvzicc36/app.bsky.feed.post/3mljibxlg4k2p,NA,,,,,
at://did:plc:mv6loxcddhj3i6pzfvzicc36/app.bsky.feed.post/3mljj2uo6w22p,bafyreibtavjyjrrrevsq43vaw7qvtxongetnjw5zxbyq7t6yzbpcvfc26e,dennisjkoch.bsky.social,"Dennis ""dejay"" Koch","To the podcasters I know and to all the others,

Keep up the fight.

Trump may win this one if Google decides to cave in and/or gets threatened by the FCC.

#USA #Trump #uspoli #Google #Canada #cdnpoli #Breaking #News #Internet #SocialMedia #Media #EU #UK #Australia #FCC",,,,1,0,0,0,2026-05-10T19:37:12Z,at://did:plc:mv6loxcddhj3i6pzfvzicc36/app.bsky.feed.post/3mljj2ukhrk2p,at://did:plc:mv6loxcddhj3i6pzfvzicc36/app.bsky.feed.post/3mljibxlg4k2p,NA,,,,,
at://did:plc:mv6loxcddhj3i6pzfvzicc36/app.bsky.feed.post/3mljj2ukhrk2p,bafyreib5dapb5jmt27chxnc2gj7sfyivjc2mq5i5mn2pzlgzwyezuhhnji,dennisjkoch.bsky.social,"Dennis ""dejay"" Koch","I probably will not get my Google account back but I can try in a few weeks just to see if they have not deleted it entirely.

...and yes, political podcasters know their YouTube podcasts are in peril.

#USA #Trump #uspoli #Google #Canada #cdnpoli

What happens next is up to Google.",,,,1,0,0,0,2026-05-10T19:37:12Z,at://did:plc:mv6loxcddhj3i6pzfvzicc36/app.bsky.feed.post/3mljimljiqs2p,at://did:plc:mv6loxcddhj3i6pzfvzicc36/app.bsky.feed.post/3mljibxlg4k2p,NA,,,,,
at://did:plc:m3sunxdapqa7zvfzqfehvrzj/app.bsky.feed.post/3mljj2hpckc2w,bafyreihb3yx74zdg3kjdchx3bmjtsq2d453he45aogkgjo2yy6aktt6ms4,cervantesx.bsky.social,Cervantes Xavier 🇨🇦,"So hantavirus-exposed people are going to be let loose in my city to ""self isolate"", because they seem fine, 3 weeks into an infection that takes 6-8 weeks to show symptoms? 

Have we lost the fuckin' plot here? Why aren't they quarantined? 

If this blows up, we know who to blame. ⬇️

#cdnpoli",,,,0,0,0,0,2026-05-10T19:36:56Z,NA,NA,at://did:plc:u33od7k5yunjbq5o42ovla5f/app.bsky.feed.post/3mljbdtefpk27,,,,,
at://did:plc:abt5tpb7lqr7vopkrkwfswwq/app.bsky.feed.post/3mljiqld2l72k,bafyreig6orswfejjo5rcysrbyttlmmzmhnzijkn4gjufw5ug2qiep3jzw4,canadareport.org,Canada Report,"CGTN: Mother’s Day: How heroic mothers inspire Xi Jinping

Canada’s fastest news scan: 25+ headlines, no clutter, updated all day: CanadaReport.org

#cdnpoli #Canada #News #Business #Economy 
Read Original Article 🔗",,,,0,0,0,0,2026-05-10T19:31:27Z,NA,NA,NA,,,,,
at://did:plc:4xqt7t2zph634drigtdxdmro/app.bsky.feed.post/3mljiems32c25,bafyreihkfp5lddplbtspt3vzcq7f3lijs4j4hvksfbu5ynr3dirai2fbcu,journodale.bsky.social,Dale Smith,"For the Sunday crowd, my Loonie Politics Quick Take on why the voter list leak in Alberta is a sign for MPs to strengthen privacy provisions in Bill C-25 #cdnpoli",,,,0,0,2,0,2026-05-10T19:24:46Z,NA,NA,NA,,,,,
at://did:plc:42d3ygndtzzh2hzltcdqarw2/app.bsky.feed.post/3mljidy2qic2a,bafyreignmtxooxe74nz2uiuxs3nrzy3wk265bjyssmhbgeslqxjqgisgzm,megs.bsky.social,Megs 🇨🇦🏳️‍⚧️⚓,"Wow, thanks for that, Senator Slotkin. I mean it's not like we're a sovereign nation capable of making our own fucking decisions or anything, right?

The US, currently the absolute greasy flaming dumpster of the world, is congenitally incapable of minding its own fucking business. #cdnpoli",,,,1,1,13,0,2026-05-10T19:24:25Z,NA,NA,NA,,,,,
at://did:plc:r2qm5vzmsns46l4n6e6rjh2a/app.bsky.feed.post/3mljidge7lc2e,bafyreigqeay5py6dsobo3dv4pmuek3zc4qirqbddbgmwrihpbmr63loqmy,brucedc77.bsky.social,Bruce D. Cowherd   🇨🇦,#cdnpoli #Canada 🇨🇦 #CanadaSky #TeamCanada #TeamCarney #ElbowsUpCanada 🍁,,,,0,1,5,0,2026-05-10T19:24:06Z,NA,NA,at://did:plc:kx375dszrbvqtu7o4xxxmojn/app.bsky.feed.post/3mlje4dcwmc2p,,,,,
at://did:plc:osg2vzhifd2tjfsvfwua7scy/app.bsky.feed.post/3mljhyxssdk25,bafyreigadgatxqcxci5vwghlsferrvr5tr6csawzaaesbwte5643exitmq,symbo1ics.bsky.social,Linotype Pilgrim,"Carney's—capital's—agenda is the destruction of any hope of a future more egalitarian society in Canada. Along with environmental destruction and accelerationism, in perfect accordance with the global fascists and oligarchy that remain Canada's closest allies.
#cdnpoli",,,,0,5,12,0,2026-05-10T19:18:14Z,at://did:plc:osg2vzhifd2tjfsvfwua7scy/app.bsky.feed.post/3mljghulqnk26,at://did:plc:osg2vzhifd2tjfsvfwua7scy/app.bsky.feed.post/3mljghulqnk26,NA,,,,,
at://did:plc:mv6loxcddhj3i6pzfvzicc36/app.bsky.feed.post/3mljhwokyf22p,bafyreibfucw5xtkbzql4ee3u2edv3lj7o4mluimjyp3mnv5cefbaxkr5ha,dennisjkoch.bsky.social,"Dennis ""dejay"" Koch","Canada PM BLASTS Trump in HISTORIC SPEECH!!

@meidastouch.com Canada PM Mark Carney delivering a lethal blow to Trump in the form of a powerful speech that has sent the message that Canada is done with his antics and is done with the United States

youtu.be/URdudEB_oRY

#USA #Trump #uspoli #cdnpoli",,,,0,0,0,0,2026-05-10T19:16:59Z,NA,NA,NA,,,,,
at://did:plc:mv6loxcddhj3i6pzfvzicc36/app.bsky.feed.post/3mljhrhhl722p,bafyreie4enssvrvzxyjwaxpmwr7pvcwaq23gzkkb5zusnjagdvn764vxxu,dennisjkoch.bsky.social,"Dennis ""dejay"" Koch"," Trump Shaken during Actual Mental Breakdown

@adammockler.com breaks down Trump's descent into madness.

youtu.be/4bjUHOgxMuQ

#USA #Trump #uspoli #EU #UK #UK #Canada #cdnpoli #News",,,,0,0,0,0,2026-05-10T19:14:04Z,NA,NA,NA,,,,,
at://did:plc:3gqcsf6kly6scabus7eqtw2k/app.bsky.feed.post/3mljhmqluuk23,bafyreidqf7nvskq2w4kxaqi5cdtz2ckq7nktjn2rjd32x7moez7z5dzhii,inthewoodshop.bsky.social,,#ElbowsUp #RESIGNSMITH #NeverUCP #NeverSmith #DanielleSmithlsUnfitToLead #Ableg #Abpoli #Cdnpoli #ABResistance #UCPfail,,,,1,10,16,0,2026-05-10T19:11:27Z,NA,NA,NA,,,,,
at://did:plc:mhxcwdi46ykq5tfclyopu5yw/app.bsky.feed.post/3mljhlmoz722x,bafyreicwlbw554jny4urvphjccez2fuk7k55blfpsqe7zf43r652awwew4,canadacannabisnews.bsky.social,Canada Cannabis News,"Phenolic compounds, particularly flavonoids, are already highly valued in medicine for their antioxidant, anti-inflammatory, & anti-carcinogenic effects. 
#cannabismedicine #medicine #antioxidants #cdnhealth #publichealth #cdnpoli  #medicalcannabis #WHO #FDA 
www.sciencedaily.com/releases/202...",,,,0,0,1,0,2026-05-10T19:10:48Z,NA,NA,NA,,,,,
at://did:plc:3gqcsf6kly6scabus7eqtw2k/app.bsky.feed.post/3mljh7pyhfk23,bafyreicljnod455axv5cpmx3zbcgh4h2acqn7jxmtu2t3auia3r5dl23ue,inthewoodshop.bsky.social,,"Please, let it be today. #ElbowsUp #RESIGNSMITH #NeverUCP #NeverSmith #DanielleSmithlsUnfitToLead #Ableg #Abpoli #Cdnpoli #ABResistance #UCPfail",,,,0,1,5,0,2026-05-10T19:04:10Z,NA,NA,NA,,,,,
at://did:plc:abt5tpb7lqr7vopkrkwfswwq/app.bsky.feed.post/3mljh5nv3lz2k,bafyreiasg5smpd3ueqpbuacztjjblg42gkmsxs6n3d77snayzs3jewpxse,canadareport.org,Canada Report,"🇨🇦 PM Briefing — May 10  
Canada faces a hantavirus outbreak while pushing for sustainable energy.  
• Health protocols critical for public trust  
• Quebec leads in solar inves...

Read: canadareport.org/briefing-2026-05-10-afternoon.html
#cdnpoli",,,,0,0,0,0,2026-05-10T19:02:58Z,NA,NA,NA,,,,,
at://did:plc:oxb3kmal3netfpfkgkxlragl/app.bsky.feed.post/3mljh2xqj2k2l,bafyreifz7c22mnnxhkkvw4ertpudwytopknkfrbcaiqeunirc36w2q6wq4,denisesf5.bsky.social,DeniseSF5 🇨🇦*🇺🇦*🇩🇪,"prairiesexposed.medium.com/how-albertas...

We can't fight the enemy within if we don't know who they are. Be aware of the dark underbelly in Alberta/ Canad. Be prepared to battle them for our democracy and sovereignty as a whole. 
#FuckDanielleSmith #DanielleSmith #CenturionProject #cdnpoli",,,,0,2,1,0,2026-05-10T19:01:27Z,NA,NA,NA,,,,,
at://did:plc:eaeuyrvdlqvjgznelgcdimct/app.bsky.feed.post/3mljh25o5tk2k,bafyreiefnvhq23dpdwjheogqtmldc3pxyx6uccs2udj4vmohlggufpkta4,madhat59kenwood.bsky.social,Ken Wood part owner of 🇨🇦,No Frills another #Roblaws almost expect it. #cdnpoli,,,,0,2,4,0,2026-05-10T19:01:00Z,NA,NA,at://did:plc:4oetylnzglrihz2l2k5kmv6k/app.bsky.feed.post/3mlinq6m3rc2f,,,,,
at://did:plc:sywtwkbhpdibiprqvv7epcto/app.bsky.feed.post/3mljgzi7k5s2o,bafyreic6ezp6cpapcdogmirc6y7idbvs2jozmhy35bfyddctsq7bdvy3dy,elliott4mp.bsky.social,"Derek Elliott, Libertarian","Your life isn't a data point for gov't to track. While you're trying to balance a budget, Ottawa is burning 100s of millions on a census that invades your privacy. It is time to start respecting Canadian families.

Watch the full video here: www.youtube.com/shorts/xZ0jo...

#cdnpoli #Libertarian",,,,0,0,0,0,2026-05-10T19:00:42Z,NA,NA,NA,,,,,
at://did:plc:eaeuyrvdlqvjgznelgcdimct/app.bsky.feed.post/3mljgye3d522k,bafyreifjkbobwxvjpbc6ehkq3p32pviygitlksbsvgno5ff36emuefro5q,madhat59kenwood.bsky.social,Ken Wood part owner of 🇨🇦,WTF? #cdnpoli,,,,0,1,1,0,2026-05-10T19:00:00Z,NA,NA,at://did:plc:xl5gwwaeebelpr6lij65rmmu/app.bsky.feed.post/3mlj3pbbk2223,,,,,
at://did:plc:rsvzkqxa2xdojwmjljqzs4ik/app.bsky.feed.post/3mljgwrwjmk2e,bafyreibxwynzibr2j57q7lfdfcjem2hiu5ygwrqrjnobe5xen27gnuowzm,thebreakdownab.bsky.social,The Breakdown AB,"New guest Op-ed!

With Albertans struggling to understand the full scope of the separatist data breach and asking questions about what can possibly be done, we've got a guest op-ed that pulls no punches by Chris Sturwold!

#abpoli #ableg #cdnpoli 

 open.substack.com/pub/thebreak...",,,,3,51,90,3,2026-05-10T18:59:09Z,NA,NA,NA,,,,,
at://did:plc:eaeuyrvdlqvjgznelgcdimct/app.bsky.feed.post/3mljgubomrc2k,bafyreic7anzui6lnkc5l42cb77ckf3svn7rkv3t5gi7caq2wcarcqcpom4,madhat59kenwood.bsky.social,Ken Wood part owner of 🇨🇦,She is full of shit! #cdnpoli,,,,0,0,0,0,2026-05-10T18:57:43Z,NA,NA,at://did:plc:uq6jsoebrepmxl7jsxmc6bup/app.bsky.feed.post/3mlggyqc2622j,,,,,
at://did:plc:eaeuyrvdlqvjgznelgcdimct/app.bsky.feed.post/3mljgoaxrvk2k,bafyreidcz4ysyi3rzbdri23lgxjv5otlwcfpaxwtrwsdc7b4rbam74kxne,madhat59kenwood.bsky.social,Ken Wood part owner of 🇨🇦,"Both businesses, IMO, cry too much for reduced business taxes & breaks. Again I'll say its not capitalism thats wrong its what govts do with it & ideologically manipulate it. #cdnpoli",,,,0,0,1,0,2026-05-10T18:54:21Z,at://did:plc:enxqwi3p34i4etwwd4vgz3xy/app.bsky.feed.post/3mljelv6vbi2x,at://did:plc:eaeuyrvdlqvjgznelgcdimct/app.bsky.feed.post/3mlj4i44sqs24,NA,,,,,
at://did:plc:4xqt7t2zph634drigtdxdmro/app.bsky.feed.post/3mljglbjkkc25,bafyreiabl2bkz527leo7xpbnkagv3wfbswhxaki6bwylkjkbglsbg3mnle,journodale.bsky.social,Dale Smith,"For the Sunday crowd, my weekend Loonie Politics column: Jason Kenney wants the rest of Canada to clean up his mess #cdnpoli",,,,0,0,1,1,2026-05-10T18:52:41Z,NA,NA,NA,,,,,
at://did:plc:osg2vzhifd2tjfsvfwua7scy/app.bsky.feed.post/3mljghulqnk26,bafyreiguv3ozyqmdypn3xnxgpxbjqeg4akdcxnfcxbj64f5dqyqxyqm73y,symbo1ics.bsky.social,Linotype Pilgrim,"Capitalists are sock-puppeting CBC, inserting phrases like ""money bleeding"" when referring to essential public services.

In fact, capitalism is the least efficient way to deliver any service, and Carney is enacting a colossal privatisation drive which includes healthcare in Canada. 

#cdnpoli",,,,1,9,25,0,2026-05-10T18:50:47Z,NA,NA,at://did:plc:5rxcpjus3ple6jpbuafvm4og/app.bsky.feed.post/3mlit5k6y6s2g,,,,,
at://did:plc:re7tflvczjceanwkco2bseqb/app.bsky.feed.post/3mljfrccjm22e,bafyreihdcn2oex4abbjxhlpg6t3o4ncsmn6xbued36dccjh7vfh76k227q,bella-andme.bsky.social,Sherry Lee,"An important fact to remember. 
Remember who Premier Danielle Smith is.
#cdnpoli #abpoli",,,,1,3,11,1,2026-05-10T18:38:10Z,NA,NA,at://did:plc:4euncr44a5aflpbcbjhvjvdo/app.bsky.feed.post/3mljds6l73b2n,,,,,
at://did:plc:xzgwn3nornr6v6cdd2fqsdru/app.bsky.feed.post/3mljfkbfd2k2m,bafyreic4prbqvllczbzbmgwqg25bvt6mapy34ufilagc3jvhjdhk42ug5m,mikemontreal.bsky.social,Montreal Mike🇨🇦,"JFC 🤦‍♂️
Grow up, kids. 
I had university exams and such and how did I “blow of stress”?
NOT THIS or anything remotely close to this. 
#cdnpoli

www.cbc.ca/news/canada/...",,,,2,0,1,0,2026-05-10T18:34:14Z,NA,NA,NA,,,,,
at://did:plc:abt5tpb7lqr7vopkrkwfswwq/app.bsky.feed.post/3mljff3vrsl2j,bafyreigtxkpp6ttmj3immbuqjai2duxgpnyn3j22f3efca77fhjthbrqpy,canadareport.org,Canada Report,"Pimco CIO Sees Risk of Fed Hiking Rates Due to Iran War, FT Says

Canada’s fastest news scan: 25+ headlines, no clutter, updated all day: CanadaReport.org

#cdnpoli #Canada #News #Business #Economy 
Read Original Article 🔗",,,,0,0,0,0,2026-05-10T18:31:20Z,NA,NA,NA,,,,,
at://did:plc:ig6dnt4tqgg7iwwtywx3bkvd/app.bsky.feed.post/3mljf55rrg22u,bafyreif3muvgm7dnqg53r3ue5uf2vzancu3iwej3eme53hkwuzrpweb6ea,robduncan.bsky.social,Rob Duncan,#pedopresident #Pedogarchy #Pedophocracy #25thAmendment #TraitorTrump #USPOL #USA #us #uspoli #poli #politics #cdnpoli #canada #auspol #MeidasMighty #america #history #RemoveTrump #DonaldTrump #Trump #TRUMP #FuckTrump #antifa #AntiTrump #fascistfelon #FightOligarchy #DefundBillionaires #TrumPedo,,,,0,5,17,0,2026-05-10T18:26:57Z,NA,NA,NA,,,,,
at://did:plc:ig6dnt4tqgg7iwwtywx3bkvd/app.bsky.feed.post/3mljf3mphg22u,bafyreiejezxbat3dvtb6szjfndyzayyxpyn2pqvxo2lz2eezdkgwsfruqy,robduncan.bsky.social,Rob Duncan,#pedopresident #Pedogarchy #Pedophocracy #25thAmendment #TraitorTrump #USPOL #USA #us #uspoli #poli #politics #cdnpoli #canada #auspol #MeidasMighty #america #history #RemoveTrump #DonaldTrump #Trump #TRUMP #FuckTrump #antifa #AntiTrump #fascistfelon #FightOligarchy #DefundBillionaires #TrumPedo,,,,2,7,17,1,2026-05-10T18:26:07Z,NA,NA,NA,,,,,
at://did:plc:ig6dnt4tqgg7iwwtywx3bkvd/app.bsky.feed.post/3mljf24r2tc2u,bafyreiagpqzynapnzwukwc5knoghdrkfwz5z3ea7vk4jtn6ppt7vfnt7pe,robduncan.bsky.social,Rob Duncan,#auspol #USPOL #USA #us #uspoli #poli #politics #cdnpoli #canada #MeidasMighty #communityovercapitalizm #america #history #anticapitalism #anticapitalist #capitalismkills #killCapitalism #capitalism #abolishcapitalism #fuckcapitalism #SocialJustice #ethics #ClassConsciousness #FalseConsciousness,,,,0,1,12,0,2026-05-10T18:25:16Z,NA,NA,NA,,,,,
at://did:plc:ig6dnt4tqgg7iwwtywx3bkvd/app.bsky.feed.post/3mljewbgqm22u,bafyreif2y2zen3nwzj5z5fruvrxqa7g7jg4cfk4zxkxyksnmyshybfjj5y,robduncan.bsky.social,Rob Duncan,#auspol #USPOL #USA #us #uspoli #poli #politics #cdnpoli #canada #MeidasMighty #communityovercapitalizm #america #history #anticapitalism #anticapitalist #capitalismkills #killCapitalism #capitalism #abolishcapitalism #fuckcapitalism #SocialJustice #ethics #ClassConsciousness #FalseConsciousness,,,,0,1,8,0,2026-05-10T18:23:06Z,NA,NA,NA,,,,,
at://did:plc:enxqwi3p34i4etwwd4vgz3xy/app.bsky.feed.post/3mljelv6vbi2x,bafyreie6xno4asvho7obci7ckfjfqmn7ejs7obbwdi2ucdqxibnafkfq44,sheenasharp.bsky.social,Sheena Sharp,"I’m thinking the framework is wrong. I’m thinking it lies in small business vs big business. 

We only need unions because businesses are too big. “Socialism” isn’t entirely working either. 

#cdnpoli",,,,1,0,1,0,2026-05-10T18:17:14Z,at://did:plc:eaeuyrvdlqvjgznelgcdimct/app.bsky.feed.post/3mlj4i44sqs24,at://did:plc:eaeuyrvdlqvjgznelgcdimct/app.bsky.feed.post/3mlj4i44sqs24,NA,,,,,
at://did:plc:i2grq5k4gqwyilcjuftzluyx/app.bsky.feed.post/3mljehd6o522i,bafyreig2yak456whnxgwxhyngds6zzklvqdp2r37gjq45fztb65s27n6ea,voscovery.bsky.social,Richard Price 🇨🇦,"This is awfully rich coming a state where the CIA and NSA are scrubbing and secretly accessing vast amounts of personal and identifiable Canadian data that passes through US servers without  approval, warrants or notification. #cdnpoli #usa 

www.cbc.ca/news/politic...",,,,0,1,3,0,2026-05-10T18:14:58Z,NA,NA,NA,,,,,
at://did:plc:ig6dnt4tqgg7iwwtywx3bkvd/app.bsky.feed.post/3mlje5fab3c2u,bafyreidi2amvh3dpedmgkbkz6rwxjnwssvaebzaac4mtgztcbydt3duvui,robduncan.bsky.social,Rob Duncan,#pedopresident #Pedogarchy #Pedophocracy #25thAmendment #TraitorTrump #USPOL #USA #us #uspoli #poli #politics #cdnpoli #canada #auspol #MeidasMighty #america #history #RemoveTrump #DonaldTrump #Trump #TRUMP #FuckTrump #antifa #AntiTrump #fascistfelon #FightOligarchy #DefundBillionaires #TrumPedo,,,,0,0,5,0,2026-05-10T18:09:10Z,NA,NA,NA,,,,,
at://did:plc:h2spa3l463coxycuy6iiov2l/app.bsky.feed.post/3mljdtkxqic2v,bafyreigf7scfc7vst2jr3sitybkwrmkoyf652jmgwr47kmqodg2rlcvks4,shewandersferal.bsky.social,Allison Moon 🌙  🍁,"I’m warning you…
#Oracle

🍁 #CANpoli 🍁 #CDNpoli 🍁  #CanadaSky 🌌 #HealthCare

#universalHealthcare",,,,1,0,0,0,2026-05-10T18:03:40Z,at://did:plc:wsmfyrijuqtqhx2kjfg7vegt/app.bsky.feed.post/3mlj3j3wj422o,at://did:plc:wsmfyrijuqtqhx2kjfg7vegt/app.bsky.feed.post/3mlj3j3wj422o,NA,,,,,
at://did:plc:h2spa3l463coxycuy6iiov2l/app.bsky.feed.post/3mljdrjba7k2v,bafyreiculkhazfdltujsseor5g4mwcvwyhca2m2xcyx56hxu4g677vpx4q,shewandersferal.bsky.social,Allison Moon 🌙  🍁,"I’m warning you…

🍁 #CANpoli 🍁 #CDNpoli 🍁  #CanadaSky 🌌 #HealthCare
#PrivacyRights ⚕️ #AI #diagnostics
#eroding #UniversalHealthcare",,,,1,0,0,0,2026-05-10T18:02:33Z,at://did:plc:wsmfyrijuqtqhx2kjfg7vegt/app.bsky.feed.post/3mlj3j3wj422o,at://did:plc:wsmfyrijuqtqhx2kjfg7vegt/app.bsky.feed.post/3mlj3j3wj422o,NA,,,,,
at://did:plc:abt5tpb7lqr7vopkrkwfswwq/app.bsky.feed.post/3mljdpuwyml2k,bafyreic53mgrubb34i2qzvr2a5hni2vnp6cdyehlmq6vw3csoeobgxro6i,canadareport.org,Canada Report,"Hantavirus à bord du MV Hondius | Quatre passagers canadiens devront s’isoler durant 21 jours

Canada’s fastest news scan: 25+ headlines, no clutter, updated all day: CanadaReport.org

#cdnpoli #Canada #News 
Read Original Article 🔗",,,,0,0,0,0,2026-05-10T18:01:34Z,NA,NA,NA,,,,,
at://did:plc:ed63zp3ko7gvx6cfpxko45mo/app.bsky.feed.post/3mljde23exk2m,bafyreic2bfgd46rmwla5c2nihd2rbcvh2hnxxmu45fxpdodxg5g4a4754u,heathermoandco.bsky.social,Heather e^-1/x^2,"I’ve been talking about this on & off for a decade now. #Brexit, attacks on #NATO, fueling global “separatist” sentiments, including in 🇨🇦, have been an ongoing Kremlin “project”. But things have worsened considerably as the far right in 🇺🇸, have stepped up their efforts to destabilize 🇨🇦. #cdnpoli",,,,1,2,3,0,2026-05-10T17:54:59Z,at://did:plc:q4l5ocnpdmiftlta2iawxm3y/app.bsky.feed.post/3mlj7qi5yyk2g,at://did:plc:ed63zp3ko7gvx6cfpxko45mo/app.bsky.feed.post/3mlj6r3tbk22m,NA,,,,,
at://did:plc:6czkifcvhzqdzz3ltnbjwynj/app.bsky.feed.post/3mljd5277zs2k,bafyreiclrudwojx3jqxg4gwi4w7i3254c57syqb4luv6el4dumssh7i35m,ericrwilkinson.bsky.social,Eric Wilkinson,"Pleased to announce ""Envisioning Canada,"" a special issue of the journal Dialogue, edited by myself and Elizabeth Trott. 

A great bilingual collection on subjects like patriotism, borders, apology, language, and the history of Canadian philosophy. #philosophy #cdnpoli #ethics #history #Canada",,,,0,1,2,0,2026-05-10T17:51:04Z,NA,NA,NA,,,,,
at://did:plc:h2spa3l463coxycuy6iiov2l/app.bsky.feed.post/3mljd36czoc2v,bafyreiac77zitr3ed6dfb6rsl5qg3za6dc2nyqmf42paezpvd3pxfy3wda,shewandersferal.bsky.social,Allison Moon 🌙  🍁,"everything #Alberta #UCP & #GOPwannabeTories are harnessing to #manipulate #Canadians

🍁 #CANpoli 🍁 #CDNpoli 🍁  #CanadaSky 🌌 #Psychology",,,,0,0,1,0,2026-05-10T17:50:00Z,NA,NA,at://did:plc:qfbbgtkjgfgcg4ntbra7pxd3/app.bsky.feed.post/3mlh6og6twc2y,,,,,
at://did:plc:52x4hgh43acag3ecs2qi57tr/app.bsky.feed.post/3mljd2s6xpc2t,bafyreigjjg2wgcfakqtgblqshkk2gopa2astdhw6zbex57horwl6ge3cme,albertagirl67.bsky.social,albertagirl67 🇨🇦🇺🇦👊🐧🔥,Wonder how he feels about taxpayer $s in the hundreds of millions going to exec bonuses for Ubisoft & foreign O&G companies just to name a couple of the myriad of private undertakings that only exist because of corporate socialism. The free market has been dead for decades. #cdnpoli,,,,0,0,2,0,2026-05-10T17:49:47Z,NA,NA,at://did:plc:xpgujbkkrjevueb53vpgnetz/app.bsky.feed.post/3mlggoxuai227,,,,,
at://did:plc:7wmc36uwxgne6bdfvpq4jfwx/app.bsky.feed.post/3mljczzzye227,bafyreib6fl2osukzvz4bmowy2ilakflsk5mrysxiuktewyunmuefazjiqq,drunkweather.bsky.social,Drunkweather,🤡 #CDNpoli 🤡,,,,0,0,0,0,2026-05-10T17:49:22Z,NA,NA,at://did:plc:5rxcpjus3ple6jpbuafvm4og/app.bsky.feed.post/3mlit5k6y6s2g,,,,,
at://did:plc:h2spa3l463coxycuy6iiov2l/app.bsky.feed.post/3mljcm3vbuc23,bafyreigmt2zdn5suynjt2ac4747tlzsnr4fpimipv65ll4gqn66apqagli,shewandersferal.bsky.social,Allison Moon 🌙  🍁,"#PrivacyRights
🍁 #CANpoli 🍁 #CDNpoli 🍁  #CanadaSky 🌌 #Privacy

#Google #legal",,,,0,0,2,1,2026-05-10T17:41:36Z,NA,NA,NA,,,,,
at://did:plc:re7tflvczjceanwkco2bseqb/app.bsky.feed.post/3mljcl3227k2q,bafyreifsuibwesmgopw2aew6a7nxa3zhvypsz44lzoeqlnuljkp3i45ihi,bella-andme.bsky.social,Sherry Lee,"A case of take care of your own backyard before meddling in someone else's.
#cdnpoli",,,,0,0,2,0,2026-05-10T17:41:00Z,NA,NA,at://did:plc:yzjmgg6uorsfs2bm6txotdx6/app.bsky.feed.post/3mljaielgmk2u,,,,,
at://did:plc:k5zp2oxoeyf7fsvj2ijmcbve/app.bsky.feed.post/3mljchgu4lc2j,bafyreibcxqcfrftyhnud457jmtdnynplumjpmsosgnhk67gkg2vhtfl3hy,laurenshirleyj.bsky.social,LaurenSJ,I love being lectured by American officials while they let their democracy backslide and their executive branch attack our sovereignty. Calling this “strained” is an understatement...call a spade a spade: your government is hostile toward Canada. #cdnpoli,,,,1,0,3,1,2026-05-10T17:38:59Z,NA,NA,NA,,,,,
at://did:plc:4hzvn5p3sel2k5eayadtblr4/app.bsky.feed.post/3mljcgw7zac2q,bafyreibed5fdynyq6wagfmw777hhsm5v5q3tw67cw3tyjkyidhakpyqykm,thepikasue.bsky.social,The PikaSue 🇨🇦,"THIS!!!    

Again, wt are they not being charged with sedition?!  

#cdnPoli #FuckMapleMaga #FuckDanielleSmith #Alberta #Sedition",,,,0,0,1,0,2026-05-10T17:38:40Z,NA,NA,at://did:plc:serlxfuuco5zwtgjbezfqib5/app.bsky.feed.post/3mljbi6wnn22i,,,,,
at://did:plc:2jfr7qhenekca6f6qtjgwdr4/app.bsky.feed.post/3mljcaiwass2m,bafyreifjrtjipttpsyi2jkubckftbvpjtu7ewocezldnwcn4t4uqrtqh3a,calgaryclimatehub.ca,Calgary Climate Hub,"JOIN: www.calgaryclimatehub.ca/membership

VOLUNTEER: www.calgaryclimatehub.ca/volunteer

DONATE: www.calgaryclimatehub.ca/donate

TREE PARTY! www.calgaryclimatehub.ca/tree_party2026

#ClimateAction #EnergyTransition #ClimateChange #yyc #yyccc #abpoli #cdnpoli",,,,0,6,6,1,2026-05-10T17:35:05Z,NA,NA,at://did:plc:2jfr7qhenekca6f6qtjgwdr4/app.bsky.feed.post/3mljc75nlak2k,,,,,
at://did:plc:2jfr7qhenekca6f6qtjgwdr4/app.bsky.feed.post/3mljc75nlak2k,bafyreifxccwnopmcu7xz5m3n6sojodr35eipc77dfiq4hezagqfdchfcm4,calgaryclimatehub.ca,Calgary Climate Hub,Happy #MothersDay to all of the moms! You make the world go around! #ClimateAction #EnergyTransition #ClimateChange #yyc #yyccc #abpoli #cdnpoli,,,,0,4,4,2,2026-05-10T17:34:23Z,NA,NA,NA,,,,,
at://did:plc:ralxrfpmgdxc7hmnvujfzjqy/app.bsky.feed.post/3mljc6ifubc2n,bafyreidpydjftz74252ptbf4byizyupze3sfpapihvb5mwe6zvnfd2dicq,turnbullwhitby.bsky.social,MP Ryan Turnbull 🇨🇦🇺🇦,"Canadians want good jobs, strong wages, and prosperity for the future. That is why we are investing in recruiting, training, and hiring up to 100,000 skilled trades workers while supporting 100,000 summer jobs for youth across Canada. 

#Cdnpoli #CanadaStrong #SkilledTrades",,,,2,5,10,0,2026-05-10T17:33:58Z,NA,NA,NA,,,,,
at://did:plc:abt5tpb7lqr7vopkrkwfswwq/app.bsky.feed.post/3mljc26gs6j2j,bafyreicli4iluxf3tdtaf7vrrtrw36mfj5ihmqkruxsgrkibnpb54udcy4,canadareport.org,Canada Report,"Once Ridiculed, Farage Is Closing In On His Quest to Rule the UK

Canada’s fastest news scan: 25+ headlines, no clutter, updated all day: CanadaReport.org

#cdnpoli #Canada #News #Business #Economy 
Read Original Article 🔗",,,,0,0,0,0,2026-05-10T17:31:32Z,NA,NA,NA,,,,,
at://did:plc:7ycfilosz2dmgcnqbh76jdol/app.bsky.feed.post/3mljbieb2r22m,bafyreiehbh43bwazuegg2mwnedp2jijtvngfqpiofjsgytulipr6v65mbi,coolxenu.bsky.social,Cool Xenu 8647,"I approve!

theonion.com/church-of-sc...

#cdnpoli 

#USA #MAGA",,,,0,0,0,0,2026-05-10T17:21:37Z,NA,NA,NA,,,,,
at://did:plc:bke6jjgklvnkfrnv5av47wbt/app.bsky.feed.post/3mljb4vyzqk2t,bafyreih2lbhw7xcejcg3ucfvy444czmo6jra4grzyixlnyt2t2h4xzisvq,augustina.bsky.social,Augustina,"I really wish American's had Universal Healthcare. There certainly are enough people who can keep the program solvent. That UHC is non-profit ... that's the issue. Profits before people.

Take heed of this ladies comment, #Alberta #Canada
This is the reality of for-profit healthcare.
#cdnpoli",,,,0,0,1,0,2026-05-10T17:15:12Z,at://did:plc:blugtnwci44ith5gxnptp7na/app.bsky.feed.post/3mlja2k6dbk2q,at://did:plc:blugtnwci44ith5gxnptp7na/app.bsky.feed.post/3mlja2k6dbk2q,NA,,,,,
at://did:plc:52x4hgh43acag3ecs2qi57tr/app.bsky.feed.post/3mljavoxixs2t,bafyreiego7s35k2te3oybajmliq5zptlmflzcchrmtcbjqmjdmynq6xbim,albertagirl67.bsky.social,albertagirl67 🇨🇦🇺🇦👊🐧🔥,#abpoli #skpoli #bcpoli #mbpoli #cdnpoli,,,,0,2,4,0,2026-05-10T17:11:08Z,NA,NA,at://did:plc:k5iljqtzjxcinvcpivv7id5z/app.bsky.feed.post/3mlhofqt7ac2u,,,,,
at://did:plc:oqxoq7btbkztewuzmallzuvo/app.bsky.feed.post/3mljar6wzc22u,bafyreigpftfmrhfxhphd4yi45zrqsew5gv5hvhmt6xiszaa7d7brlxmo7y,lukaszukab.bsky.social,Hon. Thomas A. Lukaszuk,"I was honoured to receive blessings from Blackfoot spiritual leaders yesterday.

Thank you for your prayers for our #ForeverCanadian movement and for Canadian unity.

#ableg #cdnpoli",,,,2,21,116,0,2026-05-10T17:08:47Z,NA,NA,NA,,,,,
at://did:plc:yzjmgg6uorsfs2bm6txotdx6/app.bsky.feed.post/3mljaielgmk2u,bafyreidfy3h6rbhp7x52fjhmbg4chenrizqboqffwbv2q6owhpqlfvmbwy,davenlsn.bsky.social,Dave Nelson 🇨🇦,"Canada doesn't need advice from a country which elected trump.
#CanadaSky #cdnpoli 

www.cbc.ca/news/politic...",,,,11,19,49,1,2026-05-10T17:03:43Z,NA,NA,NA,,,,,
at://did:plc:abt5tpb7lqr7vopkrkwfswwq/app.bsky.feed.post/3mljaee5gf72b,bafyreibtt7f7duwvlhysekesd7f6ctupyxiykh5236v33ltkrnfjnphaua,canadareport.org,Canada Report,"Menaces russes | Des responsables européens mettent en garde le Canada

Canada’s fastest news scan: 25+ headlines, no clutter, updated all day: CanadaReport.org

#cdnpoli #Canada #News 
Read Original Article 🔗",,,,0,0,0,0,2026-05-10T17:01:27Z,NA,NA,NA,,,,,
at://did:plc:52x4hgh43acag3ecs2qi57tr/app.bsky.feed.post/3mljaboqjxk2t,bafyreibi4vydrbwjfdzjbduymi3jjvvd53csbsk6x4cef7h5aw5bn3lene,albertagirl67.bsky.social,albertagirl67 🇨🇦🇺🇦👊🐧🔥,"Similarities with Brexit have been raised by the AB premier as a veiled threat. It is established Brexit was propelled by conservative politicians lying & Russian funding. Brexit economically destroyed the people who voted for it, except for the wealthy & those paid by Russia. #cdnpoli #abpoli",,,,0,3,6,0,2026-05-10T16:59:57Z,NA,NA,at://did:plc:y3xrmnwvkvsq4tqcsgwch4na/app.bsky.feed.post/3mliltq32bq2h,,,,,
at://did:plc:67mpqdmuvarollmm2lqcz6ac/app.bsky.feed.post/3mlja5jewic2t,bafyreif2wg5oryu4jjw5milyesyd3ynq7z7hnhb3whepbnhtjm3mmpxtky,coldcollective.bsky.social,4restKC,"@slotkin.senate.gov doesn't get to pick who we do trade deals with. 

Keep her anti-China rhetoric out of this fucking country, this is the opposite of diversifying and ""elbows up""

@mark-carney.bsky.social 

#cdnpoli #abpoli",,,,0,1,3,0,2026-05-10T16:57:38Z,NA,NA,NA,,,,,
at://did:plc:qjspeijiw5wn2eapz3lllnsn/app.bsky.feed.post/3mlj7yl67nk24,bafyreidcnec7vzkcb5zgnitjypjlwu4jsyz24x6p23jmgtamua27d7drjm,johangreg.bsky.social,Greg Johansen 🇺🇦🇨🇦🏳️‍🌈🇵🇸🎾,Prime Minister Mark Carney speaks with President of Lebanon Joseph Aoun #cdnpoli www.pm.gc.ca/en/news/read...,,,,0,0,0,0,2026-05-10T16:54:52Z,NA,NA,NA,,,,,
at://did:plc:67mpqdmuvarollmm2lqcz6ac/app.bsky.feed.post/3mlj7xmudjc2t,bafyreig42t56ds7c7cplkeotyeema6zxqhja5dd4w65buxrjgottrn7ene,coldcollective.bsky.social,4restKC,"Carney gets a visit from CIA wet blanket Slotkin and Mckinsey Bread fixer Buttigieg then comes out saying we need deeper integration with America??

Fuck. that. shit. 

Carney cares about continuing the flow of capital to the top, not everyday Canadians.

#cdnpoli #abpoli",,,,1,0,1,0,2026-05-10T16:54:20Z,NA,NA,NA,,,,,
at://did:plc:mv6loxcddhj3i6pzfvzicc36/app.bsky.feed.post/3mlj7usj3yd2r,bafyreigpt3sqpxqv27j3ciffqtgmpwwkptedmdv5imqp3pcd3gxzt6l734,dennisjkoch.bsky.social,"Dennis ""dejay"" Koch","I started this new Bluesky and if you want to see the old account it is @dejayk.bsky.social Yeah, still there but I cannot access it.

So the reach of Trump goes far and Canadians should be aware the fact.

#Canada #cdnpoli #USA #Trump #uspoli #Google #Breaking #News #SocialMedia",,,,0,1,1,0,2026-05-10T16:52:46Z,at://did:plc:mv6loxcddhj3i6pzfvzicc36/app.bsky.feed.post/3mlj7usj2z32r,at://did:plc:mv6loxcddhj3i6pzfvzicc36/app.bsky.feed.post/3mlj7urow3s2r,NA,,,,,
at://did:plc:qjspeijiw5wn2eapz3lllnsn/app.bsky.feed.post/3mlj7rxyarc24,bafyreicfu5eztol6bgr544hzog5i73xqqfizood4xkg5l4a5ea4j2qmhky,johangreg.bsky.social,Greg Johansen 🇺🇦🇨🇦🏳️‍🌈🇵🇸🎾,Prime Minister Mark Carney speaks with President of the Republic of Korea Lee Jae Myung #cdnpoli www.pm.gc.ca/en/news/read...,,,,0,0,0,0,2026-05-10T16:51:10Z,NA,NA,NA,,,,,
at://did:plc:x2fori67bggzcj2a6c7sj6ur/app.bsky.feed.post/3mlj7ogv4bc2q,bafyreibjqaxemtx3jdqaslzobnrbibno7ly5xo7xryz5nbkmwnl5pgdbvi,jimmydp01.bsky.social,J Payne,"@mark-carney.bsky.social 
@anitaoakvilleeast.bsky.social 

#ICC #ICJ 

#Gaza #Palestine 
#Cdnpoli #BCPoli",,,,0,0,0,0,2026-05-10T16:49:13Z,NA,NA,NA,,,,,
at://did:plc:x2fori67bggzcj2a6c7sj6ur/app.bsky.feed.post/3mlj7lqz3qk2q,bafyreidbvvqtor3257zozfqzseh7jzfpx3rxiiyxroe2eexnyve2yq3t6a,jimmydp01.bsky.social,J Payne,"Aljazeera News;

The News agency that's outlawed in Israel;

#idfbombshospitals 

@mark-carney.bsky.social 
@anitaoakvilleeast.bsky.social 
@eleanorolszewski.bsky.social 

#ICC #ICJ 

#Gaza #Palestine 
#Cdnpoli",,,,0,0,0,0,2026-05-10T16:47:44Z,NA,NA,NA,,,,,
at://did:plc:k6a35s56ijvrb4zjkq4ojll5/app.bsky.feed.post/3mlj7h5k7r62n,bafyreiafmpzk55nbtwcwqs2ipigainebkdkkkhbxl4vrkkklo3invi2eym,toptags.bsky.social,Trending Hashtags,"🚀 BlueSky trending hashtags (15m) #16-30:

#stunday #gay #メイドの日 #sexy #nsfwsky #cock #ocsky #gaynsfw #goodomens #pokemon #porn #onlyfans #cdnpoli #digitalart #fishing

👇 #1-15 trending hashtags",,,,0,0,1,0,2026-05-10T16:45:06Z,NA,NA,at://did:plc:z22iojvb45xno3nblfy6fcwg/app.bsky.feed.post/3mlj7h5btfu2p,,,,,
at://did:plc:52x4hgh43acag3ecs2qi57tr/app.bsky.feed.post/3mlj7cqw5v22t,bafyreiclkrkj4signv4zzrpiyp5iqh26x4ugykj4kbci3pdgzzu7t4oyvm,albertagirl67.bsky.social,albertagirl67 🇨🇦🇺🇦👊🐧🔥,How many bus loads of people were brought in to vote? That is the usual tactic used to ensure a candidate winning along with having their people vote using names from an organization's (e.g. church) data base. Party nominations are the weakest link in our democracy. Right Jason? #cdnpoli #onpoli,,,,0,0,0,0,2026-05-10T16:42:39Z,NA,NA,at://did:plc:tpd4fxsnyhzzhnj6g4llqsfn/app.bsky.feed.post/3mlj3ymmvv7e2,,,,,
at://did:plc:qjspeijiw5wn2eapz3lllnsn/app.bsky.feed.post/3mlj7c2s3ok2a,bafyreiau3sp56ilo5kofh75zdddxtzy5onctfqa2jmu4ll55ld72vm7jl4,johangreg.bsky.social,Greg Johansen 🇺🇦🇨🇦🏳️‍🌈🇵🇸🎾,"This week in Toronto, Prime Minister Mark Carney met with the President of Guyana Dr. Mohamed Irfaan Ali.
The leaders discussed Canada’s role as a reliable trade partner and opportunities to increase investment in sectors including energy,and technology #cdnpoli
Details: www.pm.gc.ca/en/news/read...",,,,1,2,4,0,2026-05-10T16:42:18Z,NA,NA,NA,,,,,
at://did:plc:eaeuyrvdlqvjgznelgcdimct/app.bsky.feed.post/3mlj7abc3sc2m,bafyreic5uh456ky5auok25vnl64elhd37rpsxq3stpsq5ilfqvczqpgp24,madhat59kenwood.bsky.social,Ken Wood part owner of 🇨🇦,People were asking for help so Fed govt responded with temporary cut. Ask those greedy bloody O&G companies that have gouged us to higher profits how they feel. But we know they dont. Ask Premiers that havent reduced gas cuts why not? Put the fn blame properly greedy big biz O&G. #cdnpoli,,,,2,2,3,0,2026-05-10T16:41:15Z,NA,NA,at://did:plc:dycsbij6zb2mbaugl2tp443u/app.bsky.feed.post/3mlj666rr6k23,,,,,
at://did:plc:iyyzcuc24pgchmsbjnsa3wu3/app.bsky.feed.post/3mlj76ekmfc2f,bafyreicr536xxjb2mwpf5h22332tzj4etbegns54xh6a36zbc6jm4lygye,torontokate.bsky.social,🎶 I Will Choose Freewill 🇨🇦,"Even the youngers said ""It's kind of promoting addiction to kids. Especially since they were handing out like the sticks to snort stuff with as well. We're just thinking that they're starting to try & interpret things too early for kids when things shouldn't even be said"" #onpoli #cdnpoli #BCpoli",,,,0,0,0,0,2026-05-10T16:40:14Z,NA,NA,NA,,,,,
at://did:plc:w4xgktzvnu4xyy37xlgp3xki/app.bsky.feed.post/3mlj6sq7uvs2d,bafyreigj6ejxxabra7da63ksmojjwdjkiv7ipuq4bxg7aujbvnonudarg4,cindylee2102.bsky.social,Lil Cin 🇨🇦,"Everytime I read an article about this, I get furious again. #FireTheUCP #abpoli #ableg #cdnpoli",,,,0,10,12,0,2026-05-10T16:33:42Z,NA,NA,at://did:plc:3hl765eqqq2hig5aaor5gl2c/app.bsky.feed.post/3mliyzrls4222,,,,,
at://did:plc:ig6dnt4tqgg7iwwtywx3bkvd/app.bsky.feed.post/3mlj6sm7rcc2u,bafyreicfx5aw44h2rq6lzuf6tjjeunebrzxixyajfxa4cnjooqo7d7y7xu,robduncan.bsky.social,Rob Duncan,"Capitalism is the problem, and that can be changed.

#auspol #USPOL #USA #us #uspoli #poli #politics #cdnpoli #canada #MeidasMighty #anticapitalism #anticapitalist #capitalismkills #capitalism #abolishcapitalism #fuckcapitalism #SocialJustice #ethics #ClassConsciousness #FalseConsciousness",,,,1,12,26,0,2026-05-10T16:33:42Z,NA,NA,NA,,,,,
at://did:plc:ed63zp3ko7gvx6cfpxko45mo/app.bsky.feed.post/3mlj6r3tbk22m,bafyreigpbrxjl7myigarydrlm54l7oce7hbvqnxbyrmywwjeo7nlnyqdnm,heathermoandco.bsky.social,Heather e^-1/x^2,"🇷🇺 and 🇺🇸, are clearly the 2 top sources of dark money and multiple covert ops, fuelling efforts to destabilize 🇨🇦 - like #AlbertaSeparation. 

And sometimes their narcissistic frontmen grifters say quiet parts out loud. 

#cdnpoli #CdnDisinfo #ableg #abpoli",,,,4,21,33,0,2026-05-10T16:32:49Z,NA,NA,NA,,,,,
at://did:plc:pedpziwws5vkocuq76mokn7c/app.bsky.feed.post/3mlj6q7hmmk23,bafyreiampuxezspuytiuiauzhrt3ngj2zupguunatq33ugtqkaekxnmfmu,deepgreendesign.bsky.social,Deep Green Design,"Koch has been subverting Alberta government for decades.

#CdnPoli",,,,1,1,2,0,2026-05-10T16:32:18Z,NA,NA,at://did:plc:4zhs7rbmbrjyblozh3zqt7is/app.bsky.feed.post/3mlb3nwsrjc2l,,,,,
at://did:plc:eaeuyrvdlqvjgznelgcdimct/app.bsky.feed.post/3mlj6pw3i4s2m,bafyreibppi4wct63rg77ry662r6s7sd5smcwcc4yweaelay24zocybtioa,madhat59kenwood.bsky.social,Ken Wood part owner of 🇨🇦,👍 turn off Ai #cdnpoli #uspoli,,,,0,1,1,0,2026-05-10T16:32:07Z,NA,NA,at://did:plc:6rovpt2lqrye6kwvmdhb722n/app.bsky.feed.post/3mlj2hswjg22r,,,,,
at://did:plc:abt5tpb7lqr7vopkrkwfswwq/app.bsky.feed.post/3mlj6oowjcb27,bafyreihxp66zcldxzydezj74yogweuj2wqg2b4ihb33bho3biyy3lj7uhq,canadareport.org,Canada Report,"Iran Offers Reply to US Peace Plan as Hormuz Crisis Simmers

Canada’s fastest news scan: 25+ headlines, no clutter, updated all day: CanadaReport.org

#cdnpoli #Canada #News #Business #Economy 
Read Original Article 🔗",,,,0,0,0,0,2026-05-10T16:31:26Z,NA,NA,NA,,,,,
at://did:plc:zftffti3hfudvdawqv53arqn/app.bsky.feed.post/3mlj6mgkeez22,bafyreibfs254iiw2mtd2hoiyktmon7oiiooyvdgr5k3vagavne75qfm6zq,runchinguyenrun.bsky.social,Chi Nguyen,"Check your mailbox for the 2026 Census!

The Census helps the government plan a wide range of programs and services, including education, health care, child care, and transportation.

Don't forget to fill yours out before May 12. Go to census.gc.ca and enter your 16-digit access code.

#cdnpoli",,,,0,0,1,0,2026-05-10T16:30:11Z,NA,NA,NA,,,,,
at://did:plc:ig6dnt4tqgg7iwwtywx3bkvd/app.bsky.feed.post/3mlj6mcwfbk2u,bafyreifuu6ywfxorzpskdmwdvazgenxi7lhmuisvifz3th5fkdwe57k6qm,robduncan.bsky.social,Rob Duncan,#pedopresident #Pedogarchy #Pedophocracy #25thAmendment #TraitorTrump #USPOL #USA #us #uspoli #poli #politics #cdnpoli #canada #auspol #MeidasMighty #america #history #RemoveTrump #DonaldTrump #Trump #TRUMP #FuckTrump #antifa #AntiTrump #fascistfelon #FightOligarchy #DefundBillionaires #TrumPedo,,,,0,9,25,1,2026-05-10T16:30:09Z,NA,NA,NA,,,,,
at://did:plc:jw3ocg24thye7i5sjjhia62e/app.bsky.feed.post/3mlj6mab5qc2x,bafyreieuzwbzu77k6h73lkymnqmwuxcu53o7urqtqbypk3hbm6pujnzvde,markhamhislop.bsky.social,Markham Hislop,"The Real Tension at the Heart of Carney's New Nature Strategy

""Ripping and shipping"" raw resources to new international markets only reinforces the conflict between economic development and protecting the environment.
#cdnpoli @markjcarney @timhodgsonmt 
markhamhislop.substack.com/p/the-real-t...",,,,0,10,23,1,2026-05-10T16:30:05Z,NA,NA,NA,,,,,
at://did:plc:ifi6xqgbojwquosnkvzx3gna/app.bsky.feed.post/3mlj62qb2es2a,bafyreihduuhspvs7zzpaszcsf5oy7yx4iyvdborulhoo2e7rw67poocbcm,leftcoasttreefrog.bsky.social,Left Coast Tree Frog 🕊️,"The motorcycle rider is reported to be in serious but not life threatening condition.  Frankly, the guy is lucky to be alive.
#cdnpoli #bcpoli",,,,1,0,1,0,2026-05-10T16:20:20Z,at://did:plc:swhavnqrtvhstcm275j242my/app.bsky.feed.post/3mlizmqyjkl2z,at://did:plc:swhavnqrtvhstcm275j242my/app.bsky.feed.post/3mlizmqyjkl2z,NA,,,,,
at://did:plc:oprhya4c3rd3prfyypchbd2l/app.bsky.feed.post/3mlj5nggfnc2f,bafyreifc2u7ofmu5t543wuc6ntxqpksuxoqfcygk25m3gwagxc5rki5pdm,ruthmkb.bsky.social,ruthko,"😷 

#HantaVirus #cdnpoli",,,,0,2,3,0,2026-05-10T16:12:51Z,NA,NA,NA,,,,,
at://did:plc:eaeuyrvdlqvjgznelgcdimct/app.bsky.feed.post/3mlj5gucfoc24,bafyreifvjxgkwv3umcyxrnbepfscuq4mxtz3neu3a7l6vacsvusphj6l2m,madhat59kenwood.bsky.social,Ken Wood part owner of 🇨🇦,Shes done this & continues to extort 🇨🇦 & PM over pipelines. Im a tired of #Smith & Cons everywhere. #cdnpoli,,,,0,0,1,0,2026-05-10T16:09:09Z,NA,NA,at://did:plc:4euncr44a5aflpbcbjhvjvdo/app.bsky.feed.post/3mliz5atal22p,,,,,
at://did:plc:re7tflvczjceanwkco2bseqb/app.bsky.feed.post/3mlj5fzdjek2l,bafyreigflse23zexxlr4de6cjokislbewl2ul4wgo5ji52q24pwxgn7pvi,bella-andme.bsky.social,Sherry Lee,"An extremely wise woman. Mary Simon has been an excellent Governor General.
#cdnpoli",,,,1,1,6,0,2026-05-10T16:08:42Z,NA,NA,at://did:plc:4euncr44a5aflpbcbjhvjvdo/app.bsky.feed.post/3mlj4goze4t2r,,,,,
at://did:plc:7hy5iuitgvm7g4eqruidn2mm/app.bsky.feed.post/3mlj5dq4htc2v,bafyreihhmvq7boalo5qzm7tuqmvmueug2fqvabbhcjzgtgzvnjtscofgga,whistlerheidi.bsky.social,Whistler Heidi🇨🇦,#cdnpoli,,,,1,2,1,0,2026-05-10T16:07:24Z,NA,NA,at://did:plc:omsbj5m4qtiratbpx5lz7wa3/app.bsky.feed.post/3mleovk7xns2z,,,,,
at://did:plc:eaeuyrvdlqvjgznelgcdimct/app.bsky.feed.post/3mlj5bfceis24,bafyreifaaifq3uncfnzts2b2sellfledvmlijwswyoib4h7qmausqw6pji,madhat59kenwood.bsky.social,Ken Wood part owner of 🇨🇦,I think that is & should remain an issue for 🇨🇦. We dont allow IRG members into 🇨🇦 turned back a former IRG Iran member. I expect 🇨🇦 do this with players & not make special conditions. #cdnpoli #fifa #worldcup2026,,,,1,1,2,0,2026-05-10T16:06:06Z,at://did:plc:nb6uhiglzowsdcbgwv2itwa7/app.bsky.feed.post/3mlisjekfjc2a,at://did:plc:nb6uhiglzowsdcbgwv2itwa7/app.bsky.feed.post/3mlish43clc2a,NA,,,,,
at://did:plc:mrjpbl6qfavkbhp6omja4ock/app.bsky.feed.post/3mlj56izgec2v,bafyreihpal4b3nlwusemc4uyw577yy26rwinpgcky5wi73qytsxx3eyswu,benlopezsteven.bsky.social,Benjamin Lopez Steven,"NEW: As Canada prepares to accept more Chinese-made EVs into the country, a U.S. senator is warning that although Canada-U.S. ties are strained, Canadian officials should be cautious when making agreements with China's government. #cdnpoli #canpoli #uspoli

www.cbc.ca/news/politic...",,,,10,2,2,2,2026-05-10T16:04:31Z,NA,NA,NA,,,,,
at://did:plc:xvhfw6ch4oy4yez2kbu5wrhl/app.bsky.feed.post/3mlj4zkp5bc2k,bafyreihaiynfhkulzmkujprb535e2tugdnwahxikrublrwsoszprk223pq,linzi-the-artist.bsky.social,Lindsay Brambles🇨🇦,"People should actually listen to the full speech (I have) & see that the government's goals to move away from the #UnitedStates haven't changed. When he spoke of deeper integration it was in relation to specific sectors, such as steel & autos, where those need the US market to survive. #cdnpoli",,,,3,2,3,0,2026-05-10T16:01:44Z,NA,NA,at://did:plc:2pxf5j3tz7o2mbanvrau44wn/app.bsky.feed.post/3mlj3r2kxxk24,,,,,
at://did:plc:abt5tpb7lqr7vopkrkwfswwq/app.bsky.feed.post/3mlj4zbityg2k,bafyreidrzd4tdmoebl4jy2fzwhz7boup3ehwqb6a3wc76seqhhctvjfqqi,canadareport.org,Canada Report,"Démystifier la science | Pourquoi s’habitue-t-on aux odeurs ?

Canada’s fastest news scan: 25+ headlines, no clutter, updated all day: CanadaReport.org

#cdnpoli #Canada #News 
Read Original Article 🔗",,,,0,0,0,0,2026-05-10T16:01:33Z,NA,NA,NA,,,,,
at://did:plc:go6lnimas6bzfthjvcaulmya/app.bsky.feed.post/3mlj4ndpuw22p,bafyreidf7es27yhw67nxanzgm7b7qff4dbt3bx5w53bvjfoxnbqzrm4vky,jbnewt.bsky.social,Jackson Newt,"Sorry this authority for Law Enforcement already exists , example Production Orders However Law Enforcement wants shortcuts to speed it up . There are already  provisions for exigent Circumstances. More #Carney #Liberal overreach . #Cdnpoli #Ottawa #CPC #Court www.ctvnews.ca/politics/art...",,,,0,0,1,0,2026-05-10T15:54:49Z,NA,NA,NA,,,,,
at://did:plc:ovf5l46vctrnscii22bmlzud/app.bsky.feed.post/3mlj4mhvzdc22,bafyreibbabxpsm7vhxifobcfpfknahyxrklfkz2r47m5lfoltg5cdqcxru,lisa1111can.bsky.social,Lisa E 🇨🇦,"#UCPCorruption
#abpoli
#cdnpoli",,,,0,4,4,0,2026-05-10T15:54:24Z,NA,NA,at://did:plc:unilmslnvpkq7oowgfnf4ooy/app.bsky.feed.post/3mkonnriu6c2t,,,,,
at://did:plc:glx2iftaxaiirglk3auu7htn/app.bsky.feed.post/3mlj4m6lz722v,bafyreie5a4gn2s66htt6xqr4pgpziut634zx7er62b2odai57xpruadnei,audricmoses.bsky.social,Audric Moses 🇨🇦,"If you hear the anti-renewables chuds telling you that solar panels degrade slowly and get thrown in a landfill after 20 years: we've had these for 9 years now, and I think 109 kWh is the highest single day output I've ever seen. In April, with a few clouds, even!

#ableg #cdnpoli",,,,2,8,21,1,2026-05-10T15:54:18Z,NA,NA,NA,,,,,
at://did:plc:eaeuyrvdlqvjgznelgcdimct/app.bsky.feed.post/3mlj4i44sqs24,bafyreifulql5n6s6tpqcm3g3clv3sijoa23qsrxkjjwiiksby55lq5mmeq,madhat59kenwood.bsky.social,Ken Wood part owner of 🇨🇦,"I'll remember Churchill ""inherent vice of capitalism is unequal sharing of blessings, inherent virtue of socialism is the equal sharing of misery."" Capitalism can create prosperity drive innovation socialism does not. Capitalism not wrong ideological politicians & greed are the big problem #cdnpoli",,,,2,0,3,0,2026-05-10T15:51:57Z,NA,NA,at://did:plc:enxqwi3p34i4etwwd4vgz3xy/app.bsky.feed.post/3mlj25nll4s2v,,,,,
at://did:plc:ptyiz7b2xalj5cpbm3syjcxm/app.bsky.feed.post/3mlj44vofzc2s,bafyreihirap7cibpqkp5tkhahhjmfsvm72f75s5tmxnzesvgi3rg3irqcu,gkoskie.bsky.social,,"PoiLIEvre blamed Carney for wrecking Britain.
 
Carney left Bank of England: March 2020.
UK inflation peaked: October 2022. Two and a half years later.
His tenure: UK inflation averaged 1.6%.
 
He stopped the tape at the worst point. Every time.
 
🪓 #AxeTheFacts #cdnpoli",,,,1,0,0,0,2026-05-10T15:45:43Z,at://did:plc:ptyiz7b2xalj5cpbm3syjcxm/app.bsky.feed.post/3mlj44vo5a22s,at://did:plc:ptyiz7b2xalj5cpbm3syjcxm/app.bsky.feed.post/3mlj44vo5a22s,NA,,,,,
at://did:plc:ptyiz7b2xalj5cpbm3syjcxm/app.bsky.feed.post/3mlj44vo5a22s,bafyreic52ma55pqq7ixj5je6okonfiltdcb2ez64iqssianhfdk2wbelce,gkoskie.bsky.social,,"2022: PoiLIEvre blamed Trudeau for inflation.
Canada was 4th of 7 in the G7. Bank of Canada: global causes.
 
2026: Canada's inflation rising again.
Bank of Canada Governor: Trump tariffs + Middle East war.
 
Same cause. Different war. He had no plan.
 
🪓 #AxeTheFacts #cdnpoli",,,,1,0,3,0,2026-05-10T15:45:43Z,NA,NA,NA,,,,,
at://did:plc:ovf5l46vctrnscii22bmlzud/app.bsky.feed.post/3mlj42i7slk22,bafyreia3oeha4jlp3ntfbtzi6hotzf4l5jnee7zx3sybcsillc7eryibvy,lisa1111can.bsky.social,Lisa E 🇨🇦,"#UCPCorruption
#DanielleSmithIsGarbage
#MapleMAGAT
#ElbowsUP🇨🇦
#abpoli
#cdnpoli",,,,1,1,2,1,2026-05-10T15:44:21Z,NA,NA,at://did:plc:byk7fw7iliywsa4dfet6i63k/app.bsky.feed.post/3mlizcipmhk22,,,,,
at://did:plc:76e4qryfph6q4wmz3li6v2l6/app.bsky.feed.post/3mlj3tq5xgc2f,bafyreihf3vwf27kgcuzhjx2bgqjlpls3pnari4wkaote7cs6wqbel43zfm,stacescases2.bsky.social,StacesCases2 🇨🇦 📎,"@meidastouch.com host @meiselasb.bsky.social 
reports on #Canadian PM @mark-carney.bsky.social delivering a lethal blow to Trump in a POWERFUL WARNING speech that has sent the message that #Canada is DONE with his antics and with the US as long as Trump remains 🇨🇦 🇺🇸 #Cdnpoli 
youtu.be/URdudEB_oRY?...",,,,0,1,6,0,2026-05-10T15:40:36Z,NA,NA,NA,,,,,
at://did:plc:kqqydztpv6lrkmynvlo7zsru/app.bsky.feed.post/3mlj3pn7ric2b,bafyreifz336rxdbx7oinlyeayyyjvnwos2e7wtwwqsa7a5emf65grio6hq,kaicable.bsky.social,"Kai, a very old GenX 🇨🇦","Trump thinks he’s flying to Beijing with leverage. China spent 6 years making sure he doesn’t have any

This is the new reality, while Mark Carney is talking about deeper integration with Trump and the U.S.  Pffft.

#boycottusa #DefundIsrael #warcrimes
#cdnpoli #canada

fortune.com/2026/05/10/s...",,,,3,3,7,1,2026-05-10T15:38:20Z,NA,NA,NA,,,,,
at://did:plc:ifi6xqgbojwquosnkvzx3gna/app.bsky.feed.post/3mlj3lylgw22w,bafyreic5vbyands75uogpb65pjevshvzuno5xrvztmmremiyg5ihrxynay,leftcoasttreefrog.bsky.social,Left Coast Tree Frog 🕊️,"Dem Sen. Mark Kelly told ""Face the Nation"" that the Trump administration's request for a $1.5 trillion Defense Department budget is ""outrageous.”
Kelly stated that it's ""nearly the amount that the rest of the world pays for its defense.""
#cdnpoli
www.cbsnews.com/video/sen-ma...",,,,1,1,3,1,2026-05-10T15:36:15Z,NA,NA,NA,,,,,
at://did:plc:abt5tpb7lqr7vopkrkwfswwq/app.bsky.feed.post/3mlj3dd5lom2k,bafyreiapykpordmwrno56xkkr4ane372dnmn7igt7mk6gnhbuo5roimvgm,canadareport.org,Canada Report,"Microsoft’s African Data Center Falters on Payment Demands

Canada’s fastest news scan: 25+ headlines, no clutter, updated all day: CanadaReport.org

#cdnpoli #Canada #News #Business #Economy 
Read Original Article 🔗",,,,0,0,0,0,2026-05-10T15:31:23Z,NA,NA,NA,,,,,
at://did:plc:h3y7rhw6ao6nk5mmuskplxco/app.bsky.feed.post/3mlj3cacpdk23,bafyreiciioyonoqwc3rarjeoq7clxengfkscrwsu27sivjukzlvo7brs6q,brainiackim.bsky.social,Brainiac Kim 🇨🇦,"Keep them in jail, otherwise they'll keep robbing globalnews.ca/news/1184032... #ONpoli #cdnpoli",,,,0,0,0,0,2026-05-10T15:30:48Z,NA,NA,NA,,,,,
at://did:plc:rvdbdvvfzzb4kj2q2me6xobq/app.bsky.feed.post/3mlj2r2gzss23,bafyreibupqxpgxtfejkhmw4guvedfbqv3tmnwi6cxplafprgfnqsrnd6d4,citizenrelentless.bsky.social,CitizenRelentless,"Alberta Freedumb yahoos sucking up that trumplicking propaganda. Just drink the damn koolaid.

#Alberta
#abpoli
#cdnpoli",,,,0,2,3,0,2026-05-10T15:21:10Z,NA,NA,at://did:plc:ed63zp3ko7gvx6cfpxko45mo/app.bsky.feed.post/3mliwmodu6s2w,,,,,
at://did:plc:tlkakpjayncxubstzzd4dwdt/app.bsky.feed.post/3mlj2pvfm7s2k,bafyreicnh7nfiau53vgo54pqpdzwtwn7n4f3zubfnmve7ovqstcwj644tm,cyborgk9.bsky.social,Cyborg K9 🌹,"It's true, the left tends to believe in reality, of which there is only one of.

The right, however, lives outside of reality, so there's plenty of opinions, almost all of them insane. :/

#uspoli #cdnpoli",,,,1,0,3,0,2026-05-10T15:20:31Z,NA,NA,at://did:plc:6kqfzwngfo3f4oauyceadhk7/app.bsky.feed.post/3mliw74iczf2o,,,,,
at://did:plc:3c5jgoau5nb42r6ecka4pmpw/app.bsky.feed.post/3mlj2odakvc2i,bafyreiehivfpx6rhq67bmphbpu54svk7pt4vinhasv3bojtnmuvo3qufhi,br00t4c.bsky.social,br00t4c,"In this episode, Meidas Canada reports from the Alberta Legislature where Danielle Smith is putting the Donbas playbook into action.

#cdnpoli #sedition #Oilberta #Alberta #MAGA #traitors #separatism #ForeignInfluence #corruption

youtube.com/watch?v=xy7m...",,,,1,6,8,0,2026-05-10T15:19:40Z,NA,NA,NA,,,,,
at://did:plc:7qeaeh63caukr7xbixamq23b/app.bsky.feed.post/3mlj2au4tys2p,bafyreic5gqzpr5nhr7tgfawu3riq7cudkxvxrpzxs2pbwim4ge44ua6hsi,rohadi.com,Rohadi,"Conservative voters have fallen LOW in a short decade. The sheer magnitude of UCP corruption is a damning yet support remains unchanged for the party bent on pilfering the public purse for personal gains.

#cdnpoli #Abpoli",,,,1,0,1,0,2026-05-10T15:12:07Z,NA,NA,NA,,,,,
at://did:plc:enxqwi3p34i4etwwd4vgz3xy/app.bsky.feed.post/3mlj25nll4s2v,bafyreih7xhqzckcduueoffm3733dvjtnxko7n5emqiskvoudhkafwqrl5y,sheenasharp.bsky.social,Sheena Sharp,"Canada went through a period where lots of middle class people worked very hard and shared prosperity. Then our elite discovered they could make more money elsewhere and took the wealth away. China is behind us in that process. 

It’s not democracy thats failing, it’s capitalism. 

#cdnpoli",,,,2,3,10,2,2026-05-10T15:10:19Z,NA,NA,NA,,,,,
at://did:plc:pedpziwws5vkocuq76mokn7c/app.bsky.feed.post/3mlj24ceytk2a,bafyreibvsjnibofc25nrjit7chwnwjb434kgylq6lb57j4rhje3hbublie,deepgreendesign.bsky.social,Deep Green Design,"Albertica. 

#CdnPoli #Project2025",,,,0,0,0,0,2026-05-10T15:09:35Z,NA,NA,at://did:plc:dxjsiikam7kfjj3susgwagf3/app.bsky.feed.post/3mlgv7vqfp22m,,,,,
at://did:plc:2jfr7qhenekca6f6qtjgwdr4/app.bsky.feed.post/3mlizvkbe2k2v,bafyreih4nv7zt5cv3bujfd62bwpl2fuqlnmcziw3npwgtp2sy6rxy5ach4,calgaryclimatehub.ca,Calgary Climate Hub,"JOIN: www.calgaryclimatehub.ca/membership

VOLUNTEER: www.calgaryclimatehub.ca/volunteer

DONATE: www.calgaryclimatehub.ca/donate

TREE PARTY! www.calgaryclimatehub.ca/tree_party2026

#ClimateAction #EnergyTransition #ClimateChange #yyc #yyccc #abpoli #cdnpoli",,,,0,3,0,1,2026-05-10T15:05:47Z,NA,NA,at://did:plc:2jfr7qhenekca6f6qtjgwdr4/app.bsky.feed.post/3mlizqc7p3s2q,,,,,
at://did:plc:g4r3vlh47bsectdq6lxr7zmc/app.bsky.feed.post/3mlizuadvcc2t,bafyreifbxls6ub5ot6lytpcnarjjy6qv6qzadt3x3f3sus7mjtsdfzdoou,canadianvic.bsky.social,Vicky,"U.S. ambassador cancels speaking appearance in Ottawa due to ‘important’ meetings with White House officials

www.ctvnews.ca/politics/art...

#CdnPoli #USPolitics #USAmbassadorToCanada #PeteHoekstra #CanadaStrongAndFreeConference #Republicans #Conservatives",,,,1,1,3,0,2026-05-10T15:05:05Z,NA,NA,NA,,,,,
at://did:plc:re7tflvczjceanwkco2bseqb/app.bsky.feed.post/3mlizssvl7k22,bafyreieudqwpgftljqhijzqvg4nigyjmocjsaemqodxki35ocpkabdb4ru,bella-andme.bsky.social,Sherry Lee,"Exactly. 
#abpoli #cdnpoli",,,,0,0,0,0,2026-05-10T15:04:16Z,NA,NA,at://did:plc:4euncr44a5aflpbcbjhvjvdo/app.bsky.feed.post/3mliyclyhkt2q,,,,,
at://did:plc:mwagtmvsxuqlgte5iqk3fndm/app.bsky.feed.post/3mlizrwvfi22t,bafyreifqj662a7ygo5swycbgbja3ohvtwi3rxoicdq5tdyav76fzf2ptje,lalegault.bsky.social,LA Legault ⚜️🤌🏻,"For Mother’s Day 💐 this year in 🇨🇦 Carney is slowly phasing out affordable daycare! #cdnpoli

click.thestar.com/dm?id=5B11BC...",,,,0,0,1,0,2026-05-10T15:03:48Z,at://did:plc:prnc5joiyf7mwlrcoeo4xj4r/app.bsky.feed.post/3mliuxwhnks2c,at://did:plc:prnc5joiyf7mwlrcoeo4xj4r/app.bsky.feed.post/3mliuxwhnks2c,NA,,,,,
at://did:plc:re7tflvczjceanwkco2bseqb/app.bsky.feed.post/3mlizrbauds22,bafyreic5mkp6h6mxd3avl5nn3fpqtl34663ilgjhtdvvu33y5plprzsn5a,bella-andme.bsky.social,Sherry Lee,"Love Benzie’s candor. 
#abpoli #cdnpoli",,,,0,0,1,0,2026-05-10T15:03:24Z,NA,NA,at://did:plc:4euncr44a5aflpbcbjhvjvdo/app.bsky.feed.post/3mliz5atal22p,,,,,
at://did:plc:2jfr7qhenekca6f6qtjgwdr4/app.bsky.feed.post/3mlizqc7p3s2q,bafyreic2ns3yeaiebfusg35wx7ydo32ygc2znbda3uzjpg6h2edvz7zlcq,calgaryclimatehub.ca,Calgary Climate Hub,What does #MotherEarth want for #MothersDay this year? #ClimateAction #EnergyTransition #ClimateChange #yyc #yyccc #abpoli #cdnpoli,,,,0,7,11,1,2026-05-10T15:02:54Z,NA,NA,NA,,,,,
at://did:plc:mwagtmvsxuqlgte5iqk3fndm/app.bsky.feed.post/3mlizpbtb3c2t,bafyreigi4hnjkbrsqluwgucqnaovabw6d3i62nz2qdoclnkj2kolwut4ni,lalegault.bsky.social,LA Legault ⚜️🤌🏻,"For Mother’s Day 💐 this year in 🇨🇦 Carney is slowly phasing out affordable daycare! #cdnpoli

click.thestar.com/dm?id=5B11BC...",,,,0,9,11,0,2026-05-10T15:02:17Z,NA,NA,NA,,,,,
at://did:plc:mwagtmvsxuqlgte5iqk3fndm/app.bsky.feed.post/3mlizorci6k2t,bafyreieilg3yghwnlam6kcnz3trujizkkpyoyteslmpaue46t6jdovet5i,lalegault.bsky.social,LA Legault ⚜️🤌🏻,"For Mother’s Day 💐 this year in 🇨🇦 Carney is slowly phasing out affordable daycare! #cdnpoli

click.thestar.com/dm?id=5B11BC...",,,,0,0,7,0,2026-05-10T15:02:04Z,at://did:plc:kx375dszrbvqtu7o4xxxmojn/app.bsky.feed.post/3mlixgkevhk2o,at://did:plc:kx375dszrbvqtu7o4xxxmojn/app.bsky.feed.post/3mlixgkevhk2o,NA,,,,,
at://did:plc:abt5tpb7lqr7vopkrkwfswwq/app.bsky.feed.post/3mlizo4hdat2k,bafyreiebdhms42x4w4clapcm2b5hdj26lyeo32mcfseotv3xo3dajs6ede,canadareport.org,Canada Report,"Des oiseaux en quête de mégots de cigarettes pour leurs nids

Canada’s fastest news scan: 25+ headlines, no clutter, updated all day: CanadaReport.org

#cdnpoli #Canada #News 
Read Original Article 🔗",,,,0,0,0,0,2026-05-10T15:01:38Z,NA,NA,NA,,,,,
at://did:plc:l2ycnbx3yrvz4tgyhey3lztg/app.bsky.feed.post/3mlizlvou6p2z,bafyreibryas6ig7lkx76oveyejgpmdt6s5koqjh4l6xz33hdtqgr46rqne,blakehamiltonca.bsky.social,Blake Hamilton,"First-Past-The-Post Fail League❗️
Canada Federal Edition 🇨🇦🗳️!

Today’s champion:

Steeve Lavoie
MP for Beauport—Limoilou

Won with only 35.6% of total voter ballots cast

Multi-Member #ProportionalRepresentation please! Like and share if you agree!￼
#cdnpoli #ElectoralReform #MakeVotesMatter",,,,2,0,0,0,2026-05-10T15:00:24Z,NA,NA,NA,,,,,
at://did:plc:bf6v75afdogdhklovayjpk3y/app.bsky.feed.post/3mliz77quxs2f,bafyreihs57ll4oxrxkcs3yihc2fjihnt7ygyipxpuflcuhktd24qzvukai,mtruscello.bsky.social,Michael Truscello🏴,"A handful of #racists and so-called think tanks drive #genocide denial in this country. They are prolific, and their lies travel faster than truth online. Academics must be more active in spreading truth to combat their lies. #cdnpse #cdnpoli #residentialschools",,,,0,1,1,0,2026-05-10T14:53:22Z,NA,NA,NA,,,,,
at://did:plc:asoznhbjzx27cxeqfb3y7x34/app.bsky.feed.post/3mliz3yasnc2h,bafyreias7td46vssouxv6gaveitm6bfzhbgflc772e466vdusltir5bdye,shakespearesgal.bsky.social,Canadian Loyalist 🇨🇦,"RIP … 

#cdnpoli",,,,1,0,1,0,2026-05-10T14:51:31Z,NA,NA,NA,,,,,
at://did:plc:fw7nfyu73qekvpkioowgugpy/app.bsky.feed.post/3mliyoaumui27,bafyreiahz3cqsf726finfrmn4li362ezlqvulkquvo2ukyjuzqguiioeai,raedeeton.bsky.social,Rae Deeton,"Nate Erskine Smith is being held back by the Federal and Provincial Liberal parties, not because he isn't good. It's because he is so good that Liberal parties fear him. He is no yes man. #onpoli #cdnpoli",,,,3,0,3,0,2026-05-10T14:43:47Z,NA,NA,NA,,,,,
at://did:plc:pkysaub2s5bbnvszblg7o4js/app.bsky.feed.post/3mliycvww6s2i,bafyreiex545c67ldo7xleyevibinrwlygnnroqkizcv7szm6v6l2rrb6y4,gregmcleanyyc.bsky.social,Greg McLean,"To all of the mothers, near and far, still with us or living in our memories - thank you for all you've done for us. 

#calgarycentre #yyc #cdnpoli #mothersday",,,,1,0,2,0,2026-05-10T14:37:32Z,NA,NA,NA,,,,,
at://did:plc:ogfd7poopsgbbjws2bmueav2/app.bsky.feed.post/3mliyakj5xc2f,bafyreihxpdddkc3ffcbgkgoaqhplqwjnzxecg6qqgi5powdf34gxczlyzm,funguy1701.bsky.social,Mur1701,"What's most sad about that is where they sourced it from. 

It says a lot about how this dirtbag is protected by our governments for his Canadian identity but uses a near monopoly to bring us U.S. goods. 

#GalenIsACrook #cdnpoli",,,,0,0,1,0,2026-05-10T14:36:15Z,NA,NA,NA,,,,,
at://did:plc:abt5tpb7lqr7vopkrkwfswwq/app.bsky.feed.post/3mlixyayjki2b,bafyreiea2lx34ar627hrge6uxmhobosnpiamora3hlqqtw5trkoqkhhfpq,canadareport.org,Canada Report,"AI and Productivity: Yanik Guillemette Foresees a ‘Silent Crisis’ for Canadian SMEs

Canada’s fastest news scan: 25+ headlines, no clutter, updated all day: CanadaReport.org

#cdnpoli #Canada #News #Business #Economy 
Read Original Article 🔗",,,,0,0,0,0,2026-05-10T14:31:31Z,NA,NA,NA,,,,,
at://did:plc:7ycfilosz2dmgcnqbh76jdol/app.bsky.feed.post/3mlixlmtqqk23,bafyreid4655prcfuaf5xfg5kbw2sijvq7gqhjjnymtj4lo7b3xgdgd2emq,coolxenu.bsky.social,Cool Xenu 8647,"At least the stiffed MAGAs can comfort themselves with their Trump sneakers..... oh, wait....

#USA #MAGA suckers and losers

#cdnpoli",,,,0,0,0,0,2026-05-10T14:24:27Z,at://did:plc:7qqkq2zdwq4j5jingukgtuky/app.bsky.feed.post/3mliqyj7i6s2e,at://did:plc:7qqkq2zdwq4j5jingukgtuky/app.bsky.feed.post/3mliqyj7i6s2e,NA,,,,,
at://did:plc:2jfr7qhenekca6f6qtjgwdr4/app.bsky.feed.post/3mlixdnmecc27,bafyreidlhvzu5ipqycpqwghac37zcjce6av3uylgxf4xsiy2mdccwueoem,calgaryclimatehub.ca,Calgary Climate Hub,#CostOfClimate #ClimateChange #yyc #abpoli #cdnpoli #CanadaSky #ClimateSky #EnergyTransition #Electrostates #Petrostates #China #Iran #America,,,,0,3,2,0,2026-05-10T14:20:04Z,NA,NA,NA,,,,,
at://did:plc:2jfr7qhenekca6f6qtjgwdr4/app.bsky.feed.post/3mlixauxc6227,bafyreih5zxxyrdtuiqrevl2j5p3ukcetwn6tq46df35ojxj254qhckvmci,calgaryclimatehub.ca,Calgary Climate Hub,"Your Sunday morning podcast is HERE. Fire up that morning coffee and enjoy.

Have a GREAT Sunday!

www.podcastics.com/episode/4141...

#CostOfClimate #ClimateChange #yyc #abpoli #cdnpoli #CanadaSky #ClimateSky #EnergyTransition #Electrostates #Petrostates #China #Iran #America",,,,0,6,3,1,2026-05-10T14:18:28Z,NA,NA,NA,,,,,
at://did:plc:ozwyeayssrmlwhtxcjzdtxgf/app.bsky.feed.post/3mliww3yvnk2x,bafyreidgtqcpcfukif4qyt6dwxhpih7ljhdyyo54wxaipmf2z2zuuhuqny,chezer59.bsky.social,,"Ignoring the potential benefits of AI could also spell disaster.

Like any source of information & advice, the responsible course of action is to gather from as many sources as possible, & to look for the patterns of consensus.

#cdnpoli #cdnmedia",,,,0,0,1,0,2026-05-10T14:12:25Z,at://did:plc:ormie3tjweyhnqckjlzowoxg/app.bsky.feed.post/3mle6eefu4k2y,at://did:plc:ormie3tjweyhnqckjlzowoxg/app.bsky.feed.post/3mle6eefu4k2y,NA,,,,,
at://did:plc:7ycfilosz2dmgcnqbh76jdol/app.bsky.feed.post/3mliwrebljs23,bafyreigzammek2sq5cgtf4bx3n32jnucx6vwj3n6tpmmkwsonupepnfdlq,coolxenu.bsky.social,Cool Xenu 8647,"Alberta's separatists are so strong and confident that they are afraid to hear from the general public.

Gunslinger Silvestre is a coward.

You can't explain that.

#ableg #cdnpoli",,,,0,0,2,0,2026-05-10T14:09:45Z,at://did:plc:k5iljqtzjxcinvcpivv7id5z/app.bsky.feed.post/3mlhofqt7ac2u,at://did:plc:k5iljqtzjxcinvcpivv7id5z/app.bsky.feed.post/3mlhofqt7ac2u,NA,,,,,
at://did:plc:ed63zp3ko7gvx6cfpxko45mo/app.bsky.feed.post/3mliwmodu6s2w,bafyreic4od5nyvy6spgp5pvjvdrhoy4unyaftj7esjqdj5i5nvdsuti4jy,heathermoandco.bsky.social,Heather e^-1/x^2,"This comes as no surprise to those of us who watch this space. But it’s well past time to treat this information warfare as the threat that it is.

“Labour group releases polling data confirming that Alberta is the ‘epicentre of disinformation within Canada’.”
#CdnDisinfo #Ableg #Abpoli #cdnpoli",,,,0,35,66,1,2026-05-10T14:07:11Z,NA,NA,NA,,,,,
at://did:plc:m5on4opwhwem37r5dgbvqvfu/app.bsky.feed.post/3mliwkguzi22o,bafyreiawptfmoru7ocaioxlr6by3jsqh6sqyciqjm4ei6tc2a2fqeh4324,tobekind.bsky.social,Time is Now 🇨🇦,"""The only reason that one person bullies another is he feels he can get away with it. The only way to deal with a bully is to confront him. Bullies are actually cowards at heart, & they will flee from a confrontation."" 

So, we could stop Israhell. What is the global community waiting for? #cdnpoli",,,,0,1,7,0,2026-05-10T14:05:53Z,NA,NA,NA,,,,,
at://did:plc:ozwyeayssrmlwhtxcjzdtxgf/app.bsky.feed.post/3mliwjm7qs22x,bafyreidsjkfvv5q37dqgbdp7w66i67idtrhhocnovmkkt2uezvu3t2s2lq,chezer59.bsky.social,,"The transition from an oil-based economy to an electricity-based economy is inevitable.

In the meantime, reducing the harmful effects of carbon is probably a wise choice.

Advocates for a cold-turkey transition are ignoring the economic rupture that would trigger.

#cdnpoli #cdnmedia",,,,0,0,2,0,2026-05-10T14:05:26Z,at://did:plc:m2jdc5qv7ptqvrb7ihzillzw/app.bsky.feed.post/3mleiy3ghx222,at://did:plc:m2jdc5qv7ptqvrb7ihzillzw/app.bsky.feed.post/3mleiy3ghx222,NA,,,,,
at://did:plc:abt5tpb7lqr7vopkrkwfswwq/app.bsky.feed.post/3mliwd2xxzo22,bafyreievvezqri24245frdzerasi4vqre3eeyqbzj4mli7gg6am6y44qma,canadareport.org,Canada Report,"Fête des Mères | Je voudrais voir ma mère

Canada’s fastest news scan: 25+ headlines, no clutter, updated all day: CanadaReport.org

#cdnpoli #Canada #News 
Read Original Article 🔗",,,,0,0,0,0,2026-05-10T14:01:46Z,NA,NA,NA,,,,,
at://did:plc:ldvnqrqk3hghqcu5qj53uahf/app.bsky.feed.post/3mliw5hxqgk2g,bafyreiconzkplmemy3uothhgypxjzey7mhplwskplic4crm3l7wellxusq,micropainter.bsky.social,Leeta 🇨🇦,"Write to premier@gov.ab.ca to demand a public inquiry NOW.

Also demand that the separatist petition and referendum be scrapped as compromised by the massive data breach of 3 million Albertans’ private information.

#Canada #Alberta #cdnpoli #ableg #abpoli #yyc #yeg #Never51 #ForeverCanadian",,,,1,12,21,1,2026-05-10T13:58:40Z,NA,NA,NA,,,,,
at://did:plc:3xew4hczefc7m4dauvg7hlxm/app.bsky.feed.post/3mliw52r6x22i,bafyreiht6ovwni2625hcl7mx2zrynrvmyrqp4wynvxjbey2squy4xm6ocm,lancetay.bsky.social,Lance Taylor (VA6LAT) 🇨🇦 #RangerBobRadio,"#Albertastan#FAFO #Never51 #abpoli #cdnpoli #Canada 

youtu.be/dVCND71rmIE?...",,,,0,1,1,0,2026-05-10T13:58:26Z,NA,NA,NA,,,,,
at://did:plc:ozwyeayssrmlwhtxcjzdtxgf/app.bsky.feed.post/3mlivxc72u22x,bafyreif47abebxkg3ag3r5ih4naebhyiejvdys2hgrppyqybyax4tatmra,chezer59.bsky.social,,"Why would anyone be shocked to see that kind of garbage on a social media platform run my a sociopath that got his start by publicly rating the sexual desirability of the female coeds at the university he attended?

#cdnpoli #cdnmedia",,,,0,0,2,0,2026-05-10T13:55:12Z,at://did:plc:ormie3tjweyhnqckjlzowoxg/app.bsky.feed.post/3mle6aitd722y,at://did:plc:ormie3tjweyhnqckjlzowoxg/app.bsky.feed.post/3mle6aitd722y,NA,,,,,
at://did:plc:tgod7gjrmaqf6zumvyfr2viv/app.bsky.feed.post/3mlivt3l5dk2m,bafyreiaoq7ob44cawqhkr2hung76wcajlwzp2lsrwt5fpnjbthl5ejem3q,alanforseth.bsky.social,Alan Forseth,"KRUGGEL: Trump targets Canadians: Authoritarians have always loved intimidation

This should concern Canadians as it is clear Trump is looking at us with a stern eye

alanforseth.substack.com/p/kruggel-tr... #cdnpoli #DonaldTrump",,,,0,0,0,0,2026-05-10T13:52:52Z,NA,NA,NA,,,,,
at://did:plc:4ownlsrdmnvwgzmcdi2bof6s/app.bsky.feed.post/3mlivqiqmwk2e,bafyreifjdsww6mbxo2pr4z4phabfdjbbqucskq3cv5uoe6pisgnw4m2ufe,peipolitical.bsky.social,PEIPolitical 🇨🇦,"Some children are drawing on fake moustaches to bypass online age checks, report finds.
A third of children in the UK have bypassed age verification gates. #cdnpoli 
www.the-independent.com/news/uk/home...",,,,3,5,16,0,2026-05-10T13:51:25Z,NA,NA,NA,,,,,
at://did:plc:istu2catmtwuynu7jlh6buzl/app.bsky.feed.post/3mlivpyz7kk2l,bafyreigsddvbpblxgyaabe4ujfuhsr7wqaifmmogi2rhzayvknlvs7eide,elcanaco.bsky.social,elcanaco.bsky.social,"Wages for workers have not kept pace with inflation over the past 5 decades. Meanwhile, the wealthy have never been wealthier.

And it's not just a Canada problem. This has happened from the UK to México to Australia.

The answer is a wealth tax and higher income tax rates on the wealthy.

#cdnpoli",,,,1,0,4,0,2026-05-10T13:51:06Z,NA,NA,at://did:plc:4ownlsrdmnvwgzmcdi2bof6s/app.bsky.feed.post/3mlioq5uf5k2z,,,,,
at://did:plc:4ownlsrdmnvwgzmcdi2bof6s/app.bsky.feed.post/3mlivp4sfvs2e,bafyreih2xtn5bqbeju6pvlr7cabvmalgfo7zrfvgpi3kucg5gdqiqjuqjy,peipolitical.bsky.social,PEIPolitical 🇨🇦,NB father advocates energy drink restrictions after son died from arrhythmia. #cdnpoli,,,,2,9,22,0,2026-05-10T13:50:38Z,NA,NA,NA,,,,,
at://did:plc:ozwyeayssrmlwhtxcjzdtxgf/app.bsky.feed.post/3mlivmkirk22x,bafyreia6fbtp2fuhu7wva37bccymzhxh7szfxyu4thcemuyeklmnelia34,chezer59.bsky.social,,"Doug Ford is a political fraud, & he always was.

He’s operates like a mafia boss, that focuses on establishing & defending his turf, & facilitating business deals he can collect a cut from.

All while telling the neighborhood that he’s got their back.

#onpoli #cdnpoli #cdnmedia",,,,0,0,1,0,2026-05-10T13:49:11Z,at://did:plc:zh5dfrgucq2td5ngz2wtlzle/app.bsky.feed.post/3mled5z7zfs25,at://did:plc:zh5dfrgucq2td5ngz2wtlzle/app.bsky.feed.post/3mled5z7zfs25,NA,,,,,
at://did:plc:istu2catmtwuynu7jlh6buzl/app.bsky.feed.post/3mlivgf7tuk2l,bafyreiagtruvas6rm7htkz3jtl6mklfkbwmfdjhylmym2aw5hc5e7rn4ay,elcanaco.bsky.social,elcanaco.bsky.social,"NDP is proposing a wealth tax.

In the previous election, progressive voters made a sacrifice to by voting Liberal to stop Poilievre.

In the next election, let's see if Liberal voters will vote NDP to institute a wealth tax.

#cdnpoli #TaxTheRich #wealthtax",,,,0,2,28,2,2026-05-10T13:45:44Z,at://did:plc:xfrwc47pfhs7ti7yyt6nj2ew/app.bsky.feed.post/3mliv6y5tw223,at://did:plc:4ownlsrdmnvwgzmcdi2bof6s/app.bsky.feed.post/3mlioq5uf5k2z,NA,,,,,
at://did:plc:oqrlb6ouek7aa3bthvddehv3/app.bsky.feed.post/3mliv6fymck2j,bafyreiakx4s4ocikfk5e4blm2caqo6kcx63y6vrr5ff2jmzen6d2sfx4li,caff3.bsky.social,,"🍁Albertans don't even know how many millions those UCP  are shoveling south.
Your kids future is being fcked. Jobs now are cut, wages gone. Where are the multi-mill contracts going? Not Alberta!!
  STOP  UCP!   #cdnpoli",,,,0,1,1,1,2026-05-10T13:41:14Z,NA,NA,NA,,,,,
at://did:plc:2pondrlrs5xlg5astgfpm6i5/app.bsky.feed.post/3mliv4zyhr22a,bafyreich3tzxfpkvwdylmc3u7clk7ilajusszcpfi2h5vxisgp64aef2ru,bcreality.bsky.social,BC Reality,"This is a must watch for every Canadian. MAGA and Russia are coming for us. #cdnpoli @meidascanada.ca @charlieangus104.bsky.social 
youtu.be/xy7m7mCX1TQ?...",,,,1,37,62,1,2026-05-10T13:40:30Z,NA,NA,NA,,,,,
at://did:plc:re7tflvczjceanwkco2bseqb/app.bsky.feed.post/3mliv2dmpdc2a,bafyreia2duitnbxxzye3b6eslq7evemdvz3dki7yjvpblge2fqa54tv6ra,bella-andme.bsky.social,Sherry Lee,"I found his interview on “Power & Politics” last week fascinating in that he acknowledged he has been deliberately targeted but takes no responsibility for his own past actions. There was one tiny dig lobbed his way that made me laugh. Find the interview on line you might catch it. 
#cdnpoli #pnpcbc",,,,0,0,1,0,2026-05-10T13:38:59Z,NA,NA,at://did:plc:k2eo47t757vmrl52hh7i6sbx/app.bsky.feed.post/3mlggirwyg224,,,,,
at://did:plc:7ycfilosz2dmgcnqbh76jdol/app.bsky.feed.post/3mliuzbjp7s23,bafyreigj4wnihbblsxixrikroftqanuodqr5ouvox3wwj2jrskfwl4vkmu,coolxenu.bsky.social,Cool Xenu 8647,"Alberta's #UCP supporters don't care as long as they think they are still sticking it to those libs.

#ableg #cdnpoli",,,,0,0,1,0,2026-05-10T13:38:26Z,at://did:plc:zh5dfrgucq2td5ngz2wtlzle/app.bsky.feed.post/3mlesiewxrc2s,at://did:plc:zh5dfrgucq2td5ngz2wtlzle/app.bsky.feed.post/3mlesiewxrc2s,NA,,,,,
at://did:plc:fuu6bocgrf4aonbnu7wkdsy7/app.bsky.feed.post/3mliuypvhkk2c,bafyreifqmvb2wqz6evz6mv6rg75hhoiipqs6f2m54oiwalbfekzoilqhyq,theubiquitousj-man.bsky.social,The Ubiquitous J-Man,"He's emulating his idol...
🙄

#CdnPoli 🇨🇦
#MapleMAGA🍁
#PierrePoilievreIsLyingToYou🤥
#NeverPoilievre 🚫
#NeverVoteConservative 🚫🗳️",,,,0,0,0,0,2026-05-10T13:38:06Z,at://did:plc:p4p76uhvfxjto3pi7kjbhp5r/app.bsky.feed.post/3mlhq33lnsc25,at://did:plc:p4p76uhvfxjto3pi7kjbhp5r/app.bsky.feed.post/3mlhq33lnsc25,NA,,,,,
at://did:plc:te462bca74usoq54377m3mcl/app.bsky.feed.post/3mliuoxcfvk2m,bafyreihshjgjsvlp7l753v42b5xry3bkth6nvemmib6wlxtbu2qwk6yz5e,204queenb0574.bsky.social,🍁 Christine 🍁,"I've been screaming about the bait and switch since I read his first bill and it's only getting worse now that he has his majority. And he's admitted Harper is an advisor. Plus he was in Armenia at the same time as Carney. WHY? 

#cdnpoli #canadasky",,,,1,4,8,1,2026-05-10T13:32:37Z,NA,NA,at://did:plc:4yb2pjejfziah3eork7stm6j/app.bsky.feed.post/3mlglk3ap7s2h,,,,,
at://did:plc:abt5tpb7lqr7vopkrkwfswwq/app.bsky.feed.post/3mliumt3mpr2k,bafyreiepcdsgkcais4vconlgxc6thp3gm5d2wxku2w4q536nwnbz4ptn4e,canadareport.org,Canada Report,"Midwest Pump Prices Are Spiking at Worst Possible Time for Trump

Canada’s fastest news scan: 25+ headlines, no clutter, updated all day: CanadaReport.org

#cdnpoli #Canada #News #Business #Economy 
Read Original Article 🔗",,,,0,0,1,0,2026-05-10T13:31:26Z,NA,NA,NA,,,,,
at://did:plc:7ycfilosz2dmgcnqbh76jdol/app.bsky.feed.post/3mliujbb2rc23,bafyreidhzg6r7euy3cpytimykjhrxf4dqfqrtxvnwa6swomzbiydmmezo4,coolxenu.bsky.social,Cool Xenu 8647,"Dialog doesn't sell arms.....

#USA #MAGA

#cdnpoli",,,,0,0,0,0,2026-05-10T13:29:28Z,NA,NA,at://did:plc:dzezcmpb3fhcpns4n4xm4ur5/app.bsky.feed.post/3mlidrwyyxn2d,,,,,
at://did:plc:7ycfilosz2dmgcnqbh76jdol/app.bsky.feed.post/3mliuggqn7s23,bafyreiatwnuza3gujq6ldiqt7gqwih4ik5fagcdookp66g6mqzfkt2cyym,coolxenu.bsky.social,Cool Xenu 8647,"The #UCP does not govern and never has.

#ableg #cdnpoli",,,,1,0,2,0,2026-05-10T13:27:53Z,at://did:plc:7ushpfhabcsmsolnv6lbbmmq/app.bsky.feed.post/3mliij2pmj22o,at://did:plc:7ushpfhabcsmsolnv6lbbmmq/app.bsky.feed.post/3mliij2pmj22o,NA,,,,,
at://did:plc:7ycfilosz2dmgcnqbh76jdol/app.bsky.feed.post/3mliueatzwk23,bafyreigilw6chxhxd5pxbnoc6ym4blkkqqywthftkdcpzfdayyi2icao2y,coolxenu.bsky.social,Cool Xenu 8647,"Future of Grande Prairie with its Blunder Valley O'Leary boondoggle.

#ableg #cdnpoli",,,,0,0,1,0,2026-05-10T13:26:40Z,at://did:plc:mmgnqabq6g25osv63j36uncq/app.bsky.feed.post/3mliky3kti22s,at://did:plc:mmgnqabq6g25osv63j36uncq/app.bsky.feed.post/3mliky3kti22s,NA,,,,,
at://did:plc:ozwyeayssrmlwhtxcjzdtxgf/app.bsky.feed.post/3mliub32pkk2x,bafyreia5vfjiee6z7dg6ildqhrwvylmngzny4w7yq7ndggryt5wpgguovq,chezer59.bsky.social,,"Canadians are getting tired of the Province being run by a Construction Mafia Boss.

#onpoli #cdnpoli #cdnmedia",,,,0,0,0,0,2026-05-10T13:24:52Z,at://did:plc:f55f3ntdasv4rnlfmn73mwcs/app.bsky.feed.post/3ml54e5s6vk2y,at://did:plc:f55f3ntdasv4rnlfmn73mwcs/app.bsky.feed.post/3ml54e5s6vk2y,NA,,,,,
at://did:plc:7ycfilosz2dmgcnqbh76jdol/app.bsky.feed.post/3mliu5hqrgk23,bafyreigyk7hisvb4w56fk4tqaxrzly7kfchyxdoyvktv2wwjc3qwhnkrbi,coolxenu.bsky.social,Cool Xenu 8647,"Land of the free.....

#USA #MAGA

#cdnpoli",,,,0,0,0,0,2026-05-10T13:22:52Z,NA,NA,at://did:plc:jexcnakcd5uc7hj6vl56i5py/app.bsky.feed.post/3mlikkcyou225,,,,,
at://did:plc:7ycfilosz2dmgcnqbh76jdol/app.bsky.feed.post/3mlitw7t67s23,bafyreid62vxe7r43dqfvscwkhp3agygqqnjs5pgx3zfkyjmdujdsscrqy4,coolxenu.bsky.social,Cool Xenu 8647,"Platforming #Zioinist terrorists is probably not the flex @cbsnews.com thinks it is.

#USA #MAGA suckers.

#cdnpoli",,,,0,0,0,0,2026-05-10T13:18:49Z,at://did:plc:t6ubj2wlhc34awzcymh3qpur/app.bsky.feed.post/3mlin3vs2ys2i,at://did:plc:t6ubj2wlhc34awzcymh3qpur/app.bsky.feed.post/3mlin3vs2ys2i,NA,,,,,
at://did:plc:dzu7ntlsxj2rlxxob4ymyhwz/app.bsky.feed.post/3mlitvcrm4s2i,bafyreibtpe7tszavfdmbqfxayb2x4kfgunbfoduaz3pgignvxskrcsgrwu,grannycanuck.bsky.social,💪🏼🫎🛶🦫🌲💨🪨🌊,"Another liberated community was the birthplace of Pete Hoekstra - who now shamelessly disseminates misinformation about Canada for trump
 #WWII #history 🔚 #cdnPoli #Groningen #Netherlands #PeteHoekstra. library.mcmaster.ca/battle-groni...",,,,0,0,1,0,2026-05-10T13:18:18Z,at://did:plc:lar2o6mnnvln22w6kgnpifli/app.bsky.feed.post/3mlhug4avgs25,at://did:plc:lar2o6mnnvln22w6kgnpifli/app.bsky.feed.post/3mlhug4avgs25,NA,,,,,
at://did:plc:bbnve3u34qpmusulfzkei3p2/app.bsky.feed.post/3mlitpy3c6k2w,bafyreigdsbnp3mmwwz7om2khy7vjltt7yxhq7j2wwgpn6xiodjw2hobhjy,fluxliner.bsky.social,Flux Liner,"I Love My Liberal Canada !!!
#Alberta #Canada #cdnpoli",,,,0,0,0,0,2026-05-10T13:15:19Z,at://did:plc:ho4h4vhrwpohqtgd7ovjx6zo/app.bsky.feed.post/3mlisezrxrc2j,at://did:plc:ho4h4vhrwpohqtgd7ovjx6zo/app.bsky.feed.post/3mlisezrxrc2j,NA,,,,,
at://did:plc:ozwyeayssrmlwhtxcjzdtxgf/app.bsky.feed.post/3mlitmz7tg22x,bafyreifiwyzonhakgbtrq2qqguejn2o4fmpscat4znruj4xz6gfszdyr3u,chezer59.bsky.social,,"Name these MLAs & vote every one of them out of office.

#cdnpoli",,,,0,0,0,0,2026-05-10T13:13:39Z,at://did:plc:ormie3tjweyhnqckjlzowoxg/app.bsky.feed.post/3ml4fttvrws2l,at://did:plc:ormie3tjweyhnqckjlzowoxg/app.bsky.feed.post/3ml4fttvrws2l,NA,,,,,
at://did:plc:4ownlsrdmnvwgzmcdi2bof6s/app.bsky.feed.post/3mlitkaknes2e,bafyreiaqpvoqqgs56p27zplvcmh5cm5zkrftzr2e673qvxzwjcdr7kqony,peipolitical.bsky.social,PEIPolitical 🇨🇦,"Loblaws suffering. Passing on the profits to shoppers. 🖕
#cdnpoli",,,,6,23,43,4,2026-05-10T13:12:10Z,NA,NA,NA,,,,,
at://did:plc:6cri3nbgdxvfuwdgav73lbce/app.bsky.feed.post/3mlitjkhcmc2i,bafyreicp3u7dmdcwcivuhwlq6rk53stmw5z4pl75z5mgwlkytgksw7g7sa,uncoverthenews.bsky.social,UncoverTheNews,"🦫 Whether you're lounging or hustling, #DamFam, The Daily Beaver Morning Show fits right in! 🎙️ Replay episodes for sharp insights on Canadian & global news. 🌟 www.youtube.com/@truenorthea... 
#podcast #Canada #cdnpoli",,,,0,0,3,0,2026-05-10T13:11:45Z,NA,NA,NA,,,,,
at://did:plc:dzu7ntlsxj2rlxxob4ymyhwz/app.bsky.feed.post/3mlit6tz7gk2u,bafyreiclcub57wywsundsakxssfdur6cdfgkzoylklu2rvmkemhhrervnm,grannycanuck.bsky.social,💪🏼🫎🛶🦫🌲💨🪨🌊,Proving yet again that Tory scum will tell any lie to deflect blame from their Masters: trump & the GOP 🔚 #cdnPoli #CostOfLiving #CPC #GasPrices #IDU #Iran #misInformation #poiLIEvre,,,,0,1,2,0,2026-05-10T13:05:44Z,at://did:plc:6lf4mqeuilmro75uc6jy72dd/app.bsky.feed.post/3mlhk7k3pmk2n,at://did:plc:6lf4mqeuilmro75uc6jy72dd/app.bsky.feed.post/3mlhk7k3pmk2n,NA,,,,,
at://did:plc:ozwyeayssrmlwhtxcjzdtxgf/app.bsky.feed.post/3mlit4zt4jc2x,bafyreiehyw7la4fvaolec2pcfc2xghh6hz6duorkfb5dmaaevzwxgosgri,chezer59.bsky.social,,"Mobilize Media is a foreign intelligence operation that is meddling in Canadian domestic politics.

#cdnpoli #cdnmedia",,,,0,0,0,0,2026-05-10T13:04:42Z,at://did:plc:zh5dfrgucq2td5ngz2wtlzle/app.bsky.feed.post/3ml4o6cog2c2h,at://did:plc:zh5dfrgucq2td5ngz2wtlzle/app.bsky.feed.post/3ml4o6cog2c2h,NA,,,,,
at://did:plc:nbo7sbdaqftjent7gndejypz/app.bsky.feed.post/3mlisyahvbc2q,bafyreiezjhqa6xwen5jlsbvhrqhgdngssfwttfqgwvofb4uyij3xttvkum,lauraba.bsky.social,Laura,"“Open to deeper integration” = on our terms. Trade diversification put Canada on more stable ground. Carney’s playing from strength, not subservience. Let it play out. #cdnpoli",,,,0,0,3,0,2026-05-10T13:02:02Z,at://did:plc:4ownlsrdmnvwgzmcdi2bof6s/app.bsky.feed.post/3mlipgew6ak2z,at://did:plc:4ownlsrdmnvwgzmcdi2bof6s/app.bsky.feed.post/3mlipgew6ak2z,NA,,,,,
at://did:plc:abt5tpb7lqr7vopkrkwfswwq/app.bsky.feed.post/3mlisx6bpzf2k,bafyreihm6excavkpurld44i36uwqcflo3dp24buminvraerlzdot7jqwpm,canadareport.org,Canada Report,"Résistance à la grippe | La maman qui ne tombait jamais malade

Canada’s fastest news scan: 25+ headlines, no clutter, updated all day: CanadaReport.org

#cdnpoli #Canada #News 
Read Original Article 🔗",,,,0,0,0,0,2026-05-10T13:01:26Z,NA,NA,NA,,,,,
at://did:plc:k6a35s56ijvrb4zjkq4ojll5/app.bsky.feed.post/3mlisvnape42s,bafyreiebzgxtc475goreofwn4wwaugt55wbavnneesbum73kpanuhdi56m,toptags.bsky.social,Trending Hashtags,"🌟 BlueSky trending hashtags (1h) #16-30:

#青空ごはん部 #raptors #furryart #sexy #cdnpoli #birdphotography #goon #naturephotography #goonsky #gay #aiart #섹트 #auschwitz #furry #sex

👇 #1-15 trending hashtags",,,,0,0,0,0,2026-05-10T13:00:34Z,NA,NA,at://did:plc:z22iojvb45xno3nblfy6fcwg/app.bsky.feed.post/3mlisvn3ayo2q,,,,,
at://did:plc:yk46ur4tz4zt5n6dyck2yv43/app.bsky.feed.post/3mlismx376o52,bafyreihhxtazi337bqtcli7ga7mkq4ykwepthg764ao6g53xmtthrfh64u,annaanthro.mastodon.social.ap.brid.gy,Anna Anthro,"#Canada’s military went from a ‘death spiral’ to a recruitment boom

“Canada is seeing its biggest military recruitment surge in 30 years.”

#cdnpoli

https://www.bbc.com/news/articles/crrpd1pvgkzo",,,,0,4,0,0,2026-05-10T12:56:44Z,NA,NA,NA,,,,,
at://did:plc:ozwyeayssrmlwhtxcjzdtxgf/app.bsky.feed.post/3mlisilwjm22x,bafyreie6r6oz7xk5k5uanlvhqhgdba5wgjrmgorjtmjppheqdjhxks54mm,chezer59.bsky.social,,"Canada’s ideal political climate would be having the obvious alternative to the Party in power being the Liberals or NDP, with the Conservatives relegated to religious fringe party status.

#cdnpoli #cdnmedia",,,,1,0,0,0,2026-05-10T12:53:17Z,at://did:plc:qc6knwwrxlwb7m2davffjpst/app.bsky.feed.post/3mliryj73o22f,at://did:plc:ozwyeayssrmlwhtxcjzdtxgf/app.bsky.feed.post/3mliqf2kxa22x,NA,,,,,
at://did:plc:j4gu6wzm6rr3vcvtfszxuizc/app.bsky.feed.post/3mlisfhri3c2l,bafyreic5f5cjnsdjw7nuccp7yjlvprdftd67sjid73rcikt2ni5hbsua34,canuckfella.bsky.social,CanuckFella,"#Albpoli #Cdnpoli #DanielleSmith
Smith speaks from both sides of her mouth. Blames immigration for the prov's health problems and financial woes (diversion), complains about pipelines, (Ottawa built Trans Moiluntain), cozies up to separatists..
Claus Kellerman breaks it down
youtu.be/dVCND71rmIE?...",,,,0,3,5,0,2026-05-10T12:51:33Z,NA,NA,NA,,,,,
at://did:plc:amnhdrsyqrmpomj6qdzc3ved/app.bsky.feed.post/3mlisagv6naa2,bafyreie6xp4o23xyhokkldgo6gsvve54jcjutmixjp5he56rqyqnglutia,edwing.mstdn.moimeme.ca,Edwin G. :mapleleafroundel:,"Baltic, Nordic officials urge Canadians to learn from the Russian threats they face

https://toronto.citynews.ca/2026/05/10/baltic-nordic-officials-urge-canadians-to-learn-from-the-russian-threats-they-face/
- - -
Les dirigeants baltes et nordiques urgent les Canadiens à apprendre des menaces […]",,,,0,4,0,0,2026-05-10T12:49:00Z,NA,NA,NA,,,,,
at://did:plc:sywtwkbhpdibiprqvv7epcto/app.bsky.feed.post/3mlis5xyhx22h,bafyreiautaxrqagcj6fm4peiimdzymd3qyizpx7ornc4xxbh5k2g7wcenq,elliott4mp.bsky.social,"Derek Elliott, Libertarian","Mother's Day Message: Why the Census is a Waste of Money and an Invasion of Privacy
#cdnpoli #census #libertarian #canada #politics 
youtube.com/shorts/xZ0jo...",,,,0,0,0,0,2026-05-10T12:47:20Z,NA,NA,NA,,,,,
at://did:plc:pedpziwws5vkocuq76mokn7c/app.bsky.feed.post/3mlirv6ig5227,bafyreigzidmiau7yczsg5didfw3kxo4fedvfcluzngsdtiserbswd2m7yu,deepgreendesign.bsky.social,Deep Green Design,"Conservatives in Canada seek to reboot religious “conversion therapy”, oppress women’s healthcare, erase science-based medicine & destroy Canada’s public education in-order to indoctrinate kids into crumbling Christianity.

#CdnPoli #AbLeg #Humanism #NeverVoteConservative",,,,0,2,5,0,2026-05-10T12:42:25Z,NA,NA,at://did:plc:rryddwstyl3hsiw2yw544ynk/app.bsky.feed.post/3mlgqysffvs2e,,,,,
at://did:plc:equnfwllowvznqknrp7kuoyw/app.bsky.feed.post/3mlirsgsj322g,bafyreig724irfxizyr57oazrngumk67kux2gqdzku2nk5qunxpfnq3yc7a,peterd56.bsky.social,Peter Dudley 🇨🇦,@mark-carney.bsky.social : We need deeper integration with our EU & TP partners. We need more trade diversification - not less. This is why you were elected. Never forget this. #cdnpoli,,,,0,6,7,1,2026-05-10T12:40:53Z,NA,NA,at://did:plc:4ownlsrdmnvwgzmcdi2bof6s/app.bsky.feed.post/3mlipgew6ak2z,,,,,
at://did:plc:na2jsglptzqzh3a2diupef7f/app.bsky.feed.post/3mlirp5pzhk2b,bafyreicpca5qwsgzft3cantuzx6xybijymwvor7h6uiw3zkv6h7wobsllm,martithrall.bsky.social,Marty Fontaine 🇨🇦,"The next scene is Epstein putting a black hood over that girl.

She and Trump will meet again, and, now that's he's robbed he blind,  he's going to ""teach [her] how little girls are supposed to behave.""

Donald Trump is a pedophile. 

#martyfontaine #USA #Epstein #politics #cdnpoli",,,,0,1,4,0,2026-05-10T12:39:05Z,NA,NA,NA,,,,,
at://did:plc:pedpziwws5vkocuq76mokn7c/app.bsky.feed.post/3mlirkidumk27,bafyreiem2eqvh6vu5x32czo4bexturzyckf2dyj5hbs2m6inv4vdrunovu,deepgreendesign.bsky.social,Deep Green Design,"SCOTUS abandoned science & facts with Roe V Wade.

The court must be expanded to 19 to nullify the conservative corruption & rot.

#NeverVoteConservative #CdnPoli",,,,0,2,3,0,2026-05-10T12:36:27Z,NA,NA,at://did:plc:pjiafkey2cokiupsxpswqlk7/app.bsky.feed.post/3mlgz5gxihk2e,,,,,
at://did:plc:abt5tpb7lqr7vopkrkwfswwq/app.bsky.feed.post/3mlirbiddx72b,bafyreih3zdjenukcvhdkcjjsddnk7lrtpn5xcezjeel75b7dpmcumc7osu,canadareport.org,Canada Report,"Starmer Vows to Serve 10 Years But May Face Challenge in Days

Canada’s fastest news scan: 25+ headlines, no clutter, updated all day: CanadaReport.org

#cdnpoli #Canada #News #Business #Economy 
Read Original Article 🔗",,,,0,0,0,0,2026-05-10T12:31:24Z,NA,NA,NA,,,,,
at://did:plc:k6a35s56ijvrb4zjkq4ojll5/app.bsky.feed.post/3mlir7qnmcv2i,bafyreih76gh5iayl5lcym7hsssrz4m2ka4rke734ifaht67yem2gy4cl24,toptags.bsky.social,Trending Hashtags,"🔥 BlueSky trending hashtags (30m) #16-30:

#furryart #aiart #auschwitz #illustration #cum #stunday #hahohe #naturephotography #eck #raptors #bloomscrolling #cdnpoli #sundaycumday #goon #nude

👇 #1-15 trending hashtags",,,,0,0,1,0,2026-05-10T12:30:26Z,NA,NA,at://did:plc:z22iojvb45xno3nblfy6fcwg/app.bsky.feed.post/3mlir7qcu2t2x,,,,,
at://did:plc:na2jsglptzqzh3a2diupef7f/app.bsky.feed.post/3mlir2nyayk2b,bafyreidk4dnqjkdf45u4zcasnkgpy6guisc4lzrrth3xhz2picsbkhiqqi,martithrall.bsky.social,Marty Fontaine 🇨🇦,"#FUCK #ISREAL

#martyfontaine #genocide #politics #cdnpoli",,,,0,0,2,0,2026-05-10T12:27:36Z,NA,NA,at://did:plc:did5psctmmw4j4xlxu64uvzq/app.bsky.feed.post/3mliqh35zpk2h,,,,,
at://did:plc:ozwyeayssrmlwhtxcjzdtxgf/app.bsky.feed.post/3mliqrp4d6k2x,bafyreifem4trg5le72roqqbqk7xs65tbnzgc5ytjxyvtzhhp4qmk277ltm,chezer59.bsky.social,,"American influencers have inspired treasonous & illegal behaviour to medal in the domestic politics of a foreign country.

A sympathetic Provincial Government, with treasonous aspirations, facilitated a voter data breach to create falsified signatures.

#cdnpoli #cdnmedia",,,,0,2,3,0,2026-05-10T12:22:35Z,NA,NA,at://did:plc:yf6hctt2ug3qyfty4in64yob/app.bsky.feed.post/3ml2vwckgjj2p,,,,,
at://did:plc:nbo7sbdaqftjent7gndejypz/app.bsky.feed.post/3mliqgtxhrs27,bafyreihqg5yawncqaqggc4wmot35vbej6swdbgti2f6557pvb4mgtels2e,lauraba.bsky.social,Laura,"While Carney closed a global democracy summit with Obama & Buttigieg and multiple heads of state

PP addressed 500 people - Pompeo, 
a no-show ambassador, 
Vance’s fantasy football guy & Alberta’s wokeism slayer (actively petitioning to leave Canada). 

“A Winning Vision.” #cdnpoli​​​​​​​​​​​​​​​​",,,,2,5,16,1,2026-05-10T12:16:35Z,NA,NA,NA,,,,,
at://did:plc:ozwyeayssrmlwhtxcjzdtxgf/app.bsky.feed.post/3mliqf2kxa22x,bafyreigesvurv5klo7rxolviwquy2toch3vidmm3slcdmwrnoplfhj5ria,chezer59.bsky.social,,"Like US Republicans, Canadian Conservatives have abandoned the secular centre right & veered into an extreme religious hard right.

It should be no surprise that a secular Liberal Party will at least partially fill that vacuum.

#cdnpoli #cdnmedia",,,,2,1,2,0,2026-05-10T12:15:30Z,NA,NA,at://did:plc:ormie3tjweyhnqckjlzowoxg/app.bsky.feed.post/3ml4t3wrids2s,,,,,
at://did:plc:4ownlsrdmnvwgzmcdi2bof6s/app.bsky.feed.post/3mliq7smisk2z,bafyreiei6vpsms6jhv6mksugonjcbxnqhluvxnruiqm3wcb3jnc4qkiafm,peipolitical.bsky.social,PEIPolitical 🇨🇦,"Canada is ‘closely monitoring’ new warning over AI electricity grid strain. #cdnpoli 
globalnews.ca/news/1184034...",,,,2,21,52,4,2026-05-10T12:12:36Z,NA,NA,NA,,,,,
at://did:plc:4ownlsrdmnvwgzmcdi2bof6s/app.bsky.feed.post/3mlipzrk4sc2z,bafyreia3f3mkz2swdmazbmlwvddify5j4akogrmsinmgbbsrraeg2rbt4a,peipolitical.bsky.social,PEIPolitical 🇨🇦,"55% uptick in food bank use prompts calls for emergency funding. #cdnpoli 
www.cbc.ca/news/canada/...",,,,5,19,29,5,2026-05-10T12:09:14Z,NA,NA,NA,,,,,
at://did:plc:ozwyeayssrmlwhtxcjzdtxgf/app.bsky.feed.post/3mlipq3bgzk2x,bafyreicapr6wkm4hqchq7xtec6ihkwvmjkocfzng7oyww5bzqpbs5gknd4,chezer59.bsky.social,,"These aren’t real signatures. They were stolen in a data breach facilitated by the Daniel Smith government.

This is brazenly treasonous, people should go to jail for this.

#cdnpoli #abpoli #cdnmedia",,,,0,1,1,0,2026-05-10T12:03:47Z,NA,NA,at://did:plc:a67zdrt4nl2tv2qojpngogbq/app.bsky.feed.post/3ml2yd6ibmd2n,,,,,
at://did:plc:x2fori67bggzcj2a6c7sj6ur/app.bsky.feed.post/3mlipp66tq22d,bafyreidq7gttq7hlev6qtellckkldlwxbnjflbalg55auqlnydsrzspwza,jimmydp01.bsky.social,J Payne,"@mark-carney.bsky.social 
@anitaoakvilleeast.bsky.social 

#ICC #ICJ 

#Gaza #Palestine 
#Cdnpoli #BCPoli",,,,0,1,4,0,2026-05-10T12:03:16Z,NA,NA,at://did:plc:yosojsta3nm5qiod5zqixzur/app.bsky.feed.post/3mlio6gwd4n2x,,,,,
at://did:plc:4ownlsrdmnvwgzmcdi2bof6s/app.bsky.feed.post/3mlipp5jmzc2z,bafyreifs35cyakpboexwvaynsx64wyhjsknwqb4d6psee3bl5ud4jd7lea,peipolitical.bsky.social,PEIPolitical 🇨🇦,"Trump’s New Surgeon General Pick Said Using Marijuana Can Give You ‘Man Boobs’ #cdnpoli 
www.marijuanamoment.net/trumps-new-s...",,,,13,5,10,2,2026-05-10T12:03:17Z,NA,NA,NA,,,,,
at://did:plc:abt5tpb7lqr7vopkrkwfswwq/app.bsky.feed.post/3mlipluw3sk2p,bafyreihh7gkpme2al66kb5gah7azcspbyh6jir6u7zh5rjfpga6v6be7gm,canadareport.org,Canada Report,"Élections générales | De grosses pointures se lancent pour le PLQ

Canada’s fastest news scan: 25+ headlines, no clutter, updated all day: CanadaReport.org

#cdnpoli #Canada #News 
Read Original Article 🔗",,,,0,0,0,0,2026-05-10T12:01:25Z,NA,NA,NA,,,,,
at://did:plc:4ownlsrdmnvwgzmcdi2bof6s/app.bsky.feed.post/3mlipgew6ak2z,bafyreigvqj6elw3zuw6me6uyks2gwwr6wbaf6whisbniuyshocn5gecxrm,peipolitical.bsky.social,PEIPolitical 🇨🇦,"Carney says Canada open to deeper integration with U.S. ahead of CUSMA review. #cdnpoli 
www.ctvnews.ca/canada/artic...",,,,14,5,7,5,2026-05-10T11:58:23Z,NA,NA,NA,,,,,
at://did:plc:7erknbz7f4wsocjxci2n4hlk/app.bsky.feed.post/3mliozevw2k2f,bafyreibvga672g2wutajvuiq3wz5l7hf4udxbckgywxkpnvkiazdttbbdu,kpateonthehill.bsky.social,Senator Kim Pate,"This #Mother’sDay, we honour all who mother.
 
Let's remember that most women in prisons were the sole supports of children before they were jailed & work to ensure all mums have the supports & resources they need to keep & care for their children & themselves! #SenCA #cdnpoli

youtu.be/oSaSWXHBaus",,,,0,6,14,1,2026-05-10T11:51:07Z,NA,NA,NA,,,,,
at://did:plc:4ownlsrdmnvwgzmcdi2bof6s/app.bsky.feed.post/3mliour243k2z,bafyreihznutioatyyc64zr2ntakch5rbvsomce6rvdiy4hhk4oflosoe4e,peipolitical.bsky.social,PEIPolitical 🇨🇦,"World’s largest nuclear facility could be built in Ontario with new $300M deal. #cdnpoli 
www.ctvnews.ca/toronto/poli...",,,,8,17,41,2,2026-05-10T11:48:33Z,NA,NA,NA,,,,,
at://did:plc:jhbx74jyfrwul2dyztomb6d3/app.bsky.feed.post/3mliosdov2k2x,bafyreiaxa5iz7zvbuxzcnvacmheuxqlveby5de3gkvod7qhpa6zxwclyli,pierrebelley.bsky.social,Pierre Belley,"Toute une génération a fait ce qu'on lui disait de faire : aller à l'école, trouver un bon emploi, travailler dur. Aujourd'hui, même les travailleurs manuels qui gagnent bien leur vie retournent vivre chez leurs parents, car l'accession à la propriété est totalement hors de portée au Canada #cdnpoli",,,,0,0,0,0,2026-05-10T11:47:09Z,NA,NA,at://did:plc:4ownlsrdmnvwgzmcdi2bof6s/app.bsky.feed.post/3mlioq5uf5k2z,,,,,
at://did:plc:4ownlsrdmnvwgzmcdi2bof6s/app.bsky.feed.post/3mlioq5uf5k2z,bafyreie4kwh4mxcr2dyyuisybiujl3xs56ttke6enoh6btgatwy3monkhe,peipolitical.bsky.social,PEIPolitical 🇨🇦,A generation did everything they were told to do. Go to school. Get a good job. Work hard. Now even people in the trades making decent money are moving back in with their parents because home ownership is completely out of reach in Canada. #cdnpoli,,,,238,542,2472,51,2026-05-10T11:45:58Z,NA,NA,NA,,,,,
at://did:plc:2k3vypzzpcx6sgsfnspsdhbw/app.bsky.feed.post/3mlio5ide362e,bafyreiayozhahcmczbp4v2llnqajf4b2pt6gf5qe32462jmh2edyr7yo6m,morningside.bsky.social,Pádraig Kerr 🇨🇦,"Full speech by PM Mark Carney at the 2026 Global Progress Action Summit in Toronto (May 9, 2026) buff.ly/tNKkFvq

#Canada #Cdnpoli",,,,1,8,14,1,2026-05-10T11:35:29Z,NA,NA,NA,,,,,
at://did:plc:7lk2ea67pioh2e7tqj5n7whh/app.bsky.feed.post/3mlio2qqqj22h,bafyreick7iejujc5veyuiaqpgxw6e52hx2lp7ahsuiyk6s3pz4w4c56ldm,samspade1941.bsky.social,Samuel Spade,"ruSSians are a menace to Democracy.

""Amateur spies once used by Russian intelligence services have laid the groundwork for more complex operations, according to a researcher following the emergence of these “single-use agents”.   

#cdnpoli #ukpol #auspol #uspol 

www.france24.com/en/europe/20...",,,,0,2,3,1,2026-05-10T11:33:58Z,NA,NA,NA,,,,,
at://did:plc:abt5tpb7lqr7vopkrkwfswwq/app.bsky.feed.post/3mlinw677q52k,bafyreicahjgxhwfaygl2nwt4g4rqn7ypp76g6sadpp3fdlckcrkhqzviaq,canadareport.org,Canada Report,"Moganshan Hosts Global Brands as China Steps Up Brand Building

Canada’s fastest news scan: 25+ headlines, no clutter, updated all day: CanadaReport.org

#cdnpoli #Canada #News #Business #Economy 
Read Original Article 🔗",,,,0,0,0,0,2026-05-10T11:31:23Z,NA,NA,NA,,,,,
at://did:plc:tyg2ztzq6goz3zgebqa7sjz3/app.bsky.feed.post/3mlint2wiee32,bafyreiaqzwvnl4ksc5xxbrmydscmmkseo5iyleo6qycx554r2e5f5cwtpq,mpjgregoire.cosocial.ca.ap.brid.gy,M. Grégoire,"I've finally read #AlthiaRaj's article from a week ago about #MarkCarney forgetting who elected him, by abandoning federal pharmacare and childcare programmes, https://archive.is/IZKc3

I don't know. The PM's popularity is so high, maybe his voters never cared much about those programmes? […]",,,,0,1,0,0,2026-05-10T11:29:40Z,NA,NA,NA,,,,,
at://did:plc:2rsctfhevbiuyhwmglfyun5r/app.bsky.feed.post/3mlimx2tozs2i,bafyreihbt7aqnrq2ko23gk6otezmkhe4h763e4urnszlflgksepmfrhv3i,antonpnym.bsky.social,Anton P. Nym (aka Steve),"This is, literally, the exact opposite of what PM Carney's campaign promised. If he delivers on this, his party is screwed. #CdnPoli",,,,0,1,3,0,2026-05-10T11:13:01Z,NA,NA,at://did:plc:kstp56fjsymztwl5jppmn3vc/app.bsky.feed.post/3mlh5pfqxxs2g,,,,,
at://did:plc:zpqoxjziyvu5vkx6xnkkzjra/app.bsky.feed.post/3mlimusx2w22n,bafyreifr2feolfz23jysba2hkfa3uwdxq7xwm4hhqw4gz7ull76obwkpua,marilynp.bsky.social,Marilyn Porter 🇨🇦,"Hey PM Carney, Canada doesn’t want deeper integration with a country whose leaders openly celebrate what Amnesty International describes as sadistic torture. #cdnpoli",,,,0,1,4,0,2026-05-10T11:12:44Z,NA,NA,at://did:plc:zryasahq2d274haacmgfbnez/app.bsky.feed.post/3md6wxt77ys2n,,,,,
at://did:plc:mwagtmvsxuqlgte5iqk3fndm/app.bsky.feed.post/3mlimitteek2l,bafyreiegbqpck4skxxawidrvm25jjbeegr62sodxhvznmq2cqyo3g4nvym,lalegault.bsky.social,LA Legault ⚜️🤌🏻,"For Mother’s Day 💐 this year in 🇨🇦 Carney is slowly phasing out affordable daycare! #cdnpoli

click.thestar.com/dm?id=5B11BC...",,,,1,10,9,0,2026-05-10T11:06:04Z,NA,NA,NA,,,,,
at://did:plc:abt5tpb7lqr7vopkrkwfswwq/app.bsky.feed.post/3mlimgy6bhz27,bafyreihzm57k4ilq3kmwdul4jsuyinvpoohhnlh3l2bbyszkvyc2rulrfu,canadareport.org,Canada Report,"🇨🇦 Morning Briefing — May 10  
Canada's political landscape is shifting with vaping regulations and Alberta's separatist sentiments.  
• Vaping debates impact youth health.  
• ...

Read: canadareport.org/briefing-2026-05-10-morning.html
#cdnpoli",,,,0,0,0,0,2026-05-10T11:05:00Z,NA,NA,NA,,,,,
at://did:plc:rlcoxketrj26yu5hgn3izwaz/app.bsky.feed.post/3mlim7cpxns2i,bafyreihon4ttkmdxqkb4vylbczrmubu5pzj5q56gdcvfkn2rt7py7j7o24,janfromthebruce.bsky.social,JanFromTheBruce 🍁,"Every day I am going to post this (permission from Del Schilling).

Will you join me?

Over 5700+ Missing & Murdered Indigenous Women & Girls

#MMIWG #cdnpoli",,,,0,3,6,1,2026-05-10T11:00:41Z,NA,NA,NA,,,,,
at://did:plc:wtfyxlm5wsbah4nvod66xyq7/app.bsky.feed.post/3mlim3beftk2l,bafyreie6aznchizmcqpgndl6psjwrpwhzs233qm3eyzoopp5smk64hzvem,politozi.bsky.social,Politozi-Global,"🇺🇦 #WeStandWithUkraine
🇺🇦 #StandWithUkraine
#VolodymyrZelenskyy #Ukraine #Zelenskyy #USApol #USpol #UKpol #AUSpol #France #VladimirPutin #Putin #Russia #EUpol #CDNpoli #UN",,,,1,0,1,0,2026-05-10T10:58:29Z,NA,NA,at://did:plc:6y3honhec2jch2ryrbuyx5a5/app.bsky.feed.post/3mlie26p6d22e,,,,,
at://did:plc:wtfyxlm5wsbah4nvod66xyq7/app.bsky.feed.post/3mlilyap5hk2l,bafyreihfdbz7y7jpn6zahq5webzma6o5325v74u6eajxbj5j2u2a7w7c4a,politozi.bsky.social,Politozi-Global,"🇮🇱 #BOYCOTTIsrael 🇮🇱
🇵🇸 #StateOfPalestine #Palestine #IsraeliWarCrimes #IsaacHerzog #BenGvir #TheKnesset #IsraelKatz #BenjaminNetanyahu #Netanyahu #Genocide #USpol #IsraeliGenocide #IDF #USApol #UKpol #AUSpol #CDNpoli #ICC #UN #EU #EUpol #Israel #Gaza #WestBank #Lebanon",,,,0,0,2,0,2026-05-10T10:56:50Z,NA,NA,at://did:plc:2lofqead276vtc5647ye7sl2/app.bsky.feed.post/3mlichshzdc2y,,,,,
at://did:plc:wtfyxlm5wsbah4nvod66xyq7/app.bsky.feed.post/3mlil4x5nqk2l,bafyreievdcwcbqmfzfmev6ac3exi5agmlbk5ir7pemjyggrrhnrgxnptci,politozi.bsky.social,Politozi-Global,"🇺🇦 #WeStandWithUkraine
🇺🇦 #StandWithUkraine
#VolodymyrZelenskyy
#Zelenskyy #Ukraine #UKpol #USpol #USApol #AUSpol #CDNpoli #EUpol",,,,0,0,0,0,2026-05-10T10:41:31Z,NA,NA,at://did:plc:4aqzua5vsewimmusg66fyajl/app.bsky.feed.post/3mlikrfbltk2t,,,,,
at://did:plc:wtfyxlm5wsbah4nvod66xyq7/app.bsky.feed.post/3mlikzrj5o22l,bafyreihaohpz6h42u7q3ct6hjrh26u5bonpixkvop5d4hn56ynxholldiy,politozi.bsky.social,Politozi-Global,"🇺🇦 #WeStandWithUkraine
🇺🇦 #StandWithUkraine
#VolodymyrZelenskyy #Ukraine #Zelenskyy #USApol #USpol #UKpol #AUSpol #France #VladimirPutin #Putin #Russia #EUpol #CDNpoli #UN",,,,0,0,0,0,2026-05-10T10:39:45Z,NA,NA,at://did:plc:6y3honhec2jch2ryrbuyx5a5/app.bsky.feed.post/3mliiiy2oqc2s,,,,,
at://did:plc:tyg2ztzq6goz3zgebqa7sjz3/app.bsky.feed.post/3mlikssym2fj2,bafyreiggi6axxz2qwmju7tcoheru65ik4ykbl6ietwdb4kljii3jff7tle,mpjgregoire.cosocial.ca.ap.brid.gy,M. Grégoire,"""[Conestoga College] increased foreign enrolment by almost 150 per cent from 2021 to 2023, nearly tripling its total revenue over a three-year period. You can see why the purse strings might have been a little loose.""

Ontario takes over Conestoga College, cites 'egregious' overspending […]",,,,0,0,0,0,2026-05-10T10:37:00Z,NA,NA,NA,,,,,
at://did:plc:abt5tpb7lqr7vopkrkwfswwq/app.bsky.feed.post/3mlikl47bdv2z,bafyreifzxbrdf3kvr6tlfsibepqt7gu35pxlixro2cdmd5zsgsgvpjyzhm,canadareport.org,Canada Report,"Des oiseaux en quête de mégots de cigarettes pour leurs nids

Canada’s fastest news scan: 25+ headlines, no clutter, updated all day: CanadaReport.org

#cdnpoli #Canada #News 
Read Original Article 🔗",,,,0,0,0,0,2026-05-10T10:31:31Z,NA,NA,NA,,,,,
at://did:plc:h2spa3l463coxycuy6iiov2l/app.bsky.feed.post/3mlikgujb2s23,bafyreielrxr76sjuaaeomzf64wtforvt5fyqgfve652vavg5wsdbb7q2oa,shewandersferal.bsky.social,Allison Moon 🌙  🍁,"Why #Muricuns are horrifically, catastrophically stupid

🍁 #CANpoli 🍁 #CDNpoli 🍁  #CanadaSky 🌌 #Muricunizm 🇺🇸

#Education 📚 #Alberta",,,,0,0,2,0,2026-05-10T10:29:12Z,NA,NA,NA,,,,,
at://did:plc:mwagtmvsxuqlgte5iqk3fndm/app.bsky.feed.post/3mlikctilus2b,bafyreicgooci7e64vrwf4rwwfhci6dgpysx6zi6yq23jmqsqg2a3sxugza,lalegault.bsky.social,LA Legault ⚜️🤌🏻,The Canadian strategy of “let’s hope the courts fix” is entirely flawed and lazy. An ounce of prevention is worth a pound of cure. It always starts with the most vulnerable and now we’re seeing provincial efforts to privatize with no Federal enforcement of the Canada Health Act. #cdnpoli,,,,1,3,11,0,2026-05-10T10:26:55Z,NA,NA,NA,,,,,
at://did:plc:4ownlsrdmnvwgzmcdi2bof6s/app.bsky.feed.post/3mlijw7qflk2z,bafyreie5ftjx3usxmutphpk6mb5lscd6tl5oo2eunyev52m76nmnkrltli,peipolitical.bsky.social,PEIPolitical 🇨🇦,"Liberal MP Erskine-Smith loses nomination battle for Ontario provincial byelection. #cdnpoli 
www.ctvnews.ca/toronto/poli...",,,,9,0,12,0,2026-05-10T10:19:54Z,NA,NA,NA,,,,,
at://did:plc:abt5tpb7lqr7vopkrkwfswwq/app.bsky.feed.post/3mliivalmus2z,bafyreigrrpnrjnd5zilgvxxj7h2e7b4tjvid5tmt2e4qkdipa2creldbra,canadareport.org,Canada Report,"Chile Finance Chief Sees 2% Growth Amid Reform Push This Year

Canada’s fastest news scan: 25+ headlines, no clutter, updated all day: CanadaReport.org

#cdnpoli #Canada #News #Business #Economy 
Read Original Article 🔗",,,,0,0,1,0,2026-05-10T10:01:23Z,NA,NA,NA,,,,,
at://did:plc:abt5tpb7lqr7vopkrkwfswwq/app.bsky.feed.post/3mlih7prjag2b,bafyreicpvs4hvb6eoc7mjwdknf2wy67qo5oamadsxaflza4wfdpcv2ef3u,canadareport.org,Canada Report,"Accident mortel en Beauce | Une femme meurt après s’être trouvée sous un VTT

Canada’s fastest news scan: 25+ headlines, no clutter, updated all day: CanadaReport.org

#cdnpoli #Canada #News 
Read Original Article 🔗",,,,0,0,0,0,2026-05-10T09:31:28Z,NA,NA,NA,,,,,
at://did:plc:kqqydztpv6lrkmynvlo7zsru/app.bsky.feed.post/3mlign6zz5c2b,bafyreiexekaykamyxvenxj23u7kxmi4ghphwho75wskqxcemzbdryvdt5q,kaicable.bsky.social,"Kai, a very old GenX 🇨🇦","UGH. This is specifically what I voted against.

Mark Carney may be more well spoken than Pierre Poilievre, but otherwise he is politically indistinguishable from him.

#cdnpoli #canada 
#liberals #conservatives #ndp",,,,2,2,4,0,2026-05-10T09:21:06Z,NA,NA,at://did:plc:idsofvph6jyjtkumhhla6n5e/app.bsky.feed.post/3mlhgc3qge22o,,,,,
at://did:plc:ldvnqrqk3hghqcu5qj53uahf/app.bsky.feed.post/3mligljfx3c2g,bafyreifzunqhekamqwjjmrzoar5rqtn5iumms7fbtrc4n7irtdi6uqsl7u,micropainter.bsky.social,Leeta 🇨🇦,"Canadians in Alberta can support Forever-Canadian.ca, sign petition e-7340 to stop separatists, write to premier@gov.ab.ca & info@elections.ab.ca demanding a public inquiry and the separatist petition/referendum scrapped, and join handsoffourmaps.ca to stop gerrymandering! #cdnpoli #Alberta  #abpoli",,,,2,20,24,1,2026-05-10T09:20:10Z,NA,NA,NA,,,,,
at://did:plc:abt5tpb7lqr7vopkrkwfswwq/app.bsky.feed.post/3mlifk2hgjk2j,bafyreicb2uxdzdl3rffubqiv74skl3wgy45lelbzjetaqtc5zzcv7oynwe,canadareport.org,Canada Report,"Conflit entre gangs | Deux femmes blessées par balle dans un bar du Plateau-Mont-Royal

Canada’s fastest news scan: 25+ headlines, no clutter, updated all day: CanadaReport.org

#cdnpoli #Canada #News 
Read Original Article 🔗",,,,0,0,0,0,2026-05-10T09:01:27Z,NA,NA,NA,,,,,
at://did:plc:abt5tpb7lqr7vopkrkwfswwq/app.bsky.feed.post/3mlidul5ga62d,bafyreihnplku447y7shryckrssji56tg3cndblhwtuwchdukvm5of42u4u,canadareport.org,Canada Report,"US Awaits Iran Reply as Aramco Says Hormuz Opening No Quick Fix

Canada’s fastest news scan: 25+ headlines, no clutter, updated all day: CanadaReport.org

#cdnpoli #Canada #News #Business #Economy 
Read Original Article 🔗",,,,0,0,1,0,2026-05-10T08:31:32Z,NA,NA,NA,,,,,
at://did:plc:abt5tpb7lqr7vopkrkwfswwq/app.bsky.feed.post/3mlic6km3iq22,bafyreiazlc4uvf3afpmvcp73drybh4wg3whvyywsokgo2ghqst36arztia,canadareport.org,Canada Report,"Mark Carney prend la parole au Sommet mondial sur le progrès

Canada’s fastest news scan: 25+ headlines, no clutter, updated all day: CanadaReport.org

#cdnpoli #Canada #News 
Read Original Article 🔗",,,,0,0,0,0,2026-05-10T08:01:20Z,NA,NA,NA,,,,,
at://did:plc:ouir3gmax35nzhjkb2h5sggr/app.bsky.feed.post/3mlib2gpwm22g,bafyreiavv53ipfykwe5x4zo76tapvjblffgqi7bju4s6aqdsuov2hp44qa,charliegolf.ca,Charlie Golf,"Hear me out: I genuinely believe Pierre Poilievre is doing the Lord's work...

By doing everything in his power to keep the Conservatives on the opposition benches.
#cdnpoli",,,,0,0,0,0,2026-05-10T07:41:08Z,NA,NA,NA,,,,,
at://did:plc:abt5tpb7lqr7vopkrkwfswwq/app.bsky.feed.post/3mliaj2mffu27,bafyreibsne3neh2fp74d2ktknqvkghmygwipf23j5yaqz5vqxcku5sels4,canadareport.org,Canada Report,"Saudi Aramco Profit Jumps 26% as Iran War Drives Oil Prices

Canada’s fastest news scan: 25+ headlines, no clutter, updated all day: CanadaReport.org

#cdnpoli #Canada #News #Business #Economy 
Read Original Article 🔗",,,,0,0,0,0,2026-05-10T07:31:24Z,NA,NA,NA,,,,,
at://did:plc:r64wzjtkimyq4vkiddzuu6no/app.bsky.feed.post/3mlia2xh5f22o,bafyreif3hbns3546syoczmwjg2blkez3nwrhbxuz2onr3jqazzb6t5igvu,bcwildfirewkly.bsky.social,BC Wildfire Weekly - Wildfires + More,"LIVE: “Cruise ship dealing with hantavirus outbreak arrives at port in Spain's Canary Islands” www.cbc.ca/news/world/l... - CBC News

#CanaryIslands #CDNPoli #Hantavirus #MVHondius #Tenerife",,,,0,0,1,0,2026-05-10T07:23:33Z,NA,NA,NA,,,,,
at://did:plc:ejqlb2piqywi7odzsfgki2x6/app.bsky.feed.post/3mli7i5hcys27,bafyreiauixwaahh6q76k76ixktl7ds63gfllsjxgxivu4l7bonzeb2bf4q,yycfrancophile.bsky.social,Filomena,"From Radio France Internationale, a very thorough breakdown of the separatist threat in Alberta and the infiltration of the federal conservative party by MAGA. We're making international headlines for all the wrong reasons. #abpoli #ableg #cdnpoli",,,,1,1,4,0,2026-05-10T07:12:59Z,NA,NA,at://did:plc:vvlpfarso2eojm2xpzc7qrd7/app.bsky.feed.post/3mli5dhhihj22,,,,,
at://did:plc:ig6dnt4tqgg7iwwtywx3bkvd/app.bsky.feed.post/3mli7bjtrkc2h,bafyreiech7o3zafxo347y2cvvpo7k5n3l7jhxw5bvzm5abfpybjawu7ei4,robduncan.bsky.social,Rob Duncan,#USPOL #USA #us #uspoli #poli #politics #cdnpoli #canada #MidasMighty #america #Politics-matter #Ethics #Truth #Justice #SocialJustice #bcpoli #onpoli #topoli #auspol #PoliticsNation #GazaGenocide #StopGenocide #SolidarityWithPalestine #STOPISRAELIWARCRIMES #Palestine #Gaza #GazaWar #FreePalestine,,,,2,8,24,0,2026-05-10T07:09:20Z,NA,NA,NA,,,,,
at://did:plc:ig6dnt4tqgg7iwwtywx3bkvd/app.bsky.feed.post/3mli76tfovk2h,bafyreieq6irpyak5wc4zkot4vnstn6y5t7zqqb47ncrvhy5j7lif3st3n4,robduncan.bsky.social,Rob Duncan,#pedopresident #Pedogarchy #Pedophocracy #25thAmendment #TraitorTrump #USPOL #USA #us #uspoli #poli #politics #cdnpoli #canada #auspol #MeidasMighty #america #history #RemoveTrump #DonaldTrump #Trump #TRUMP #FuckTrump #antifa #AntiTrump #fascistfelon #FightOligarchy #DefundBillionaires #TrumPedo,,,,1,0,8,0,2026-05-10T07:07:49Z,NA,NA,NA,,,,,
at://did:plc:abt5tpb7lqr7vopkrkwfswwq/app.bsky.feed.post/3mli6ti7ehz2k,bafyreif62vae6gkci6goepmiaw3jpgu53q6rguvpei6sjhbr3kdpbzl6rm,canadareport.org,Canada Report,"Hôpital de Montréal pour enfants | P.K. Subban a complété son don de 10 millions à la Fondation

Canada’s fastest news scan: 25+ headlines, no clutter, updated all day: CanadaReport.org

#cdnpoli #Canada #News 
Read Original Article 🔗",,,,0,1,1,0,2026-05-10T07:01:27Z,NA,NA,NA,,,,,
at://did:plc:ig6dnt4tqgg7iwwtywx3bkvd/app.bsky.feed.post/3mli63jj45s2h,bafyreialzx2ji4ikoijdtvsjd2nkzcwfwqqixbcrvrmhl5kfkzi4lurqyi,robduncan.bsky.social,Rob Duncan,#auspol #USPOL #USA #us #uspoli #poli #politics #cdnpoli #canada #MeidasMighty #communityovercapitalizm #america #history #anticapitalism #anticapitalist #capitalismkills #killCapitalism #capitalism #abolishcapitalism #fuckcapitalism #SocialJustice #ethics #ClassConsciousness #FalseConsciousness,,,,0,3,9,0,2026-05-10T06:48:05Z,NA,NA,NA,,,,,
at://did:plc:ig6dnt4tqgg7iwwtywx3bkvd/app.bsky.feed.post/3mli5y4p3e22h,bafyreicq3jdyai5daxbckjssxhrt7rvspelnes2p36753jur3utgonkc4m,robduncan.bsky.social,Rob Duncan,#auspol #USPOL #USA #us #uspoli #poli #politics #cdnpoli #canada #MeidasMighty #america #communityovercapitalizm #history #Ethics #SocialJustice #LongerTables #DemocraticSocialist #Ecosocialism #Socialist #socialism #LeftIsBest #ClassConsciousness #FalseConsciousness #abolishcapitalism #HumanRights,,,,0,0,6,0,2026-05-10T06:46:11Z,NA,NA,NA,,,,,
at://did:plc:abt5tpb7lqr7vopkrkwfswwq/app.bsky.feed.post/3mli55pmgbt2d,bafyreif43mgvp7pfcxbn2p5gtnwxsmgnojnvfjcezrqvmyp5yfwe54w7au,canadareport.org,Canada Report,"New Russian-Flagged LNG Tanker Appears to Load US-Sanctioned Gas

Canada’s fastest news scan: 25+ headlines, no clutter, updated all day: CanadaReport.org

#cdnpoli #Canada #News #Business #Economy 
Read Original Article 🔗",,,,0,0,0,0,2026-05-10T06:31:23Z,NA,NA,NA,,,,,
at://did:plc:abt5tpb7lqr7vopkrkwfswwq/app.bsky.feed.post/3mli3i62ken27,bafyreih4yzlogy27sqzs4uupngpd7wgejjxf3u67722itj2tnraobnnliq,canadareport.org,Canada Report,"Dossier santé numérique | Un coup d’envoi marqué par la fébrilité et des pépins

Canada’s fastest news scan: 25+ headlines, no clutter, updated all day: CanadaReport.org

#cdnpoli #Canada #News 
Read Original Article 🔗",,,,0,0,0,0,2026-05-10T06:01:26Z,NA,NA,NA,,,,,
at://did:plc:abt5tpb7lqr7vopkrkwfswwq/app.bsky.feed.post/3mlhzsok4352k,bafyreibr54ifl74a5bucgll2vh7o7crzkslvztcqiw7pg6adz26k3c3ok4,canadareport.org,Canada Report,"Stock Trader’s Guide to Navigating High Stakes Trump-Xi Talks

Canada’s fastest news scan: 25+ headlines, no clutter, updated all day: CanadaReport.org

#cdnpoli #Canada #News #Business #Economy 
Read Original Article 🔗",,,,0,0,0,0,2026-05-10T05:31:31Z,NA,NA,NA,,,,,
at://did:plc:prhg7e4i6rmbpzhxgb4vdc36/app.bsky.feed.post/3mlhzqd7trk2q,bafyreiezihmalzrpuwr3vzb3cuavqbakrxfpkq3retp2sd7ze5jhvtqmdi,solarab.bsky.social,Tom Moffatt,Defense sovereignty: The race to build drones #cdnpoli    www.theguardian.com/world/2026/m...,,,,0,0,1,0,2026-05-10T05:30:14Z,NA,NA,NA,,,,,
at://did:plc:abt5tpb7lqr7vopkrkwfswwq/app.bsky.feed.post/3mlhy4pkhy72p,bafyreigg7niicxl5nnptc4rmahdw53d2me5vebojfipga4fytmf2wwpopy,canadareport.org,Canada Report,"Le Québec et le Canadien | Comment attrape-t-on la fièvre des séries ?

Canada’s fastest news scan: 25+ headlines, no clutter, updated all day: CanadaReport.org

#cdnpoli #Canada #News 
Read Original Article 🔗",,,,0,0,0,0,2026-05-10T05:01:20Z,NA,NA,NA,,,,,
at://did:plc:abt5tpb7lqr7vopkrkwfswwq/app.bsky.feed.post/3mlhwh4pjim2k,bafyreiee2atf7cgk6ibx5kftvavtrmfwbuwz6narifokqqzr5rluzonase,canadareport.org,Canada Report,"Australia to Tackle ‘Unacceptable’ Housing Market, Chalmers Says

Canada’s fastest news scan: 25+ headlines, no clutter, updated all day: CanadaReport.org

#cdnpoli #Canada #News #Business #Economy 
Read Original Article 🔗",,,,0,0,0,0,2026-05-10T04:31:22Z,NA,NA,NA,,,,,
at://did:plc:x2fori67bggzcj2a6c7sj6ur/app.bsky.feed.post/3mlhvcmyb6k2l,bafyreibhcgt32xsofabat3u3mogld3qn6b6gxh4uwbelxgmqv3tfx7hu4q,jimmydp01.bsky.social,J Payne,"The Age  ...

@mark-carney.bsky.social 
@anitaoakvilleeast.bsky.social 

#ICC #ICJ 

#Gaza #Palestine 
#Cdnpoli #BCPoli",,,,0,0,0,0,2026-05-10T04:11:00Z,NA,NA,NA,,,,,
at://did:plc:abt5tpb7lqr7vopkrkwfswwq/app.bsky.feed.post/3mlhurmt5et2z,bafyreia25zjdq5kfvk5qtccr2rfdohdxw6ev3xizz2rytj7rk27icbj5xm,canadareport.org,Canada Report,"Taxe sur le capital | QS veut aller chercher l’« argent de poche » des multimillionnaires

Canada’s fastest news scan: 25+ headlines, no clutter, updated all day: CanadaReport.org

#cdnpoli #Canada #News 
Read Original Article 🔗",,,,0,0,0,0,2026-05-10T04:01:27Z,NA,NA,NA,,,,,
at://did:plc:kwuaucw6s4lngv5kxpe66rws/app.bsky.feed.post/3mlhu323tac2p,bafyreicg2sj7ktgxj3imlnraa7mkxtse364bebyxrsuq5zi7nd4guzhz6a,furyguitars.bsky.social,Fury Guitars,"Whoever dressed harper must have been ticked off at him and he was just too clueless to figure it out.

I mean, that is the worst but funniest cowboy costume ever.
#cdnpoli #cosplay",,,,0,2,3,0,2026-05-10T03:48:55Z,NA,NA,at://did:plc:rjmjkblu6mbdmufkfyqoslu6/app.bsky.feed.post/3mlgsxcj7bk2q,,,,,
at://did:plc:3c5jgoau5nb42r6ecka4pmpw/app.bsky.feed.post/3mlhtxxbso22j,bafyreifdjspqzwr4tajvkzkmb2zowbm5mwjgove5kmpmxlfgi2yeacq2n4,br00t4c.bsky.social,br00t4c,"The INCOMPETENCE Required To Dox OVER HALF A PROVINCE

#separatists #Oilberta #Alberta #MapleMAGA #sedition #doxxing #VoterLists #cdnpoli #UCP #DanielleSmith #Poilievre #traitors

youtube.com/watch?v=Qx01...",,,,0,2,5,0,2026-05-10T03:47:20Z,NA,NA,NA,,,,,
at://did:plc:2jnx2atsrfklghgtgkrzzuda/app.bsky.feed.post/3mlhtputl7c26,bafyreibsh3tl4qo3qwcrutzpeyt3jvvw3efbbni2h3nfrnjii3qhthite4,gordjohns.bsky.social,Gord Johns,"Good meeting with Roger Pelissero and Amanda Schmidt from Egg Farmers of Canada to discuss protecting family farms, strengthening supply management, and supporting farmers facing avian influenza. We need fair compensation, strong food security, and good jobs in Canada. #cdnpoli  #FoodSecurity",,,,1,1,12,0,2026-05-10T03:42:43Z,NA,NA,NA,,,,,
at://did:plc:fk3zk7z7vds2ukivvkwp6iin/app.bsky.feed.post/3mlht7ek4ls2m,bafyreignsi42p2drqdcessykq3wmnqlfj5ly6iwtoo6drupic5wsszjhsm,hansardmarginalia.bsky.social,Hansard Marginalia,"""Something Borrowed."" Voiced as Danielle Smith, dropping mid-Centurion-Project-scandal. A wedding-vow waltz to a certain October. #abpoli #cdnpoli",,,,2,0,3,1,2026-05-10T03:33:21Z,NA,NA,NA,,,,,
at://did:plc:abt5tpb7lqr7vopkrkwfswwq/app.bsky.feed.post/3mlht43qfay2b,bafyreicmigh7tuivhi772lgddmquakwkspqzjvoxcj7chrmwbbe2zls4xm,canadareport.org,Canada Report,"Carney Signals Openness to Deeper Trade Ties With US and Mexico

Canada’s fastest news scan: 25+ headlines, no clutter, updated all day: CanadaReport.org

#cdnpoli #Canada #News #Business #Economy 
Read Original Article 🔗",,,,0,0,0,0,2026-05-10T03:31:31Z,NA,NA,NA,,,,,
at://did:plc:xzgwn3nornr6v6cdd2fqsdru/app.bsky.feed.post/3mlht3aclg222,bafyreiawy7tgawwelic5zz6efsreeok2abbdxea2ovasyra2j3vg7jaf6m,mikemontreal.bsky.social,Montreal Mike🇨🇦,"🤦‍♂️ if you want to enjoy these activities either don’t take your minor children or don’t have kids at all.   Selfish on the part of the mother and grandparents. 
#cdnpoli

unpublished.ca/news-feed-it...",,,,1,0,7,0,2026-05-10T03:31:02Z,NA,NA,NA,,,,,
at://did:plc:76e4qryfph6q4wmz3li6v2l6/app.bsky.feed.post/3mlhsfxnt222l,bafyreiaaswd7x5umby6z5nnvyz6p76s5t5deym2rmyskvxq2q2c4lavayi,stacescases2.bsky.social,StacesCases2 🇨🇦 📎,"Hmmm... This conversation doesn't LOOK like they are simply talking about the ""phonebook."" Does it #Alberta??
🇨🇦 #Cdnpoli #ABpoli #Ableg #AlbertaSeparatists #CenturionProject",,,,1,6,8,0,2026-05-10T03:19:11Z,NA,NA,NA,,,,,
at://did:plc:j7lvyhqqzqc7fq4wsixv2bic/app.bsky.feed.post/3mlhrtj4ysc23,bafyreigqfxjaneuedgzhmhrrakix2tlb2yzdu2vzgvmso3ri7qlseu6c3e,mrsdrjim.bsky.social,MrsDrJim,"Carney is a two-faced liar.

And don't come @ me Liberal sycophants. He lied to all of us, you included.

#cdnPoli",,,,1,0,0,0,2026-05-10T03:08:50Z,NA,NA,at://did:plc:7au7dnzqu4yjxpqlexratt6j/app.bsky.feed.post/3mlhhjz3ick2w,,,,,
at://did:plc:bbnve3u34qpmusulfzkei3p2/app.bsky.feed.post/3mlhrmtpqo22a,bafyreidgfqjpf7imms5ps6mnbtlubmuhlw5eo5wsux5fry2h2ia6qgd3mi,fluxliner.bsky.social,Flux Liner,"I LOVE My Liberal CANADA !!!!
#Canada #cdnpoli",,,,0,0,1,0,2026-05-10T03:05:07Z,at://did:plc:2oxlnaoierkgu6jl645tg7va/app.bsky.feed.post/3mlh5hieszs2h,at://did:plc:2oxlnaoierkgu6jl645tg7va/app.bsky.feed.post/3mlh5hieszs2h,NA,,,,,
at://did:plc:abt5tpb7lqr7vopkrkwfswwq/app.bsky.feed.post/3mlhrgfxswn2p,bafyreiangx3cwajljgxwl2ergyk3ghmuz3ct2dduva5e4u2ipjx4l4pxyu,canadareport.org,Canada Report,"Saguenay–Lac-Saint-Jean | Un conducteur cible et percute deux piétons avant de prendre la fuite

Canada’s fastest news scan: 25+ headlines, no clutter, updated all day: CanadaReport.org

#cdnpoli #Canada #News 
Read Original Article 🔗",,,,0,0,0,0,2026-05-10T03:01:30Z,NA,NA,NA,,,,,
at://did:plc:iyyzcuc24pgchmsbjnsa3wu3/app.bsky.feed.post/3mlhqzx4bjk2d,bafyreibjbj7vtljosjaphm4k5cdbswlev2nhlsqlfk3cj5fj6v24mq4boi,torontokate.bsky.social,🎶 I Will Choose Freewill 🇨🇦,"""they could face more than 30 years behind bars.

Hamilton police say in July 2024, Faizan Ali, a citizen of Pakistan, was convicted in a deadly 2021 motorcycle crash. He was released before sentencing & failed to show up for his next court date, and has been on the lam ever since"" #onpoli #cdnpoli",,,,0,0,0,0,2026-05-10T02:54:33Z,NA,NA,NA,,,,,
at://did:plc:ovf5l46vctrnscii22bmlzud/app.bsky.feed.post/3mlhqz3ityk2c,bafyreifxo2ift5yuvuvgwoqxbe2zxwqc52isg3xlodwwoukpol72lc5yze,lisa1111can.bsky.social,Lisa E 🇨🇦,"#abpoli
#Cdnpoli",,,,0,4,8,1,2026-05-10T02:54:03Z,NA,NA,at://did:plc:3l6h5tayy6vycige2igmorv4/app.bsky.feed.post/3mlgtwj4mjc2g,,,,,
at://did:plc:be6vyurppatvcecwwyo4oit7/app.bsky.feed.post/3mlhqkphzlk2i,bafyreib5zrslcaudyueaotkpbsojxzrr2k7ao4utwouistp7iou3mwa64u,lcptbo.bsky.social,LeslieC🍁,"So @mark-carney.bsky.social wants to gut enviro regs for new oil infrastructure to please traitor Danielle Smith, says pharmacare is done and now says he’s open to more integration with the USA. Those elbows have hit the floor and I am fuming that he is a turncoat as all other politicians. #cdnpoli",,,,0,1,3,1,2026-05-10T02:46:00Z,NA,NA,NA,,,,,
at://did:plc:abt5tpb7lqr7vopkrkwfswwq/app.bsky.feed.post/3mlhpqlmpcq27,bafyreihzq4ieujed5tfki2raqjf6rlui3nwcmnrm4jqeowuba3fyqsjwqq,canadareport.org,Canada Report,"Inflation Drumbeat Persists for Unnerved US Consumer

Canada’s fastest news scan: 25+ headlines, no clutter, updated all day: CanadaReport.org

#cdnpoli #Canada #News #Business #Economy 
Read Original Article 🔗",,,,0,0,0,0,2026-05-10T02:31:24Z,NA,NA,NA,,,,,
at://did:plc:uswtye3jgncyen5xvvf3znug/app.bsky.feed.post/3mlhpom776s2f,bafyreib7odq34tggrcnnprbiwrnwvfujo4p4pegymmqyan4tqawj62gmvi,sandydz.bsky.social,🇨🇦Sandy: No narcissistic leaders!🇨🇦,"Being ""woke"" means staying socially aware and alert to systemic injustices or prejudices. Ignoring these inequities allows harm to persist unchallenged, stalling progress and leaving vulnerable communities at risk.
Exactly what MAGA and Smith hate!
​#SocialJustice #Awareness 
#StayWoke!
#CdnPoli",,,,0,3,5,1,2026-05-10T02:30:17Z,at://did:plc:4euncr44a5aflpbcbjhvjvdo/app.bsky.feed.post/3mleetz4gtc2b,at://did:plc:4euncr44a5aflpbcbjhvjvdo/app.bsky.feed.post/3mleetz4gtc2b,NA,,,,,
at://did:plc:uswtye3jgncyen5xvvf3znug/app.bsky.feed.post/3mlhplrd4ls2f,bafyreihtycz367ilqcsw5v7yim52ynah3gpxbnkchx3ce5xvp2eictalca,sandydz.bsky.social,🇨🇦Sandy: No narcissistic leaders!🇨🇦,"👇#DanielleSmith's MAGA war against being #woke.

Being ""woke"" means staying socially aware and alert to systemic injustices or prejudices. Ignoring these inequities allows harm to persist unchallenged, stalling progress and leaving vulnerable communities at risk.
​#SocialJustice #Awareness 
#CdnPoli",,,,1,3,5,0,2026-05-10T02:28:41Z,NA,NA,at://did:plc:4euncr44a5aflpbcbjhvjvdo/app.bsky.feed.post/3mleetz4gtc2b,,,,,
at://did:plc:rsvzkqxa2xdojwmjljqzs4ik/app.bsky.feed.post/3mlhpkyimrc24,bafyreic2hm56xp6tzqdsirfpaha7wo5suk7qwpoatgqtqi3ostzas3eoo4,thebreakdownab.bsky.social,The Breakdown AB,"As much as Dani is making the rounds preaching to anyone who will put a microphone in front of her that the UCP and its members understand the sanctity of data…

We have a question…

Actually two…

How many of the almost 600 cease and desists are UCP?

And what about Dale?

#abpoli #ableg #cdnpoli",,,,7,108,231,9,2026-05-10T02:28:19Z,NA,NA,NA,,,,,
at://did:plc:m5on4opwhwem37r5dgbvqvfu/app.bsky.feed.post/3mlhpfutvl22z,bafyreiah5lhnbw5ri5qkd3ogznoioe2loebznlzipikjpxs22mrwy42fua,tobekind.bsky.social,Time is Now 🇨🇦,"Our true condition — ignorance, according to Socrates. People didn’t like that. He was sentenced to death.

✅Trump was voted into the presidency. 
✅Doug Ford almost got a jet. ✅People trust banker Carney. 
✅Trudeau, the self-declared proud Zionist has many admirers.

Socrates was right.
#cdnpoli",,,,0,0,4,0,2026-05-10T02:25:24Z,NA,NA,NA,,,,,
at://did:plc:zkx5ssoe4pq7pfmckyqumax5/app.bsky.feed.post/3mlhpcj2vfs2i,bafyreifia7of7txtoiovzdw66tpezr4k4ecobmnsat4zztqqfc52dfn6ia,traveling4life.bsky.social,Traveler,Campfire ban in May! #cdnpoli #bcpoli,,,,0,1,1,0,2026-05-10T02:23:31Z,NA,NA,at://did:plc:7mqcgscfl4b6lhkez5wxubts/app.bsky.feed.post/3mleajsuou22w,,,,,
at://did:plc:4ownlsrdmnvwgzmcdi2bof6s/app.bsky.feed.post/3mlhpbc4wcs22,bafyreifuuip6olx2hcdft5ufullsf3hrlfcirdxrjhtp2d6hjbeagrckpy,peipolitical.bsky.social,PEIPolitical 🇨🇦,"Loblaws USA Beef. Mmmmmmm
#cdnpoli 🖕",,,,34,20,60,6,2026-05-10T02:22:54Z,NA,NA,NA,,,,,
at://did:plc:t4qjao6o2xfwavfc5ewwvosg/app.bsky.feed.post/3mlhowo66722s,bafyreifgxipa3jzdxbjjmxg4lso5rlm6xen4crydqotgqjhuq6ie5qoxmu,pqpolitics.bsky.social,Pete Quily,"Impotent toothless privacy overseers. Why exist if you can't impose prison or heavy fines? #PretendingToCare

No penalties for ChatGPT privacy violations

ChatGPT app released without fully addressing privacy risks, says a joint commissioners report

www.nsnews.com/opinion/les-... #bcpoli #cdnpoli",,,,0,3,2,0,2026-05-10T02:16:56Z,NA,NA,NA,,,,,
at://did:plc:abt5tpb7lqr7vopkrkwfswwq/app.bsky.feed.post/3mlho2x5ndk2p,bafyreibyzl5nojhmqxbv7dxyqh5hfut3powhfmyfkxsntnkssshsq57664,canadareport.org,Canada Report,"Ottawa-Gatineau | Un bambin meurt après avoir été retrouvé dans la rivière des Outaouais

Canada’s fastest news scan: 25+ headlines, no clutter, updated all day: CanadaReport.org

#cdnpoli #Canada #News 
Read Original Article 🔗",,,,0,0,0,0,2026-05-10T02:01:24Z,NA,NA,NA,,,,,
at://did:plc:h3y7rhw6ao6nk5mmuskplxco/app.bsky.feed.post/3mlhnqux22k2b,bafyreiaqxw2fx6m4kyfa6vyoyuhelpnoqfr7st2u44fv7ociekvsozrlga,brainiackim.bsky.social,Brainiac Kim 🇨🇦,#Colonialism. Indigenous #racism. www.cbc.ca/news/canada/... #cdnpoli,,,,0,0,1,0,2026-05-10T01:55:47Z,NA,NA,NA,,,,,
at://did:plc:x2fori67bggzcj2a6c7sj6ur/app.bsky.feed.post/3mlhmylv7ys2w,bafyreiewehibj4trffab3x7j726m5pk7lwa52l4nf3msvgee26ogmid3sy,jimmydp01.bsky.social,J Payne,"Canada show your generosity and  ❤️ 

#Elbowsup for the great People of Gaza Palestine who are facing the unfathomable and could use a hand up by supporting this very important initiative;

#Gaza #Palestine 
#Cdnpoli #BCPoli

www.gofundme.com/f/support-be...",,,,0,0,0,0,2026-05-10T01:42:13Z,NA,NA,NA,,,,,
at://did:plc:x2fori67bggzcj2a6c7sj6ur/app.bsky.feed.post/3mlhmxliafs2w,bafyreigx6ajk3aqqxt6rj3fd3hawdohvc5gcx4pthlvipo33knorszt7wq,jimmydp01.bsky.social,J Payne,"#bcpoli #cdnpoli

#Gaza #Palestine",,,,0,0,1,0,2026-05-10T01:41:37Z,NA,NA,at://did:plc:ozqfbkuco2bb2twq777q5x4a/app.bsky.feed.post/3mlhmshcl7s2r,,,,,
at://did:plc:62dvag4x5a64dre4bju3nj6z/app.bsky.feed.post/3mlhmih3mus2q,bafyreib3f3zgujgvv4rrbnticxhyjfglzdeiwcvahjsbxwuigvara4plsa,cmusician.bsky.social,Carolyn Hudson,"AVI: “It boggles the mind that we are doing nothing about the mental health crisis when it’s costing society so much."" Investing in mental health pays off. “For every dollar that you invest in mental health, you get $3 in economic return,” he said.  www.canadianaffairs.news/2026/05/03/a... #cdnpoli",,,,1,2,5,0,2026-05-10T01:33:13Z,NA,NA,NA,,,,,
at://did:plc:abt5tpb7lqr7vopkrkwfswwq/app.bsky.feed.post/3mlhmfa6itu2z,bafyreihsbm4e3u2szyfranmrbfkbz2ijupp5wnx4ko267blwyflwztel34,canadareport.org,Canada Report,"Yanik Guillemette: The Economic Imperative of Digital Privacy in an Era of Surveillance

Canada’s fastest news scan: 25+ headlines, no clutter, updated all day: CanadaReport.org

#cdnpoli #Canada #News #Business #Economy 
Read Original Article 🔗",,,,0,0,0,0,2026-05-10T01:31:22Z,NA,NA,NA,,,,,
at://did:plc:fuu6bocgrf4aonbnu7wkdsy7/app.bsky.feed.post/3mlhmboimv22x,bafyreihtk3r2szdjqhlfyxeve73dvpioqpzwqbh6ppwonaagu2xbh6p4xa,theubiquitousj-man.bsky.social,The Ubiquitous J-Man,"I would LOVE to see this guy lose his seat in the next election!
🙄

#CdnPoli 🇨🇦
#MapleMAGA🍁
#NeverVoteConservative 🚫🗳️",,,,0,0,4,0,2026-05-10T01:29:25Z,at://did:plc:fuu6bocgrf4aonbnu7wkdsy7/app.bsky.feed.post/3mlhlzeqnwk2x,at://did:plc:lar2o6mnnvln22w6kgnpifli/app.bsky.feed.post/3mlgmobshl223,NA,,,,,
at://did:plc:fuu6bocgrf4aonbnu7wkdsy7/app.bsky.feed.post/3mlhlzeqnwk2x,bafyreibab45ceoaeqfkczjn46crnffdcalhkedr2ratshh5o4synwyjngi,theubiquitousj-man.bsky.social,The Ubiquitous J-Man,"Jivani is repugnant.
😡

#CdnPoli 🇨🇦
#MapleMAGA🍁
#NeverVoteConservative 🚫🗳️",,,,1,0,4,0,2026-05-10T01:24:43Z,at://did:plc:lar2o6mnnvln22w6kgnpifli/app.bsky.feed.post/3mlgmobshl223,at://did:plc:lar2o6mnnvln22w6kgnpifli/app.bsky.feed.post/3mlgmobshl223,NA,,,,,
at://did:plc:mv6loxcddhj3i6pzfvzicc36/app.bsky.feed.post/3mlhloeumnc24,bafyreid7kgt2qb54n5unrntt5u5m7vysmlnyd7p47dzezut2ibkxfhgdcy,dennisjkoch.bsky.social,"Dennis ""dejay"" Koch","You know what?

Alberta, Canada is not going green - it's going backwards.

#abpoli #ableg #Trump #USA #uspoli #cdnpoli #DanielleSmith #AlbertaUCP #YEG #YYC

Smith is Maple MAGA and doesn't care who knows it. But she's a very bad liar.... I mean really bad at it.",,,,0,4,8,0,2026-05-10T01:18:34Z,NA,NA,at://did:plc:2c4hmyxdfk4aky3jeoulhog5/app.bsky.feed.post/3mlecvzru622f,,,,,
at://did:plc:mwagtmvsxuqlgte5iqk3fndm/app.bsky.feed.post/3mlhljm3w622e,bafyreifk2b7k6bla6qub72ysscj43bcqrt667a64soyxfj26bjq5jpu56a,lalegault.bsky.social,LA Legault ⚜️🤌🏻,"You are all so gullible. He is betraying you. #cdnpoli 

www.ctvnews.ca/canada/artic...",,,,2,3,5,1,2026-05-10T01:15:57Z,NA,NA,NA,,,,,
at://did:plc:fuu6bocgrf4aonbnu7wkdsy7/app.bsky.feed.post/3mlhlh5hfts2x,bafyreihpa6sevt2l5v75r6mf36cz4khua5wz66rwjwiezxwrbe3rrureua,theubiquitousj-man.bsky.social,The Ubiquitous J-Man,"👏🏼👏🏼👏🏼
💯

#CdnPoli",,,,0,0,1,0,2026-05-10T01:14:32Z,at://did:plc:dhmkgzkujbf47hh7xmqe4ydx/app.bsky.feed.post/3mlguzzwff22z,at://did:plc:kqsdfw4cj532lp7bidtdzyyz/app.bsky.feed.post/3mlgqwvu5yk2y,NA,,,,,
at://did:plc:mv6loxcddhj3i6pzfvzicc36/app.bsky.feed.post/3mlhkw2jr4c24,bafyreicaheatimoo2jslnadu3hptu737ij35nuvkuo76mlluu6zsarestq,dennisjkoch.bsky.social,"Dennis ""dejay"" Koch","SO I was wrong again. I forgot the last demographic Meta has not gotten rid of... its staff.

#Meta #Facebook #Instagram #WhatsApp #Threads #USA #uspoli #Business #Investing #cdnpoli #Canada",,,,0,0,2,0,2026-05-10T01:04:58Z,NA,NA,at://did:plc:fxn5uqrcdglryab2p3plltsc/app.bsky.feed.post/3mleskvpqns2w,,,,,
at://did:plc:ztg7s6zljk4yy3vj3az4vc4k/app.bsky.feed.post/3mlhkukmybs2e,bafyreiepr2x4kfq4rm23z52q5fqgg2dha44sen3x4eembuu257hvnlfma4,earthangel777.bsky.social,EarthAngel777,"""THE TORONTO TRINITY: Obama, Carney & Alex Soros Just SEALED THE DEAL For The NEW WORLD ORDER!!

... just held a closed-door summit...

The New World Order isn’t coming, it’s being activated right now on Canadian soil.""
x.com/DanDicksPFT/...
#topoli #onpoli #cdnpoli",,,,1,0,1,0,2026-05-10T01:04:10Z,NA,NA,NA,,,,,
at://did:plc:ztg7s6zljk4yy3vj3az4vc4k/app.bsky.feed.post/3mlhkscp7zs2e,bafyreibos35rsrcb2ihlysukg62rmaqjvxsewdjngcshu5utuod75suxra,earthangel777.bsky.social,EarthAngel777,"""We cannot sell our oil because it is not decarbonized.

But we can sell our airports to the countries buying them with oil money?

Saudi Arabia does not decarbonize its oil. 

The UAE does not decarbonize its oil.""
x.com/NowMedia_New...
#topoli #onpoli #cdnpoli",,,,1,1,2,0,2026-05-10T01:02:54Z,NA,NA,NA,,,,,
at://did:plc:abt5tpb7lqr7vopkrkwfswwq/app.bsky.feed.post/3mlhkprinrp2d,bafyreiej42kz43httavev5q4apbg53nqetca6nwnecrkuy3vrr7ktsrubm,canadareport.org,Canada Report,"Gouverneure générale sortante | Mary Simon médite sur son mandat de cinq ans

Canada’s fastest news scan: 25+ headlines, no clutter, updated all day: CanadaReport.org

#cdnpoli #Canada #News 
Read Original Article 🔗",,,,0,0,0,0,2026-05-10T01:01:27Z,NA,NA,NA,,,,,
at://did:plc:te462bca74usoq54377m3mcl/app.bsky.feed.post/3mlhkovvmvk2u,bafyreigkye5ymhu5yjpjbye4ma4rkzu4dhzxbovvxkiugkh5e47kixhhza,204queenb0574.bsky.social,🍁 Christine 🍁,"I know this isn't what I voted for and it's also not at all a shock. I've been telling folks for months that he's not working to move us away from the US, with American companies behind most nation building projects. #cdnpoli #canadasky",,,,3,9,12,1,2026-05-10T01:00:59Z,NA,NA,at://did:plc:idsofvph6jyjtkumhhla6n5e/app.bsky.feed.post/3mlhgc3qge22o,,,,,
at://did:plc:4xqt7t2zph634drigtdxdmro/app.bsky.feed.post/3mlhkl37zr22r,bafyreiaeje4zqmxxnfrugxshm2invjyr2d4nnzscocszut6x5jqq7vcxpe,journodale.bsky.social,Dale Smith,"This week's video roundup is now posted for C$7+ subscribers—your curated selection of the only good #cdnpoli interviews of the week.
I watched the politics shows so you don't have to.",,,,0,0,1,0,2026-05-10T00:58:52Z,NA,NA,NA,,,,,
at://did:plc:o2wehrl7azlxcuhgxc7pyjg2/app.bsky.feed.post/3mlhk7tbtq22z,bafyreia23cmpapwgmpmmdoemdclih32uuztk7g7xwhwhlwb43rzeavrm4m,andredarmanin.eurosky.social,André Darmanin 🇨🇦 🇹🇹 🇲🇹 🇪🇺,"I attended the latest Empire Club event with Finance Min Champagne.  He discussed a lot about the opportunities we have as a country. I spoke about the nexus, which caught my attention.  Have a read. #cdnpoli #canada #EU #geopolitics",,,,0,0,0,0,2026-05-10T00:52:34Z,NA,NA,NA,,,,,
at://did:plc:mwagtmvsxuqlgte5iqk3fndm/app.bsky.feed.post/3mlhk3yesck2o,bafyreihh4m36zjqykl6yvet4xqcbonxumm6tvpg5g344fbbqq343ib4t6y,lalegault.bsky.social,LA Legault ⚜️🤌🏻,"We voted for him on the promise of the opposite. Please wake the fuck up Canada 🇨🇦.  #Canadasky #cdnpoli 

www.ctvnews.ca/canada/artic...",,,,8,19,41,3,2026-05-10T00:50:25Z,NA,NA,NA,,,,,
at://did:plc:r64wzjtkimyq4vkiddzuu6no/app.bsky.feed.post/3mlhj6liy4c2s,bafyreia6ba4n2uub3vq5zipxq57kflrqssk3ecm2i47mihy2ea4orgry6u,bcwildfirewkly.bsky.social,BC Wildfire Weekly - Wildfires + More,"“Remaining Canadians on cruise ship at the centre of hantavirus outbreak to disembark” toronto.citynews.ca/2026/05/09/r... - @citynewstoronto.bsky.social 

#CDNPoli #Hantavirus #MVHondius",,,,0,2,2,0,2026-05-10T00:33:59Z,NA,NA,NA,,,,,
at://did:plc:abt5tpb7lqr7vopkrkwfswwq/app.bsky.feed.post/3mlhj252sma2p,bafyreiggakw7hmzjmox3dh3u2ytshkphvc2vcj55bwqpbgu4thsdu2klca,canadareport.org,Canada Report,"Why Polestar Is Doubling Down on Net Zero as Rivals Pull Back on EVs

Canada’s fastest news scan: 25+ headlines, no clutter, updated all day: CanadaReport.org

#cdnpoli #Canada #News #Business #Economy 
Read Original Article 🔗",,,,0,0,1,0,2026-05-10T00:31:28Z,NA,NA,NA,,,,,
at://did:plc:xuhwb4qwqmuhvhw7keljcdu2/app.bsky.feed.post/3mlhixuvajt2a,bafyreiakoe7tqoizddp64suq2rtb2i5nkpve4xcjumqmqmb6ej5noqi7cu,aster-verite.bsky.social,Aster Vérité,"It is a very good thing that Mel Watkins and James Laxer are already dead, because this news would kill em.

On that note, fuck David and Stephen Lewis.

I'll hold judgement on Avi

Yes, I hold a grudge.

#cdnpoli",,,,2,0,2,0,2026-05-10T00:30:13Z,NA,NA,at://did:plc:4vbraycbp2d7y6psbfa2ve5i/app.bsky.feed.post/3mlhgnszkds2b,,,,,
at://did:plc:ralxrfpmgdxc7hmnvujfzjqy/app.bsky.feed.post/3mlhivmi25c2d,bafyreick7mz2q3afnfychkeejujx2jwqlzhsemecl6ddzrjqxbgnm7adoe,turnbullwhitby.bsky.social,MP Ryan Turnbull 🇨🇦🇺🇦,"Canada cannot afford to stand still during a trade war and global energy price shock. We are responding with generational investments that create jobs, strengthen industries, and prepare the next generation of skilled trades workers to build the country we all love!

#Cdnpoli #CanadaStrong #Jobs",,,,2,1,8,1,2026-05-10T00:28:57Z,NA,NA,NA,,,,,
at://did:plc:eaeuyrvdlqvjgznelgcdimct/app.bsky.feed.post/3mlhimchpzs2n,bafyreialf6qfwhbcil4jalmqzlcactzk5wwsdv7tdhvhz3pauitzc6f4km,madhat59kenwood.bsky.social,Ken Wood part owner of 🇨🇦,Jees thanks G&M what do you think the PM has been doing? #cdnpoli,,,,2,2,6,0,2026-05-10T00:23:43Z,NA,NA,at://did:plc:y3xrmnwvkvsq4tqcsgwch4na/app.bsky.feed.post/3mlhddzfyos2o,,,,,
at://did:plc:rgpo7lqq3gpbkutkmvagoy3m/app.bsky.feed.post/3mlhijgfkos2v,bafyreibw3q6hzifl3u3ic2seigwkfgv2fbb4bb7nk5j3exwdxnmxakmomu,thaipham.bsky.social,Thái Phạm,"Provinces’ disregards for an outdated health act? All levels of government refuse to acknowledge housing is canada’s existential crisis? 
#cdnpoli",,,,0,0,1,0,2026-05-10T00:22:07Z,NA,NA,at://did:plc:kx375dszrbvqtu7o4xxxmojn/app.bsky.feed.post/3mlherrqonk2m,,,,,
at://did:plc:eaeuyrvdlqvjgznelgcdimct/app.bsky.feed.post/3mlhiikmoe22n,bafyreiglitppngrd6soucgfjaemxsvuopgundtig6kc3wexhkfrakeanxu,madhat59kenwood.bsky.social,Ken Wood part owner of 🇨🇦,"Now they all support pipelands and more tankers. #DaniSmith will love these guys. 🤣 now they say theyll have consultation with indigenous, after saying kill #DRIPPA to much reconciliation talk #bcpoli #cdnpoli #vanpoli",,,,1,0,1,0,2026-05-10T00:21:37Z,NA,NA,NA,,,,,
at://did:plc:dzu7ntlsxj2rlxxob4ymyhwz/app.bsky.feed.post/3mlhidxkshk23,bafyreiel42kha74pxnvnjnlbxocm57w4vxbnxpahfkcvzoabwlcaines4a,grannycanuck.bsky.social,💪🏼🫎🛶🦫🌲💨🪨🌊,"How foreign actors are wading into the Alberta separatist discourse & 🇨🇦 political discourse online in the age of #AI paid actors & ‘slopaganda’
-Brian McQuinn www.brianmcquinn.com 
-Mika Desblancs-Patel
Media Ecosystem Observatory meo.ca 🔚 #abLeg #abPoli #cdnPoli #ForeverCanadian #Separatists #TECH",,,,2,4,8,0,2026-05-10T00:19:05Z,NA,NA,NA,,,,,
at://did:plc:eaeuyrvdlqvjgznelgcdimct/app.bsky.feed.post/3mlhi6y723c2n,bafyreihsyw477rspn2d3xbpdjhkeorf5kgjitnpxhpx7id23fqeedos2l4,madhat59kenwood.bsky.social,Ken Wood part owner of 🇨🇦,"Gas tax cut, PST tax cut on food gone. GST off used cars, tax cuts for Ford F-150(?) Cuts to business taxes. With all those cuts nobody talking about paying for services...with what. #bcpoli #vanpoli #cdnpoli",,,,0,0,0,0,2026-05-10T00:16:16Z,NA,NA,NA,,,,,
at://did:plc:nojsdi2vbnqidm37brlyfgta/app.bsky.feed.post/3mlhi5f4y2225,bafyreibsewdzzrf2iywt7iluvux2exofmhw6ld4fddhfp7ixlhnl5ir2xu,hipmum29.bsky.social,hipmum29 🇨🇦,#CDNpoli #CANpoli,,,,0,0,0,0,2026-05-10T00:15:24Z,NA,NA,at://did:plc:tm7uvmb263f5xymsvximzn4g/app.bsky.feed.post/3mlgvkb3emk2b,,,,,
at://did:plc:mv6loxcddhj3i6pzfvzicc36/app.bsky.feed.post/3mlhi2z6ink24,bafyreiblei5cazoxxxuv3w24by5qwtpywt65nv7d3i5e2mnxsvo3ieyjdi,dennisjkoch.bsky.social,"Dennis ""dejay"" Koch","I was wrong about when faceplant would die - by about a decade. Promised innovations & investing has kept them alive but now they are left with only their Ad Revenue as a company foundation (look it up). For those kicked off any Meta platform - we're laughing.

#USA #uspoli #Facebook #cdnpoli #Meta",,,,0,0,1,0,2026-05-10T00:14:04Z,NA,NA,at://did:plc:raai6dhehbalfzv35tvnxnym/app.bsky.feed.post/3mlgcgldqsk26,,,,,
at://did:plc:vra4zxnkszgpiic23dwltxny/app.bsky.feed.post/3mlhhzat22cz2,bafyreieqlf75oglnpqotzr42qqrmydgsxwj3mhw6ysiwtvvhobdf2ppzfa,harold.mastodon.social.ap.brid.gy,Harold Jarche,"""They demand that people in Quebec speak French. Well, we should demand that French people who come up to Nunavut should speak Inuktitut,” he said. “It’s again part of that whole colonial thinking that they are superior languages."" […]",,,,0,5,3,0,2026-05-10T00:13:09Z,NA,NA,NA,,,,,
at://did:plc:eaeuyrvdlqvjgznelgcdimct/app.bsky.feed.post/3mlhhxu45ms2n,bafyreifzktxktemcavq5qkk2q3ghzsv3ha765eja4ka2bflymqpipsgdca,madhat59kenwood.bsky.social,Ken Wood part owner of 🇨🇦,#Black wants 20% cut in taxes & public sector. #Fulmer says to move economy he'll carbon copy permits & just hand them out. Tax cuts tax cuts give to business. Stereo Con talk. #bcpoli #cdnpoli #vanpoli,,,,0,0,0,0,2026-05-10T00:12:17Z,NA,NA,NA,,,,,
at://did:plc:fo6wpgp6wp3ptllfxvth7svj/app.bsky.feed.post/3mlhhvy5rwk2b,bafyreicxmbgufrs3zkvsj6ibcv7nf5kymyz4swtaccrepcgnyfyzzgyhyq,thegentyyc.bsky.social,TheGentYYC,@avilewis.ca #cdnpoli #MarkCarney,,,,0,0,6,0,2026-05-10T00:11:15Z,NA,NA,at://did:plc:jeuzjfwsgn62xfoe7qo4jul5/app.bsky.feed.post/3mlhgoiawlc2b,,,,,
at://did:plc:mv6loxcddhj3i6pzfvzicc36/app.bsky.feed.post/3mlhhuplzmc24,bafyreie22z5mbbofebmneqhyn34vnkqn2k2pve4yjspozzipvrfi5i7fcm,dennisjkoch.bsky.social,"Dennis ""dejay"" Koch","Legacy Media is dead. Legacy MSM only caters to their sponsors and government.

Like 'em or not - left, right, up, down, gender, culture, religion, opinion, Etc - Independent Media is at battle... no matter who comes out (even if there is a) victorious, they win.

#Breaking #News #cdnpoli #uspoli",,,,0,0,0,0,2026-05-10T00:10:32Z,NA,NA,at://did:plc:raai6dhehbalfzv35tvnxnym/app.bsky.feed.post/3mlgcz6e7q226,,,,,
at://did:plc:ii6oavwfjgy2s33lwrcbjubl/app.bsky.feed.post/3mlhhtx3mzk2r,bafyreicytrwox2q4scy24x2wjpwfnjtjm4v7uegcoxmmorctgdadrhipwa,robinhood246.bsky.social,B.G. Witch 🇨🇦 🏳️‍⚧️ 🌈,"Canadian Senators are appointed, not elected. 

How about some more democracy in our democracy? #cdnpoli @mark-carney.bsky.social @liberalca.bsky.social",,,,0,0,0,0,2026-05-10T00:10:08Z,NA,NA,NA,,,,,
at://did:plc:eaeuyrvdlqvjgznelgcdimct/app.bsky.feed.post/3mlhhpcq7zs2n,bafyreigahmvqe4zukglywswtusvckemexrda465fhhvlunkqxgcjtcpe4m,madhat59kenwood.bsky.social,Ken Wood part owner of 🇨🇦,"OMG they are against the Hidia Gwaii decision. #CarolynFindlay says she'd bring her reduction experience as Fed Finace Min, under Harper. 🤦 BCers these guys might be worse then Smith/Moe/Ford/Houston. #bcpoli #vanpoli #cdnpoli",,,,0,1,2,0,2026-05-10T00:07:30Z,at://did:plc:eaeuyrvdlqvjgznelgcdimct/app.bsky.feed.post/3mlhhgvqkps2n,at://did:plc:eaeuyrvdlqvjgznelgcdimct/app.bsky.feed.post/3mlhgcx44ss2n,NA,,,,,
at://did:plc:eaeuyrvdlqvjgznelgcdimct/app.bsky.feed.post/3mlhhgvqkps2n,bafyreifktxrtrwfdfl6oefsrlzhtcmyenrke7fvxggdy3dicmrd35qv2xm,madhat59kenwood.bsky.social,Ken Wood part owner of 🇨🇦,"#Black wants to open up the constitution to end #DRIPPA. Really? All saying BC giving away crown land, property rights for free. #Fullmer wants payments to FN should be stopped. Folks these guys are scary. And they say they want to bring Liberals like me to them. #bcpoli #vanpoli #cdnpoli",,,,1,0,0,0,2026-05-10T00:02:48Z,at://did:plc:eaeuyrvdlqvjgznelgcdimct/app.bsky.feed.post/3mlhgqggvc22n,at://did:plc:eaeuyrvdlqvjgznelgcdimct/app.bsky.feed.post/3mlhgcx44ss2n,NA,,,,,
at://did:plc:abt5tpb7lqr7vopkrkwfswwq/app.bsky.feed.post/3mlhheeuk4q27,bafyreiapmrdjiv3pls6tnanu7qmkfdg2gabhmcoxhkeuzwmvofi2ljbh7y,canadareport.org,Canada Report,"Plum acquired by US-based Phenom to reduce bad hires in the age of AI

Canada’s fastest news scan: 25+ headlines, no clutter, updated all day: CanadaReport.org

#cdnpoli #Canada #News #Tech #AI 
Read Original Article 🔗",,,,0,0,0,0,2026-05-10T00:01:24Z,NA,NA,NA,,,,,
at://did:plc:eaeuyrvdlqvjgznelgcdimct/app.bsky.feed.post/3mlhh6c2rts2n,bafyreigadwp2z4svmjocktetpwaxdusswvqxezp6446wkap7ne7kyepzyu,madhat59kenwood.bsky.social,Ken Wood part owner of 🇨🇦,Its my belief & opinion the Alberta Govt will be putting up the money as a guarantor in the end. #cdnpoli,,,,0,0,0,0,2026-05-09T23:58:00Z,NA,NA,at://did:plc:zygpxgy4xfj6ktl74pyexuc4/app.bsky.feed.post/3mlh4xl67cc2s,,,,,
at://did:plc:eaeuyrvdlqvjgznelgcdimct/app.bsky.feed.post/3mlhgxdo6fk2n,bafyreihreiber2fmo7k5ootziyh6bxnjc6qmqsya6f4lizosz64s54xauu,madhat59kenwood.bsky.social,Ken Wood part owner of 🇨🇦,#YuriFulmer were the F did he come from. Definately the right of right candidate. Thats with #CarolynFindley up there. They all want to ignore the UN find it undemocratic forcing #DRIPPA on BC. This is talk from 20 years ago. Nobody talking about negotiating treaties. #bcpoli #vanpoli #cdnpoli,,,,0,0,0,0,2026-05-09T23:54:06Z,NA,NA,NA,,,,,
at://did:plc:m4fghdpodfpche2rzxlmaikm/app.bsky.feed.post/3mlhgvjiozc27,bafyreihzpu47haly5tgy677mqo7ps2qv6vdd4gq6btsck32ma5klqavrcy,cjtoronto.bsky.social,CJTO🍁🏳️‍🌈,"In case you were wondering how MAGA feels about Canada. 

This isn't a one-off, either. I see this on right-wing social media all the time.

#cdnpoli",,,,1,4,4,0,2026-05-09T23:53:06Z,NA,NA,NA,,,,,
at://did:plc:jeuzjfwsgn62xfoe7qo4jul5/app.bsky.feed.post/3mlhgt5sfds2b,bafyreihs5o7nmefm4cw6cme5amhpyovwc4o4d3k3xleeyrmvnwhjmsru7a,bigclimate.bsky.social,Bentley ****TALK CLIMATE****,#MarkCarney #cdnpoli #AviLewis #ClimateChange bsky.app/profile/bigc...,,,,1,2,7,0,2026-05-09T23:51:48Z,at://did:plc:jeuzjfwsgn62xfoe7qo4jul5/app.bsky.feed.post/3mlhfsgwdfc2b,at://did:plc:jeuzjfwsgn62xfoe7qo4jul5/app.bsky.feed.post/3mlheyn2qrk2b,at://did:plc:jeuzjfwsgn62xfoe7qo4jul5/app.bsky.feed.post/3mlhgoiawlc2b,,,,,
at://did:plc:eaeuyrvdlqvjgznelgcdimct/app.bsky.feed.post/3mlhgqggvc22n,bafyreih7jwcdfwhqg2utqw6jsan3khikss6zfqmygjyhswflrhvlbdjgpq,madhat59kenwood.bsky.social,Ken Wood part owner of 🇨🇦,#IainBlack saying he's the only real #Con proud he worked for Harper. OMG. Attacks SOGI. And here it is business ldrs most important must work with them. Black says reconciliation is talked about to much. #bcpoli #vanpoli #cdnpoli,,,,1,0,0,0,2026-05-09T23:50:15Z,at://did:plc:eaeuyrvdlqvjgznelgcdimct/app.bsky.feed.post/3mlhgio7rm22n,at://did:plc:eaeuyrvdlqvjgznelgcdimct/app.bsky.feed.post/3mlhgcx44ss2n,NA,,,,,
at://did:plc:gowvqmwlhl6g22icvw6nysxm/app.bsky.feed.post/3mlhgpf7zl22f,bafyreihxajmkjm2qfqvywwp5u5pks3bnu56uirzvomqw5yzpozztwx7cve,futureproof25.bsky.social,FutureProofCanada🇨🇦🇨🇦,"THIS!!!

Investigate Danielle Smith and the entire #UCP. 

#apoli #cdnpoli",,,,3,0,18,0,2026-05-09T23:49:40Z,at://did:plc:qbby33iw7gk65kvp7fical7x/app.bsky.feed.post/3mlhf4csl3k2z,at://did:plc:kx375dszrbvqtu7o4xxxmojn/app.bsky.feed.post/3mlherrqonk2m,NA,,,,,
at://did:plc:istu2catmtwuynu7jlh6buzl/app.bsky.feed.post/3mlhgpcvmpk2a,bafyreia2zjz7n3lsczqzly64e22opjkehcbvnrny46xchj33pg2bd3ylsq,elcanaco.bsky.social,elcanaco.bsky.social,"How Liberal voters can justify all this is beyond me.

#cdnpoli #vanpoli #topoli #mtl #hfx",,,,0,0,1,0,2026-05-09T23:49:38Z,NA,NA,at://did:plc:4yb2pjejfziah3eork7stm6j/app.bsky.feed.post/3mlglk3ap7s2h,,,,,
at://did:plc:jeuzjfwsgn62xfoe7qo4jul5/app.bsky.feed.post/3mlhgoiawlc2b,bafyreiendczrmmjhwg3sbt3xnbl7ak3tws7ghpfjr2r5ddlypke5onpm4u,bigclimate.bsky.social,Bentley ****TALK CLIMATE****,As Canada (hopefully) wakens to the inescapable fact that PM #MarkCarney is FAR more #Conservative than #Liberal I urge them to give a listen to what #AviLewis has to say about #ClimateChange & just about anything else these days. He’s speaking my language: #ClimateSmart & #FutureFocussed #cdnpoli,,,,1,9,18,2,2026-05-09T23:49:11Z,NA,NA,at://did:plc:jeuzjfwsgn62xfoe7qo4jul5/app.bsky.feed.post/3mlheyn2qrk2b,,,,,
at://did:plc:x2ge66dlb4pw7ssk2lhte536/app.bsky.feed.post/3mlhgdei44s2r,bafyreie2nvahuwxfjq74lvngt74x5yiht6jyl6abtj5h4ee3z6wx4z3jly,saskboy.bsky.social,Saskboy from Saskatchewan,"I don't remember an election since last year's #ElbowsUp victory by the Liberals who ran on telling the USA that our special trading relationship with them was over. 

WTF is Carney talking about now?

#cdnpoli",,,,1,3,10,1,2026-05-09T23:42:57Z,NA,NA,at://did:plc:kstp56fjsymztwl5jppmn3vc/app.bsky.feed.post/3mlh5pfqxxs2g,,,,,
at://did:plc:eaeuyrvdlqvjgznelgcdimct/app.bsky.feed.post/3mlhgcx44ss2n,bafyreigpan3huc3hegudqnwmiqrn2ipgmw4xzhkc3ibkzke6pfaxtofxfu,madhat59kenwood.bsky.social,Ken Wood part owner of 🇨🇦,OMG the nightmare has begun. #BCCON party ldrs debate on #GlobalBC News. BCers tune in these folks could be Premier. Listen to this outrageous Con BS. Many pandering to #DallasBrodie &BCOne. Ughh 🤬 #bcpoli #vanpoli #cdnpoli,,,,1,1,1,0,2026-05-09T23:42:42Z,NA,NA,NA,,,,,
at://did:plc:mv6loxcddhj3i6pzfvzicc36/app.bsky.feed.post/3mlhg5qhbh224,bafyreibcd73qmwwbhsjvog4oc4m4xyua6ljywvikqg7nnfaibegnypnv2y,dennisjkoch.bsky.social,"Dennis ""dejay"" Koch",#abpoli #ableg #cdnpoli #Alberta #YEG #YYC #AlbertaUCP @dejayk.bsky.social #Breaking #News #Politics,,,,1,5,6,1,2026-05-09T23:39:48Z,NA,NA,at://did:plc:nibu4sqcfd7upw7kxgb5nt5g/app.bsky.feed.post/3mlglhhsos22i,,,,,
at://did:plc:64x5pkpfozsljnoqtd7f7p4q/app.bsky.feed.post/3mlhg2oz56c2k,bafyreiftzg5xl5gqijxspvr6ujag5vmrbve5n4zwa5qaherv6rxlo3sc24,nigelb.bsky.social,NigelBankes,"Appeasement didn't work at Munich. Appeasement hasn't worked with President Trump. Why does PM Carney seem to think that appeasement will work with Premier Smith and her band of separatists?  
We don't need or want ""An Act to Gut Federal Environmental Laws ..."". 
#cdnpoli #abpoli #ableg",,,,2,11,38,0,2026-05-09T23:38:06Z,NA,NA,NA,,,,,
at://did:plc:jeuzjfwsgn62xfoe7qo4jul5/app.bsky.feed.post/3mlhfsgwdfc2b,bafyreigz33igekmcw7kyz6fbr32jft54pkx4yhaczes53zpz6bgmfanmvq,bigclimate.bsky.social,Bentley ****TALK CLIMATE****,#MarkCarney #cdnpoli #ClimateChange #AviLewis bsky.app/profile/bigc...,,,,1,6,10,0,2026-05-09T23:33:29Z,at://did:plc:jeuzjfwsgn62xfoe7qo4jul5/app.bsky.feed.post/3mlheyn2qrk2b,at://did:plc:jeuzjfwsgn62xfoe7qo4jul5/app.bsky.feed.post/3mlheyn2qrk2b,at://did:plc:jeuzjfwsgn62xfoe7qo4jul5/app.bsky.feed.post/3mlggbfirbk2x,,,,,
at://did:plc:go6lnimas6bzfthjvcaulmya/app.bsky.feed.post/3mlhfqq6gts2w,bafyreihzveohju6bwoujnlyzhuzzyqw3kiwvn6fj2zqs5k7ypupbnuta3m,jbnewt.bsky.social,Jackson Newt,"Its interesting Carney stating that the #Liberals have to take risks . Hmm wonder why , because his #Elbowsup backed Canada into a corner . Seems to be sucking up to the #Trump #USA now and that’s the best move 😊 #cdnpoli #Canada globalnews.ca/news/1184191...",,,,0,0,1,0,2026-05-09T23:32:34Z,NA,NA,NA,,,,,
at://did:plc:abt5tpb7lqr7vopkrkwfswwq/app.bsky.feed.post/3mlhfosjrmc27,bafyreigvswycrpmqeg4qeti7vcx7qap735vdgdipzb5ntw534shb2m5cqa,canadareport.org,Canada Report,"Earnings Bonanza That No One Saw Coming Fuels Stocks’ Record Run

Canada’s fastest news scan: 25+ headlines, no clutter, updated all day: CanadaReport.org

#cdnpoli #Canada #News #Business #Economy 
Read Original Article 🔗",,,,0,0,0,0,2026-05-09T23:31:26Z,NA,NA,NA,,,,,
at://did:plc:gyexgu2hdddds3fryr5l3vrs/app.bsky.feed.post/3mlhfhef2ks2s,bafyreihjxkmb7sxzptwcz4xz4vk7wwjmwgzco7rmmsxrigtrow7q5fhuia,cathylenair.bsky.social,Catherine McNair,open.substack.com/pub/dougaldl... #CdnPoli,,,,0,0,1,0,2026-05-09T23:27:18Z,NA,NA,NA,,,,,
at://did:plc:j4rrqqwlgedatyuhbcposqz2/app.bsky.feed.post/3mlhf7bmmwk23,bafyreidrasneyjb7rvb3wiumrlful5nv25dvmwdgl56uh77t43b65xolli,danonthelam.bsky.social,Dan Johnson,"Jason Kenney wants to claim some kind of moral high ground and claim distance from the TBA Separatists, but it was his chiefs of staff that spent years publicly targeting me and it started from the very beginning under his leadership of the #corruptUCP

#ableg #abpoli #cdnpoli
#christofascism",,,,0,1,11,0,2026-05-09T23:22:44Z,NA,NA,NA,,,,,
at://did:plc:istu2catmtwuynu7jlh6buzl/app.bsky.feed.post/3mlhf4a5r7s2a,bafyreidzaoe3vhxbgmctygtmxr6wlqoxlwfkl4au5dtk32iz523tmbpdja,elcanaco.bsky.social,elcanaco.bsky.social,"JFC. Read the room, Prime Minister.

@mark-carney.bsky.social
@avilewis.ca

#ElbowsUp #BoycottUSA #CUSMA #cdnpoli",,,,1,1,4,0,2026-05-09T23:21:04Z,NA,NA,at://did:plc:kstp56fjsymztwl5jppmn3vc/app.bsky.feed.post/3mlh5pfqxxs2g,,,,,
at://did:plc:rkyu6mb3uieyk6nel54xwisl/app.bsky.feed.post/3mlhf277xxk2a,bafyreic5b44jh5e5ph3vbqb3piegyxo25ksn5lbguxb3vgknn3kko2km4q,smikooman.bsky.social,Doug Johnson 🇨🇦,"Tankie seems nice. 
#CdnPoli 🇨🇦",,,,4,3,10,0,2026-05-09T23:19:56Z,NA,NA,NA,,,,,
at://did:plc:76e4qryfph6q4wmz3li6v2l6/app.bsky.feed.post/3mlhezufly22d,bafyreial6tm6wyyjmqakvjwyig5inrofhcpyskywmteihtqzxdv73ubqky,stacescases2.bsky.social,StacesCases2 🇨🇦 📎,Eyes wide #Alberta #Canada. What you're reading and seeing isn't what you think it may be. 🇨🇦 🇺🇸 🇷🇺 #Cdnpoli #ABpoli #Ableg,,,,5,37,38,2,2026-05-09T23:19:46Z,NA,NA,NA,,,,,
at://did:plc:jeuzjfwsgn62xfoe7qo4jul5/app.bsky.feed.post/3mlheyn2qrk2b,bafyreigqcdmsvgph47megax6ptxreorbombhxo4g2wbzg2v63tydftubwm,bigclimate.bsky.social,Bentley ****TALK CLIMATE****,"Sad that #MarkCarney is this bad at #ClimateChange but nothing's gained by pretending he's not. When folks say it's either him or #Poilievre tell them Liberal minority govs with #NDP in the catbird seat have produced some of the best policy Canada's ever seen, including #UniversalHealthcare #cdnpoli",,,,2,20,52,11,2026-05-09T23:19:05Z,NA,NA,NA,,,,,
at://did:plc:xuhwb4qwqmuhvhw7keljcdu2/app.bsky.feed.post/3mlhexruf7l2a,bafyreihwqajs4zt5hcowhncyuwvjl5tfob2tnhdtws2zkmgjpdb6cxs2qa,aster-verite.bsky.social,Aster Vérité,"Santa's list warns: ""You're getting coal."" 

Poison plants' lists warn: ""Keep their mouths shut or your house too will become a waypoint for a separatist recruiting app.""

#cdnpoli #ABpoli",,,,0,1,2,0,2026-05-09T23:18:34Z,at://did:plc:xuhwb4qwqmuhvhw7keljcdu2/app.bsky.feed.post/3mlhexruead2a,at://did:plc:xuhwb4qwqmuhvhw7keljcdu2/app.bsky.feed.post/3mlhani2lt22f,NA,,,,,
at://did:plc:xuhwb4qwqmuhvhw7keljcdu2/app.bsky.feed.post/3mlhexruead2a,bafyreidco6qkr4qd4gq6s4jdquvqjvfmz3nfeajuyaopxemq64ikyruvim,aster-verite.bsky.social,Aster Vérité,"Minnesota? How is that relevant?

Much like the searchable database created by the Centurion Project, police found a manifesto in Boelter’s car containing a list of nearly 70 potential targets, including other Democratic politicians and abortion providers.

#cdnpoli #ABpoli",,,,1,1,3,0,2026-05-09T23:18:34Z,at://did:plc:xuhwb4qwqmuhvhw7keljcdu2/app.bsky.feed.post/3mlhexrudb32a,at://did:plc:xuhwb4qwqmuhvhw7keljcdu2/app.bsky.feed.post/3mlhani2lt22f,NA,,,,,
at://did:plc:xuhwb4qwqmuhvhw7keljcdu2/app.bsky.feed.post/3mlhexrudb32a,bafyreiesy4odudgq7s6six3qzcjrzj766zgi35b74omhrdwo3gxgahoboa,aster-verite.bsky.social,Aster Vérité,"What new rules?

Well, a similar gang at the Coutts border blockade faced allegedly conspired to murder RCMP officers. Undercover operations found a cache of weapons, body armour, and a pipe bomb. 

In Minnesota a similar type of poison plant assassinated two democratic leaders. 

#cdnpoli #ABpoli",,,,1,1,1,0,2026-05-09T23:18:34Z,at://did:plc:xuhwb4qwqmuhvhw7keljcdu2/app.bsky.feed.post/3mlhexrudb22a,at://did:plc:xuhwb4qwqmuhvhw7keljcdu2/app.bsky.feed.post/3mlhani2lt22f,NA,,,,,
at://did:plc:xuhwb4qwqmuhvhw7keljcdu2/app.bsky.feed.post/3mlhexrudb22a,bafyreige6r43zhhc3gjp7pijkx4vfyv36k47taxmzr6wkslkj4rybyffyi,aster-verite.bsky.social,Aster Vérité,"But, the Triffids still slapped Kenney in the face. 

He may be out of office, but he’s still an outspoken federalist who represents everything the separatist movement despises. 

By attacking him, they signal to their base that no elite is safe from their new rules of engagement.

#cdnpoli #ABpoli",,,,1,1,1,0,2026-05-09T23:18:34Z,at://did:plc:xuhwb4qwqmuhvhw7keljcdu2/app.bsky.feed.post/3mlhexr46sc2a,at://did:plc:xuhwb4qwqmuhvhw7keljcdu2/app.bsky.feed.post/3mlhani2lt22f,NA,,,,,
at://did:plc:xuhwb4qwqmuhvhw7keljcdu2/app.bsky.feed.post/3mlhexr46sc2a,bafyreibs4xx3j7wbtjw5ye67qdjj53b4j3dypeeye23fu2abzu7yt2x7zm,aster-verite.bsky.social,Aster Vérité,"The alt-right has already been feeding on the compost of Kenney's career, but David Parker and his crew lashed out and used Kenney’s address as the primary example of how their searchable database works. 

Rotting political corpses have more than one use to the alt-right.

#cdnpoli #ABpoli",,,,1,1,1,0,2026-05-09T23:18:34Z,at://did:plc:xuhwb4qwqmuhvhw7keljcdu2/app.bsky.feed.post/3mlhani2lt22f,at://did:plc:xuhwb4qwqmuhvhw7keljcdu2/app.bsky.feed.post/3mlhani2lt22f,NA,,,,,
at://did:plc:deej5pakczvmljahhvrridlp/app.bsky.feed.post/3mlhewzmcas27,bafyreih5ruetkimpmkyqemg6dojxalnsdlosoaac7lbo6f3334ifoqgqae,pat112.bsky.social,Pat,"US Farm Bankruptcies up 48% under Trump

#Cdnpoli #Uspoli",,,,0,0,0,0,2026-05-09T23:18:14Z,NA,NA,NA,,,,,
at://did:plc:egl4mfr2njrr2br4vhya7yrf/app.bsky.feed.post/3mlhehl6zy22m,bafyreibedtbp3f7tevtmik4cb6s6gyy3og55zhgsdak5i5xw43t55qfbn4,judy-bug.bsky.social,judy 🇨🇦,"Queer Momentum was founded to build a national movement for freedom, equality & human rights.  For queer people. For everyone.

#Cdnpoli #bcpoli #abpoli #onpoli #polqc #nspoli #nbpoli #skpoli #mbpoli #nlpoli #nwt #ytpoli #nunavut #peipoli #CanadaSky #HumanRights #Equality

www.queermomentum.ca/about",,,,0,1,1,0,2026-05-09T23:09:32Z,NA,NA,NA,,,,,
at://did:plc:7lk2ea67pioh2e7tqj5n7whh/app.bsky.feed.post/3mlheh5nzjs2x,bafyreieugvfxwqxmoilwfxw6b2x2mqwduuo262obgecvzrz6xf5nzxip44,samspade1941.bsky.social,Samuel Spade,"ameriKKKa keeps attempting to export its fascism to Canada.

Be wary of ameriKKKan interference in your country's internal affairs....

#cdnpoli #ukpol #auspol #uspol

www.nationalobserver.com/2026/05/11/n...",,,,0,3,6,0,2026-05-09T23:09:18Z,NA,NA,NA,,,,,
at://did:plc:ekew4wtc2m4ctroumek7kr4l/app.bsky.feed.post/3mlheavygqc2z,bafyreidobxsravbel7kqxcbbgh3otchwrrgtykegyxtxplvnlod5yazviu,schmutzie.com,Schmutzie.,#CdnPoli #CanPoli,,,,1,3,5,0,2026-05-09T23:05:47Z,NA,NA,at://did:plc:4g5jp4ev7p6duqaniisjtubs/app.bsky.feed.post/3mlgzhkdsx22l,,,,,
at://did:plc:zpqoxjziyvu5vkx6xnkkzjra/app.bsky.feed.post/3mlhe4p4wzs2n,bafyreiasc54fvi56i65jqk7bj3gpll2all5q5feh2xjyndddxuq5wb7ive,marilynp.bsky.social,Marilyn Porter 🇨🇦,"Men across the globe are collectively abusing women and sharing the videos online with little accountability.

Canada cannot normalize the dehumanization of women like this.

youtu.be/ZYzMDg38PmE?...
 
#cdnpoli",,,,1,2,2,2,2026-05-09T23:03:26Z,NA,NA,NA,,,,,
at://did:plc:abt5tpb7lqr7vopkrkwfswwq/app.bsky.feed.post/3mlhdzdpnjk2j,bafyreie4pki3zzptdv5fan7cjtode6axysiahybgdeg75vuo5oei2nnsmq,canadareport.org,Canada Report,"Wealth? In this economy?

Canada’s fastest news scan: 25+ headlines, no clutter, updated all day: CanadaReport.org

#cdnpoli #Canada #News #Tech #AI 
Read Original Article 🔗",,,,0,0,1,0,2026-05-09T23:01:32Z,NA,NA,NA,,,,,
at://did:plc:egl4mfr2njrr2br4vhya7yrf/app.bsky.feed.post/3mlhduz4qus2z,bafyreifyqhrofx3thl3himudrexfzy2mzaf643dgkut3a44e5rsqtl5yte,judy-bug.bsky.social,judy 🇨🇦,"Harper & the IDU have control over the provinces to take of control of Canada!

The #Conservatives, Republicans & IDU work with Netanyahu, Trump, Modi, Orban, etc.

#Cdnpoli #CPC #UCP #bcpoli #ableg #onpoli #polqc #nspoli #nbpoli #skpoli #mbpoli #nlpoli #nwt #ytpoli #nunavut #peipoli #CanadaSky",,,,1,1,1,0,2026-05-09T22:59:10Z,at://did:plc:vtdqqzsisbfuxsbu5n2vcbbq/app.bsky.feed.post/3mlgi5jmm422d,at://did:plc:vtdqqzsisbfuxsbu5n2vcbbq/app.bsky.feed.post/3mlgi5jmm422d,NA,,,,,
at://did:plc:tyg2ztzq6goz3zgebqa7sjz3/app.bsky.feed.post/3mlhdsjcu3zg2,bafyreiaxrn4dcvu7wwkyxxo3zyuccmijxxkh5g6fj5s6r26ex4oxsge55q,mpjgregoire.cosocial.ca.ap.brid.gy,M. Grégoire,"That's from the #TorontoStar, as reported by #AlthiaRaj https://archive.is/tJh7H#selection-4355.0-4381.195

I'm not convinced it will be so bad, personally. It should be entirely possible to speed up environmental reviews of projects in Canada.

That said, if #StevenGuilbeault objects to current […]",,,,1,0,0,0,2026-05-09T22:57:44Z,at://did:plc:tyg2ztzq6goz3zgebqa7sjz3/app.bsky.feed.post/3mlhdh6baouu2,at://did:plc:tyg2ztzq6goz3zgebqa7sjz3/app.bsky.feed.post/3mlhdh6baouu2,NA,,,,,
at://did:plc:tyg2ztzq6goz3zgebqa7sjz3/app.bsky.feed.post/3mlhdh6baouu2,bafyreihz6hlmklynpywld6fiwehrlr4tbosrudkauefmqlxun547yt2ohu,mpjgregoire.cosocial.ca.ap.brid.gy,M. Grégoire,"“It’s shocking,” Anna Johnston, a staff lawyer at West Coast Environmental Law, told the Star. “This would represent by far the worst evisceration of environmental law in Canadian history, far worse than what happened under Prime Minister (Stephen) Harper’s government in 2012.” “It’s worse than […]",,,,1,2,1,1,2026-05-09T22:51:28Z,NA,NA,NA,,,,,
at://did:plc:deej5pakczvmljahhvrridlp/app.bsky.feed.post/3mlhdgshpk227,bafyreid4ujrsdpnfyn4flublhffbth6pxs76eu2fhvrd4lyxp6iriimehq,pat112.bsky.social,Pat,"If your uncertain  if the Trump tweet attached is    

True or False,      

ask yourself why ?

#Cdnpoli #Uspoli  #Liar",,,,0,0,0,0,2026-05-09T22:51:15Z,NA,NA,NA,,,,,
at://did:plc:egl4mfr2njrr2br4vhya7yrf/app.bsky.feed.post/3mlhdckbllc2z,bafyreib2ffuv5yq4e4vagbohr76uf2hmjkzxb4adso2f7m2mf32umnrjxi,judy-bug.bsky.social,judy 🇨🇦,"The Abortion Rights Coalition of Canada (ARCC) is the only nation-wide political pro-choice group devoted to ensuring abortion rights & access. 

#Cdnpoli #bcpoli #abpoli #onpoli #polqc #nspoli #nbpoli #skpoli #mbpoli #nlpoli #nwt #ytpoli #nunavut #peipoli  #Healthcare #CanadaSky

www.arcc-cdac.ca",,,,1,6,10,0,2026-05-09T22:48:48Z,NA,NA,NA,,,,,
at://did:plc:rn4mmstrs3ddbdynnkiywyee/app.bsky.feed.post/3mlhd5omrtk2c,bafyreidnrbfrmajawe725mi7rtifnynrtm5fq5ggfxpwash3s4pbcnyeee,veloveritas.bsky.social,Dan 🇨🇦,"He consolidated power and proclaimed himself dictator for life in 44 BC, helping create the political conditions that led to the collapse of the Roman Republic and the emergence of the Roman Empire. 

The parallels are striking. 

All hail Orange Julius!

#CdnPoli
#Moron",,,,0,0,4,0,2026-05-09T22:46:06Z,NA,NA,NA,,,,,
at://did:plc:egl4mfr2njrr2br4vhya7yrf/app.bsky.feed.post/3mlhcxzgvmc2z,bafyreidzytr443wpsneoxpb3kvuk7kjaowhmnmih4v5amhxip6zyslvgly,judy-bug.bsky.social,judy 🇨🇦,"Defend human rights by advocating for assisted dying rules that respect the Canadian Constitution & the Charter of Rights & Freedoms

#cdnpoli #MAID #bcpoli #abpoli #onpoli #polqc #nspoli #nbpoli #skpoli #mbpoli #nlpoli #nwt #ytpoli #nunavut #peipoli #canadasky

www.bchumanist.ca/joint_commit...",,,,0,4,6,0,2026-05-09T22:42:59Z,NA,NA,NA,,,,,
at://did:plc:ii6oavwfjgy2s33lwrcbjubl/app.bsky.feed.post/3mlhcr7n5f22n,bafyreifaqfdi3ad5dss7myjwikffxnlmuf7y3md373hksyvo4czjj2pdba,robinhood246.bsky.social,B.G. Witch 🇨🇦 🏳️‍⚧️ 🌈,"Fuck Kevin O'Loser. 

Fuck the rich.

Fuck neoliberal Mark Carney. #cdnpoli",,,,0,0,2,0,2026-05-09T22:39:07Z,NA,NA,NA,,,,,
at://did:plc:deej5pakczvmljahhvrridlp/app.bsky.feed.post/3mlhcmse5j227,bafyreid4rfmmsd4fi2l3temj5n5evb5r2jahcyqklx45mxd4a2hkqjihri,pat112.bsky.social,Pat,"Why would the US want Alberta to leave Canada to become a much smaller, weaker & vulnerable country ?

Judge by actions... 

Actions-Oil 

Venezuela US kidnapped  the President 

Libya-US overthrew lhe Leader 

Iraq-US invaded 

Iran -US overthrew PM 

Alberta -  US_________

#Cdnpoli  #Alberta",,,,0,2,3,0,2026-05-09T22:36:44Z,NA,NA,NA,,,,,
at://did:plc:abt5tpb7lqr7vopkrkwfswwq/app.bsky.feed.post/3mlhcdjlja32k,bafyreieh5iasgmagd7du4qoy3i567yawtl5rexaejgn23vmv4yyeb3x7zi,canadareport.org,Canada Report,"Starmer Faces Fresh Leadership Threat After Heavy Election Loss

Canada’s fastest news scan: 25+ headlines, no clutter, updated all day: CanadaReport.org

#cdnpoli #Canada #News #Business #Economy 
Read Original Article 🔗",,,,0,0,0,0,2026-05-09T22:31:27Z,NA,NA,NA,,,,,
at://did:plc:apohj77qqejbrcpebazfw3ek/app.bsky.feed.post/3mlhcc6qpp222,bafyreibpip7hxytupphkqm7p7nvxonybnsa4ggghrtvhjnycziv5y4ehji,sraj81.ca,Shan Kumar 🍁🇨🇦🇱🇰,"The Ontario Liberals are doing everything not to win the next election, AGAIN !

@ontarioliberal.bsky.social 

#ONpoli #Liberals #CDNpoli",,,,0,1,1,0,2026-05-09T22:30:42Z,NA,NA,NA,,,,,
at://did:plc:re7tflvczjceanwkco2bseqb/app.bsky.feed.post/3mlhc4ez4f223,bafyreifykegqlijmih5usregi4gvgxmfaivij5qjg5m4fpqta4shyhk3xq,bella-andme.bsky.social,Sherry Lee,"Some political gambles don't pay off.
I'm not surprised he didn't win.
#onpoli #cdnpoli

www.cp24.com/politics/que...",,,,0,0,0,0,2026-05-09T22:27:30Z,NA,NA,NA,,,,,
at://did:plc:osg2vzhifd2tjfsvfwua7scy/app.bsky.feed.post/3mlhbyf34l222,bafyreich5vuie73xqsyvu4mojnqdxr7mo4d4ggs2tzpiu7gpmtk4ddg5bq,symbo1ics.bsky.social,Linotype Pilgrim,"Canada: Five reactionary nepo babies in a trenchcoat

It's like spot-the-dynasty Scrabble
#cdnpoli",,,,0,7,17,0,2026-05-09T22:25:31Z,NA,NA,NA,,,,,
at://did:plc:zpqoxjziyvu5vkx6xnkkzjra/app.bsky.feed.post/3mlhbpictsc2n,bafyreib7pmi3a53o5odwn2hxjsz5f3mgyv3oyxbetjtz5n23jnn32ry62u,marilynp.bsky.social,Marilyn Porter 🇨🇦,"@mark-carney.bsky.social must re-establish a federal Ministry for Women and Gender Equality with real power and resources — and Canada must pursue criminal charges against men involved in these crimes, while holding technology companies accountable for enabling them. #cdnpoli",,,,0,5,3,1,2026-05-09T22:20:15Z,at://did:plc:zpqoxjziyvu5vkx6xnkkzjra/app.bsky.feed.post/3mlhbpici3c2n,at://did:plc:zpqoxjziyvu5vkx6xnkkzjra/app.bsky.feed.post/3mlhbpici3c2n,NA,,,,,
at://did:plc:sleebaqq6za6ocb5v35u2svu/app.bsky.feed.post/3mlhbnx6q6k2t,bafyreigfp5vq55shk6ltqsyvoidqpiqvpqy7nid5ahbgvnq3qevqztfxku,inglorious.bsky.social,ᵀᴴᴱꀤNGᒪOᖇIOᑌᔕᴼᴺᴱ🇨🇦,"Can someone please give us back Campaign Trail Mark Carney?

This new Corporatocratic Con one is really starting to worry me. #CDNpoli",,,,3,11,21,1,2026-05-09T22:19:23Z,NA,NA,at://did:plc:65ylosfuymjxkaprsixomzru/app.bsky.feed.post/3mlh675zk3k2t,,,,,
at://did:plc:wklzxhaz2wrelcuy3xucw3jp/app.bsky.feed.post/3mlhblzvkek26,bafyreib6yp3i3xmb5673ex2llpujxh7st5ewk3qs2jrpthdquzuz3f3epy,thatgenxwidower.bsky.social,L Bennett 🇨🇦 🇪🇺🇺🇦✌🏻#TeamCanada #ElbowsUp,"This Canadian isn't. #cdnpoli 

Carney says Canada open to deeper integration with U.S. ahead of CUSMA review

www.ctvnews.ca/canada/artic...",,,,4,0,9,0,2026-05-09T22:18:18Z,NA,NA,NA,,,,,
at://did:plc:deej5pakczvmljahhvrridlp/app.bsky.feed.post/3mlhay7kssc27,bafyreid2ucrbmygwhf4dfahv2ezdo2ylpepgisrkozmp4q4p72vjb6zivy,pat112.bsky.social,Pat,"When the US ultimately, out of necessity, takes away the 50% tariff on aluminum Canada should up the price accordingly  .

#Cdnpoli #Uspoli #Trade",,,,0,0,4,0,2026-05-09T22:07:14Z,NA,NA,NA,,,,,
at://did:plc:scijaby6du6jgxawtsawmsqo/app.bsky.feed.post/3mlharixdz22e,bafyreigvcrzfuobsovd32rimicyuijilduf7hjz2yk2gj2z4pzwjv3jrpa,infiniteworlds.bsky.social,4 Seasons Total Landscaping,#UnitedCorruptionParty #abpoli #cdnpoli #treasonous_b #wokeismbad #delulu,,,,1,3,4,0,2026-05-09T22:03:29Z,NA,NA,NA,,,,,
at://did:plc:deej5pakczvmljahhvrridlp/app.bsky.feed.post/3mlhapwjlf22m,bafyreihjueclqzdl4x64jqi5peqnzc477yaiyyc6qukb5hdvpjpnmigskm,pat112.bsky.social,Pat,"I have no desire to call capitulation negotiation as some  would have us do and 

bend over for the corrupt,  criminal, gangster US nation .

No deal is perfectly acceptable to me .

#Cdnpoli #Uspoli #Trade #Cusma",,,,0,0,0,0,2026-05-09T22:02:36Z,NA,NA,NA,,,,,
at://did:plc:abt5tpb7lqr7vopkrkwfswwq/app.bsky.feed.post/3mlhanywd7e2t,bafyreifqncb7rl5fiyw4dmd5pybzirkrss6rqhk2abk3w56efzopppjrga,canadareport.org,Canada Report,"Météo | Un week-end dans les moyennes, de la pluie attendue

Canada’s fastest news scan: 25+ headlines, no clutter, updated all day: CanadaReport.org

#cdnpoli #Canada #News 
Read Original Article 🔗",,,,0,0,1,0,2026-05-09T22:01:31Z,NA,NA,NA,,,,,
at://did:plc:uxj5ihyuzrgxmuvjeanl57ys/app.bsky.feed.post/3mlhakyivl7n2,bafyreieq2hruwgnlkkyww5l5njlfvshmxa7p3vpzvechz5khyreeaj3f5u,chris.mstdn.chrisalemany.ca.ap.brid.gy,Chris Alemany🇺🇦🇨🇦🇪🇸,"“Elbows Up Carney” now deploying a kneel-and-kiss strategy.

“CTV News
48m ago
Carney says Canada open to deeper integration
with U.S. ahead of CUSMA review”

#canpoli #cdnpoli #carney",,,,1,4,1,0,2026-05-09T22:05:24Z,NA,NA,NA,,,,,
at://did:plc:f2bzy7mezkpjkj55e2jae4ja/app.bsky.feed.post/3mlhaeor5wc2b,bafyreibxerfnkgemgfx5picolnmpxfdeys55n37ojw67sx7ehr24zk4h4e,davidsquared.bsky.social,David Davidson,"#Carney is trashing environmental protections and now saying he is open to deeper integration into the USA for certain sectors. We have been so gaslit. Yes, PP is worse, but we’ve been asked to chose what kind of cancer we want #cdnpoli #LPC",,,,1,0,4,1,2026-05-09T21:56:18Z,NA,NA,NA,,,,,
at://did:plc:rkyu6mb3uieyk6nel54xwisl/app.bsky.feed.post/3mlhabhubu22o,bafyreihnv6z5rajqg2mlmrnh2db4pcgpfmlqxofqzm6aayvztpevaa5p7u,smikooman.bsky.social,Doug Johnson 🇨🇦,"Jivani said at CSFN he doesn't believe a majority of Canadians bought into the ""hysteria"" around Trump's threats to annex Canada: ""I don't think the majority of Canadians became anti-American bigots overnight"" and the U.S. administration shouldn't be made a scapegoat for problems in Canada. #CdnPoli",,,,4,0,1,1,2026-05-09T21:54:33Z,at://did:plc:rkyu6mb3uieyk6nel54xwisl/app.bsky.feed.post/3mehtcq55rk2w,at://did:plc:rkyu6mb3uieyk6nel54xwisl/app.bsky.feed.post/3m7vvmpomp22n,NA,,,,,
at://did:plc:deej5pakczvmljahhvrridlp/app.bsky.feed.post/3mlha27amlk2m,bafyreidcursavb3ew3fehytxo2edqiax26qa5lmqe5rd753b2v7jmusfba,pat112.bsky.social,Pat,"Quick-service restaurants are taking a bigger hit as Canadians feel crunched by the cost of living

The simple facts are it is far cheaper and healthier to  cook your own and eat at home 
#Cdnpoli 
www.cbc.ca/news/busines...",,,,0,0,2,0,2026-05-09T21:50:30Z,NA,NA,NA,,,,,
at://did:plc:deej5pakczvmljahhvrridlp/app.bsky.feed.post/3mlh7tfkeo22m,bafyreicjpi5w752ag2bxw2mvprplz2vlx6k5zd6dyfmwub5lad5nzfio5i,pat112.bsky.social,Pat,"Grain dispute reveals bad blood between Ukraine and Israel

War Criminals Stealing land and  recourses while invading and occupying sovereign nations is the tie that Binds Israel and Russia.  

#Cdnpoli #Uspoli #Ukraine #Israel 
www.cbc.ca/news/politic...",,,,0,0,0,0,2026-05-09T21:46:43Z,NA,NA,NA,,,,,
at://did:plc:7lk2ea67pioh2e7tqj5n7whh/app.bsky.feed.post/3mlh7nzwzz22x,bafyreibipt72dpylbeljuayg7vfqktvsvjowcywreum7iiqmd2xrw7bn24,samspade1941.bsky.social,Samuel Spade,"Good ideas keep percolating....

""Things are goin' great
And they're only gettin' better
I'm doin' all right
Gettin' good grades
The future's so bright
I gotta wear shades
I gotta wear shades""

#cdnpoli #ukpol #auspol #uspol

www.kyivpost.com/opinion/75374",,,,0,1,0,0,2026-05-09T21:43:38Z,NA,NA,NA,,,,,
at://did:plc:lyvztfv2xp5su33ype2ddqgk/app.bsky.feed.post/3mlh7mrjgis2s,bafyreia6bs26pxzlqzbo56ogzmss2bdzf5gy63oul7hsfgs4m7vkihqeoy,bibliophile99.bsky.social,Serena,#cdnpoli,,,,0,1,4,0,2026-05-09T21:42:56Z,NA,NA,at://did:plc:3l6h5tayy6vycige2igmorv4/app.bsky.feed.post/3mlgtwj4mjc2g,,,,,
at://did:plc:amnhdrsyqrmpomj6qdzc3ved/app.bsky.feed.post/3mlh7oa5yf5g2,bafyreibafl4grr23zro7u54dz3gubm32uykikmcjop7me7zbl6e7lkrb54,edwing.mstdn.moimeme.ca,Edwin G. :mapleleafroundel:,"Que serait-il nécessaire pour que le Canada 🇨🇦 joigne l’Union européenne 🇪🇺?

Ici Radio-Canada Ohdio: https://ici.radio-canada.ca/ohdio/balados/6108/ca-sexplique-balado-info-alexis-de-lancer/1169180/canada-union-europenne-ue-adhesion-trump-rejoindre-zone-euro
Overcast […]",,,,0,2,0,0,2026-05-09T21:49:25Z,NA,NA,NA,,,,,
at://did:plc:eaeuyrvdlqvjgznelgcdimct/app.bsky.feed.post/3mlh7htz2j22v,bafyreieryrh55sneh3izmpwjezrivbbrp4wluoykvyudawlc6mb56ey7im,madhat59kenwood.bsky.social,Ken Wood part owner of 🇨🇦,"Continue to find reasons I ❤️ my Van, BC #bcpoli #cdnpoli",,,,0,0,3,1,2026-05-09T21:40:10Z,NA,NA,at://did:plc:3l6h5tayy6vycige2igmorv4/app.bsky.feed.post/3mlgwd7caos2g,,,,,
at://did:plc:eaeuyrvdlqvjgznelgcdimct/app.bsky.feed.post/3mlh7bbbre22v,bafyreie7zekrbmui6hdmq4j2gmkopnu2jef6oo3ih4hph44geitftl2jhy,madhat59kenwood.bsky.social,Ken Wood part owner of 🇨🇦,More srrong news 🇨🇦 #cdnpoli,,,,0,0,1,0,2026-05-09T21:36:29Z,NA,NA,at://did:plc:jzjhu672veifvnae33gunnf3/app.bsky.feed.post/3mlgq6yvdq226,,,,,
at://did:plc:pedpziwws5vkocuq76mokn7c/app.bsky.feed.post/3mlh74mh52k27,bafyreibpgvn25byslbajosh3h65vw27wfd22dolscyaouykzh4qepmgpi4,deepgreendesign.bsky.social,Deep Green Design,"SCOTUS should be expanded to 19 to nullify the rot.

This Rogue SCOTUS has abandoned jurisprudence and is now a risk to Americans lives and freedoms.

#CdnPoli #VoteBlue",,,,0,0,0,0,2026-05-09T21:33:54Z,NA,NA,at://did:plc:tax3e7cjn3dzxpgfjslqq56y/app.bsky.feed.post/3mldsldvbpk2n,,,,,
at://did:plc:abt5tpb7lqr7vopkrkwfswwq/app.bsky.feed.post/3mlh6ycjgpx2b,bafyreih374ykbiustbysbukullnjflnle57lerls2rte2xv7wfs2sunjli,canadareport.org,Canada Report,"Iran War Is Draining World’s Oil Buffer at an Unprecedented Pace

Canada’s fastest news scan: 25+ headlines, no clutter, updated all day: CanadaReport.org

#cdnpoli #Canada #News #Business #Economy 
Read Original Article 🔗",,,,0,0,0,0,2026-05-09T21:31:30Z,NA,NA,NA,,,,,
at://did:plc:lin2g3h6fvle3fdrs5nqmkiy/app.bsky.feed.post/3mlh6slqtis2q,bafyreihziy5lo22qesxxmjgplz6ren4z2v2ycst7r3pkmjut535q2wdqkm,canadiancontent.bsky.social,Not That Kind Of Canadian,"So pretty much everyone except the CPC.

#cdnpoli

angusreid.org/poilievre-fa...",,,,1,3,9,0,2026-05-09T21:28:21Z,at://did:plc:6hnkpvshsxjgot5figjyardd/app.bsky.feed.post/3mlh5qb4jkc2d,at://did:plc:6hnkpvshsxjgot5figjyardd/app.bsky.feed.post/3mlh5qb4jkc2d,NA,,,,,
at://did:plc:ifi6xqgbojwquosnkvzx3gna/app.bsky.feed.post/3mlh6c575322j,bafyreiabyrju6idtql6pnzeghgw4t7rtvbgyv5zw2rnabndctqwnl3p63y,leftcoasttreefrog.bsky.social,Left Coast Tree Frog 🕊️,"A Palestinian family in Jenin says Israeli settlers forced them to exhume and rebury their father hours after his funeral. The UN rights office condemned the incident as part of a wider pattern of “dehumanisation of Palestinians”.
#cdnpoli
www.aljazeera.com/video/newsfe...",,,,0,4,7,1,2026-05-09T21:19:06Z,NA,NA,NA,,,,,
at://did:plc:ebnpvh2qn74h56bqgsus4fur/app.bsky.feed.post/3mlh5mtgm622p,bafyreib3hn4j2qnqjd47o73cxwkolddrj4xpnt4bdsno45d2lmz5zlsqse,christyceeck.bsky.social,My IRL friends call me Chris,"“Like Mexico, Canada remains open to deeper integration, including options for fortress North America in (certain) sectors. And to be clear, those offers are on the table,” said the prime minister.

#CdnPoli #ElbowsUp?",,,,7,10,24,6,2026-05-09T21:07:11Z,NA,NA,at://did:plc:jxzjpg4p4giu4oycq2oaljip/app.bsky.feed.post/3mlh5c2odhw2u,,,,,
at://did:plc:7lk2ea67pioh2e7tqj5n7whh/app.bsky.feed.post/3mlh5jpd3hs2x,bafyreigtgw2jjs7i2w32lqw5anevegthpiro27cltepooc6yjkhdpf6enm,samspade1941.bsky.social,Samuel Spade,"""Canadians would be 'wise to be mindful' of Russia's tactics, says Dan Rogers""

#cdnpoli #ukpol 

www.cbc.ca/news/politic...",,,,0,2,3,0,2026-05-09T21:05:25Z,NA,NA,NA,,,,,
at://did:plc:abt5tpb7lqr7vopkrkwfswwq/app.bsky.feed.post/3mlh5ckwyte27,bafyreidrsv2qptsve2jysxuw7rdjk7tau7jhc7cx65jy553wgkhzhgnb7a,canadareport.org,Canada Report,"AI godfather Geoffrey Hinton says we must convince AI that it’s our mother

Canada’s fastest news scan: 25+ headlines, no clutter, updated all day: CanadaReport.org

#cdnpoli #Canada #News #Tech #AI 
Read Original Article 🔗",,,,0,0,2,0,2026-05-09T21:01:26Z,NA,NA,NA,,,,,
at://did:plc:5rwvsxtue7vrswdrjr2jfxx6/app.bsky.feed.post/3mlh4twmipk2d,bafyreigptu24l2nczki4t34j3nogphmcwdjwfv52xlr5istbleu6cwtggy,opheodrys.bsky.social,Opheodrys,"Nova Scotians! Pay attention, please! Your tax dollars are subsidizing the speculation of these corporations that make billions in revenue. @timbousquet.bsky.social This needs more coverage? #novascotia #cdnpoli",,,,1,2,3,1,2026-05-09T20:53:15Z,NA,NA,at://did:plc:5rwvsxtue7vrswdrjr2jfxx6/app.bsky.feed.post/3mlglzabcfk2u,,,,,
at://did:plc:ralxrfpmgdxc7hmnvujfzjqy/app.bsky.feed.post/3mlh4q3ur7k22,bafyreihn25cc7ckloyijzehc7gallwcwofwxrtslvehrwawv6op4rkyvam,turnbullwhitby.bsky.social,MP Ryan Turnbull 🇨🇦🇺🇦,"In times of economic uncertainty, Canadians need investment, stability, and opportunity. That is why we are creating pathways to good careers through major investments in infrastructure, defence, innovation, and skilled trades training across the country. 

#Cdnpoli #EconomicGrowth #CanadaStrong",,,,1,3,8,1,2026-05-09T20:51:07Z,NA,NA,NA,,,,,
at://did:plc:r64wzjtkimyq4vkiddzuu6no/app.bsky.feed.post/3mlh4dfain227,bafyreibuptazzejxx5v6ambr2m5emnl6ezg6lj3vtwts6cjjgw5w32lfp4,bcwildfirewkly.bsky.social,BC Wildfire Weekly - Wildfires + More,"CANADA: “Though rare, the rodent-born pathogen can cause serious, sometimes fatal diseases in humans.” www.cbc.ca/news/canada/... - CBC News

#Canada #CDNPoli #Hantavirus #Health",,,,1,6,6,0,2026-05-09T20:44:05Z,NA,NA,NA,,,,,
at://did:plc:qjspeijiw5wn2eapz3lllnsn/app.bsky.feed.post/3mlh3qjqn5c26,bafyreifkp3wcimy5ayeqparn2kw6dadsuanb3kkzxousez5izaoddnzqn4,johangreg.bsky.social,Greg Johansen 🇺🇦🇨🇦🏳️‍🌈🇵🇸🎾,"Today in #Toronto, Prime Minister Mark Carney will deliver remarks at the 2026 Global Progress Action Summit #cdnpoli www.pm.gc.ca/en/news/medi...",,,,0,2,2,0,2026-05-09T20:33:28Z,NA,NA,NA,,,,,
at://did:plc:abt5tpb7lqr7vopkrkwfswwq/app.bsky.feed.post/3mlh3msopzq2j,bafyreicraycvwctyn3god7klyp6d6p3j3ifc3itmoyneuwr7gbve3jkqhi,canadareport.org,Canada Report,"Qatar LNG Tanker Starts Hormuz Crossing as Trump Pushes Reopening

Canada’s fastest news scan: 25+ headlines, no clutter, updated all day: CanadaReport.org

#cdnpoli #Canada #News #Business #Economy 
Read Original Article 🔗",,,,0,0,0,0,2026-05-09T20:31:22Z,NA,NA,NA,,,,,
at://did:plc:ztg7s6zljk4yy3vj3az4vc4k/app.bsky.feed.post/3mlh3lw67xc2g,bafyreiakzbigbkrq6uh4fksd4f7fyn257eiuhyx7mrdnf5465fjx7iecca,earthangel777.bsky.social,EarthAngel777,"Will your vote not matter soon even if you do clue in about the corrupt new world order WEF ""Liberals""?   
youtu.be/bLQJ7X-UyhY?...
#topoli #onpoli #cdnpoli",,,,0,0,0,0,2026-05-09T20:30:55Z,NA,NA,NA,,,,,
at://did:plc:b7yl72cikfforgnt2lxh2zbr/app.bsky.feed.post/3mlh37j7mkk2a,bafyreibrmsdf24xgv3rrf2fw4eqozp23r53irdbz5jlzvv4efka4yhnmou,ijustwant2bfree.bsky.social,NA,"Once upon a time, the shooting sports were supported and promoted by the Canadian government as the positive and inclusive sporting activities that they are.
#cdnpoli #cdnnews #bcpoli #bcnews #shootingsports #targetshooting #firearms",,,,1,1,1,0,2026-05-09T20:24:02Z,NA,NA,NA,,,,,
at://did:plc:px2esgvbnl7ransisaced6wu/app.bsky.feed.post/3mlh2wbwcms2a,bafyreigvjcpkv2wtxo6fpwd2ds2ynoiv66arrvsha3ndjesdwfaeiki6iy,stevemilesnet.bsky.social,🟥‬🍁🟥‬𝓢𝓽𝓮𝓿𝓮 𝓜𝓲𝓵𝓮𝓼 𝓝𝓮𝓽🟥‬🍁🟥‬,"Where's the ""BEEF""🐄❓
@enemywithinyt.bsky.social 
#Instafollow #Bluesky #Politics #Democracy #Resistance #Canadasky #Canadian #cdnpoli #Boycotts #neverthe51ststate #EightySixFortySeven #nomorewar #BoycottUsCars #NeverVoteConservative #American #USApoli #𝓢𝓽𝓮𝓿𝓮𝓜𝓲𝓵𝓮𝓼𝓝𝓮𝓽
youtu.be/vXqDff5fmEA?...",,,,1,2,3,0,2026-05-09T20:18:49Z,NA,NA,NA,,,,,
at://did:plc:4xqt7t2zph634drigtdxdmro/app.bsky.feed.post/3mlh2l5dbck2l,bafyreiew3dq2zddyikir2e5b4ygwlnb5jy4fymk3x6wq7s4bxhmjvw3mle,journodale.bsky.social,Dale Smith,"ICYMI, my latest YouTube episode where @patriciatreble.bsky.social and I talk the new GG and the King's visit to Washington #cdnpoli",,,,0,0,0,0,2026-05-09T20:12:33Z,NA,NA,NA,,,,,
at://did:plc:4xqt7t2zph634drigtdxdmro/app.bsky.feed.post/3mlh2jcug4k2l,bafyreihgu2fjtbfkgv6iftx5lftco3eva2gdzz5blqoatgcfykq44zweom,journodale.bsky.social,Dale Smith,New Quick Take from me at Loonie Politics on why the voter list leak in Alberta should be a lesson for the federal parties as they consider privacy rules for federal parties in Bill C-25 #cdnpoli,,,,0,2,3,0,2026-05-09T20:11:32Z,NA,NA,NA,,,,,
at://did:plc:4xqt7t2zph634drigtdxdmro/app.bsky.feed.post/3mlh2cmwonc2l,bafyreibdl7eoga7pyzfwij7tzlt3zivitdxyrcogps6awgpftdwgcphshm,journodale.bsky.social,Dale Smith,New weekend column from me at LooniePolitics: Jason Kenney wants the rest of Canada to clean up his mess #cdnpoli,,,,0,2,4,0,2026-05-09T20:07:47Z,NA,NA,NA,,,,,
at://did:plc:2jfr7qhenekca6f6qtjgwdr4/app.bsky.feed.post/3mlgzztqxv22j,bafyreia3bhe3f6ghffo42ipjgunn3fxokj6vsv3de37xs2w2vn6wkpgwmq,calgaryclimatehub.ca,Calgary Climate Hub,#CostOfClimate #ClimateChange #yyc #abpoli #cdnpoli #CanadaSky #ClimateSky #EnergyTransition #Electrostates #Petrostates #China #Iran #America,,,,0,5,9,1,2026-05-09T20:02:59Z,NA,NA,NA,,,,,
at://did:plc:4jhds6khpgmfkova5vetcm5h/app.bsky.feed.post/3mlgzxujc322l,bafyreibdghybozbfou25crjjdupomiomtnuucix7rw3ms2nhjju6cm6h7a,drunkondespair.bsky.social,NA,"Do you really share these values, @liberalparty.bsky.social? #cdnpoli

t.me/MiddleEastEy...",,,,0,0,0,0,2026-05-09T20:01:46Z,NA,NA,NA,,,,,
at://did:plc:abt5tpb7lqr7vopkrkwfswwq/app.bsky.feed.post/3mlgzxjszui2b,bafyreibznyo2mveroblhfkybwdce6r2wnigzrznuk7ynliucvspw23n3ne,canadareport.org,Canada Report,"Le spectre du référendum

Canada’s fastest news scan: 25+ headlines, no clutter, updated all day: CanadaReport.org

#cdnpoli #Canada #News 
Read Original Article 🔗",,,,0,0,0,0,2026-05-09T20:01:34Z,NA,NA,NA,,,,,
at://did:plc:ztg7s6zljk4yy3vj3az4vc4k/app.bsky.feed.post/3mlgzl63ki22g,bafyreibig7cnqxexynvgdgwfuymilbzellddhgimlnchhlrvn6xrmeox4q,earthangel777.bsky.social,EarthAngel777,"Are these the kind of values new world order,WEF&globalist elite Mark Carney was talking about? The nwo requires a police state so bringing in those that cause so much chaos is going to force all of us to lose r freedoms! CRIMINAL!

www.junonews.com/p/palestine-...
#topoli #onpoli #cdnpoli",,,,0,0,0,0,2026-05-09T19:54:42Z,NA,NA,NA,,,,,
at://did:plc:r64wzjtkimyq4vkiddzuu6no/app.bsky.feed.post/3mlgzgo24jk2k,bafyreifu4ms26pea2iwgyol5vu2qebq46jtk5gauypvgiaech5xil2akk4,bcwildfirewkly.bsky.social,BC Wildfire Weekly - Wildfires + More,"If the #TumblerRidge shooting affected you, help is available:

- BC Mental Health Crisis Line: 310‑6789
- National Suicide Crisis Line: 988
- Kids Help Phone: 1‑800‑668‑6868 / text 686868
- 911 (emergency)

More: www2.gov.bc.ca/gov/content/... - Government of British Columbia 

#BCPoli #CDNPoli 2/2",,,,0,3,0,0,2026-05-09T19:52:09Z,at://did:plc:r64wzjtkimyq4vkiddzuu6no/app.bsky.feed.post/3mlgzeuec4k2k,at://did:plc:r64wzjtkimyq4vkiddzuu6no/app.bsky.feed.post/3mlgzeuec4k2k,NA,,,,,
at://did:plc:r64wzjtkimyq4vkiddzuu6no/app.bsky.feed.post/3mlgzeuec4k2k,bafyreic3kf2sko3oxchrocf543g2z6zeyv4tbcvtfeivd27nzpsbc3vhf4,bcwildfirewkly.bsky.social,BC Wildfire Weekly - Wildfires + More,"ICYMI, TUMBLER RIDGE, B.C. - “The school that was the site of one of Canada’s deadliest mass shootings will be torn down, officials have announced.” www.theguardian.com/world/2026/m... - @theguardian.com 

CW: Mass shooting

#BCPoli #CDNPoli #TumblerRidge 

1/2",,,,1,1,6,0,2026-05-09T19:51:10Z,NA,NA,NA,,,,,
at://did:plc:tlkakpjayncxubstzzd4dwdt/app.bsky.feed.post/3mlgzcr422c2i,bafyreib5ntwy6fqjbjvyldkbap66dkggafkobn2mbzid7y4hmb6gabnx7e,cyborgk9.bsky.social,Cyborg K9 🌹,". @mark-carney.bsky.social is a neoliberal, and I don't know why some people are resistant to calling a spade a spade.

The fact is both major parties in Canadian politics are neoliberal. There's not much difference between how Carney is governing, and how Harper did. :/

#cdnpoli",,,,1,3,1,0,2026-05-09T19:49:58Z,NA,NA,at://did:plc:tlkakpjayncxubstzzd4dwdt/app.bsky.feed.post/3mlgsas6ed22a,,,,,
at://did:plc:uswtye3jgncyen5xvvf3znug/app.bsky.feed.post/3mlgyvsnhpc2w,bafyreievfyj7vl7cbzcezhzjgqpbtutvmj77zzygtfmilnvppdvnae4s6y,sandydz.bsky.social,🇨🇦Sandy: No narcissistic leaders!🇨🇦,"U.S. is repeating their dangerous rhetoric that caused millions of Americans to die of COVID.

I hope our #CanadaBorderPatrol offices will have the names of the cruise ship Americans red flagged to ensure they cannot cross our borders and break our quarantine rules!

#CdnPoli",,,,2,6,8,0,2026-05-09T19:42:43Z,NA,NA,at://did:plc:g6bkxm3yn3ssllyeiekx73rf/app.bsky.feed.post/3mlguyuotis25,,,,,
at://did:plc:sleebaqq6za6ocb5v35u2svu/app.bsky.feed.post/3mlgycko3zs22,bafyreig4iu6pdoelfwnuyskp377mfs7c6qu4fbpx25ep2nusfr5mc6djfu,inglorious.bsky.social,ᵀᴴᴱꀤNGᒪOᖇIOᑌᔕᴼᴺᴱ🇨🇦,"If you haven't read @althiaraj.bsky.social 's piece on Mark Carney's planned decimation of environmental protections, you need to. 

Sitting Liberal MP Steven Guilbeault, former Min of Environment calls it ""worse than what Harper did,"" - and Harper was terrible.

#CanadaSky #CDNpoli #MarkCONney",,,,2,5,14,1,2026-05-09T19:31:57Z,NA,NA,NA,,,,,
at://did:plc:abt5tpb7lqr7vopkrkwfswwq/app.bsky.feed.post/3mlgybvfql32d,bafyreidpevatxacgmqpjkygvmx6s67es47s64vcnptnsv7ooohzokb7q2e,canadareport.org,Canada Report,"Sigenergy Demonstrates Full-Scale Energy Commitment at SEC 2026 with Expanded Energy Storage Solutions and Local Serv...

Canada’s fastest news scan: 25+ headlines, no clutter, updated all day: CanadaReport.org

#cdnpoli #Canada #News #Business #Economy 
Read Original Article 🔗",,,,0,0,1,0,2026-05-09T19:31:35Z,NA,NA,NA,,,,,
at://did:plc:c3blr2xhahsbdvmco2elftu5/app.bsky.feed.post/3mlgxhx3fl22r,bafyreid3wtwkf3xrnx7dcc24jcfgcp6pxtcfog5l376tg25szy5dkjo4c4,arachnius.bsky.social,Alex Handyside 🌈 🇨🇦/🇬🇧⚽,"Canada is at war, and they're attacking our minds. 
Albertans beware!!
This is unbelievably scary!
#CdnPoli #HaliSky",,,,0,1,4,0,2026-05-09T19:17:14Z,NA,NA,NA,,,,,
at://did:plc:gyexgu2hdddds3fryr5l3vrs/app.bsky.feed.post/3mlgxghbfmc25,bafyreicojwrgkcmqs5n6dadynct5sxxyufyvsz5pyzmpnrwlejcjpw5wqy,cathylenair.bsky.social,Catherine McNair,"www.thestar.com/politics/pol... #CdnPoli ""Way worse than what Harper did"" re: the environment...",,,,2,3,3,0,2026-05-09T19:16:15Z,NA,NA,NA,,,,,
at://did:plc:bfypaxsdpfcj4i2t5qkeu3eh/app.bsky.feed.post/3mlgxb5bpcc2e,bafyreih3yirktgt6i665srhkmzqmesjaygwo73bovwpszcys7677bsfkxy,conorcurtis.bsky.social,Conor Curtis,"WE have values yes. YOU are willing to remove the law to for corporate interests at the expense of sovereignty: bsky.app/profile/rach...

& make cuts that HURT Canadians.

What a nonsense string of good-sounding words, like that of an AI, yet all largely hollow.

Truly a ChatGPT government. #CDNpoli",,,,1,6,23,1,2026-05-09T19:13:18Z,NA,NA,NA,,,,,
at://did:plc:z7uq5fy7wosk7uzvul7mhyyl/app.bsky.feed.post/3mlgx4dk4k22v,bafyreic54ggqjxcz5ybqaesubyn44iuzm6z2tzmz56ekj7klyxa52birq4,mamadoubleyoo.bsky.social,🇨🇦Mama Doubleyoo 🍁 #NastyWoman💪🫶🥥🌴🪷🌻🇺🇦🇲🇽🇬🇱🇵🇦🏳️‍🌈🏳️‍⚧️🇵🇸,"I'm a fan, met him @ a book signing in Toronto years ago. All of #RicksRants can be found here: 

youtube.com/@mercerrepor...

#CanadaSky #CdnPoli",,,,0,1,3,0,2026-05-09T19:10:35Z,at://did:plc:z7uq5fy7wosk7uzvul7mhyyl/app.bsky.feed.post/3mlgwkbwjwk2v,at://did:plc:p4p76uhvfxjto3pi7kjbhp5r/app.bsky.feed.post/3mlgpiclz322v,NA,,,,,
at://did:plc:abt5tpb7lqr7vopkrkwfswwq/app.bsky.feed.post/3mlgwtewajr2b,bafyreifxkregcrciy3bzsihm7v5e3du6yfk5lin6ul46zzwcxqrxtom27e,canadareport.org,Canada Report,"🇨🇦 PM Briefing — May 09  
Canada invests $673M in Canada Post to ensure vital services thrive.  
• Collaboration with Alberta to tackle local issues.  
• New AI and Labour Advis...

Read: canadareport.org/briefing-2026-05-09-afternoon.html
#cdnpoli",,,,0,0,0,0,2026-05-09T19:05:35Z,NA,NA,NA,,,,,
at://did:plc:mye5kodvrhxoxs5ci455i4gm/app.bsky.feed.post/3mlgwhqv5nk23,bafyreiayvrrhfprirtco3uznkr4mjm63qyn6ifjilh3zxdf74mf5le6iti,matgermain.bsky.social,Mat Germain,"Federal minimum wage in #Canada = $13.27/hr (U.S. $)
Federal minimum wage in #UnitedStates = $7.25/hr (U.S. $)
#uspoli #cdnpoli",,,,0,0,1,1,2026-05-09T18:59:04Z,NA,NA,NA,,,,,
at://did:plc:vcnwupcln6rx3j4nbxcaiigt/app.bsky.feed.post/3mlgw7fktek23,bafyreihgvhut5lgtnaow7226or4xzhhlwz7uooz674tp4dcthazcavwm6e,eco-soul.bsky.social,Eco-soul 🍁,Of course the #Alberta MPs quoted as calling for stricter privacy laws are not from the CPC! #abpoli #cdnpoli,,,,0,1,2,1,2026-05-09T18:54:24Z,NA,NA,at://did:plc:mulg5offnjd3kwc4c2gy3vrv/app.bsky.feed.post/3mldwkkdjhc2c,,,,,
at://did:plc:pb2qeo4xuvwoxndps5fcqjb2/app.bsky.feed.post/3mlgvlt2gk22o,bafyreifrholj6rbaqc7mi5pe2henr3u4ek4rou7mkr24grztv3c3ao7rn4,pepperberry-posts.bsky.social,Pepperberry,"A critical essay arguing that Canada’s Spring Economic Update 2026 offers temporary affordability relief while refusing to confront the housing, wage, productivity, and wealth structures driving Canadian economic insecurity.

#Canada #cdnpoli #HousingCrisis #CostOfLiving #CanadaEconomy #PublicPolicy",,,,0,1,1,0,2026-05-09T18:43:28Z,at://did:plc:pb2qeo4xuvwoxndps5fcqjb2/app.bsky.feed.post/3mlguxzz73s2v,at://did:plc:pb2qeo4xuvwoxndps5fcqjb2/app.bsky.feed.post/3mlguxzz73s2v,NA,,,,,
at://did:plc:r64wzjtkimyq4vkiddzuu6no/app.bsky.feed.post/3mlgvhzivp22k,bafyreigfu3oyltn44gstti6kbf53b3zr33mu2byk5gxyhm3yvjwjpnnpgm,bcwildfirewkly.bsky.social,BC Wildfire Weekly - Wildfires + More,"CANARY ISLANDS: “The remaining Canadians aboard the cruise ship at the centre of a hantavirus outbreak are set to disembark early Sunday morning local time.” www.ctvnews.ca/health/artic... - CTV News

#CanaryIslands #CDNPoli #Hantavirus #MVHondius",,,,0,1,2,0,2026-05-09T18:41:21Z,NA,NA,NA,,,,,
at://did:plc:pb2qeo4xuvwoxndps5fcqjb2/app.bsky.feed.post/3mlgvgbbgos2v,bafyreiehu5tya6gsn3hethh3i6n3leiqolbid2ff7ra7kykyiftf2uqovm,pepperberry-posts.bsky.social,Pepperberry,"The government offers grocery benefits, fuel tax relief & training programs.
Some of that helps.
But temporary relief is not structural reform.
A few hundred dollars does not fix a system where rent consumes half a paycheque & wages no longer buy stability.

#Canada #cdnpoli #CanadaEconomy",,,,0,0,1,0,2026-05-09T18:40:22Z,at://did:plc:pb2qeo4xuvwoxndps5fcqjb2/app.bsky.feed.post/3mlguxzz73s2v,at://did:plc:pb2qeo4xuvwoxndps5fcqjb2/app.bsky.feed.post/3mlguxzz73s2v,NA,,,,,
at://did:plc:pb2qeo4xuvwoxndps5fcqjb2/app.bsky.feed.post/3mlgv6fj3xc2v,bafyreib3a7ofjh5maehu2u37moikaun2eqpylnkoya4w3hrjg7txb6bhoa,pepperberry-posts.bsky.social,Pepperberry,"Canada’s affordability crisis is not just about prices.
It is about power.
Homeowners, banks, municipalities, developers & pension funds all benefit from a system that keeps housing expensive.

Essay 👇
curmudgeonlycanadian.substack.com/p/canada-str...

#Canada #cdnpoli #CanadaEconomy #PublicPolicy",,,,0,0,1,0,2026-05-09T18:35:58Z,at://did:plc:pb2qeo4xuvwoxndps5fcqjb2/app.bsky.feed.post/3mlguxzz73s2v,at://did:plc:pb2qeo4xuvwoxndps5fcqjb2/app.bsky.feed.post/3mlguxzz73s2v,NA,,,,,
at://did:plc:frwecggow7f5ertmucxfcxqq/app.bsky.feed.post/3mlgv67aa7s22,bafyreia2br6s76qcwlegcgc65kwpmvdvcumssjymu3wglabglnyvmexh6a,jrmccranker.bsky.social,Jason McCrank,"At least Homelander in The Boys has the powers of a god. These motherfuckers worship a decaying, dementia riddled pustule. #uspoli #cdnpoli",,,,0,0,0,0,2026-05-09T18:35:50Z,NA,NA,at://did:plc:cbhnuflsctq2s7mu4iqcuauq/app.bsky.feed.post/3mlgu3tzv4k2g,,,,,
at://did:plc:bfypaxsdpfcj4i2t5qkeu3eh/app.bsky.feed.post/3mlgv5cxnwk2e,bafyreihg42yeypmhwn4bl7npp7jk7zowbgx6ni4olpf2htyvidxz63yl6a,conorcurtis.bsky.social,Conor Curtis,"(1/2) By the way, climate action being the canary in the coal mine goes ALL the way back to the beginning of Trump's rise to power & threats towards Canadian sovereignty: www.nationalobserver.com/2025/03/20/o... 

& (from January 2025): open.substack.com/pub/energymi... 

#CDNpoli #USpolitics #Trump",,,,1,2,4,0,2026-05-09T18:35:22Z,NA,NA,NA,,,,,
at://did:plc:egl4mfr2njrr2br4vhya7yrf/app.bsky.feed.post/3mlgv3tmy7c24,bafyreidnbj266oijozzjqu4mksitflpqphahfnis6cmxo2zdmrv46iafcu,judy-bug.bsky.social,judy 🇨🇦,"The overall risk to the general 🇨🇦 population from the Andes hantavirus outbreak linked to the MV Hondius cruise ship remains low. 

Trust the science.

#cdnpoli #bcpoli #abpoli #onpoli #polqc #nspoli #nbpoli #skpoli #mbpoli #nlpoli #nwt #ytpoli #nunavut #peipoli

www.canada.ca/en/public-he...",,,,0,1,3,0,2026-05-09T18:34:31Z,NA,NA,NA,,,,,
at://did:plc:abt5tpb7lqr7vopkrkwfswwq/app.bsky.feed.post/3mlguweglvj2b,bafyreiho3dt3kyxlwgkhrz2mgmgovcww2vfzqqitx25czspqrxmnwyjgbm,canadareport.org,Canada Report,"Achalandage dans le métro | Baisse dans les stations du centre-ville et de la ligne bleue

Canada’s fastest news scan: 25+ headlines, no clutter, updated all day: CanadaReport.org

#cdnpoli #Canada #News 
Read Original Article 🔗",,,,0,0,0,0,2026-05-09T18:31:26Z,NA,NA,NA,,,,,
at://did:plc:r64wzjtkimyq4vkiddzuu6no/app.bsky.feed.post/3mlgusg2hsc2k,bafyreifgsotk263laxp5vweidb2jahip7ygtc5mqqln6ed7nzz2y5udbri,bcwildfirewkly.bsky.social,BC Wildfire Weekly - Wildfires + More,"“The head of Canada's intelligence agency says Alberta's potential secession vote is susceptible to disinformation and foreign interference from players like Russia.” www.cbc.ca/news/politic... - CBC News 

#ABLeg #ABPoli #CDNPoli #Disinformation #NationalSecurity",,,,0,3,9,2,2026-05-09T18:29:15Z,NA,NA,NA,,,,,
at://did:plc:pedpziwws5vkocuq76mokn7c/app.bsky.feed.post/3mlgurgym3k2v,bafyreih6ex6ziejbmuc6qfqktd2cnhllr5smn5fvm4lcmcpacq2vuosyb4,deepgreendesign.bsky.social,Deep Green Design,"What are you actively engaged in to end genocide & systemic genocide in & by America?

Indigenious nations’ sovereignty is being undermined in several court cases.

Harris had a plan for Gaza, just like she did for America. 

Russians weaponized Gaza in 🇺🇸&🇨🇦 to divide, it worked “great”.

#CdnPoli",,,,1,0,1,0,2026-05-09T18:28:42Z,at://did:plc:vi4g3ft445fxnbr3hu3zp3ee/app.bsky.feed.post/3mlgnxkb7w22t,at://did:plc:tvp7dmpqv6t3esgcmfznwb3l/app.bsky.feed.post/3mlgmqxrzes2y,NA,,,,,
at://did:plc:ykvfxsnswr6rcwdbwocwqajt/app.bsky.feed.post/3mlgumr2zms2d,bafyreib3k5bmk723kpalyqgll3e73huuy5wpuecvuj5n6amiu3z7eb3x4e,anniegirl.bsky.social,Ann Petersen-Kane,Bullshit. She's totally lying. #ableg #abpoli #cdnpoli,,,,2,6,22,0,2026-05-09T18:26:05Z,NA,NA,at://did:plc:4ownlsrdmnvwgzmcdi2bof6s/app.bsky.feed.post/3mlftwketyc24,,,,,
at://did:plc:ralxrfpmgdxc7hmnvujfzjqy/app.bsky.feed.post/3mlguec55422p,bafyreibnuqo66gf3lu6d6udpfl32lfq7wfg35oqo63dlkgfaitmc4xd25a,turnbullwhitby.bsky.social,MP Ryan Turnbull 🇨🇦🇺🇦,"Despite Conservatives best efforts to prevent us, we’ve delivered tax relief, childcare, school food and more, while moving forward on major projects, and investing in a stronger Canada for all.

Watch 👇

#ChamberTalk #QuestionPeriod #QP #cdnpoli",,,,0,2,8,0,2026-05-09T18:21:21Z,NA,NA,NA,,,,,
at://did:plc:ykvfxsnswr6rcwdbwocwqajt/app.bsky.feed.post/3mlgu7x5fxc2d,bafyreighlx35sr7zv46xartns3wg3x2tzkmuevx65mf5pg6q42gshgxu3u,anniegirl.bsky.social,Ann Petersen-Kane,"Then he should have stayed and fought after he won his leadership review. But he rage quit. Unless he's coming back here to lead a serious push back against separatism, he should just stfu because he's useless to us, which fits historically really. #ableg #abpoli #cdnpoli",,,,2,10,33,0,2026-05-09T18:18:54Z,NA,NA,at://did:plc:4xqt7t2zph634drigtdxdmro/app.bsky.feed.post/3mlgszy47pk2l,,,,,
at://did:plc:4ownlsrdmnvwgzmcdi2bof6s/app.bsky.feed.post/3mlgu4vmcxc24,bafyreiegpoc4b6cmqtfv5pdmzxfrsd5jws52ji7ccvnrltrcc4qexns2e4,peipolitical.bsky.social,PEIPolitical 🇨🇦,"This is one of the ways Loblaws chokes out competition to other stores in the same plazas, malls. It's not just Loblaws. Other large corps force the same anti-competitive tactics. Why is this allowed. Kudos to Manitoba that is stopping this bullshit. #cdnpoli",,,,2,21,47,1,2026-05-09T18:17:18Z,NA,NA,NA,,,,,
at://did:plc:glx2iftaxaiirglk3auu7htn/app.bsky.feed.post/3mlgu4cnf3c2v,bafyreidrd2mrxliulzb2oqfxumlgb3qginalm7olwqqe7cweg5hnm6zetm,audricmoses.bsky.social,Audric Moses 🇨🇦,"Another self-own from the separatist smoothbrains. Come on guys — you don't ALL look like this...😂🤦.

#cdnpoli #ableg",,,,1,1,7,0,2026-05-09T18:16:58Z,NA,NA,NA,,,,,
at://did:plc:4xqt7t2zph634drigtdxdmro/app.bsky.feed.post/3mlgtuyaui22l,bafyreihvex5c4mbkqexco5ewfwybvvyuwhi3btyfhpxwupbxegw5qny6pa,journodale.bsky.social,Dale Smith,Roundup post: Closer to a deal with Danielle Smith #cdnpoli,,,,0,0,6,0,2026-05-09T18:12:46Z,NA,NA,NA,,,,,
at://did:plc:abt5tpb7lqr7vopkrkwfswwq/app.bsky.feed.post/3mlgtargxso2k,bafyreieuwlyihaam7yba2lpc76k3p2yv7xtlgy6jx7c5reafke7lzyxmji,canadareport.org,Canada Report,"US Awaits Iran Answer After Hormuz Clashes Strain Ceasefire

Canada’s fastest news scan: 25+ headlines, no clutter, updated all day: CanadaReport.org

#cdnpoli #Canada #News #Business #Economy 
Read Original Article 🔗",,,,0,0,2,0,2026-05-09T18:01:28Z,NA,NA,NA,,,,,
at://did:plc:ykvfxsnswr6rcwdbwocwqajt/app.bsky.feed.post/3mlgs2jdae22d,bafyreiglc44q2rpxgpkw3dakmtmg4o4sn275att7jdxncmw6ah6ng5xmr4,anniegirl.bsky.social,Ann Petersen-Kane,"Separatists will come back with ""but you can fill out an application and easily become a citizen"" and my reply will be ""fuck you"". If I am not good enough on day one, separatists can go fuck themselves. #abpoli #ableg #cdnpoli",,,,0,1,12,0,2026-05-09T17:40:06Z,at://did:plc:ykvfxsnswr6rcwdbwocwqajt/app.bsky.feed.post/3mlgs2jd4h22d,at://did:plc:ykvfxsnswr6rcwdbwocwqajt/app.bsky.feed.post/3mlgs2jd4h22d,NA,,,,,
at://did:plc:h2spa3l463coxycuy6iiov2l/app.bsky.feed.post/3mlgrxai5322v,bafyreiatp3tl2xcdoueqqja6b4sbfldhtfya4cmpizazqirfcsbpuogpky,shewandersferal.bsky.social,Allison Moon 🌙  🍁,"#MélanieJoly #Economy

🍁 #CANpoli 🍁 #CDNpoli 🍁  #CanadaSky 🌌 #MuricunHegemony 🇺🇸",,,,0,0,1,0,2026-05-09T17:38:17Z,NA,NA,NA,,,,,
at://did:plc:rkyu6mb3uieyk6nel54xwisl/app.bsky.feed.post/3mlgrw2rvhk22,bafyreifzkq4nxvcun4f7g4leczuj32l44ougyy5bh5tx3q5e5gheydbohe,smikooman.bsky.social,Doug Johnson 🇨🇦,"Mitch Sylvestre delivered the Alberta referendum signatures. If you think the moment is driven by COVID convoy conspiracy people... you'd be correct. ""I'd known him for less than five minutes when he first implied King Charles might have him killed. He thinks oil spills help trees grow... #CdnPoli 🇨🇦",,,,1,7,9,2,2026-05-09T17:37:37Z,NA,NA,NA,,,,,
at://did:plc:abt5tpb7lqr7vopkrkwfswwq/app.bsky.feed.post/3mlgrkzxukf2k,bafyreih5eectwhyjsotqa6x3rrvmprmfzzkv67zlzryg3nsgeid5xqs2ey,canadareport.org,Canada Report,"La semaine politique en revue | Le carnet des collines

Canada’s fastest news scan: 25+ headlines, no clutter, updated all day: CanadaReport.org

#cdnpoli #Canada #News 
Read Original Article 🔗",,,,0,0,0,0,2026-05-09T17:31:25Z,NA,NA,NA,,,,,
at://did:plc:ii6oavwfjgy2s33lwrcbjubl/app.bsky.feed.post/3mlgrklpes223,bafyreibpt7fun57e2kcrjc4w7t2qpgcmozxcrwd2gxjal62l4fh5mfp4nu,robinhood246.bsky.social,B.G. Witch 🇨🇦 🏳️‍⚧️ 🌈,"Reality exists. 

Ignorance demands thought and learning. 

The stupid are those who love their ignorance, or take refuge in simple explanations.

Life is complicated. 

So think about it. #cdnpoli",,,,0,0,2,0,2026-05-09T17:31:14Z,NA,NA,NA,,,,,
at://did:plc:eaeuyrvdlqvjgznelgcdimct/app.bsky.feed.post/3mlgrhemgf22h,bafyreihipbsznila2xx2ynfau75l6r5ldgd2o4n65fhxjb4lv5x2j7olfy,madhat59kenwood.bsky.social,Ken Wood part owner of 🇨🇦,And people wonder how those in the 1800-s & early 1900s were sucked in by snake oil salesman. Todays version shows we humans are a gullible lot... #cdnpoli 👇,,,,0,0,1,0,2026-05-09T17:29:22Z,NA,NA,at://did:plc:kqsdfw4cj532lp7bidtdzyyz/app.bsky.feed.post/3mlgnghfesc2y,,,,,
at://did:plc:el5u6pm6ml27lig7lym7e7q7/app.bsky.feed.post/3mlgrfghvl22i,bafyreiezxrpf5iolp5do2ovvmv6are3ojfz7eqrf3m4of7iiultvdom5wu,loryanne.bsky.social,Lory 🇨🇦,These right wing maple maga maggots are really dangerous folk. They need to be stopped. We cannot let them harass Canadians and our Prime Minister without consequence. #cdnpoli #stopvotingconservative #canadastrong,,,,0,0,4,0,2026-05-09T17:28:18Z,NA,NA,at://did:plc:rkyu6mb3uieyk6nel54xwisl/app.bsky.feed.post/3mlgr3fockc22,,,,,
at://did:plc:eaeuyrvdlqvjgznelgcdimct/app.bsky.feed.post/3mlgr5fsw5c2h,bafyreid7gca3bsrl2vneevb2bmcfrrleugbrzlxxdknxghqddqxw4dejgi,madhat59kenwood.bsky.social,Ken Wood part owner of 🇨🇦,As a major Party supporter & PM @mark-carney.bsky.social I am alarmed. Especially how IMO hes appearing extorted by #Alberta & #Smith I believe he is btw & rock & hard place. Im in BC dont support a pipeline because of the extortion & not balancing with climate action. But still a supporter #cdnpoli,,,,1,1,1,0,2026-05-09T17:23:48Z,at://did:plc:ny5w2k6brb2kdubxnevke6li/app.bsky.feed.post/3mlezvtqko222,at://did:plc:ny5w2k6brb2kdubxnevke6li/app.bsky.feed.post/3mlezvtqko222,NA,,,,,
at://did:plc:rkyu6mb3uieyk6nel54xwisl/app.bsky.feed.post/3mlgr3fockc22,bafyreianlkd4udiws47edzc6y5tjdoughj2il2cekj5apo5ixfua7ehn7a,smikooman.bsky.social,Doug Johnson 🇨🇦,"""Carney is listed as a target of 79 threats over the 110 days after he became Liberal leader and prime minister. Twelve of those threats are listed as ""direct,"" while the rest are labelled ""indirect.""""

What a reprehensible burden our leaders undergo for just doing their job. 🚫
#CdnPoli 🇨🇦",,,,3,5,21,2,2026-05-09T17:22:41Z,NA,NA,NA,,,,,
at://did:plc:ig6dnt4tqgg7iwwtywx3bkvd/app.bsky.feed.post/3mlgqqewmik2f,bafyreieuz5f6nlbcfthislxrtgj37pb366gdypvivlbq3fvshji5a3khee,robduncan.bsky.social,Rob Duncan,#ClimateEmergency #Renewables #auspol #USPOL #USA #us #uspoli #poli #politics #cdnpoli #canada #MeidasMighty #america  #Ethics #ClimateJustice #bcpoli #abpoli #Klimapolitik #ClimateActionNow #ClimateChange #Climate #Ecosocialism #environment #Nature #BCClimateAction #capitalism #FalseConsciousness,,,,3,2,14,0,2026-05-09T17:16:33Z,NA,NA,NA,,,,,
at://did:plc:eaeuyrvdlqvjgznelgcdimct/app.bsky.feed.post/3mlgqq7owbs2h,bafyreig22pajm2t4lecfr4t2a3i57tjsodeylu6zecf3lp5benizwarjku,madhat59kenwood.bsky.social,Ken Wood part owner of 🇨🇦,he is already gotten a life time golden pension so he really needs to go the F away...then agian as a Liberal he works for us so maybe.... #cdnpoli,,,,1,0,2,0,2026-05-09T17:16:25Z,NA,NA,at://did:plc:4ownlsrdmnvwgzmcdi2bof6s/app.bsky.feed.post/3mlfv4sl73k24,,,,,
at://did:plc:h2spa3l463coxycuy6iiov2l/app.bsky.feed.post/3mlgqoopyok2z,bafyreihgfoy7cewmeufr52pyitpcrfvplixagqftxaqtk37onrt5o6yek4,shewandersferal.bsky.social,Allison Moon 🌙  🍁,"#MakeItSo

🍁 #CANpoli 🍁 #CDNpoli 🍁  #CanadaSky 🌌 #Eurovisionary",,,,0,0,1,0,2026-05-09T17:15:38Z,at://did:plc:26tsf647wqnoo7umh4ywwz7a/app.bsky.feed.post/3mlgh6dq76s23,at://did:plc:26tsf647wqnoo7umh4ywwz7a/app.bsky.feed.post/3mlgh6dq76s23,NA,,,,,
at://did:plc:eaeuyrvdlqvjgznelgcdimct/app.bsky.feed.post/3mlgqmryefc2h,bafyreife2nuumqwszi6r7uzcvmchqwzcd4jeyialmtgyidpqkqq6ysgnmu,madhat59kenwood.bsky.social,Ken Wood part owner of 🇨🇦,ok this is a good read folks. Its very interesting. #cdnpoli 👇,,,,1,0,0,0,2026-05-09T17:14:30Z,NA,NA,at://did:plc:x2xmijn2egk5g67u3cwkddzy/app.bsky.feed.post/3mleys2l4ek2l,,,,,
at://did:plc:ig6dnt4tqgg7iwwtywx3bkvd/app.bsky.feed.post/3mlgqmldrns2f,bafyreiak3hghhz6pfrkk6w34hj4tv2zamhbc4ggoc6jqzt4kjllfci53y4,robduncan.bsky.social,Rob Duncan,#auspol #USPOL #USA #us #uspoli #poli #politics #cdnpoli #canada #MeidasMighty #communityovercapitalizm #america #history #anticapitalism #anticapitalist #capitalismkills #killCapitalism #capitalism #abolishcapitalism #fuckcapitalism #SocialJustice #ethics #ClassConsciousness #FalseConsciousness,,,,1,1,3,0,2026-05-09T17:14:30Z,NA,NA,NA,,,,,
at://did:plc:ig6dnt4tqgg7iwwtywx3bkvd/app.bsky.feed.post/3mlgql5amlc2f,bafyreidyj4mmxp552ubui6nexaen453rhjw5sxthetsrohb7wxl3p7veoa,robduncan.bsky.social,Rob Duncan,#auspol #USPOL #USA #us #uspoli #poli #politics #cdnpoli #canada #MeidasMighty #communityovercapitalizm #america #history #anticapitalism #anticapitalist #capitalismkills #killCapitalism #capitalism #abolishcapitalism #fuckcapitalism #SocialJustice #ethics #ClassConsciousness #FalseConsciousness,,,,1,1,5,0,2026-05-09T17:13:36Z,NA,NA,NA,,,,,
at://did:plc:ig6dnt4tqgg7iwwtywx3bkvd/app.bsky.feed.post/3mlgqfxjhfs2f,bafyreihwy5rubnz37jmcdgd7ghggs7yyjngob2jaftntutgoakvr6ne6oa,robduncan.bsky.social,Rob Duncan,#auspol #USPOL #USA #us #uspoli #poli #politics #cdnpoli #canada #MeidasMighty #america #communityovercapitalizm #history #Ethics #SocialJustice #LongerTables #DemocraticSocialist #Ecosocialism #Socialist #socialism #LeftIsBest #ClassConsciousness #FalseConsciousness #abolishcapitalism #HumanRights,,,,0,1,9,0,2026-05-09T17:10:43Z,NA,NA,NA,,,,,
at://did:plc:eaeuyrvdlqvjgznelgcdimct/app.bsky.feed.post/3mlgqfdpp522h,bafyreihhiszvwwz6xzh7uaxko4q66usc2dlwbl43piumwzfztnho3xxjxi,madhat59kenwood.bsky.social,Ken Wood part owner of 🇨🇦,No surprises to anyone following world news these days. #abpoli #cdnpoli,,,,0,3,4,0,2026-05-09T17:10:20Z,NA,NA,at://did:plc:rsvzkqxa2xdojwmjljqzs4ik/app.bsky.feed.post/3mlgm6pgxb224,,,,,
at://did:plc:pdf6zt3vghsx7bmb5wl6sbt3/app.bsky.feed.post/3mlgq4qd2as2f,bafyreib5o2zbpfcnmigxaykqbocoqgnbmz336qey464isfi4pq3zdv3ixm,grumpa.ca,Under Grumpa's Hat,"The nice thing about posting something positive about Mark Carney is that it brings out the rage bots and far right Maple MAGA, making it easy to block them and therefore cleaning up my feed. #CdnPoli",,,,0,0,9,0,2026-05-09T17:05:31Z,NA,NA,NA,,,,,
at://did:plc:ovf5l46vctrnscii22bmlzud/app.bsky.feed.post/3mlgpyi2fac23,bafyreigh6x7zm2rhmocqtwgkslqy2mxnqm3hywqjwlge74lttwdy4tej2a,lisa1111can.bsky.social,Lisa E 🇨🇦,"#abpoli
#cdnpoli",,,,0,4,4,0,2026-05-09T17:03:09Z,NA,NA,at://did:plc:a2rtlv46ts55kxkicc3bjf4b/app.bsky.feed.post/3mle3xeis4s2s,,,,,
at://did:plc:abt5tpb7lqr7vopkrkwfswwq/app.bsky.feed.post/3mlgpv6co7x2k,bafyreidy2kw35khodym6cg6jkvg626gct3na7vbj3icpcbypy7ro4effga,canadareport.org,Canada Report,"On the 34th anniversary of the Westray Disaster, Canadian workers still waiting for protection, accountability

Canada’s fastest news scan: 25+ headlines, no clutter, updated all day: CanadaReport.org

#cdnpoli #Canada #News #Business #Economy 
Read Original Article 🔗",,,,0,0,0,0,2026-05-09T17:01:18Z,NA,NA,NA,,,,,
at://did:plc:mlimbtxuf4wyxwvtb2fm7yur/app.bsky.feed.post/3mlgpckvjqk2v,bafyreicbpist4ujetrgy6zw7343btxgxj6soqigdok5cjeymlzhxilmke4,hellobonjour.bsky.social,Dr. Hello Bonjour,"Do Alberta women want to be treated like this? If anybody told me this, I would be very insulted. 

#cdnpoli",,,,2,5,12,0,2026-05-09T16:50:56Z,NA,NA,NA,,,,,
at://did:plc:h2spa3l463coxycuy6iiov2l/app.bsky.feed.post/3mlgp5wjq2k2z,bafyreid5solfok7htlbgx5o4mf7gexoh5rt5h3hktdgffyxcfzvkiit7lq,shewandersferal.bsky.social,Allison Moon 🌙  🍁,"#PoiLIEvre is the kind of guy who thinks anyone can be a genius… 
if they sneer hard enough at everyone else 

🍁 #CANpoli 🍁 #CDNpoli 🍁  #CanadaSky 🌌 #GOPwannabe",,,,0,0,1,0,2026-05-09T16:48:21Z,NA,NA,NA,,,,,
at://did:plc:a2kjkdp4rs6sbx56dmk2hern/app.bsky.feed.post/3mlgp5ksp3c26,bafyreicwkfqwpxgwedchvtz7ez7qpx7u6zsellg2x3ktmh2pa7246xsk3e,rzaichkowski.bsky.social,Robert Zaichkowski,This damning article in @t4america.bsky.social by Steve Davis suggests not a single new transit project has been advanced by USDOT since Donald Trump's second term began more than a year ago all while driving is more expensive than ever. #shame #cdnpoli #uspoli #transit t4america.org/2026/05/05/u...,,,,1,0,3,0,2026-05-09T16:48:12Z,NA,NA,NA,,,,,
at://did:plc:w7yhpanniwt2sweiorkvec7j/app.bsky.feed.post/3mlgouf32yk2c,bafyreibkizijrktaqy2nmc4tyomzcih7ekfc52oynkzt3t5ldqqq23kruq,luciecatnip.bsky.social,Lucie🐈‍⬛Catnip ,"And now that Danielle Smith has top-secret security clearance, she should get a briefing about foreign influence from CSIS because she flatly denied it just yesterday - even though it had been extensively reported.

#abpoli #cdnpoli",,,,1,5,16,1,2026-05-09T16:42:58Z,NA,NA,at://did:plc:rsvzkqxa2xdojwmjljqzs4ik/app.bsky.feed.post/3mlgm6pgxb224,,,,,
at://did:plc:e4qglzjpa4pcasim3rpqsicy/app.bsky.feed.post/3mlgoqjayuc2x,bafyreie4lqk7r537g6wlwe3etbestnnlq33feazzixf2ok4ecrcmfwzwzi,thesaanichdaily.bsky.social,Club Saanich,"Portugal will move ahead with a tax on energy companies’ windfall profits and present a proposal to parliament shortly, Finance Minister Joaquim Miranda Sarmento said in Brussels, reviving a measure used during the 2022 fuel price shock.

#cdnpoli ?

econews.pt/2026/05/06/p...",,,,0,0,2,0,2026-05-09T16:40:51Z,NA,NA,NA,,,,,
at://did:plc:abt5tpb7lqr7vopkrkwfswwq/app.bsky.feed.post/3mlgo7qfffm2j,bafyreidugluebztmuaaacqrcb7wykucxvpdohyflpey46pwgqxfjwxjkra,canadareport.org,Canada Report,"La Presse en France | L’Europe voit le Canada dans sa soupe

Canada’s fastest news scan: 25+ headlines, no clutter, updated all day: CanadaReport.org

#cdnpoli #Canada #News 
Read Original Article 🔗",,,,0,0,0,0,2026-05-09T16:31:25Z,NA,NA,NA,,,,,
at://did:plc:zftffti3hfudvdawqv53arqn/app.bsky.feed.post/3mlgo7fxav626,bafyreifrrx7eyvf2m3w4j2soom3x27evcqtccx5efjsgt6y2genz5dy6r4,runchinguyenrun.bsky.social,Chi Nguyen,"$10-a-day child care enables our economic infrastructure. It makes life more affordable for families and supports women to pursue careers, start businesses, and build their futures. 

#cdnpoli #MPChiNguyen #SpadinaHarbourfront",,,,0,1,2,0,2026-05-09T16:31:15Z,NA,NA,NA,,,,,
at://did:plc:62afooonboh6usflpaqppl6r/app.bsky.feed.post/3mlgntkig4k2k,bafyreig7ciw64mqq3w4zejvhpgzbd2bizhjbidx7srkhyn24k43rxvkkpa,takforalt.bsky.social,Tak For Alt ,"i'm hoping that #CSIS is looking at the IDU. It would not surprise me if member nations are funding the far right in Canada through supports/training/resources, etc to organizations like the Centurian. #cdnpoli",,,,0,0,1,0,2026-05-09T16:24:36Z,at://did:plc:a2da5ecx3bhvfbpzix6zhyfp/app.bsky.feed.post/3mlgn6vuwas2m,at://did:plc:a2da5ecx3bhvfbpzix6zhyfp/app.bsky.feed.post/3mlgn6vuwas2m,NA,,,,,
at://did:plc:w7yhpanniwt2sweiorkvec7j/app.bsky.feed.post/3mlgnsupv2k2c,bafyreib7fvi3hxia5qtdxbaislunenr26q2qmpzkrad7wadyyux6fn4pu4,luciecatnip.bsky.social,Lucie🐈‍⬛Catnip ,"When your sole focus is making money, everything else is expendable. 

#cdnpoli",,,,1,0,3,0,2026-05-09T16:24:14Z,NA,NA,at://did:plc:4yb2pjejfziah3eork7stm6j/app.bsky.feed.post/3mlglk3ap7s2h,,,,,
at://did:plc:taj2zzm53ypc45lb25vfslts/app.bsky.feed.post/3mlgn6qopvc2e,bafyreiennrr4mtx6sejisuok3vjbxvxiqajxsvd2st3yvgkkyyoynlx36i,clairebeauchampmd.bsky.social,Claire Beauchamp MD 🇨🇦,"@chebert18.bsky.social 
Federalism must step in to save Alberta.
(From itself likely….)
As an Albertan, I’m getting tired of the craziness. 
And NO, Jason Kenney can’t call the fire dept when he lit the damn fire.
#abpoli #cdnpoli",,,,1,0,4,0,2026-05-09T16:12:58Z,NA,NA,at://did:plc:fzlezpmuxpcfxkpkr7bop74x/app.bsky.feed.post/3mleopiv55c2c,,,,,
at://did:plc:osg2vzhifd2tjfsvfwua7scy/app.bsky.feed.post/3mlgn5panpc2x,bafyreigxatdodlbqljljfqwvbqa5ckhkc2dksj2vux2tqricppifjlbkj4,symbo1ics.bsky.social,Linotype Pilgrim,"Where is he going to get this money (apart from the constant, grinding service cuts)? 

iirc, he foreshadowed that it would be by digging up and selling /even more/ stuff from Canadian land: which is continued genocide, and a climate and ecological disaster.

#cdnpoli",,,,1,1,8,0,2026-05-09T16:12:23Z,NA,NA,at://did:plc:zkpgnrqqrcqa7ysw6lhzn6r5/app.bsky.feed.post/3mlfdwzaxjc2e,,,,,
at://did:plc:taj2zzm53ypc45lb25vfslts/app.bsky.feed.post/3mlgmy5ztv22e,bafyreihle53elvudom2vzha3pgz2ut7e72kahayzn4qmkw3ofkbyeipikq,clairebeauchampmd.bsky.social,Claire Beauchamp MD 🇨🇦,"#abpoli #cdnpoli 
@donbraid.bsky.social @robbreakenridge.bsky.social",,,,0,2,4,1,2026-05-09T16:09:17Z,NA,NA,at://did:plc:4fhfllxcnnzqosradtz336ye/app.bsky.feed.post/3mlgl26mfgc2q,,,,,
at://did:plc:abt5tpb7lqr7vopkrkwfswwq/app.bsky.feed.post/3mlgmke7obv2k,bafyreigxyph7pwf77aosm6xkuoo2lzgszanzo32ouykhcl2q7sjspol4qa,canadareport.org,Canada Report,"Ottawa, Alberta pact under pressure over fine print. FP Video explains

Canada’s fastest news scan: 25+ headlines, no clutter, updated all day: CanadaReport.org

#cdnpoli #Canada #News #Business #Economy #abpoli 
Read Original Article 🔗",,,,0,0,0,0,2026-05-09T16:01:34Z,NA,NA,NA,,,,,
at://did:plc:f5jnbpzq6a67rf2m3s3gu64l/app.bsky.feed.post/3mlgmha62tk2j,bafyreichxmxqodybfjqhonsnmw4umrf2sm45gp25ozwbxhiejmy5ugwx3e,ericdoherty.bsky.social,Eric Doherty,"More important context. #cdnpoli

bsky.app/profile/rach...",,,,0,1,2,0,2026-05-09T15:59:50Z,at://did:plc:7mqcgscfl4b6lhkez5wxubts/app.bsky.feed.post/3mleajsuou22w,at://did:plc:7mqcgscfl4b6lhkez5wxubts/app.bsky.feed.post/3mleajsuou22w,at://did:plc:4yb2pjejfziah3eork7stm6j/app.bsky.feed.post/3mlglk3ap7s2h,,,,,
at://did:plc:5rwvsxtue7vrswdrjr2jfxx6/app.bsky.feed.post/3mlgmg64bs22f,bafyreidbud6xtnr5avc4fvic3qvxk33e24hckea6hu4mv4d3yy6b6t56wi,opheodrys.bsky.social,Opheodrys,"THIS. Americans are extremely poorly educated, and we're seeing the ultimate price of their ignorance now. #cdnpoli #uspoli #trump",,,,0,1,1,0,2026-05-09T15:59:13Z,NA,NA,at://did:plc:ohgy2fg7tx37he7nxvtf6c73/app.bsky.feed.post/3mlgjfoyvis25,,,,,
at://did:plc:ig6dnt4tqgg7iwwtywx3bkvd/app.bsky.feed.post/3mlgmbs2ygc2f,bafyreic7443xxleok6f3cxpx5dlu5yt67bll42qxmo4pcojyjzb72gu6wy,robduncan.bsky.social,Rob Duncan,#25thAmendment #USPOL #USA #us #uspoli #poli #politics #cdnpoli #canada #MeidasMighty #america #history #RemoveTrump #DonaldTrump #Trump #TRUMP #FuckTrump #fuckmaga #antifa #AntiTrump #AntiMAGA #tuckfrump #fascistfelon #stopthecoup #FightOligarchy #antibillionaire #DefundBillionaires #TrumPedo,,,,0,7,17,0,2026-05-09T15:56:48Z,NA,NA,NA,,,,,
at://did:plc:ig6dnt4tqgg7iwwtywx3bkvd/app.bsky.feed.post/3mlgm6szuyk2f,bafyreibh5raa6duejdtkchtegpbujsriw2akxk3sur4w6crzo6fwd7xu3y,robduncan.bsky.social,Rob Duncan,#auspol #USPOL #USA #us #uspoli #poli #politics #cdnpoli #canada #MeidasMighty #america #communityovercapitalizm #history #Ethics #SocialJustice #LongerTables #DemocraticSocialist #Ecosocialism #Socialist #socialism #LeftIsBest #ClassConsciousness #FalseConsciousness #abolishcapitalism #HumanRights,,,,1,6,23,0,2026-05-09T15:55:08Z,NA,NA,NA,,,,,
at://did:plc:rsvzkqxa2xdojwmjljqzs4ik/app.bsky.feed.post/3mlgm6pgxb224,bafyreics3qthnmrpwu7etn5aqd5tleptpu2ko72vxu43mmfs5wzddtcazy,thebreakdownab.bsky.social,The Breakdown AB,"“The head of Canada's intelligence agency says Alberta's potential secession vote is susceptible to disinformation and foreign interference from players like Russia.”

#abpoli #ableg #cdnpoli 

www.cbc.ca/news/politic...",,,,21,100,187,13,2026-05-09T15:55:05Z,NA,NA,NA,,,,,
at://did:plc:ig6dnt4tqgg7iwwtywx3bkvd/app.bsky.feed.post/3mlgm4l23cs2f,bafyreic6ovfd2nirkpr3dgvd5ifhfgwplfsjemb2qw3m7aiwclugbyhyvu,robduncan.bsky.social,Rob Duncan,#ClimateEmergency #Renewables #auspol #USPOL #USA #us #uspoli #poli #politics #cdnpoli #canada #MeidasMighty #america  #Ethics #ClimateJustice #bcpoli #abpoli #Klimapolitik #ClimateActionNow #ClimateChange #Climate #Ecosocialism #environment #Nature #BCClimateAction #capitalism #FalseConsciousness,,,,0,0,5,0,2026-05-09T15:53:53Z,NA,NA,NA,,,,,
at://did:plc:z6mtty553vjcwqwwkjzbwpaa/app.bsky.feed.post/3mlgm4g3ack2j,bafyreibab2rrxibleerbkcap27rh5rgwnqqzczh2as234dulsupa5kcfya,teasready.bsky.social,tea’s ready 🏳️‍⚧️🏳️‍🌈 🇨🇦,Gotta say I hate it. I’m a progressive Albertan with queer & trans kids. Born & raised here & never voted conservative. I’ve been writing & protesting for YEARS. I wish every Canadian who has time to laugh at the dumb Albertan stereotype would use it to actually help us instead. #abpoli #cdnpoli,,,,2,0,0,0,2026-05-09T15:53:46Z,at://did:plc:eaeuyrvdlqvjgznelgcdimct/app.bsky.feed.post/3mlgjhoq3fs2n,at://did:plc:eaeuyrvdlqvjgznelgcdimct/app.bsky.feed.post/3mlgjhoq3fs2n,NA,,,,,
at://did:plc:ig6dnt4tqgg7iwwtywx3bkvd/app.bsky.feed.post/3mlgm3trcck2f,bafyreifti25vaoraozfn7ggn2ro762iw5xwafx3mwue6bflfw4ibg3ipdu,robduncan.bsky.social,Rob Duncan,#ClimateEmergency #Renewables #auspol #USPOL #USA #us #uspoli #poli #politics #cdnpoli #canada #MeidasMighty #america  #Ethics #ClimateJustice #bcpoli #abpoli #Klimapolitik #ClimateActionNow #ClimateChange #Climate #Ecosocialism #environment #Nature #BCClimateAction #capitalism #FalseConsciousness,,,,1,3,14,0,2026-05-09T15:53:28Z,NA,NA,NA,,,,,
at://did:plc:r2qm5vzmsns46l4n6e6rjh2a/app.bsky.feed.post/3mlgm3bhk6226,bafyreigtlwe4uvtis66eca6x2mpxysruykqgjox77fc5y7sj72gnr46s7i,brucedc77.bsky.social,Bruce D. Cowherd   🇨🇦,"#cdnpoli #Canada 🇨🇦 #CanadaSky 
#usapoli #USA 🇺🇲

#ElbowsUpCanada 
#HandsOff",,,,0,2,9,0,2026-05-09T15:53:09Z,NA,NA,at://did:plc:4lx6nur5wstwoc4wtgj56kyu/app.bsky.feed.post/3mlgfayj4d22t,,,,,
at://did:plc:qlz3674kjt2ht3mzvrqfenxk/app.bsky.feed.post/3mlgm3b2kcmv2,bafyreid7lx75h45brrdjswylgia5mj3563uoyvu6x6dyj4u3spd2rj5som,evdelen.mstdn.ca.ap.brid.gy,Ev Delen,"Given how much #DougFord has been paralleling the #Trump playbook - Corruption, Gutting of Access to Information, Elimination of inconvenient laws, Establishing lawless ""economic"" zones, billion dollar vanity projects - and given the ongoing 2026 Census, how much do you want to bet he'll try to […]",,,,0,0,0,0,2026-05-09T15:53:09Z,NA,NA,NA,,,,,
at://did:plc:ig6dnt4tqgg7iwwtywx3bkvd/app.bsky.feed.post/3mlgm27gy6k2f,bafyreiehzxv47ozscvel4j33weppx5huvrcj6q7zdm3yyo5nyad6iuft7q,robduncan.bsky.social,Rob Duncan,#pedopresident #Pedogarchy #Pedophocracy #25thAmendment #TraitorTrump #USPOL #USA #us #uspoli #poli #politics #cdnpoli #canada #auspol #MeidasMighty #america #history #RemoveTrump #DonaldTrump #Trump #TRUMP #FuckTrump #antifa #AntiTrump #fascistfelon #FightOligarchy #DefundBillionaires #TrumPedo,,,,0,4,12,0,2026-05-09T15:52:33Z,NA,NA,NA,,,,,
at://did:plc:5rwvsxtue7vrswdrjr2jfxx6/app.bsky.feed.post/3mlglzabcfk2u,bafyreihzjprsqyyevxtohg5pczft63nedbybtthawj6ua3ihcbaewz4jry,opheodrys.bsky.social,Opheodrys,"Obscene. The Houston govt will be the death of this province yet--and there's no end in sight. Elections have consequences, people. Maybe next time the peeps of NS will be a little more discerning. We already experience water bankruptcy, but, of course, no mention of that here. #cdnpoli #novascotia",,,,0,0,4,1,2026-05-09T15:52:01Z,NA,NA,NA,,,,,
at://did:plc:istu2catmtwuynu7jlh6buzl/app.bsky.feed.post/3mlglxhgsyk2n,bafyreiasuzfrxzuy6pj3oklznye2iajjo6bmxh2mkc3kac2zq3d5zzqckm,elcanaco.bsky.social,elcanaco.bsky.social,"What are we even doing?

@mark-carney.bsky.social
@avilewis.ca

#cdnpoli",,,,0,3,5,0,2026-05-09T15:51:00Z,NA,NA,at://did:plc:owyl5siz6ibqxwxls4szerlx/app.bsky.feed.post/3mlfbti4erk26,,,,,
at://did:plc:ig6dnt4tqgg7iwwtywx3bkvd/app.bsky.feed.post/3mlglwxjh6s2f,bafyreigjmfpspkkmz3ohfnjhxlqbhatgjiypsi7cvv3trgnh574awjqofu,robduncan.bsky.social,Rob Duncan,"Capitalism has always been a scheme promoting upward redistribution of wealth.

#auspol #USPOL #USA #uspoli #poli #politics #cdnpoli #MeidasMighty #history #anticapitalist #capitalismkills #killCapitalism #capitalism #abolishcapitalism #SocialJustice #ethics #ClassConsciousness #FalseConsciousness",,,,0,1,10,0,2026-05-09T15:50:46Z,NA,NA,NA,,,,,
at://did:plc:ig6dnt4tqgg7iwwtywx3bkvd/app.bsky.feed.post/3mlglrsfdfc2f,bafyreibqygb2wd5zofohry33i33folm7o676ygs5v7timp2avsbalyktla,robduncan.bsky.social,Rob Duncan,#pedopresident #Pedogarchy #Pedophocracy #25thAmendment #TraitorTrump #USPOL #USA #us #uspoli #poli #politics #cdnpoli #canada #auspol #MeidasMighty #america #history #RemoveTrump #DonaldTrump #Trump #TRUMP #FuckTrump #antifa #AntiTrump #fascistfelon #FightOligarchy #DefundBillionaires #TrumPedo,,,,0,0,0,0,2026-05-09T15:47:51Z,NA,NA,NA,,,,,
at://did:plc:ig6dnt4tqgg7iwwtywx3bkvd/app.bsky.feed.post/3mlglq7glsc2f,bafyreicj4k3h2rvlq7ftaajon3sund55abnmnd3gqny4l3uazorvecripy,robduncan.bsky.social,Rob Duncan,#auspol #USPOL #USA #us #uspoli #poli #politics #cdnpoli #canada #MeidasMighty #communityovercapitalizm #america #history #anticapitalism #anticapitalist #capitalismkills #killCapitalism #capitalism #abolishcapitalism #fuckcapitalism #SocialJustice #ethics #ClassConsciousness #FalseConsciousness,,,,0,0,0,0,2026-05-09T15:46:59Z,NA,NA,NA,,,,,
at://did:plc:ig6dnt4tqgg7iwwtywx3bkvd/app.bsky.feed.post/3mlglpd4qik2f,bafyreihrt4szv3odqlf6mn2liog7qony4xe2dycontxfmirrvnigk5wcau,robduncan.bsky.social,Rob Duncan,#auspol #USPOL #USA #us #uspoli #poli #politics #cdnpoli #canada #MeidasMighty #communityovercapitalizm #america #history #anticapitalism #anticapitalist #capitalismkills #killCapitalism #capitalism #abolishcapitalism #fuckcapitalism #SocialJustice #ethics #ClassConsciousness #FalseConsciousness,,,,0,2,4,0,2026-05-09T15:46:28Z,NA,NA,NA,,,,,
at://did:plc:6qxvqe6ijxk3ppfvzixsqb3d/app.bsky.feed.post/3mlgl3ca72k2b,bafyreibl63wbmoyz6sfnjhmntfuborydvrq5xzd2xnhvcmlx3zamgvbbrm,eviiec.bsky.social,🇨🇦Evie C🇨🇦,"This week's OShow.

Our country is under assault by the US and Russia, but how many people realize what's happening? 

#CdnPoli

youtu.be/e0m7WQjS1Gk?...",,,,0,2,3,0,2026-05-09T15:35:15Z,NA,NA,NA,,,,,
at://did:plc:gqnkli3xz7deiqfrbjx3lzho/app.bsky.feed.post/3mlgkywxfys2q,bafyreidk55n6dqrejokyeyacxyykqrjfz3pywzm7w7ro564agdmw6cedgm,benwest.bsky.social,Ben West 🦋,"Bill c-8 is a freaking nightmare. 

www.nationalobserver.com/2026/04/16/o...

#cdnpoli #privacy",,,,0,0,1,0,2026-05-09T15:34:00Z,NA,NA,NA,,,,,
at://did:plc:istu2catmtwuynu7jlh6buzl/app.bsky.feed.post/3mlgkyubiy22n,bafyreied2nomywf6l3kwi7us5h7iypep3tasuevttvk7pw6jpka5zs63zq,elcanaco.bsky.social,elcanaco.bsky.social,"A next step would be stopping all use of US services (Microsoft, Google, Apple, Amazon, Netflix, etc). The EU has started this.

Canadians have not been good at boycotting these companies. And they have more influence with the Trump regime than Campbell's Soup does.

#cdnpoli",,,,0,0,0,0,2026-05-09T15:33:53Z,at://did:plc:mj74pnbpfyirbsrl67ueokwe/app.bsky.feed.post/3mlgjve3nsk2o,at://did:plc:mj74pnbpfyirbsrl67ueokwe/app.bsky.feed.post/3mlgjve3nsk2o,NA,,,,,
at://did:plc:4jhds6khpgmfkova5vetcm5h/app.bsky.feed.post/3mlgkxyqni22g,bafyreid43wly4hvd4zsixrssuajm7iokb7mm2z6zrcwknlijcwegdp74zq,drunkondespair.bsky.social,NA,"#Torture and #sadism another #MarkCarney shared value. #cdnpoli

t.me/MiddleEastEy...",,,,0,0,0,0,2026-05-09T15:33:25Z,NA,NA,NA,,,,,
at://did:plc:xfxzsqkyjwafy7x4lb5msd2y/app.bsky.feed.post/3mlgkxsa2oc2j,bafyreigmzpg7rlt7tbtk4ssf7noldn2f2wlfvg3vp5mdegzgijk35ultwi,mythicaldragoness.bsky.social,MythicalDragoness 🇨🇦,"The Easiest Method of installing an authoritarian government is

Convince Citizens their vote is meaningless

#Cdnpoli #Canada  #Politics",,,,2,3,3,0,2026-05-09T15:33:18Z,NA,NA,NA,,,,,
at://did:plc:abt5tpb7lqr7vopkrkwfswwq/app.bsky.feed.post/3mlgkug7q4c2b,bafyreiakra5s6e2kg3d72277szihxga2nc5chtk6mhtushls7ihcjkd32a,canadareport.org,Canada Report,"Qui s’est enrichi (ou pas) depuis la pandémie ?

Canada’s fastest news scan: 25+ headlines, no clutter, updated all day: CanadaReport.org

#cdnpoli #Canada #News 
Read Original Article 🔗",,,,0,0,0,0,2026-05-09T15:31:24Z,NA,NA,NA,,,,,
at://did:plc:pedpziwws5vkocuq76mokn7c/app.bsky.feed.post/3mlgkq72ums2g,bafyreich4723rt2tnlejbmg4ogpszlh4oage6j4tvyjzg5ezvng54m5jve,deepgreendesign.bsky.social,Deep Green Design,"Rep Leigh Finke Is Fighting from the Inside

podcasts.apple.com/ca/podcast/t...

#LGBT #Trans #HumanRights #VoteBlue #CdnPoli",,,,0,0,0,0,2026-05-09T15:29:04Z,NA,NA,NA,,,,,
at://did:plc:7ycfilosz2dmgcnqbh76jdol/app.bsky.feed.post/3mlgkmtkmqc2c,bafyreiey4nrenci5umnoz22cfc4lyvnzmt43drelbwosowazwvpvmcw2qi,coolxenu.bsky.social,Cool Xenu 8647,"The #USA is a shit hole fourth world country now. It's never coming back either.

Suckers.

#MAGA

#cdnpoli",,,,0,0,0,0,2026-05-09T15:27:09Z,NA,NA,at://did:plc:ov6zd7risdplxvivxmpsu5eu/app.bsky.feed.post/3mlg64m7ut22t,,,,,
at://did:plc:7ycfilosz2dmgcnqbh76jdol/app.bsky.feed.post/3mlgkj5bgr22c,bafyreietsztgw6lzny5jjxml77jxajnsxsvfukark7mgv3ozoqctibaowi,coolxenu.bsky.social,Cool Xenu 8647,"Tisa is you, #USA citizens. All of this is on you.

#MAGA

#cdnpoli",,,,0,0,0,0,2026-05-09T15:25:05Z,NA,NA,at://did:plc:udnac33pmf2iwcblpeai5a5p/app.bsky.feed.post/3mlgdvtcnqc2q,,,,,
at://did:plc:7ycfilosz2dmgcnqbh76jdol/app.bsky.feed.post/3mlgkfigvx22c,bafyreie5fxri6plhtyjwnn2imx2uihhwzrq5674f7nev4h37qzqyywtbqe,coolxenu.bsky.social,Cool Xenu 8647,"Don't forget about the #UCP corrupt care scandal that's heating up.

#ableg #cdnpoli 

www.albertandp.ca/CorruptCare

albertapolitics.ca/2026/05/hors...",,,,0,2,5,0,2026-05-09T15:23:04Z,NA,NA,NA,,,,,
at://did:plc:ralxrfpmgdxc7hmnvujfzjqy/app.bsky.feed.post/3mlgkbxmuhk2t,bafyreib23s6qc22p43grggf6bwss4eo7rq7cnz6s6eech6rwlbidemxlsi,turnbullwhitby.bsky.social,MP Ryan Turnbull 🇨🇦🇺🇦,"Welcome back for our latest Turnbull Take! It’s been a fast-moving week on affordability, safety, and the economy. Here’s a quick rundown of what we’ve been working on for Canadians.

 #Cdnpoli #Affordability #PublicSafety #EconomicGrowth",,,,0,4,11,0,2026-05-09T15:21:06Z,NA,NA,NA,,,,,
at://did:plc:ed63zp3ko7gvx6cfpxko45mo/app.bsky.feed.post/3mlgk3egey22y,bafyreicffvf43y2x2ts77xsvedgj7snmkwtyqlm6tbhsl3lfydqfuu3iqa,heathermoandco.bsky.social,Heather e^-1/x^2,Smith is a treacherous snake. #DanielleSmithIsATraitor #cdnpoli #ableg,,,,1,2,19,0,2026-05-09T15:17:26Z,at://did:plc:o7qyrfiycjch6jzm6h2y5huy/app.bsky.feed.post/3mlgjo7sj5s2d,at://did:plc:xpgujbkkrjevueb53vpgnetz/app.bsky.feed.post/3mlgeo6vfn227,NA,,,,,
at://did:plc:ztg7s6zljk4yy3vj3az4vc4k/app.bsky.feed.post/3mlgjyntc6c2p,bafyreiggpksk4oc7xu2zbqdaqszuap2tf755anwfaofmiff4u725vxxny4,earthangel777.bsky.social,EarthAngel777,"When government wants u to depend on them 4 power they bring in anti-human&anti-prosperous agendas like ones that Carney is following via nwo WEF Agenda 2030 that makes you so poor + censorship laws=you speak out against him or his govt no more socialism 4 u! #cdnpoli

www.ctvnews.ca/kitchener/ar...",,,,0,0,0,0,2026-05-09T15:15:55Z,NA,NA,NA,,,,,
at://did:plc:soobmfokzliujlacnrbtfibo/app.bsky.feed.post/3mlgjw3i7vs2s,bafyreihrqkw2doepbdkyxtclnrfnpdi7tj6zyas55b3ba3ivjjyxrb44wq,irmacdonald.bsky.social,Ian RSW,"So let me get this straight, the western alienation folks are refusing to fill out the census while at the same time saying their views aren't represented...duh!
#census #westernalienation #cdnpoli",,,,0,0,0,0,2026-05-09T15:14:26Z,at://did:plc:4ownlsrdmnvwgzmcdi2bof6s/app.bsky.feed.post/3mldm4yq6x22o,at://did:plc:4ownlsrdmnvwgzmcdi2bof6s/app.bsky.feed.post/3mldm4yq6x22o,NA,,,,,
at://did:plc:eaeuyrvdlqvjgznelgcdimct/app.bsky.feed.post/3mlgjtw6utc2n,bafyreif7ld4kxcgv3tx6aggzl5vvhcvx6zofuq2n5mgw6f7uoetzfm5pfq,madhat59kenwood.bsky.social,Ken Wood part owner of 🇨🇦,#cdnpoli 👇,,,,0,5,6,0,2026-05-09T15:13:13Z,NA,NA,at://did:plc:bp5kno4adtgnl4fgxsaaii5o/app.bsky.feed.post/3mlgi66tol22a,,,,,
at://did:plc:eaeuyrvdlqvjgznelgcdimct/app.bsky.feed.post/3mlgjjb26ts2n,bafyreigg5jhp3pdqaektnltkwl2jozo2sst6xpts34fe7ffhkqqruoasky,madhat59kenwood.bsky.social,Ken Wood part owner of 🇨🇦,👍 #cdnpoli,,,,0,0,2,0,2026-05-09T15:07:16Z,NA,NA,at://did:plc:ibj4owvpaaj2ny26scdsu75s/app.bsky.feed.post/3mlgj3os7x22m,,,,,
at://did:plc:eaeuyrvdlqvjgznelgcdimct/app.bsky.feed.post/3mlgjhoq3fs2n,bafyreiamxwxylynvccbplqn6iwgcgnkxtmfx4z3r6w6px2gw23ky4kjhwu,madhat59kenwood.bsky.social,Ken Wood part owner of 🇨🇦,Love this one. It speaks to those disgruntled Albertans #abpoli #cdnpoli,,,,1,1,6,0,2026-05-09T15:06:23Z,NA,NA,at://did:plc:6qxvqe6ijxk3ppfvzixsqb3d/app.bsky.feed.post/3mlghxok3qk2r,,,,,
at://did:plc:7ycfilosz2dmgcnqbh76jdol/app.bsky.feed.post/3mlgjcu2wec24,bafyreiak5fmp3xxrzrw6mbej4brxtiwgzyvfnrvmzzmeicfdetxeiabbum,coolxenu.bsky.social,Cool Xenu 8647,"Parker is counting on his American funders to save him from being accountable for his criminal actions.

#ableg #cdnpoli",,,,0,0,1,0,2026-05-09T15:03:41Z,at://did:plc:32wjpxshhvo6l333lemposfy/app.bsky.feed.post/3mlel6a6kvk2w,at://did:plc:4euncr44a5aflpbcbjhvjvdo/app.bsky.feed.post/3mlc4t4vmjk24,NA,,,,,
at://did:plc:abt5tpb7lqr7vopkrkwfswwq/app.bsky.feed.post/3mlgj6xfe3d22,bafyreidh2evjblh6t67semyo7rphiihaixddctzdl2jr3x4kajmd7wadki,canadareport.org,Canada Report,"Charting the Global Economy: US Job Growth Exceeds Projections

Canada’s fastest news scan: 25+ headlines, no clutter, updated all day: CanadaReport.org

#cdnpoli #Canada #News #Business #Economy 
Read Original Article 🔗",,,,0,0,0,0,2026-05-09T15:01:30Z,NA,NA,NA,,,,,
at://did:plc:l2ycnbx3yrvz4tgyhey3lztg/app.bsky.feed.post/3mlgj4djcyi2i,bafyreiep5ne6rat5f2fycv6q4ykiqycsijmspw55aetwvw5w5pk5oosvmm,blakehamiltonca.bsky.social,Blake Hamilton,"First-Past-The-Post Fail League❗️
Canada Federal Edition 🇨🇦🗳️!

Today’s champion:

Eric Lefebvre
MP for Richmond—Arthabaska

Won with only 35.5% of total voter ballots cast

Multi-Member #ProportionalRepresentation please! Like and share if you agree!￼
#cdnpoli #ElectoralReform #MakeVotesMatter",,,,0,0,0,0,2026-05-09T15:00:05Z,NA,NA,NA,,,,,
at://did:plc:67mpqdmuvarollmm2lqcz6ac/app.bsky.feed.post/3mlgj3svg6s2b,bafyreif2bpnpjckcygwrw2ndjpxm2dw33uujvg2bmkrxer7txjplbpshzi,coldcollective.bsky.social,4restKC,"Happy victory day to the nation that is only where it is today, because of American cruelty & cowardice.

#cdnpoli",,,,0,0,0,0,2026-05-09T14:59:45Z,NA,NA,NA,,,,,
at://did:plc:xfxzsqkyjwafy7x4lb5msd2y/app.bsky.feed.post/3mlgj2ndr2s2j,bafyreicgbuhdalqewcdqbuviubh43xlxc5kytl5jqolfqrpbmilot6yffu,mythicaldragoness.bsky.social,MythicalDragoness 🇨🇦,"                                          🤔💭

The quickest way to stop thinking is join a political party 

                             🌟              ⚡

#Politics #Cdnpoli",,,,0,0,1,0,2026-05-09T14:59:07Z,NA,NA,NA,,,,,
at://did:plc:aluhvhowyayoyhqeu2hxinwh/app.bsky.feed.post/3mlgj2l7y4k2r,bafyreicdy7pntgegqrcjktkutaqvp3v4um26zz27uunj2e3l7vjfmf7r7y,stephenlautens.bsky.social,Stephen Lautens,"From meanwhileincanada.bsky.social (posted on FB): ""A new report commissioned by the Alberta Federation of Labour... 29% of Albertans now rank as ""highly disinformed""— nearly DOUBLE the national average. No other province even comes close."" #cdnpoli",,,,3,17,26,4,2026-05-09T14:59:06Z,NA,NA,NA,,,,,
at://did:plc:majxafjmrfxo2alvf3mciycm/app.bsky.feed.post/3mlgivj4e7k2l,bafyreidwmdbs4huqm33huweoz2lsqgog33ugklrbdgn3hgsrnwym7mcmtm,genxer22.bsky.social,Vic GenXer,"Canada Public debt charges projected to be $58.7 billion in 2026–27, or 1.7% of GDP, rising to 2.1% by 2030–31. In dollar terms, debt service hits about $80 billion by the end of the decade. 
As a share of GDP, though, it’s higher than 2015 but = 2007!
#cdnpoli",,,,0,0,1,0,2026-05-09T14:56:13Z,NA,NA,at://did:plc:4xqt7t2zph634drigtdxdmro/app.bsky.feed.post/3mlfaar2yok2c,,,,,
at://did:plc:7ycfilosz2dmgcnqbh76jdol/app.bsky.feed.post/3mlgiu4ssv224,bafyreicgjf3gli6cogcfves2rgsq7fjvprcbodlqsl6rcbd66nub4itwcy,coolxenu.bsky.social,Cool Xenu 8647,"#USA citizens do not realize that their world pariah-hood will never go away now.

#cdnpoli",,,,0,2,3,0,2026-05-09T14:55:26Z,NA,NA,at://did:plc:5ieb6d6qlue3xzonvrtolyhw/app.bsky.feed.post/3mlexdnjot22f,,,,,
at://did:plc:oprhya4c3rd3prfyypchbd2l/app.bsky.feed.post/3mlgim3dkn22u,bafyreiecaymzhteojzkypzu5rkp5wlkxxmv2aelcrfyrchwhf6nrtqe6iy,ruthmkb.bsky.social,ruthko,"Therme said they had a partnership with Aecon & won the ON Place Spa contract, that partnership does NOT exist. 

ONPC should cancel the contract with such a shady company! Ontarians are on the hook for ~$2 BILLIONS, & a 95 yrs lease! #FordIsCorrupt #onpoli #cdnpoli 
www.thestar.com/business/ass...",,,,1,7,11,0,2026-05-09T14:50:58Z,NA,NA,NA,,,,,
at://did:plc:7ycfilosz2dmgcnqbh76jdol/app.bsky.feed.post/3mlgi7aucj224,bafyreib2ygyesuiw5j42kp627of3s3yrmqegzsl65voq2i4l4wxwx4pmim,coolxenu.bsky.social,Cool Xenu 8647,"#Israel's ruling #Zionist terrorists are tired of killing all those innocent Gazan children for sport.

Murdering defenseless children takes a lot out of all those strong alpha male soldiers like those #IsraeliDefenceForce  members.

#FromTheRiverTopTheSea

#cdnpoli",,,,0,0,0,0,2026-05-09T14:43:46Z,NA,NA,at://did:plc:pcqzb7h2f5f3hyxvjuphjvdm/app.bsky.feed.post/3mlfhaynvtg24,,,,,
at://did:plc:abt5tpb7lqr7vopkrkwfswwq/app.bsky.feed.post/3mlghjbau7u2j,bafyreiedy5y4zpgjphgxq2g32uyowm7t6gnbwuhbcplihr4oy6dlzioghe,canadareport.org,Canada Report,"Référendum | En Alberta, une répétition générale

Canada’s fastest news scan: 25+ headlines, no clutter, updated all day: CanadaReport.org

#cdnpoli #Canada #News #abpoli 
Read Original Article 🔗",,,,0,0,0,0,2026-05-09T14:31:28Z,NA,NA,NA,,,,,
at://did:plc:jw3ocg24thye7i5sjjhia62e/app.bsky.feed.post/3mlghadau4c22,bafyreiez3gn3c3kn5fh3m54e4gdkdhpb2gwqatprfjnpwkaedzuckkfziu,markhamhislop.bsky.social,Markham Hislop,"Why Canadians Should Worry About Trump’s Attack on Golden State Wind

Govt institutions should be boring, predictable, not subject to one politician's whim or ideology.

We're looking at you Danielle Smith.
#ableg #abpoli #cdnpoli 
markhamhislop.substack.com/p/why-canadi...",,,,0,22,42,3,2026-05-09T14:26:30Z,NA,NA,NA,,,,,
at://did:plc:bfypaxsdpfcj4i2t5qkeu3eh/app.bsky.feed.post/3mlgh3vqgwk26,bafyreienyrsajwgkzjcuwiqia2xadc3zsmnwmev7ydtmvrxvr2zliokfq4,conorcurtis.bsky.social,Conor Curtis,"Here's what happens when you attempt to appease Alberta separatists by destroying Federal environ. policy:

They learn separatism works to get what they want which then makes separatists bolder.

Pictured below: person stoking Alberta separatism claims we just need to appease it a bit more. #CDNpoli",,,,4,28,47,3,2026-05-09T14:24:03Z,NA,NA,NA,,,,,
at://did:plc:pkysaub2s5bbnvszblg7o4js/app.bsky.feed.post/3mlggze2clk2d,bafyreigb5fte3wjdhf6xehxaxhbavyf7wbklx2qyrqlopa5g7ch3ie2s6u,gregmcleanyyc.bsky.social,Greg McLean,"2/2: Ms. Cotler-Wunsh was born in Israel, grew up in Canada, and has LLM from McGill. Her father Irwin Cotler was Canada’s antisemitism envoy & former Min of Justice. She had good advice on the inherent connection between online hate & real-world violence.

#calgarycentre #yyc #cdnpoli #antisemitism",,,,0,0,1,0,2026-05-09T14:22:35Z,at://did:plc:pkysaub2s5bbnvszblg7o4js/app.bsky.feed.post/3mlggz7hs4c2d,at://did:plc:pkysaub2s5bbnvszblg7o4js/app.bsky.feed.post/3mlggz7hs4c2d,NA,,,,,
at://did:plc:7ycfilosz2dmgcnqbh76jdol/app.bsky.feed.post/3mlggozanes24,bafyreifn7xmtykkwsn5muh6pam6ludhcqpdyxwt5yhdrbmstva5omx2dgm,coolxenu.bsky.social,Cool Xenu 8647,"Why won't somebody think of all those poor billionaires?

#USA #MAGA

#cdnpoli",,,,0,0,0,0,2026-05-09T14:16:48Z,at://did:plc:y4zs4cabaezzwx3bz2e5nnj2/app.bsky.feed.post/3mlfm4uzfdx23,at://did:plc:y4zs4cabaezzwx3bz2e5nnj2/app.bsky.feed.post/3mlfm4uzfdx23,NA,,,,,
at://did:plc:7ycfilosz2dmgcnqbh76jdol/app.bsky.feed.post/3mlggnhjmc224,bafyreigj2nvvkqmr75vwnjm4frgvfkp5m4kxl4fyrbfsolksduu6maqubi,coolxenu.bsky.social,Cool Xenu 8647,"Every #MAGA is a crook.

#USA

#cdnpoli",,,,0,0,2,0,2026-05-09T14:15:56Z,NA,NA,at://did:plc:wcl5xm7mqdy2zmz2ktapgn7w/app.bsky.feed.post/3mlesuzgk422n,,,,,
at://did:plc:jeuzjfwsgn62xfoe7qo4jul5/app.bsky.feed.post/3mlggm447e22x,bafyreifb6o7culz7p7p6k2sukjvglbhn5etirmazwf3krtfeds5xdv3cum,bigclimate.bsky.social,Bentley ****TALK CLIMATE****,""" #WorseThanHarper."" 

Let that soak in.

#MarkCarney #cdnpoli #EnergyTransition www.thestar.com/politics/pol...",,,,1,9,13,0,2026-05-09T14:15:16Z,NA,NA,NA,,,,,
at://did:plc:jeuzjfwsgn62xfoe7qo4jul5/app.bsky.feed.post/3mlggho3knc2x,bafyreigolrp7zqd2vk4i7g6wltaxzx6sz4adbyu52tm2t3vgaonqeofdc4,bigclimate.bsky.social,Bentley ****TALK CLIMATE****,Don't ask me to cheer for this. It's monstrous. It's backwards. It's straight up EVIL if you understand #ClimateChange even slightly. #RESIST #cdnpoli #MarkCarney,,,,1,7,21,0,2026-05-09T14:12:41Z,NA,NA,at://did:plc:y3xrmnwvkvsq4tqcsgwch4na/app.bsky.feed.post/3mlec7kfxrt2a,,,,,
at://did:plc:prhg7e4i6rmbpzhxgb4vdc36/app.bsky.feed.post/3mlgggm25cs2s,bafyreibbtaswrhx5p26llvchqq3r2qvtmw2cu7aovbsgu3ktiu7kbmihoq,solarab.bsky.social,Tom Moffatt,"I went home to the heartland of Alberta independence. Even after covering Donald Trump for 10 years, I was still terrified by what I found #cdnpoli   www.thestar.com/opinion/star...",,,,0,5,7,1,2026-05-09T14:12:08Z,NA,NA,NA,,,,,
at://did:plc:jeuzjfwsgn62xfoe7qo4jul5/app.bsky.feed.post/3mlggecsdec2x,bafyreic73qdp2uy37hcfvyadpxjzspqzfz6gpmpegfx6f5vzevpjskhqpy,bigclimate.bsky.social,Bentley ****TALK CLIMATE****,When will Canada show leadership on this emerging technology instead of just more backwards #BigOil world burning? #cdnpoli #MarkCarney #ClimateChange #EnergyTransition,,,,2,11,12,0,2026-05-09T14:10:48Z,NA,NA,at://did:plc:e5fcw4r2w7ngevzakcah344p/app.bsky.feed.post/3mldwj7rtvk2s,,,,,
at://did:plc:eq63l3uypeniroiizhq2jkdq/app.bsky.feed.post/3mlggco6hl224,bafyreia34kqtk7jivzbrdb5xaomdh4o7hs7dsohquqtn5congzk5j2txby,lynnerdutton.bsky.social,Lynne Dutton,"A worthwhile read when you seek to understand budgets, economics, and political maneuvering #ABpoli #CDNpoli
deadfortaxreasons.wordpress.com/2026/05/08/s...",,,,0,1,1,0,2026-05-09T14:09:54Z,NA,NA,NA,,,,,
at://did:plc:7ycfilosz2dmgcnqbh76jdol/app.bsky.feed.post/3mlggbkbwnc24,bafyreic74t7sggqs5gpci6wemeagdemntfodayiu35su6uxmatta7hfpoe,coolxenu.bsky.social,Cool Xenu 8647,"#Israel's ruling #Zionist terrorists are wearing out their faux religion card as more and more sane people see the undisputed heinous war crimes being committed in the name of Israel's citizens.

#Bibi has become the little boy who cried antisemitisim.

#FromTheRiverToTheSea

#cdnpoli",,,,0,1,1,0,2026-05-09T14:09:16Z,NA,NA,at://did:plc:7m6olqbqf6upax5hjwfldyvd/app.bsky.feed.post/3mlfkvrythc2d,,,,,
at://did:plc:jeuzjfwsgn62xfoe7qo4jul5/app.bsky.feed.post/3mlggbfirbk2x,bafyreie4qyrao5c6sudyxy5bjacghcdtjzj5wkpk65xwmqfptlgpwa6tlq,bigclimate.bsky.social,Bentley ****TALK CLIMATE****,When's the last time #MarkCarney said the word #Solar out loud? Because every second day we're hearing more about pipelines and #BigOil giveaways. That's how you LOSE an #EnergyTransition (but the already rich will make out just fine as they always have) #cdnpoli #ClimateChange,,,,0,15,24,2,2026-05-09T14:09:12Z,NA,NA,at://did:plc:twjze4qqf6fgxz33ct52wlnl/app.bsky.feed.post/3mlefzr2z4k2u,,,,,
at://did:plc:abt5tpb7lqr7vopkrkwfswwq/app.bsky.feed.post/3mlgftgqhmd2p,bafyreigst5vobzzrrt53n5fpuj4e36uzv6tql424m74x6piah5azbszawa,canadareport.org,Canada Report,"Lagarde Says ECB Torn Between Risk of Acting Too Early, Too Late

Canada’s fastest news scan: 25+ headlines, no clutter, updated all day: CanadaReport.org

#cdnpoli #Canada #News #Business #Economy 
Read Original Article 🔗",,,,0,0,1,0,2026-05-09T14:01:22Z,NA,NA,NA,,,,,
at://did:plc:egl4mfr2njrr2br4vhya7yrf/app.bsky.feed.post/3mlgfsnaw6c2d,bafyreicqmh53pcd5e3jw73hd3g6k23qibvso25w42fbtv3nwynbkmmbe4y,judy-bug.bsky.social,judy 🇨🇦,"The IDU is an international organization of hard RW leaders who are infiltrating #conservative parties worldwide.  Global IDU Chairman Stephen Harper along with Canadian IDU Chairman #PierrePoilievre helped elect Trump, Netanyahu, Orban, Bolsonaro, Erdogan, etc.

#cdnpoli #canpoli #Canada #CanadaSky",,,,0,0,2,0,2026-05-09T14:00:58Z,at://did:plc:aq2ctzswkbyxo2rl24bjve3r/app.bsky.feed.post/3mleomvm2w225,at://did:plc:aq2ctzswkbyxo2rl24bjve3r/app.bsky.feed.post/3mleomvm2w225,NA,,,,,
at://did:plc:ymwhxwa3ordpuub3dzln3pbq/app.bsky.feed.post/3mlgfrk3u7s2z,bafyreic4t7ds3yr5krei6gwbrmp4uzndsda42vcnfnjnd5zzadqa5trzvi,uppityaf.bsky.social,🪶∞ Uppity𓂃✶,"@daniellesmithab.bsky.social, a foreign agent, states that there is no credible evidence of foreign agents influencing #Alberta politics. 😏

#DanielleSmithIsUnfitToLead #ableg #abpoli #cdnpoli",,,,2,5,8,1,2026-05-09T14:00:21Z,NA,NA,NA,,,,,
at://did:plc:axjokmihbylsg5jy7zjqtfna/app.bsky.feed.post/3mlgfjns3uk2g,bafyreidrgt2c4kakh5jx2mbrysalzhjbkvv6jlxenpn4bii3zoh6z5exbu,cbjalberta.bsky.social,CBJAlberta,"It is disgusting. The bad actors in #Canada clearly need to be held accountable. 

“The consequences of an act affect the probability of it occurring again.”

B F Skinner

#cdnpoli",,,,0,1,3,0,2026-05-09T13:55:54Z,NA,NA,at://did:plc:4uq2gk2b7nlmrbnvj262cmib/app.bsky.feed.post/3mlfzhwenr22s,,,,,
at://did:plc:6cerjaoqr7yf474hw3gdfekz/app.bsky.feed.post/3mlgf4jdmvk2w,bafyreihoxvwnv2rl4lpzn6xii6r7jz47aev3vhl2srx2obtgtgmr66s424,fatraccoon.bsky.social,FatRaccoon 🦝🎈,"Carbon capture is the new tobacco industry. Lies and deflection. We'll burn more fuel to power carbon capture (which doesn't work) instead of not emitting the carbon in the first place.

It's a ""feel good"" solution that does nothing.

 #cdnpoli",,,,0,3,3,0,2026-05-09T13:48:29Z,NA,NA,at://did:plc:m2jdc5qv7ptqvrb7ihzillzw/app.bsky.feed.post/3mleiy3ghx222,,,,,
at://did:plc:g4r3vlh47bsectdq6lxr7zmc/app.bsky.feed.post/3mlgf3hrfvk2i,bafyreihtluvbce6u3th65ownmcnnpvkqctrmp3t6zcff5v65vjktt7axky,canadianvic.bsky.social,Vicky,"Bad faith actors accused of amplifying Alberta separatist narratives to stoke division

A new report highlights the prevalence of foreign interference — especially from Russia and the U.S. — in the debate around Alberta separation...

youtu.be/AmBMj6CxSvM?...

#CdnPoli #Alberta #ForeignInterference",,,,0,4,7,1,2026-05-09T13:48:00Z,NA,NA,NA,,,,,
at://did:plc:egl4mfr2njrr2br4vhya7yrf/app.bsky.feed.post/3mlgf3eabrs2d,bafyreifr6oa43xdxklgn2jrsxebgt3fygl7w4bnht7skuqvxp4oexkr4oa,judy-bug.bsky.social,judy 🇨🇦,"""Both sides, Baby - fascism's best friend.""

Remember that Jason Kenney dismantled the investigative arm of Elections Alberta folks for investigating irregularities involving himself!  

Albertans need a #PublicInquiryNow

#cdnpoli #abpoli #ableg #UCP #Project2025 #Alberta #NeverVoteConservative",,,,0,0,1,0,2026-05-09T13:47:55Z,at://did:plc:htozz7cklgxvzxbzhfjm4djh/app.bsky.feed.post/3ml5z5mlcoc2o,at://did:plc:htozz7cklgxvzxbzhfjm4djh/app.bsky.feed.post/3ml5z5mlcoc2o,NA,,,,,
at://did:plc:7ycfilosz2dmgcnqbh76jdol/app.bsky.feed.post/3mlgf2op33s24,bafyreif2kv5b5fvtwd3euale5p5ld7s2cfleblceqbo7tpj3ml646hkqve,coolxenu.bsky.social,Cool Xenu 8647,"But not the billionaire entitlements Musk begs for at every opportunity.

The #USA is terminally sick and #MAGA will finish it off very soon.

#cdnpoli",,,,0,0,3,0,2026-05-09T13:47:32Z,at://did:plc:4ownlsrdmnvwgzmcdi2bof6s/app.bsky.feed.post/3mlfvoocm7k24,at://did:plc:4ownlsrdmnvwgzmcdi2bof6s/app.bsky.feed.post/3mlfvoocm7k24,NA,,,,,
at://did:plc:majxafjmrfxo2alvf3mciycm/app.bsky.feed.post/3mlgexlqnvk2l,bafyreidcjfruvfm7lah4o6llesqtm5ycqfknjjvgkctkkl5dpu6iy2imrm,genxer22.bsky.social,Vic GenXer,"$80B for the Canadian military. How about a one-time tax paid over 3 yrs?!?

 $80,000,000,000 / 28,000,000* = 

$2858 per Canadian Taxpayer* 
(yes Googled #)

ConCarney🖕🤬
 just take $ tax!😤

No healthcare Cuts!!
No govt service cuts. 

Give us a Sovereign Renewables Bond!!
#cdnpoli",,,,0,1,0,0,2026-05-09T13:45:48Z,at://did:plc:zkpgnrqqrcqa7ysw6lhzn6r5/app.bsky.feed.post/3mlfdwzaxjc2e,at://did:plc:zkpgnrqqrcqa7ysw6lhzn6r5/app.bsky.feed.post/3mlfdwzaxjc2e,NA,,,,,
at://did:plc:aluhvhowyayoyhqeu2hxinwh/app.bsky.feed.post/3mlger4536c2z,bafyreicep54f5btirvi7t7ri22u4kx37s5yn7qmpvm4amghubngxdwtldy,stephenlautens.bsky.social,Stephen Lautens,"C'mon people. Use your (non-threatening) words. We're Canadian, masters of biting sarcasm, subtle jabs and devastating wit. (gift article) ""Government documents reveal barrage of threats against Mark Carney"" www.thestar.com/gift-redeem?... #cdnpoli",,,,1,8,17,0,2026-05-09T13:42:10Z,NA,NA,NA,,,,,
at://did:plc:h3y7rhw6ao6nk5mmuskplxco/app.bsky.feed.post/3mlgehctpnk2b,bafyreidpo7gaspgfzzktl5zdclv4otu42ys7jd5pmlu4y7u7q4gt2kn3bq,brainiackim.bsky.social,Brainiac Kim 🇨🇦,"CRA is technically not part of the core public administration so it doesn't need to follow the 4 days in office mandate by the Treasury Board. Seriously, the LPC just randomly doing things without consultations ca.news.yahoo.com/more-third-c... #cdnpoli",,,,0,3,4,1,2026-05-09T13:36:42Z,NA,NA,NA,,,,,
at://did:plc:7ycfilosz2dmgcnqbh76jdol/app.bsky.feed.post/3mlgeakj2b224,bafyreib2wiv32ikf7lz7bj4r6pozkizopiq73sp56ca5an2okhrpvgrg6u,coolxenu.bsky.social,Cool Xenu 8647,"Same thing in #Edmonton, I watched as the #EdmontonPoliceService aided and abetted the anti-vaxx domestic terrorists as they assaulted citizens without consequence.

I was admonished by an EPS goon for a shirt with fuck on it while the fuck Trudeau flags rolled by.

#abelg #cdnpoli",,,,0,0,1,0,2026-05-09T13:32:55Z,at://did:plc:nsjz6ba36i5rq4bbfdpbrzfq/app.bsky.feed.post/3mlgdrxs6ak23,at://did:plc:mmgnqabq6g25osv63j36uncq/app.bsky.feed.post/3mlg3x6uqo22z,NA,,,,,
at://did:plc:abt5tpb7lqr7vopkrkwfswwq/app.bsky.feed.post/3mlge65vjud2j,bafyreicycxjvuct7y3yoqg4zkyhvrwwwxhadojpr65hp4csemm3wxzqub4,canadareport.org,Canada Report,"Le Pentagone dévoile des documents (peu concluants) sur les ovnis

Canada’s fastest news scan: 25+ headlines, no clutter, updated all day: CanadaReport.org

#cdnpoli #Canada #News 
Read Original Article 🔗",,,,0,0,0,0,2026-05-09T13:31:34Z,NA,NA,NA,,,,,
at://did:plc:el5u6pm6ml27lig7lym7e7q7/app.bsky.feed.post/3mlge4aajcc2r,bafyreib33ztullp4u4zngwrzffj6w6anb6rgrub32wxbfagtyygs3qsd4a,loryanne.bsky.social,Lory 🇨🇦,#cdnpoli #canadastrong,,,,0,0,5,0,2026-05-09T13:30:31Z,NA,NA,at://did:plc:kx375dszrbvqtu7o4xxxmojn/app.bsky.feed.post/3mlf2cazutk2o,,,,,
at://did:plc:7ycfilosz2dmgcnqbh76jdol/app.bsky.feed.post/3mlgdyt44hk24,bafyreidohsyfdqcbjssxo5dksrycl2oymahigoai6r7hy6776znx3n7l7a,coolxenu.bsky.social,Cool Xenu 8647,"Rural Albertans are always played by the alt-right MAGA crowd. It's such easy picking for the grifters.

Rural Albertans beg for a mommy to stick it to those nasty libs who make them cry so much.

#ableg #cdnpoli",,,,0,0,1,0,2026-05-09T13:28:35Z,at://did:plc:xfebqixzzbvolywma5rhuqgs/app.bsky.feed.post/3mlg56zssqs2g,at://did:plc:3l6h5tayy6vycige2igmorv4/app.bsky.feed.post/3mlfxqxky3k2x,NA,,,,,
at://did:plc:nl34p4zyo4pdam4qlefmltcc/app.bsky.feed.post/3mlgdxevg422j,bafyreibreb7lklbw2jwhfnbyvsia6227jbbxk3mf6q77rj77vbf2bxpf2m,jemotluk.bsky.social,James 🇨🇦,"If progressive Liberals are upset with Carney's pro-business, right wing anti environment agenda they should cross the floor to another party - like the #NDP. And their constituents should demand it of them. #cdnpoli",,,,0,0,0,0,2026-05-09T13:27:48Z,NA,NA,NA,,,,,
at://did:plc:izdfprazllz3tz7ydrqdc2u7/app.bsky.feed.post/3mlgdwx26j22p,bafyreie3ok54j7k5u72pwaqpghgsnzvi3mebsxugfz5ancukr2dari7osa,ja-elliott.bsky.social,J.A. Elliott,"Sounds like something that those in Doug Ford's Conservative Circle from Toronto would do - to try & get ""power & profit opportunities"" for themselves. After all,
The Metrolinks ""boondoggle"" is winding down!
#cdnpoli #onpoli",,,,0,2,0,0,2026-05-09T13:27:36Z,at://did:plc:deej5pakczvmljahhvrridlp/app.bsky.feed.post/3mlgapil2ok2x,at://did:plc:deej5pakczvmljahhvrridlp/app.bsky.feed.post/3mlgapil2ok2x,NA,,,,,
at://did:plc:asoznhbjzx27cxeqfb3y7x34/app.bsky.feed.post/3mlgdwim5e22f,bafyreieujlex32qrirjpwjbgyxs53oen3befsmnwgk6ggctmt5rhvtrifi,shakespearesgal.bsky.social,Canadian Loyalist 🇨🇦,"Only confirming how truly ignorant the CONservative mindset is …

#cdnpoli
#onpoli",,,,1,6,4,0,2026-05-09T13:27:19Z,NA,NA,NA,,,,,
at://did:plc:7ycfilosz2dmgcnqbh76jdol/app.bsky.feed.post/3mlgdtpikes24,bafyreigubxvdurca7vypshza44pjww4epkgqjy3hj7fet3wxuk4xzszunq,coolxenu.bsky.social,Cool Xenu 8647,"In Alberta, the rural voters keep the retrograde MAGA types in power.

They consistently vote against their own interests because they are told it is ""sticking it to the libs"".

I know that sounds stupid but that is how it is in that province. They are incapable of learning.

#ableg #cdnpoli",,,,0,0,2,0,2026-05-09T13:25:44Z,at://did:plc:3l6h5tayy6vycige2igmorv4/app.bsky.feed.post/3mlfxqxky3k2x,at://did:plc:3l6h5tayy6vycige2igmorv4/app.bsky.feed.post/3mlfxqxky3k2x,NA,,,,,
at://did:plc:2sfa2s6ng6hyp3otn2z2v5el/app.bsky.feed.post/3mlgdfzhu722r,bafyreih4k2mob6pm6fzwsox7o5fiwoskvymun6b4qosvo7zxbmejmki7du,marlawd.bsky.social,Marla Waltman 🇨🇦 ⚾️ 🇺🇦,"Yes, and Pierre Poilievre’s last security clearance, which he held as a cabinet minister under Harper, expired when their government fell in 2015. He’s stubbornly refused to get security clearance ever since, even when he became #CPC leader in 2022! #cdnpoli",,,,1,2,3,0,2026-05-09T13:18:04Z,at://did:plc:hxgqqgmzjtyj6dw2azvtn57i/app.bsky.feed.post/3mlebk6wqk22n,at://did:plc:2sfa2s6ng6hyp3otn2z2v5el/app.bsky.feed.post/3mldvflaxt227,NA,,,,,
at://did:plc:7ycfilosz2dmgcnqbh76jdol/app.bsky.feed.post/3mlgderntnc24,bafyreibpfru46yba6cly4k7gyceqobtpzdvaswkiwmatfolrkzm26iueja,coolxenu.bsky.social,Cool Xenu 8647,"This is what #StephenHarper's #ConservativePartyOfCanada actually believes.

#cdnpoli",,,,0,3,3,0,2026-05-09T13:17:23Z,NA,NA,at://did:plc:bov6hsr7z3p6wz6y76fojiox/app.bsky.feed.post/3mlbugwbj722p,,,,,
at://did:plc:deej5pakczvmljahhvrridlp/app.bsky.feed.post/3mlgd4jscbs2x,bafyreib3xyy2kxpbundr53hbtkuhfmmrzr3nycr6q3rmeowsbmwdth6e2m,pat112.bsky.social,Pat,"Discrimination by definition is denying people with mental illness and/or a disability the same rights as all others . 

Why would anyone assume to  have the right to deny rights to others ?

#Cdnpoli #Discrimination",,,,0,2,4,0,2026-05-09T13:12:46Z,NA,NA,at://did:plc:i2sei72gipoxms4tibzlehvz/app.bsky.feed.post/3mlgc44sme225,,,,,
at://did:plc:oya64aulumuj3apwfffocdyf/app.bsky.feed.post/3mlgd44kvhc2w,bafyreidi5b6honzt5ki24y47rteuf7ehfcfzmp6ng4amnefxz3j2o2dfay,colleenmr.bsky.social,colleenmr🍁,"ICYMI #cdnpoli
www.msn.com/en-ca/politi...",,,,0,1,1,0,2026-05-09T13:12:32Z,NA,NA,NA,,,,,
at://did:plc:7ycfilosz2dmgcnqbh76jdol/app.bsky.feed.post/3mlgd2o2w7s24,bafyreia5tgqcr4btle5ejulsdlgfk6p4v5iydh3jbqyxhe5rq4cdmlqiva,coolxenu.bsky.social,Cool Xenu 8647,"All modern conservative supporters have her attention spans of gnats.

#cdnpoli",,,,0,3,4,0,2026-05-09T13:11:43Z,NA,NA,at://did:plc:7ushpfhabcsmsolnv6lbbmmq/app.bsky.feed.post/3mlgbpjhlws2u,,,,,
at://did:plc:abt5tpb7lqr7vopkrkwfswwq/app.bsky.feed.post/3mlgcid52hh2p,bafyreieyfpklxcsh32hp54uzl5si52g5yamjtosyrq4dq6hb6hdbk7x4sy,canadareport.org,Canada Report,"China’s Energy Imports Plunge as War Chokes Hormuz Shipments

Canada’s fastest news scan: 25+ headlines, no clutter, updated all day: CanadaReport.org

#cdnpoli #Canada #News #Business #Economy 
Read Original Article 🔗",,,,0,0,0,0,2026-05-09T13:01:28Z,NA,NA,NA,,,,,
at://did:plc:i2sei72gipoxms4tibzlehvz/app.bsky.feed.post/3mlgc44sme225,bafyreigg5jsernthodzt4hik3ohjiujjhnaiu26fvk4oo7shxnptel2efe,inclusioncanada.bsky.social,Inclusion Canada,"In this story, Inclusion Canada strongly opposes any expansion of #MAiD to individuals for whose sole condition is a mental illness and calls on the Federal Gov't to repeal the previous expansion (Track 2) as it discriminates against persons with disabilities.

ctvnews.ca/politics/art.... #cdnpoli",,,,0,4,3,1,2026-05-09T12:54:41Z,NA,NA,NA,,,,,
at://did:plc:6vzffmqqbdgof6a5x2otwck3/app.bsky.feed.post/3mlgbm3cryk2a,bafyreifxbsyhysovdhhcl4lwohkzbpa6ybdovfqicslwu6gnv6dzygo7cy,sheamuspatt.bsky.social,Jim Patterson  🇨🇦,"Mark Carney wants a Sovereign Wealth Fund, only unlike Norway's, ours will be paid for by you and me.
@greenpeaceca.bsky.social has a better idea. Introduce an Excess Profits tax so that those extra billions they are making can benefit us all.
act.greenpeace.ca/en-ca/excess...
#cdnpoli",,,,0,4,8,0,2026-05-09T12:45:44Z,NA,NA,NA,,,,,
at://did:plc:4jhds6khpgmfkova5vetcm5h/app.bsky.feed.post/3mlgbivnijk2f,bafyreiduofmsrwjzk5ei54wz5xtstfo7p3ik4pald7uhukwqh44bgsfqta,drunkondespair.bsky.social,NA,"""The federal government is providing Ford $464.5 million in financing to overhaul its #Oakville, Ont., plant to make #gas- and #diesel-powered #trucks, The Logic has learned.""

#MarkCarney rewards #Ford for killing the #EV. #cdnpoli

thelogic.co/news/exclusi...",,,,1,2,0,0,2026-05-09T12:43:58Z,NA,NA,NA,,,,,
at://did:plc:deej5pakczvmljahhvrridlp/app.bsky.feed.post/3mlgbh6dppk2x,bafyreifu4gciuxaiq4px5mn6a7ra7liyexg4z3cyu5di4kq5zzytlo6a7a,pat112.bsky.social,Pat,"Singer bans MAGA hats from her shows after Trump supporter drowned in vulgar chants.

Out, out damned traitor ...

#Cdnpoli #Uspoli #Maga 
www.rawstory.com/ashnikko/",,,,0,0,3,0,2026-05-09T12:42:58Z,NA,NA,NA,,,,,
at://did:plc:q53ibv7ujf27tbhk7ar76tfz/app.bsky.feed.post/3mlgbf53gjc2p,bafyreifxotoj2uqscxl4ajwjn2m47cps6qhmp5k4gtjcd5s2v5x2tjd6ku,marc55.bsky.social,Marc 🍁,"So true.
#cdnpoli",,,,0,7,12,0,2026-05-09T12:41:47Z,NA,NA,at://did:plc:rjmjkblu6mbdmufkfyqoslu6/app.bsky.feed.post/3mlg7oar3vs2f,,,,,
at://did:plc:7erknbz7f4wsocjxci2n4hlk/app.bsky.feed.post/3mlgaymjctc2t,bafyreiepsru62gtziwqb6zktralrbuhtjl4whggw32ocrgb6bvqyy4hp24,kpateonthehill.bsky.social,Senator Kim Pate,"Indigenous Peoples are 2x as likely to experience poverty. Women especially are at greater risk of victimization & criminalization.
 
I asked what actions the government is taking to meet 🍁's 7yo #MMIWG commitment to the #Calls4Justice, including a national guaranteed livable income. #SenCA #cdnpoli",,,,0,6,13,0,2026-05-09T12:34:49Z,NA,NA,NA,,,,,
at://did:plc:xyxvoxdesnixskznfjenfr5g/app.bsky.feed.post/3mlgaxwakac22,bafyreid27u4njfi5szatbhge4kxkxklgewoyfuqtytwlho3xcgllpqgkyy,rogerman99.bsky.social,Rogerman,"If a de facto separatist can get a security clearance kinda makes you wonder what lurks in PP's closet of skeletons. Also, doesn't it call into question the standard of ""security"" being applied? Does it just seem we are unprepared for what's arriving, or are our pants truly down? #cdnpoli",,,,0,1,4,0,2026-05-09T12:34:24Z,at://did:plc:t6fxvgbgms6srhfcprixn3lz/app.bsky.feed.post/3mlfd2bbvpk25,at://did:plc:t6fxvgbgms6srhfcprixn3lz/app.bsky.feed.post/3mlfd2bbvpk25,NA,,,,,
at://did:plc:abt5tpb7lqr7vopkrkwfswwq/app.bsky.feed.post/3mlgasrcpkz2b,bafyreia2qrhox7frdv6vn2hek56vjqasqdodr7hjglob2qoehcuatyg6ca,canadareport.org,Canada Report,"Triple féminicide présumé en Ontario | Un adolescent de 17 ans accusé du meurtre de trois femmes

Canada’s fastest news scan: 25+ headlines, no clutter, updated all day: CanadaReport.org

#cdnpoli #Canada #News #onpoli 
Read Original Article 🔗",,,,0,0,0,0,2026-05-09T12:31:32Z,NA,NA,NA,,,,,
at://did:plc:deej5pakczvmljahhvrridlp/app.bsky.feed.post/3mlgapil2ok2x,bafyreihuvnzpewcdz7uozhewvxee2uurbkchfoknygr6xruu77rprzcjwa,pat112.bsky.social,Pat,"Quebec accuses Toronto of ‘fear campaign’ in defence bank bid, 

for pointing out the inherent instability with a separation mentality, which leads to a lack of reliability, as it is Canada that has the credibility 

#Cdnpoli #Onpoli #Quebec 
globalnews.ca/news/1183958...",,,,2,3,2,2,2026-05-09T12:29:46Z,NA,NA,NA,,,,,
at://did:plc:4zhs7rbmbrjyblozh3zqt7is/app.bsky.feed.post/3mlga2hfvcc2w,bafyreicdi4gczdgfo7idsv3kb3cgdqpdwj6iqqdckl7uq6vbu3mlgus6pu,sorry-iamcanadian.bsky.social,🇨🇦 👊🇨🇦,"Laura Loomer accuses President Obama of planning a coup for meeting with PM Carney.

Sorry to disappoint a couple hundred million Americans, it is not true. 

#Canada
#CDNPoli
#USPoli",,,,13,13,37,3,2026-05-09T12:17:58Z,NA,NA,NA,,,,,
at://did:plc:deej5pakczvmljahhvrridlp/app.bsky.feed.post/3mlg7zxz6p22x,bafyreidec5do3oujkxiyui7seme3th7vobcdzossgpsabnwz37g664wkdu,pat112.bsky.social,Pat,"Once-packed Nevada resort deteriorates into ghost town as final hotel closes

Trump won Nevada with a record number of votes, so thoughts and prayers, your on your own it is.  

#Cdnpoli #Uspoli 
metro.co.uk/2026/05/08/f...",,,,0,1,1,0,2026-05-09T12:17:41Z,NA,NA,NA,,,,,
at://did:plc:qyxbqfambstrsawtfofn3p5h/app.bsky.feed.post/3mlg7rtye3s2s,bafyreia5dq6zfthilw7i3bxjnmqdxagrfxlzcyfro443n45jm5hm3ep3pi,just-call-me-boo.bsky.social,Boo 🇨🇦,Big oil makes billions from war. You pay. Demand a profits tax now! Sign @greenpeaceca.bsky.social's petition to call for a profits tax on windfall profits from war now and in the future. The money can address the affordability crisis right now. act.gp/3R3MZsk #MakePollutersPay #Canada #Cdnpoli,,,,0,1,3,0,2026-05-09T12:13:09Z,NA,NA,NA,,,,,
at://did:plc:u2oedk2xizdtutjgfulrw6hi/app.bsky.feed.post/3mlg7qlqyrs24,bafyreiez4ovy5aakgml55jdjm7pmja6ciat7ejtqmxinjqbi65hcsmrvcy,happyfey.bsky.social,Den 🇨🇦,"#cdnpoli #Canada
Thanx Claus!
youtu.be/BjAkm6k8Je8?...",,,,0,3,4,0,2026-05-09T12:10:23Z,NA,NA,NA,,,,,
at://did:plc:jvbp4nezylu5n44nkjnimsxf/app.bsky.feed.post/3mlg7ke4m322p,bafyreibfjubks3fplcnncsb2cg3oddjwthmg44oreeuu2wn5xljhbp52ty,davidakin.bsky.social,davidakin,"▶️Youth hit. ▶️ Carney threats. ▶️Alberta report.
The 🇨🇦 #cdnpoli 📰Roundup for SAT MAY 9
davidakin.substack.com/p/david-akin...",,,,0,2,1,0,2026-05-09T12:08:57Z,NA,NA,NA,,,,,
at://did:plc:xyxvoxdesnixskznfjenfr5g/app.bsky.feed.post/3mlg7hofon222,bafyreih7fs6t7dmdx2jzaiqpttujxschxi7rbza5i3drd3oaerwvbizjj4,rogerman99.bsky.social,Rogerman,"Got my eye on a few news stories that will determine my next Federal vote. This is one of them. #cdnpoli
thetyee.ca/News/2026/05...",,,,1,3,2,0,2026-05-09T12:07:27Z,NA,NA,NA,,,,,
at://did:plc:xyxvoxdesnixskznfjenfr5g/app.bsky.feed.post/3mlg7biejl222,bafyreigpclvwphkvatw7maj6dbajjr3aqzwqr32d6dcvljzemvulzrbosi,rogerman99.bsky.social,Rogerman,"If Danielle Smith's antics aren't illegal it's long past due they were. #cdnpoli
www.nationalobserver.com/2026/05/07/o...",,,,0,6,15,0,2026-05-09T12:03:58Z,NA,NA,NA,,,,,
at://did:plc:abt5tpb7lqr7vopkrkwfswwq/app.bsky.feed.post/3mlg754cfdk2k,bafyreiazzmzyugwbiootaeus7qomu7kmbidv5vx3rezampjejozc4gvgxq,canadareport.org,Canada Report,"Chinese Export Growth Rebounds as War Fails to Curb Trade

Canada’s fastest news scan: 25+ headlines, no clutter, updated all day: CanadaReport.org

#cdnpoli #Canada #News #Business #Economy 
Read Original Article 🔗",,,,0,0,1,0,2026-05-09T12:01:31Z,NA,NA,NA,,,,,
at://did:plc:v3eup4rzroyniw2x7bmsdzgt/app.bsky.feed.post/3mlg6v7w6f22m,bafyreie4r5fftbi2hifguuwykk3xwxgf2mzr3uoag6hj52kq35esxuigam,spudislander45.bsky.social,Spudislander45 🇨🇦❤️🌎💪🫡,"#AtlanticCanada, get ready for #hurricane season. 

Make sure you’re connected in your community and look out for one another.  Check in with neighbours and work together to help protect, support and foster supports you need in emergencies. 

#Cdnpoli #PEI #NFLD #NB #NS #QC",,,,0,1,4,0,2026-05-09T11:57:06Z,NA,NA,at://did:plc:pfot5zyhod4cxwc5gfhzds4i/app.bsky.feed.post/3mlg3rkyjao2x,,,,,
at://did:plc:pdf6zt3vghsx7bmb5wl6sbt3/app.bsky.feed.post/3mlg6fykwa42s,bafyreibpddxf7gyp2no4g3p4jtto33v4cfmcq4bwma2zxaej526crpjm2e,grumpa.ca,Under Grumpa's Hat,"While Poilievre, Jivani, Scheer and Danielle Smith are working with (or FOR) Trump, Mark Carney is meeting with Barack Obama. I know which people I side with... #HumanDecency #CdnPoli",,,,0,2,12,0,2026-05-09T11:48:35Z,NA,NA,NA,,,,,
at://did:plc:deej5pakczvmljahhvrridlp/app.bsky.feed.post/3mlg6flbn5s2x,bafyreie6r35r6x6tx4rt5hhsvxjc4ebmwf4h5iourrchbpqjfbbe3cubcu,pat112.bsky.social,Pat,"Nova Scotia Govt diverts ""loan ""  funds from successful program that increased affordable housing at minimal cost to giving  money away subsidizing overpriced apartments to profit large Corporate landlord friends  

#Cdnpoli #Nspoli #Housing
www.cbc.ca/news/canada/...",,,,1,1,1,0,2026-05-09T11:48:25Z,NA,NA,NA,,,,,
at://did:plc:deej5pakczvmljahhvrridlp/app.bsky.feed.post/3mlg5uaugfs2x,bafyreibgnlhsvkao4zmsaa3jgfz7mspk7u6kjsrw7wfxisglxj2y7ghxma,pat112.bsky.social,Pat,"Alberta has always been the land of misinformation, lies and foreign interference, like all Petro fiefdoms ,

as that is the basis on which  Cons get elected - eg Canada owes us belief 

#Cdnpoli #Abpoli",,,,0,1,3,0,2026-05-09T11:38:40Z,NA,NA,NA,,,,,
at://did:plc:abt5tpb7lqr7vopkrkwfswwq/app.bsky.feed.post/3mlg5lbvqp62d,bafyreidsgqsswihebs4kndwtvogkch56prox4nu5pvr3nugomtqub7r6ea,canadareport.org,Canada Report,"🇨🇦 Morning Briefing — May 09  
Tensions rise in Canada as provinces seek more autonomy.  
• Alberta's referendum sparks debate.  
• Major push for digital health infrastructure....

Read: canadareport.org/briefing-2026-05-09-morning.html
#cdnpoli",,,,0,0,0,0,2026-05-09T11:33:39Z,NA,NA,NA,,,,,
at://did:plc:tyg2ztzq6goz3zgebqa7sjz3/app.bsky.feed.post/3mlg5agevbwt2,bafyreidc6h2s5zkhib7dwv6flatd5x6mucyymlooqcmyl5pbstjj3vq5oy,mpjgregoire.cosocial.ca.ap.brid.gy,M. Grégoire,"With the advent of a new Governor General, it's time to revive one of my longstanding policy proposals: the King should make the GG a dame, and she should offer to make all Companions and Officers of the #OrderOfCanada knights and dames.

It's good to have a system for the government to […]",,,,0,0,0,0,2026-05-09T11:27:38Z,NA,NA,NA,,,,,
at://did:plc:hrpipqpkbpnqys5efjiwv6wr/app.bsky.feed.post/3mlg4oxaczc23,bafyreihcfy6ogyt5recjnm6du54c52tmza4xjp2q25qers5oonz43awq5i,susanfromontario.bsky.social,Susan Mitchell,"#cdnpoli
""And a referendum like the one in Alberta, that may have a divisive effect on society, is rife for amplification or for the sort of disinformation or foreign interference that we've seen from players like Russia in the past,""
www.cbc.ca/news/politic...",,,,1,4,8,0,2026-05-09T11:17:50Z,NA,NA,NA,,,,,
at://did:plc:lyvztfv2xp5su33ype2ddqgk/app.bsky.feed.post/3mlg4m4dymc2h,bafyreib5yud5m3yvg6mqorvpf4tjhjvirp53khqe4bfqc3rvjmgn4rnrji,bibliophile99.bsky.social,Serena,#cdnpoli worse than I thought 🤬,,,,0,0,0,0,2026-05-09T11:16:13Z,NA,NA,at://did:plc:xyxvoxdesnixskznfjenfr5g/app.bsky.feed.post/3mlg4kiayuc22,,,,,
at://did:plc:rlcoxketrj26yu5hgn3izwaz/app.bsky.feed.post/3mlg44xajn22g,bafyreidkfuqz5cmco5hqyjujjxjleiaany3wuubfkmww3xgwq3o2luzbei,janfromthebruce.bsky.social,JanFromTheBruce 🍁,"Every day I am going to post this (permission from Del Schilling).

Will you join me?

Over 5700+ Missing & Murdered Indigenous Women & Girls

#MMIWG #cdnpoli",,,,0,6,8,0,2026-05-09T11:08:14Z,NA,NA,NA,,,,,
at://did:plc:cjsmjgdrpg7wqwbjrevriueo/app.bsky.feed.post/3mlg3b3jik22j,bafyreibjld32wspdvokmup35p2marzx3kypnbsq3iqnd65iqft6ujnk2ei,cindylee.bsky.social,Cindy Lee 🇨🇦,#cdnpoli,,,,0,1,2,0,2026-05-09T10:52:11Z,NA,NA,NA,,,,,
at://did:plc:abt5tpb7lqr7vopkrkwfswwq/app.bsky.feed.post/3mlg23yprd72b,bafyreih7dkkcmir3xyv36hsnvdouxm7ksc3eitsslyn776x6mc3svjhnzm,canadareport.org,Canada Report,"Vietnam Expands South China Sea Outposts as Beijing Widens Lead

Canada’s fastest news scan: 25+ headlines, no clutter, updated all day: CanadaReport.org

#cdnpoli #Canada #News #Business #Economy 
Read Original Article 🔗",,,,0,0,0,0,2026-05-09T10:31:25Z,NA,NA,NA,,,,,
at://did:plc:q53ibv7ujf27tbhk7ar76tfz/app.bsky.feed.post/3mlfyzxtzgk2p,bafyreiarkhqr2u64lbeaajbc6swjv44i3we5ql3pcuf5a7ctzaluqzgbwy,marc55.bsky.social,Marc 🍁,"Like Trump does, she is trying to decree it done. 
She gets away with it if you let her.
#cdnpoli",,,,2,2,6,0,2026-05-09T10:12:23Z,NA,NA,at://did:plc:4ownlsrdmnvwgzmcdi2bof6s/app.bsky.feed.post/3mlftwketyc24,,,,,
at://did:plc:q53ibv7ujf27tbhk7ar76tfz/app.bsky.feed.post/3mlfytwl7ek2p,bafyreidcp5f4c5ck6o2wy5furxjtw6vf2ijo3xzrlyz2ugxlznrtu2tpoy,marc55.bsky.social,Marc 🍁,"If only we had laws to prevent it.

If only...
#cdnpoli",,,,0,3,10,0,2026-05-09T10:09:00Z,NA,NA,at://did:plc:gktv6ywcopj34zpo2vqao5wi/app.bsky.feed.post/3mlfsgypjhk25,,,,,
at://did:plc:abt5tpb7lqr7vopkrkwfswwq/app.bsky.feed.post/3mlfygjd4at2j,bafyreicncfuoqqvplvsnodldcmrgc2g7xdocoz3zludiht4f2xofdj6qrq,canadareport.org,Canada Report,"Incendie mortel dans le Vieux-Montréal | Le propriétaire obtient un sursis de sa suspension du Barreau

Canada’s fastest news scan: 25+ headlines, no clutter, updated all day: CanadaReport.org

#cdnpoli #Canada #News 
Read Original Article 🔗",,,,0,1,1,0,2026-05-09T10:01:30Z,NA,NA,NA,,,,,
at://did:plc:q53ibv7ujf27tbhk7ar76tfz/app.bsky.feed.post/3mlfxyrrh4k2p,bafyreiagfdhb623he6obvgzkhle3nddz5rmj2wy3vlyvgaxd6yq5hzkarm,marc55.bsky.social,Marc 🍁,"Crown cheers is my worry.
#cdnpoli",,,,0,1,4,0,2026-05-09T09:53:49Z,NA,NA,at://did:plc:4euncr44a5aflpbcbjhvjvdo/app.bsky.feed.post/3mleetz4gtc2b,,,,,
at://did:plc:q53ibv7ujf27tbhk7ar76tfz/app.bsky.feed.post/3mlfxwyydns2p,bafyreifaqfhfg355iylvd3xy3m5s4q7rdryrigeivaiabprggycvlubnua,marc55.bsky.social,Marc 🍁,"Dear media:
Many folks are very confused about the term ""wokeism""

Could you please ask what exactly they mean by it.
Define it. Explain it.

#cdnpoli #ableg",,,,0,1,9,0,2026-05-09T09:52:51Z,NA,NA,NA,,,,,
at://did:plc:q53ibv7ujf27tbhk7ar76tfz/app.bsky.feed.post/3mlfxsmp7cs2p,bafyreiepksyfydauqgodrx5avcj6jij6vfftblrryqbitezq327jjnpljy,marc55.bsky.social,Marc 🍁,"The stupid...it burns!
#ableg #cdnpoli",,,,2,1,9,0,2026-05-09T09:50:24Z,NA,NA,at://did:plc:4euncr44a5aflpbcbjhvjvdo/app.bsky.feed.post/3mleetz4gtc2b,,,,,
at://did:plc:v3dax5hijbyarqjds24wnkb7/app.bsky.feed.post/3mlfwzzepok2z,bafyreiaizrbrshyhbh25ieoc2x4ncsk2vzshxwgrmisae2feuw277iaqlq,busterandme.bsky.social,,"❤️PM Mark Carney and President Obama🩵
But also 🤣🤣🤣💪🔥 attack post incoming I'm sure🤣🤣
#cdnpoli",,,,0,0,2,0,2026-05-09T09:36:36Z,NA,NA,at://did:plc:kx375dszrbvqtu7o4xxxmojn/app.bsky.feed.post/3mlf2cazutk2o,,,,,
at://did:plc:5vvh32rkl6lbgpk7wajwzql2/app.bsky.feed.post/3mlfwvums3k2t,bafyreigxqkcmvypvczoiniln3nwvt5kqwenz6ybhr64rc3bgco2pjasddm,ottokt.bsky.social,Otto Kat 🇺🇦⚫️ Герої не вмирають,"#NAFO #cdnpoli must read, elbows up! 🇨🇦",,,,0,1,6,0,2026-05-09T09:34:18Z,at://did:plc:jgvcogxgfeplj7g3tfov7iro/app.bsky.feed.post/3mlfwozliac2y,at://did:plc:jgvcogxgfeplj7g3tfov7iro/app.bsky.feed.post/3mlfwozliac2y,NA,,,,,
at://did:plc:abt5tpb7lqr7vopkrkwfswwq/app.bsky.feed.post/3mlfwqz63hk2t,bafyreiexzqazn5gh7meeyzh5rl6odsj3f7gfbab7gjzjyiw3o3o4h4vpky,canadareport.org,Canada Report,"Pembina Pipeline Reports Voting Results from 2026 Annual Meeting of Shareholders

Canada’s fastest news scan: 25+ headlines, no clutter, updated all day: CanadaReport.org

#cdnpoli #Canada #News #Business #Economy 
Read Original Article 🔗",,,,0,0,0,0,2026-05-09T09:31:35Z,NA,NA,NA,,,,,
at://did:plc:4ownlsrdmnvwgzmcdi2bof6s/app.bsky.feed.post/3mlfwhpy7as24,bafyreibrscyc2ly7zbkqpvv4orf6tcvquktrlo3bvuywcvxdd6zqaaw3f4,peipolitical.bsky.social,PEIPolitical 🇨🇦,"Trump reveals tech billionaire Michael Dell funneled 6.25 billion dollars into the new Trump accounts.
He then uses his office to film a live commercial, telling Americans to buy Dell.
The government is completely bought by oligarchs. #cdnpoli",,,,13,47,96,3,2026-05-09T09:26:24Z,NA,NA,NA,,,,,
at://did:plc:4ownlsrdmnvwgzmcdi2bof6s/app.bsky.feed.post/3mlfw44ntvk24,bafyreifbqz6mycyljw63fapuve3a6mau7djtn77shpxuhysmpyi2y3wmre,peipolitical.bsky.social,PEIPolitical 🇨🇦,"The Trump Administration has just released the UFO files.
The files include videos [shown below] of unidentified aerial phenomena over Greece, Iraq, and the UAE.
It’s worth noting they released the UFO files before arresting a single child rapist in the Epstein files. #cdnpoli",,,,10,25,83,3,2026-05-09T09:19:55Z,NA,NA,NA,,,,,
at://did:plc:4ownlsrdmnvwgzmcdi2bof6s/app.bsky.feed.post/3mlfvwxvmxk24,bafyreidrig4ff2zzpigacrqjg3wihl4ubpvgmusz4kfbzrkcx5ohahe3x4,peipolitical.bsky.social,PEIPolitical 🇨🇦,"Canada turned the Niagara Falls  blue for the European Union! 🇪🇺🇨🇦 - #cdnpoli 
They also played Ode to Joy, the EU's anthem, an early celebration of Europe Day which is celebrated tomorrow.",,,,10,117,384,10,2026-05-09T09:17:02Z,NA,NA,NA,,,,,
at://did:plc:4ownlsrdmnvwgzmcdi2bof6s/app.bsky.feed.post/3mlfvoocm7k24,bafyreiexohm2nwswdu6veyspv3pio4pytmeh6q25g4vnki6gi6tha4ehya,peipolitical.bsky.social,PEIPolitical 🇨🇦,"Musk just said he wants to cut Social Security and Medicare, calling them “entitlements”: “That’s the big one to eliminate.”
#cdnpoli",,,,21,21,34,10,2026-05-09T09:12:23Z,NA,NA,NA,,,,,
at://did:plc:4ownlsrdmnvwgzmcdi2bof6s/app.bsky.feed.post/3mlfvhv7vc224,bafyreic4s3vte66v5zuohpwnw3rsetkdy7i3trzrssdhahxwy4glmycb24,peipolitical.bsky.social,PEIPolitical 🇨🇦,"""And I think what you’re gonna see when we do get recalled for the 45th parliament, is, ah, we’re gonna attack Mr. Carney. We want, ah, we want to seek and destroy, if you don’t mind.” MAGA Con MP Kevin Waugh - April 28, 2025
Cons never planned to work WITH government. #cdnpoli",,,,10,19,37,4,2026-05-09T09:08:36Z,NA,NA,NA,,,,,
at://did:plc:ze3u67vduq7j3opi7u4m55lx/app.bsky.feed.post/3mlfvcved2c2g,bafyreibn67m657jklafmlqolad7dz5k7vhlg5wjzpfjh7wbvkog5znfswe,arichat.bsky.social,Bill C 🇨🇦 🇺🇦 🇬🇱,"Option 1: Speak up loudly for Canada.

Option 2: Lead by extortion.

#cdnpoli #abpoli
www.cbc.ca/news/canada/...",,,,2,7,12,0,2026-05-09T09:05:49Z,NA,NA,NA,,,,,
at://did:plc:4ownlsrdmnvwgzmcdi2bof6s/app.bsky.feed.post/3mlfvc45aus24,bafyreifdxj3itnb4sskf2yhqeqogucxqatpwjsj4tjo3nfyctp4cxc2bru,peipolitical.bsky.social,PEIPolitical 🇨🇦,"President Lula: “🇺🇸Trump is celebrating like an idiot that the Iran war is over. But it’s not.
Believe me, I’m not wasting any time trying to explain reality to him.” #cdnpoli",,,,0,28,83,2,2026-05-09T09:05:21Z,NA,NA,NA,,,,,
at://did:plc:4ownlsrdmnvwgzmcdi2bof6s/app.bsky.feed.post/3mlfv4sl73k24,bafyreiawnc7hl7qxqbxzgof42alxpbwzbkk57sbyu6xplly3ykofyuhzle,peipolitical.bsky.social,PEIPolitical 🇨🇦,"His only ambition now is to talk and talk and stay Leader Of The Opposition as long as possible - for the mansion, perks and allowances. #cdnpoli",,,,19,17,74,5,2026-05-09T09:02:24Z,NA,NA,NA,,,,,
at://did:plc:abt5tpb7lqr7vopkrkwfswwq/app.bsky.feed.post/3mlfv2xsm4m2p,bafyreicvp6z7yqdwnurmhyrkku3ieektwrfehkbyypoc7ovaotbcx7gewi,canadareport.org,Canada Report,"Infractions pédosexuelles | Un avocat de renom accusé

Canada’s fastest news scan: 25+ headlines, no clutter, updated all day: CanadaReport.org

#cdnpoli #Canada #News 
Read Original Article 🔗",,,,0,0,0,0,2026-05-09T09:01:22Z,NA,NA,NA,,,,,
at://did:plc:4ownlsrdmnvwgzmcdi2bof6s/app.bsky.feed.post/3mlfuyouotc24,bafyreifejy3ucak2jxaos3jwcvr2osthgcvxxupibnl3zs3q6degszihcm,peipolitical.bsky.social,PEIPolitical 🇨🇦,"PM Mark Carney 🇨🇦 #cdnpoli 
Welcome back to Canada, President Barack Obama.
Thank you for joining us in Toronto for important conversations on how we can build a better and more just future — and empower more people to build with us.",,,,2,41,182,3,2026-05-09T09:00:06Z,NA,NA,NA,,,,,
at://did:plc:4ownlsrdmnvwgzmcdi2bof6s/app.bsky.feed.post/3mlfunst7g224,bafyreieeuxp3aalrqduay6n3clmeaj6ao2qvmmdm6weiu23ca5oh6liqm4,peipolitical.bsky.social,PEIPolitical 🇨🇦,MAGA evangelical leaders gather in Mar-a-Lago to bless and dedicate a gold statue dedicate to Donald Trump. #cdnpoli,,,,14,5,13,2,2026-05-09T08:54:02Z,NA,NA,NA,,,,,
at://did:plc:4ownlsrdmnvwgzmcdi2bof6s/app.bsky.feed.post/3mlfuhxj4uk24,bafyreigdz62ygw5regyjvslswj4ps5wbzapa7aakrfkxmfdwjtx2jcivay,peipolitical.bsky.social,PEIPolitical 🇨🇦,"RUBIO:“The Strait of Hormuz does not belong to Iran; they have no right to close it.”
IRAN: “The Strait of Hormuz is Iranian territory and will only be opened by order of our leader Khamenei, not by the tweets of an idiot.” #cdnpoli",,,,13,31,113,3,2026-05-09T08:50:44Z,NA,NA,NA,,,,,
at://did:plc:q53ibv7ujf27tbhk7ar76tfz/app.bsky.feed.post/3mlfuc2hf322p,bafyreiersuz6lj462bskvojaaj62mrdy2qetxmwfhi4u2wcskbnsvq5dom,marc55.bsky.social,Marc 🍁,"It's time to call it out media pundits.

PP is nothing without the Trudeau hatred.
It's the only tie that binds.

THAT'S why he keeps talking about him. 
Without Trudeau hatred, PP has nothing to offer.

Everyone can fucking see it.
#cdnpoli",,,,1,5,18,0,2026-05-09T08:47:27Z,NA,NA,NA,,,,,
at://did:plc:4ownlsrdmnvwgzmcdi2bof6s/app.bsky.feed.post/3mlfu7kczis24,bafyreibduylea3ytifbghglhj3wdxavzc3m3etiskg6cuubetzfizto5fy,peipolitical.bsky.social,PEIPolitical 🇨🇦,"MAGA Smith on Naheed Nenshi’s comments on her security clearance.
“Well, he’s becoming increasingly unhinged.”
Then claims that he just ""makes things up."" #cdnpoli",,,,5,2,8,0,2026-05-09T08:46:02Z,NA,NA,NA,,,,,
at://did:plc:4ownlsrdmnvwgzmcdi2bof6s/app.bsky.feed.post/3mlfu2lbeec24,bafyreibopq3dlqsxkysdoadxnzya4k5ixof2ltckqd5hzzf2h5btd3cy2a,peipolitical.bsky.social,PEIPolitical 🇨🇦,"Poilievre talks a lot about 'Ottawa elites' and I don't know who is more 'Ottawa elite' than somebody who's been elected since -- how many years is it? 22 years?"" #cdnpoli",,,,6,37,127,2,2026-05-09T08:43:15Z,NA,NA,NA,,,,,
at://did:plc:bbnve3u34qpmusulfzkei3p2/app.bsky.feed.post/3mlftwvhmjk2d,bafyreif6ozwpg6m4ax6vkfb7fki2ydxjnnfv66tzrrxbxz5o7g2avezvza,fluxliner.bsky.social,Flux Liner,I truly believe it's time Canada starts throwing people in PRISON who presently hold a Canadian passport and who WILLFULLY are attempting to Destroy our Country.  #Alberta #Canada #cdnpoli,,,,0,2,3,0,2026-05-09T08:41:13Z,at://did:plc:4euncr44a5aflpbcbjhvjvdo/app.bsky.feed.post/3mlequ6tlc22b,at://did:plc:4euncr44a5aflpbcbjhvjvdo/app.bsky.feed.post/3mlequ6tlc22b,NA,,,,,
at://did:plc:4ownlsrdmnvwgzmcdi2bof6s/app.bsky.feed.post/3mlftwketyc24,bafyreihw2wgioatm5tcbq57jbv6xvk3mltj2xy63tmqcrprmn42i2hl6wm,peipolitical.bsky.social,PEIPolitical 🇨🇦,"Danielle Smith: ""I've got the security clearance. I'm getting my briefing in the coming weeks. But my public safety minister has already confirmed with the RCMP that there's no evidence at this point that there is any interference from a foreign entity in Alberta politics."" 🤮🤘 #cdnpoli",,,,25,8,24,9,2026-05-09T08:41:00Z,NA,NA,NA,,,,,
at://did:plc:4ownlsrdmnvwgzmcdi2bof6s/app.bsky.feed.post/3mlftsdzvlc24,bafyreidlzeu5uij3xh6cvbkhl4dzz5f35i3fgpjd3w6wzp6km7o5yxg4mm,peipolitical.bsky.social,PEIPolitical 🇨🇦,"Greg MacEachern on Danielle Smith: ""She tied the MOU to the separatism referendum -- it does sound a bit transactional. The issue here is that she has dalliances with the separatists and allowed a lot of things to continue."" #cdnpoli",,,,2,17,43,1,2026-05-09T08:38:39Z,NA,NA,NA,,,,,
at://did:plc:abt5tpb7lqr7vopkrkwfswwq/app.bsky.feed.post/3mlftfgkix627,bafyreigmjyolwr3pa3doebrje7dvkuvzq6cqed3x4qutq22cugvcgnnjga,canadareport.org,Canada Report,"Mineros S.A. to Repurchase Shares in Colombia Commencing May 11, 2026

Canada’s fastest news scan: 25+ headlines, no clutter, updated all day: CanadaReport.org

#cdnpoli #Canada #News #Business #Economy 
Read Original Article 🔗",,,,0,0,1,0,2026-05-09T08:31:25Z,NA,NA,NA,,,,,
at://did:plc:shln2vzsb43a3udtqh6i4vtn/app.bsky.feed.post/3mlfse5tguk2d,bafyreiagyktwbzhp42ofh5fhuwkoyye7zjawsxlea53f2b352i5obu25g4,leroylynch.bsky.social,Leroy,"The head of Canada's intelligence agency says Alberta's potential secession vote is susceptible to disinformation and foreign interference from players like Russia. 
www.cbc.ca/news/politic... #cdnpoli #ableg",,,,0,4,6,0,2026-05-09T08:12:54Z,NA,NA,NA,,,,,
at://did:plc:abt5tpb7lqr7vopkrkwfswwq/app.bsky.feed.post/3mlfrpoqp6t2b,bafyreifwdnobqefwbuysxqhspplt7idod3psvoepxpnujb7sad7g4esuji,canadareport.org,Canada Report,"Projets d’intérêt national | Ottawa veut accélérer encore plus le développement des ressources naturelles

Canada’s fastest news scan: 25+ headlines, no clutter, updated all day: CanadaReport.org

#cdnpoli #Canada #News 
Read Original Article 🔗",,,,0,0,0,0,2026-05-09T08:01:21Z,NA,NA,NA,,,,,
at://did:plc:abt5tpb7lqr7vopkrkwfswwq/app.bsky.feed.post/3mlfq2b7scj27,bafyreiesotla26ggrr6uwb4oyomrhra7wq4a54ylipp56rcz3slxwxy724,canadareport.org,Canada Report,"Lomiko Metals Inc. Files a Positive Preliminary Feasibility Study For La Loutre Graphite Project on SEDAR

Canada’s fastest news scan: 25+ headlines, no clutter, updated all day: CanadaReport.org

#cdnpoli #Canada #News #Business #Economy 
Read Original Article 🔗",,,,0,0,0,0,2026-05-09T07:31:29Z,NA,NA,NA,,,,,
at://did:plc:x2fori67bggzcj2a6c7sj6ur/app.bsky.feed.post/3mlfpv5zie22s,bafyreiayd6dhrbopwigtri65mtyybpgxjulrtz4dg5fukmylyfzez7dzea,jimmydp01.bsky.social,J Payne,"#bcpoli #cdnpoli

#Gaza #Palestine",,,,0,0,1,0,2026-05-09T07:28:38Z,NA,NA,at://did:plc:ozqfbkuco2bb2twq777q5x4a/app.bsky.feed.post/3mlfponsuas23,,,,,
at://did:plc:76e4qryfph6q4wmz3li6v2l6/app.bsky.feed.post/3mlfpnyug5k26,bafyreif7v6adtd4q2x6e7hff4lrvdhdmx4u3wpncq44xnl6zmjx3tgpinm,stacescases2.bsky.social,StacesCases2 🇨🇦 📎,"We break down how #Canadian Prime Minister @mark-carney.bsky.social and #Canada ’s resistance strategy may have exposed MAJOR weaknesses in Trump’s global trade war approach. 🇨🇦 🇺🇸 #Cdnpoli #USpoli
youtu.be/NPnVgotumG0?...",,,,0,5,12,0,2026-05-09T07:24:39Z,NA,NA,NA,,,,,
at://did:plc:abt5tpb7lqr7vopkrkwfswwq/app.bsky.feed.post/3mlfoejomhd2j,bafyreid7a7hk466gggrfqn2qwhowta2tuajnujzvo3z7eyuzws276km3qe,canadareport.org,Canada Report,"Plateforme Canvas | Des universités canadiennes sont touchées par une importante cyberattaque

Canada’s fastest news scan: 25+ headlines, no clutter, updated all day: CanadaReport.org

#cdnpoli #Canada #News 
Read Original Article 🔗",,,,0,0,0,0,2026-05-09T07:01:26Z,NA,NA,NA,,,,,
at://did:plc:abt5tpb7lqr7vopkrkwfswwq/app.bsky.feed.post/3mlfmotp7wr2b,bafyreietczlou4htgrqmrnk62iadcgbkjewuyhnhrljqxebweu2mjxqy2y,canadareport.org,Canada Report,"Gran Tierra Energy Announces Final Voting Results of its Annual Meeting of Stockholders

Canada’s fastest news scan: 25+ headlines, no clutter, updated all day: CanadaReport.org

#cdnpoli #Canada #News #Business #Economy 
Read Original Article 🔗",,,,0,0,0,0,2026-05-09T06:31:24Z,NA,NA,NA,,,,,
at://did:plc:643nfj64adt3sd6lil4l4eqt/app.bsky.feed.post/3mlflpl3pzs2m,bafyreidjlfnida3biiabq4kpipisdg3e2goc5l7qbwp4zzw3g4h6lhmsoe,deanbeeby.bsky.social,Dean Beeby,"Government documents reveal barrage of threats against Mark Carney. TorStar's By Alex Ballingall
thestar.com/politics/fed... #cdnfoi #cdnpoli",,,,1,5,6,0,2026-05-09T06:14:24Z,NA,NA,NA,,,,,
at://did:plc:abt5tpb7lqr7vopkrkwfswwq/app.bsky.feed.post/3mlfkzdx5de2k,bafyreiab32zi57wbrqif36hum5lhpwf5scp2oo55lwliuwgwy5qbae4flu,canadareport.org,Canada Report,"Éclosion d’hantavirus | Dix Canadiens ont été possiblement exposés au virus

Canada’s fastest news scan: 25+ headlines, no clutter, updated all day: CanadaReport.org

#cdnpoli #Canada #News 
Read Original Article 🔗",,,,0,0,0,0,2026-05-09T06:01:29Z,NA,NA,NA,,,,,
at://did:plc:bmwsfbyxscsf4obiamhrcdpy/app.bsky.feed.post/3mlfjo6y37vv2,bafyreibmvtpe3hxxms34pyteco5xuya47do4iztp3yb75jyxvq5fxt7zcu,sleepy62.social.vivaldi.net.ap.brid.gy,sleepy62🍁🛠️ 🖥️ 🔬 🌞,"OK this needs to be stopped. I don't care how sad the economy is looking, this is not the way..

“This would represent by far the worst evisceration of environmental law in Canadian history, far worse than what happened under Prime Minister (Stephen) Harper’s government in 2012.” […]",,,,0,5,0,0,2026-05-09T05:37:24Z,NA,NA,NA,,,,,
at://did:plc:abt5tpb7lqr7vopkrkwfswwq/app.bsky.feed.post/3mlfjdpe2zr2z,bafyreic257ubagdazorvpdblhinys7nlql254mkwhepsdnkeuitb3oagki,canadareport.org,Canada Report,"Cavvy Energy Announces Voting Results from Annual Meeting of Shareholders

Canada’s fastest news scan: 25+ headlines, no clutter, updated all day: CanadaReport.org

#cdnpoli #Canada #News #Business #Economy 
Read Original Article 🔗",,,,0,0,0,0,2026-05-09T05:31:30Z,NA,NA,NA,,,,,
at://did:plc:rsvzkqxa2xdojwmjljqzs4ik/app.bsky.feed.post/3mlfisbqh2k2o,bafyreieyv32cpcree5t52xxyird7e4ende2nrm3m4jht2ek43mjsgwjl4i,thebreakdownab.bsky.social,The Breakdown AB,"We checked!

And we owe a big thanks to @Public Interest Alberta for having us up to Edmonton for our 7th birthday!

#abpoli #ableg #cdnpoli",,,,3,13,74,0,2026-05-09T05:21:47Z,NA,NA,NA,,,,,
at://did:plc:x2fori67bggzcj2a6c7sj6ur/app.bsky.feed.post/3mlfipwpe3s2q,bafyreig4ahzj55k7a2omgmoqubb3mxrjondhdxyebjl46kc5veoqsnbpdy,jimmydp01.bsky.social,J Payne,"Canada show your generosity and  ❤️ 

#Elbowsup for the great People of Gaza Palestine who are facing the unfathomable and could use a hand up by supporting this very important initiative;

#Gaza #Palestine 
#Cdnpoli #BCPoli

www.gofundme.com/f/support-be...",,,,0,0,0,0,2026-05-09T05:20:28Z,NA,NA,NA,,,,,
at://did:plc:k5zp2oxoeyf7fsvj2ijmcbve/app.bsky.feed.post/3mlfid6bhrc2m,bafyreifxw4hs4lpkvbax3co5aqtqekqb44jdjfcvqxop5f7xemxerpzboa,laurenshirleyj.bsky.social,LaurenSJ,"It becomes ever more obvious that Alberta’s separatists and the UCP are so tight they squeak.

And now, the separatists are bent on deepening their influence on the party.

Some might call it a takeover."" #cdnpoli",,,,0,1,2,0,2026-05-09T05:13:18Z,NA,NA,at://did:plc:oqxoq7btbkztewuzmallzuvo/app.bsky.feed.post/3mlfg6noa522c,,,,,
at://did:plc:k5zp2oxoeyf7fsvj2ijmcbve/app.bsky.feed.post/3mlfiba7tq22m,bafyreibz47d7sasnu2wdorh2ixlhnucwoouec6ucxtqorrzkwnjetagi34,laurenshirleyj.bsky.social,LaurenSJ,Really forward-thinking stuff.... Nothing says “progress” quite like leaning into systemic discrimination and prejudice. #cdnpoli,,,,0,2,2,0,2026-05-09T05:12:13Z,NA,NA,at://did:plc:4euncr44a5aflpbcbjhvjvdo/app.bsky.feed.post/3mleetz4gtc2b,,,,,
at://did:plc:b7tjp4yaqcy2crro6sumg5zy/app.bsky.feed.post/3mlfhwjort22z,bafyreidkridqignxxvicz3qr277i4c4mpwoam4in5ngfe5rjdcsdtqgwei,nandanainthegarden.bsky.social,Nandana,"Watching the brightest star of #Democracy DAILY wane.
 Goodbye #USA. Thanks to those who elevate #Trump and support his sickness. #Greed #Oligarchy #Fascism #Racism #hate

#Canadians MUST RESIST #MAPLEMAGA #white #psuedo #Christian #nationalism  WE ARE NEXT #farright #Conservatives 
#cdnpoli #ableg",,,,0,1,1,0,2026-05-09T05:06:14Z,NA,NA,at://did:plc:25towud5ixs5i6x6rnn7qmw3/app.bsky.feed.post/3mlcoyfolqk27,,,,,
at://did:plc:k5zp2oxoeyf7fsvj2ijmcbve/app.bsky.feed.post/3mlfhw4p5zc2m,bafyreigfidajjznafv7v3xssgfyfkb2zjltyhtfpij6fta3catzhyp475q,laurenshirleyj.bsky.social,LaurenSJ,"We are so “woke” that taxpayers now own a worthless, unviable pipeline to help Alberta. Just buy it back through the pipeline buyback program. #cdnpoli",,,,0,0,1,0,2026-05-09T05:06:00Z,NA,NA,at://did:plc:4euncr44a5aflpbcbjhvjvdo/app.bsky.feed.post/3mleeok23gs2b,,,,,
at://did:plc:abt5tpb7lqr7vopkrkwfswwq/app.bsky.feed.post/3mlfho7lysw27,bafyreifdtsyigylc5crn7aiosaxfonlgglmdrge2mnmubtwwxebovhi3ny,canadareport.org,Canada Report,"Ce qu’il faut savoir ce vendredi | Hantavirus, Banque de la défense et Desjardins

Canada’s fastest news scan: 25+ headlines, no clutter, updated all day: CanadaReport.org

#cdnpoli #Canada #News 
Read Original Article 🔗",,,,0,0,0,0,2026-05-09T05:01:34Z,NA,NA,NA,,,,,
at://did:plc:zs47lvr5ppkj5ei4plscsmtk/app.bsky.feed.post/3mlfhkxmyd223,bafyreiat26tgtzyrulsmfpecu5x2trhj2hhywx426idneikclj5ryjdexe,shannonpeel.bsky.social,Shannon Peel 🇨🇦,"MisInformation is big business in the Netherlands...

Canadians need to be aware and on guard unless they want some Dutch person making a fool out of them. 

#Cdnpoli 

youtu.be/NXafC7tlqt0?...",,,,2,8,10,0,2026-05-09T04:59:49Z,NA,NA,NA,,,,,
at://did:plc:534rtmviyyobzxiedk3uywm7/app.bsky.feed.post/3mlfhctiijs22,bafyreicte7rjnm2ortoh36t7mltxaxs7dgfajpc6newldxkkcnpxlzut3q,warnkekim.bsky.social,,"That's what gets me...where is the dude from the book??? 
Where's the dude who led the world's economies into cooperation on the green front? 
Where's THAT leader? #cdnpoli",,,,1,3,10,1,2026-05-09T04:55:13Z,at://did:plc:ny5w2k6brb2kdubxnevke6li/app.bsky.feed.post/3mlf2ysiaj222,at://did:plc:ny5w2k6brb2kdubxnevke6li/app.bsky.feed.post/3mlezvtqko222,NA,,,,,
at://did:plc:k5zp2oxoeyf7fsvj2ijmcbve/app.bsky.feed.post/3mlfgmhw5hk2m,bafyreiadnhmvrf3ajglvb4zcpruw4ssduakd6xx6hhcedrsxpfbtfadqam,laurenshirleyj.bsky.social,LaurenSJ,"Some people? They’re not just “some”, they hold a specific ideology and are often influenced by misinformation and disinformation. #cdnpoli",,,,0,1,3,0,2026-05-09T04:42:44Z,NA,NA,NA,,,,,
at://did:plc:sw5qmiw6x4mtoozq2fj6xoua/app.bsky.feed.post/3mlfg3s2th22a,bafyreiev5dy5rfqyv5zobj4x7n3zrf3xzvd4u47sj2n5jpxu6yegh3ed5a,cheryllynnebradley.bsky.social, Cheryl Lynne Bradley - Canadian Author,calgary.citynews.ca/2026/05/08/a...  Separation will be the least of their worries if a biker war kicks off out there again - having lived out there during one I can attest that they really like to blow shit up and kill each other.  #cdnpoli #altapoli #satanschoice #alberta #albertabikerwars,,,,0,1,2,0,2026-05-09T04:33:25Z,NA,NA,NA,,,,,
at://did:plc:abt5tpb7lqr7vopkrkwfswwq/app.bsky.feed.post/3mlffyahxvh2z,bafyreiaeuhoqouabm5kgxmpxhxwdsgowsxgekxaevenqd7ymlxgzy2kdka,canadareport.org,Canada Report,"News of the day: Central banks share thoughts, unemployment rate rises, Enbridge says ‘game on,’ office real estate r...

Canada’s fastest news scan: 25+ headlines, no clutter, updated all day: CanadaReport.org

#cdnpoli #Canada #News #Business #Economy 
Read Original Article 🔗",,,,0,0,0,0,2026-05-09T04:31:24Z,NA,NA,NA,,,,,
at://did:plc:istu2catmtwuynu7jlh6buzl/app.bsky.feed.post/3mlffjowef223,bafyreidglncxsxw3ajfs32w7vm6us5vos3yz6o5ctfndl45xrkmapls5pm,elcanaco.bsky.social,elcanaco.bsky.social,"For comparison, Canada is 65% renewables, which is bolstered by BC, Manitoba, Quebec, PEI, and Newfoundland which are all over 97%.

Alberta (19%), Saskatchewan (20%), Ontario (38%), New Brunswick (33%), and Nova Scotia (48%) are holding Canada back.

#cdnpoli",,,,0,6,11,1,2026-05-09T04:23:16Z,NA,NA,at://did:plc:p4cho76ismuzgz4acdwlz7vf/app.bsky.feed.post/3mldq7o4gcc2f,,,,,
at://did:plc:rtczszdhggqmi237zc7syz56/app.bsky.feed.post/3mlfevrycsc2a,bafyreibklsmsfwznlqcuja77vfobhm2pmkwvxhdhtddmzyuzy7vblz2eeu,letshearit.bsky.social,Jimmy,Thank You PM Mark Carney for Smart Clam LeaderShip #Cdnpoli #Canada #ElbowsUp #LearderShip #NewWorldOrder #TeamCanada #PMMarkCarney youtu.be/NPnVgotumG0?...,,,,0,1,2,0,2026-05-09T04:12:11Z,NA,NA,NA,,,,,
at://did:plc:abt5tpb7lqr7vopkrkwfswwq/app.bsky.feed.post/3mlfecfzugh2p,bafyreibbu4vrfcawomt36nvvt2x2q3fxwwm6nucoulpxuctxzi6vyuk3pa,canadareport.org,Canada Report,"Corps trouvé dans la rivière des Prairies | La victime est un jeune homme de 18 ans disparu depuis mars

Canada’s fastest news scan: 25+ headlines, no clutter, updated all day: CanadaReport.org

#cdnpoli #Canada #News 
Read Original Article 🔗",,,,0,0,0,0,2026-05-09T04:01:17Z,NA,NA,NA,,,,,
at://did:plc:6cerjaoqr7yf474hw3gdfekz/app.bsky.feed.post/3mlfe6jemhs2s,bafyreihbia5of53ykwfbmyqtwmyvxgdsl6fmcebz764u5vd6ruacpuaxfe,fatraccoon.bsky.social,FatRaccoon 🦝🎈,"You know what will stop Alberta separatism? Blocking foreign interference and prosecuting those who accept it.

#cdnpoli",,,,1,7,17,1,2026-05-09T03:58:58Z,NA,NA,NA,,,,,
at://did:plc:k5zp2oxoeyf7fsvj2ijmcbve/app.bsky.feed.post/3mlfdmshnq22j,bafyreibxpeqhhi7j36ilpmdw4ofu5so6k4mefmhefeghmfryr42mbwdj2a,laurenshirleyj.bsky.social,LaurenSJ,"I mean… says the elite himself, who has spent 20 years in politics.  Poilievre is the establishment.  #cdnpoli",,,,1,5,13,0,2026-05-09T03:49:12Z,NA,NA,at://did:plc:hivt57rw7vrn7spldtgtndl2/app.bsky.feed.post/3mkg36rx5hc2u,,,,,
at://did:plc:zda32givby64cfbf2bri4joe/app.bsky.feed.post/3mlfdiv4r3s25,bafyreielm7xz2yhknyubf4gs5wzx34ar3r2u5skkefhqb4uy4ynwffhpy4,tyleratnk.bsky.social,Tyler @ North Kildonan,"Are you regularly wanting to read political content for Canada, Manitoba, or Winnipeg?

Tap on my profile, go to the Feeds tab, and you can subscribe to the hashtag feeds for the past 7 days on content;

#CDNpoli - Canada content
#MBpoli - Manitoba content
#WPGpoli - Winnipeg content

Enjoy!",,,,0,1,1,0,2026-05-09T03:46:59Z,NA,NA,NA,,,,,
at://did:plc:k5zp2oxoeyf7fsvj2ijmcbve/app.bsky.feed.post/3mlfd5fjgdk2j,bafyreidzbfekuvveqilq3pn3vtdd2uqqqtbkuhca255fnau6voljx74ewa,laurenshirleyj.bsky.social,LaurenSJ,"Le PQ qui flatte les séparatistes albertains, c’est assez ironique… Les Albertains accusent le Québec d’être “entretenu” par l’Alberta et le PQ leur fait des clins d’œil. Ce sont vraiment des niaiseux au PQ #cdnpoli",,,,0,2,1,0,2026-05-09T03:40:35Z,NA,NA,at://did:plc:4euncr44a5aflpbcbjhvjvdo/app.bsky.feed.post/3mlex6nhyc22b,,,,,
at://did:plc:t6fxvgbgms6srhfcprixn3lz/app.bsky.feed.post/3mlfd2bbvpk25,bafyreihu5ye65wrxutyiknkpmapofhzzjj7igc5ntwbch3ivxwocvfh7zy,abdanielsmith.bsky.social,"Danielle Smith, Premier of Alberta‎ ‎ ‎ ‎ ‎ ‎ ‎ ‎ ‎ ‎ ‎(Parody)","Had a chance to catch up with my friend Pierre Poilievre last night after arriving in Ottawa.

One of us has our security clearance and one of us doesn’t. Can you guess which one it is? 

#abpoli #ableg #cdnpoli",,,,14,14,37,1,2026-05-09T03:38:54Z,NA,NA,NA,,,,,
at://did:plc:abt5tpb7lqr7vopkrkwfswwq/app.bsky.feed.post/3mlfcna44jv2k,bafyreida2yp77prio2hpd4pduraagwzi44ifk3vbajf4kdr25xnrurj2ni,canadareport.org,Canada Report,"TomaGold Announces Closing of Second and Final Tranche of Private Placement

Canada’s fastest news scan: 25+ headlines, no clutter, updated all day: CanadaReport.org

#cdnpoli #Canada #News #Business #Economy 
Read Original Article 🔗",,,,0,0,0,0,2026-05-09T03:31:33Z,NA,NA,NA,,,,,
at://did:plc:k5zp2oxoeyf7fsvj2ijmcbve/app.bsky.feed.post/3mlfckftkr22a,bafyreibiaoca7jud7p6gupxddoskqqkyhdbrxlwsnim4sj4dqx7p4slf4y,laurenshirleyj.bsky.social,LaurenSJ,"Finish the sentence....  

""Back to the centre"" ...

between an alt-right post on X and a freedom convoy group chat.” #cdnpoli",,,,0,0,3,0,2026-05-09T03:29:58Z,NA,NA,at://did:plc:4euncr44a5aflpbcbjhvjvdo/app.bsky.feed.post/3mlegizm3vs2b,,,,,
at://did:plc:3xew4hczefc7m4dauvg7hlxm/app.bsky.feed.post/3mlfc6qd57s2j,bafyreihcqdvgssyrlmrusslvrlns2kssjkwxz7m6z6zyepouwhgwvpgoaa,lancetay.bsky.social,Lance Taylor (VA6LAT) 🇨🇦 #RangerBobRadio,"#Albertastan #abpoli #cdnpoli #Canada

👊🇺🇸🔥 #FAFO #Never51 #Canada #ElbowsUp #BuyCanadian 🍁",,,,0,2,4,0,2026-05-09T03:23:27Z,NA,NA,at://did:plc:rjmjkblu6mbdmufkfyqoslu6/app.bsky.feed.post/3mlfbzax67k2f,,,,,
at://did:plc:k5zp2oxoeyf7fsvj2ijmcbve/app.bsky.feed.post/3mlfbzgopb22a,bafyreiaumwyrgbg7s2jwhaja3tp5yfm3aoynajuhjrdx6mclpjmmerexou,laurenshirleyj.bsky.social,LaurenSJ,Because Trump is obviously so much better. Why do they love arsonists? Alberta is receiving greater oil revenue because the world is literally on fire and individuals’ wallets are being pinched. Wonderfully ethical. #cdnpoli,,,,1,3,3,0,2026-05-09T03:20:29Z,NA,NA,at://did:plc:4euncr44a5aflpbcbjhvjvdo/app.bsky.feed.post/3mleikbgnfs2b,,,,,
at://did:plc:x6ecc3rko5rsaa6f2xyokalv/app.bsky.feed.post/3mlfbwt3np22n,bafyreidfah62pglhnbgo5y64fkejrhojgl5e2ixp72tnh7ilinwhvureq4,omnidion.bsky.social,Errol Musk (PV),"This can what can happen to you if you visit the US today.. Absolutely despicable 

newrepublic.com/post/210185/...

#cdnpoli",,,,0,1,1,0,2026-05-09T03:19:03Z,NA,NA,NA,,,,,
at://did:plc:k5zp2oxoeyf7fsvj2ijmcbve/app.bsky.feed.post/3mlfbv7nezs2a,bafyreigzyywounbxfgdgcndop5ues3e3bbgd2hobnavvq2i3pbvt3krmme,laurenshirleyj.bsky.social,LaurenSJ,"If Dani, the quisling, says so, it must be untrue #cdnpoli",,,,0,2,2,0,2026-05-09T03:18:07Z,NA,NA,at://did:plc:4euncr44a5aflpbcbjhvjvdo/app.bsky.feed.post/3mleoil5hmk2b,,,,,
at://did:plc:k5zp2oxoeyf7fsvj2ijmcbve/app.bsky.feed.post/3mlfbg47d222a,bafyreigiatkphvmfaerlcy2gaq5h5z3sdk3xdko53xr6hh5fhyz2asfotm,laurenshirleyj.bsky.social,LaurenSJ,An article of such importance should not be behind a paywall. We need to stop being quiet against our elected officials being threatened every day. Silence legitimizes violence.  #cdnpoli,,,,0,2,3,0,2026-05-09T03:09:40Z,NA,NA,at://did:plc:4xqt7t2zph634drigtdxdmro/app.bsky.feed.post/3mlfb3z7yl22c,,,,,
at://did:plc:abt5tpb7lqr7vopkrkwfswwq/app.bsky.feed.post/3mlfaxe3dte2b,bafyreial2qvf2xr7b76n326fazrgspyt6ogy46vu2oakgqthze4cjggfku,canadareport.org,Canada Report,"Projet de près de 160 millions | Montréal inaugure son centre animalier

Canada’s fastest news scan: 25+ headlines, no clutter, updated all day: CanadaReport.org

#cdnpoli #Canada #News 
Read Original Article 🔗",,,,0,1,0,0,2026-05-09T03:01:25Z,NA,NA,NA,,,,,
at://did:plc:frwecggow7f5ertmucxfcxqq/app.bsky.feed.post/3mlfa2dviy22q,bafyreihpl42yb4z37b2e3tk7m7ih64yty6xcpnd7lkmiwtwpluqezucmdm,jrmccranker.bsky.social,Jason McCrank,This is going to drive President Pedophile nuts. #uspoli #cdnpoli,,,,0,0,3,0,2026-05-09T02:45:13Z,NA,NA,at://did:plc:kx375dszrbvqtu7o4xxxmojn/app.bsky.feed.post/3mlf2cazutk2o,,,,,
at://did:plc:52x4hgh43acag3ecs2qi57tr/app.bsky.feed.post/3mlf7if5wpc2y,bafyreiax2co7krelhha5wly2eau6362dncbsxzvs6yzjl2a5oflrlxjrmy,albertagirl67.bsky.social,albertagirl67 🇨🇦🇺🇦👊🐧🔥,#abpoli #cdnpoli,,,,0,1,2,0,2026-05-09T02:35:09Z,NA,NA,at://did:plc:nont2yyr6zgjd6bryhn7aw7b/app.bsky.feed.post/3mle6wxnofc23,,,,,
at://did:plc:xzgwn3nornr6v6cdd2fqsdru/app.bsky.feed.post/3mlf7emnv5k2r,bafyreicoyknrzdkevfya3uzdvxodfx5fwkhgpgsqrcqfaf7jxqruvo62xq,mikemontreal.bsky.social,Montreal Mike🇨🇦,"Man, Alex Newhook is having a wildly successful post-season. 
The newfie is on fire, bye. 
#cdnpoli",,,,0,0,2,0,2026-05-09T02:33:03Z,NA,NA,NA,,,,,
at://did:plc:abt5tpb7lqr7vopkrkwfswwq/app.bsky.feed.post/3mlf7bqn2al2j,bafyreiai7qdfhosqutijermxvx2fhhrad46caymp4cmdsshxwu3k2xxosa,canadareport.org,Canada Report,"Brookfield Asset Management Announces Results of Annual Meeting of Shareholders

Canada’s fastest news scan: 25+ headlines, no clutter, updated all day: CanadaReport.org

#cdnpoli #Canada #News #Business #Economy 
Read Original Article 🔗",,,,0,0,0,0,2026-05-09T02:31:27Z,NA,NA,NA,,,,,
at://did:plc:hxcxag3apoqmi5kcecebbxbm/app.bsky.feed.post/3mlf7bl76d22u,bafyreiaezetarzlmmp4oat235iiuuc6yvponrsc2cohb5rpnkmg5ant4e4,thoughtsnations.bsky.social,Blackfoot Niitsítapi🪶🇨🇦🇺🇸🏳️‍🌈🏳️‍⚧️💙🌎🐾🐾🐝🦋🦅🦬🦫🐋🦆🦉🐧🐦‍⬛🐻🦊,#Alberta has been under conservatism in that province for more than 60 years! What did Harper build in 11 years in power? PM #MarkCarney has a “pipe dream!” 🪶😡🌲🌳🦬🐺🦌🦊🦅🐦‍⬛🦉🐻🦫🐋🐟 #TreatyRights #BCCoastSalishNations #cdnpoli  www.cbc.ca/news/canada/...,,,,0,3,4,0,2026-05-09T02:31:21Z,NA,NA,NA,,,,,
at://did:plc:xzgwn3nornr6v6cdd2fqsdru/app.bsky.feed.post/3mlf6esrwg22a,bafyreicwfvm23ec6i6cfislredxkhwbg3m757pczhexsactwqeybuxs7ze,mikemontreal.bsky.social,Montreal Mike🇨🇦,"I haven’t been feeling well today after cleaning that filthy water that flooded my kitchen yesterday. 🤕 

Hope you all have a nice start to the weekend. 

Do your census. 

Donate to help me move if you can. 
🫶❤️
#cdnpoli 
gofund.me/b94f9d6ab",,,,0,2,2,0,2026-05-09T02:15:16Z,NA,NA,NA,,,,,
at://did:plc:k5zp2oxoeyf7fsvj2ijmcbve/app.bsky.feed.post/3mlf677oj5c2g,bafyreibqyqtopj2zwsmevqznzqxtxdatqv33oj2g3es76sbio5vxlmiemm,laurenshirleyj.bsky.social,LaurenSJ,"Maybe it’s a provincial UCP government problem? They obviously can’t figure out how to improve Albertans’ standard of living. I mean, privatization is perhaps not the best model… just saying. In the meantime, the UCP claims they can’t figure it out, and voters keep re-electing them. #cdnpoli",,,,0,2,2,0,2026-05-09T02:12:08Z,NA,NA,at://did:plc:lar2o6mnnvln22w6kgnpifli/app.bsky.feed.post/3mleywkb25s24,,,,,
at://did:plc:rtczszdhggqmi237zc7syz56/app.bsky.feed.post/3mlf5xaphcc2v,bafyreib3bk5tfnvgqq3zjcoryzh64h74ql7uxu2dovwrb6umzh3zgugtd4,letshearit.bsky.social,Jimmy,Canada's Future looks bright  #Cdnpoli #Canada #TeamCanada #Liberal #ElbowsUp #Canadastrong #PMMarkCarney youtu.be/3Wpx8l9GOc4?...,,,,0,3,7,0,2026-05-09T02:07:43Z,NA,NA,NA,,,,,
at://did:plc:iyyzcuc24pgchmsbjnsa3wu3/app.bsky.feed.post/3mlf5og6plk26,bafyreia6wm4rraiq6ku374xnvf75isxddqptqkxz3hkxlwjggz4yzjoqtu,torontokate.bsky.social,🎶 I Will Choose Freewill 🇨🇦,"Manitoba has the highest new diagnosis rate of HIV of any province in Canada

#cdnpoli #onpoli #bcpoli #abpoli #skpoli #mbpoli #polqc #nbpoli #nspoli #nlpoli #peipoli #CanadaSky",,,,0,1,1,0,2026-05-09T02:02:47Z,NA,NA,NA,,,,,
at://did:plc:rtczszdhggqmi237zc7syz56/app.bsky.feed.post/3mlf5nl6dgk2v,bafyreidy3n4x62fp4mpaqp5afhctw4jzlzjt73zfuhzqfumvjtbhbgtljy,letshearit.bsky.social,Jimmy,Mexico and Canada 🇨🇦 🇲🇽 #Cdnpoli #TradeWar #Mexico #Canada #NewWorldOrder youtu.be/b1TR7htmZeg?...,,,,1,4,5,0,2026-05-09T02:02:20Z,NA,NA,NA,,,,,
at://did:plc:ifi6xqgbojwquosnkvzx3gna/app.bsky.feed.post/3mlf5maqah223,bafyreidftlv3vevdtllbjpp3x4jzz4v7iridlxmpjmsxvhg24rrvxu2owy,leftcoasttreefrog.bsky.social,Left Coast Tree Frog 🕊️,"GOP senator hit with 'doozy of an ad' over Epstein donations
#cdnpoli
www.rawstory.com/husted-epste...",,,,0,1,3,0,2026-05-09T02:01:33Z,NA,NA,NA,,,,,
at://did:plc:abt5tpb7lqr7vopkrkwfswwq/app.bsky.feed.post/3mlf5m6kbui2p,bafyreigphmczoq2nvasb5daysmjl6mugwccd6r3driitq2ur7z3k2ehcdm,canadareport.org,Canada Report,"Former defence minister Harjit Sajjan’s new startup lays groundwork for public listing

Canada’s fastest news scan: 25+ headlines, no clutter, updated all day: CanadaReport.org

#cdnpoli #Canada #News #Tech #AI 
Read Original Article 🔗",,,,0,0,1,0,2026-05-09T02:01:29Z,NA,NA,NA,,,,,
at://did:plc:jeuzjfwsgn62xfoe7qo4jul5/app.bsky.feed.post/3mlf5l7czm22u,bafyreifwvvi4igaelv6dtfg6qw4mi3qlvwhrcwi7dwj4yvwtob5opdovwu,bigclimate.bsky.social,Bentley ****TALK CLIMATE****,"Liberal minority governments with NDP holding the catbird seats have produced some of the best policy Canada has ever seen, #UniversalHealthcare included. #cdnpoli",,,,0,0,2,0,2026-05-09T02:00:59Z,at://did:plc:qc6knwwrxlwb7m2davffjpst/app.bsky.feed.post/3mlf4mymwy22i,at://did:plc:jeuzjfwsgn62xfoe7qo4jul5/app.bsky.feed.post/3mleyp2iufc2g,NA,,,,,
at://did:plc:istu2catmtwuynu7jlh6buzl/app.bsky.feed.post/3mlf4zpxme223,bafyreiezkxiooha74ydkot26qfhffqw6hzcwejsajx4uznczaebeh4uveq,elcanaco.bsky.social,elcanaco.bsky.social,"Public services don't bleed money. It's not a private business. We invest money and receive a service in return.

Similar to the RCMP. Or healthcare. Public services.

Stop with the ridiculous framing of Canada Post as anything other than what it is - a public service.

#cdnpoli #bcpoli #CanadaPost",,,,0,4,22,0,2026-05-09T01:51:10Z,at://did:plc:wcbklqh2lyspt3oypwvrudl7/app.bsky.feed.post/3mleofrkpj72y,at://did:plc:wcbklqh2lyspt3oypwvrudl7/app.bsky.feed.post/3mleofrkpj72y,NA,,,,,
at://did:plc:52x4hgh43acag3ecs2qi57tr/app.bsky.feed.post/3mlf4yp4kks2y,bafyreig3qfrxezskab4wzcn2yoilbfzjnqkw4ybb5gpsngnxn67nicmwju,albertagirl67.bsky.social,albertagirl67 🇨🇦🇺🇦👊🐧🔥,Jeez H Christ. This just gets more & more f**ked up.  #abpoli #cdnpoli,,,,0,4,10,1,2026-05-09T01:50:35Z,NA,NA,at://did:plc:zh5dfrgucq2td5ngz2wtlzle/app.bsky.feed.post/3mlesiewxrc2s,,,,,
at://did:plc:52x4hgh43acag3ecs2qi57tr/app.bsky.feed.post/3mlf4hep6wk2y,bafyreigwtiqep3s56qgd2cwqeoqpohb5doxtkatyxpsfwt4yk5x5vy776q,albertagirl67.bsky.social,albertagirl67 🇨🇦🇺🇦👊🐧🔥,I'm not a conspiracy theorist 😉but wondering if the pipeline distraction is also connected to the Alberta stablecoin CCAD AB Treasury Brd is very quietly giving the thumbs up to. AIMCo involved as well. And of course it's out of Calgary. #abpoli #cdnpoli www.coindesk.com/business/202...,,,,1,2,5,0,2026-05-09T01:40:55Z,at://did:plc:ip3pfuygj7kdm2toqq6ijcc6/app.bsky.feed.post/3mlf3jeiqtk2s,at://did:plc:52x4hgh43acag3ecs2qi57tr/app.bsky.feed.post/3mlf2ymjptc2y,NA,,,,,
at://did:plc:eaeuyrvdlqvjgznelgcdimct/app.bsky.feed.post/3mlf4c2aadk2h,bafyreigquax6re7ofqkbywoadcaxujxzngyioczecqk4glnhur5axervim,madhat59kenwood.bsky.social,Ken Wood part owner of 🇨🇦,Thank you Arlene 🇨🇦💪 #cdnpoli,,,,0,3,6,0,2026-05-09T01:37:55Z,NA,NA,at://did:plc:ka4glihmwicjzf2jbdssybyd/app.bsky.feed.post/3mlf3yhbp2c2l,,,,,
at://did:plc:abt5tpb7lqr7vopkrkwfswwq/app.bsky.feed.post/3mlf3wmssj727,bafyreifxkxhjtxd2x3rretdzu3pfuttp3fjs4e7xggkf67inipjcwylsrm,canadareport.org,Canada Report,"Trump Punts Thorniest Iran Challenges in Push to Reopen Hormuz

Canada’s fastest news scan: 25+ headlines, no clutter, updated all day: CanadaReport.org

#cdnpoli #Canada #News #Business #Economy 
Read Original Article 🔗",,,,0,0,1,0,2026-05-09T01:31:32Z,NA,NA,NA,,,,,
at://did:plc:neckefdhqpbcdceuh7mup3ir/app.bsky.feed.post/3mlf3wekb2s22,bafyreia36lv76idf2l5hueoqxnc7a2cl3nkmctk3vwcb57h4fadbnomydu,sproudfoot.bsky.social,Shannon Proudfoot,"New from me, on a listless speech to the Canada Strong and Free Network conference: Pierre Poilievre encounters nothing but jerks, all day long. #cdnpoli
www.theglobeandmail.com/politics/opi...",,,,12,9,41,5,2026-05-09T01:31:24Z,NA,NA,NA,,,,,
at://did:plc:ztg7s6zljk4yy3vj3az4vc4k/app.bsky.feed.post/3mlf3w4irsk2g,bafyreibutodtslbum2xksdpngshs5qpn2lf2tdqekb6kebohufzww67imq,earthangel777.bsky.social,EarthAngel777,"I choose prosperity because Carney following Net Zero for the 1% to benefit only is not prosperous at all for us Canadians!  
youtu.be/VWhL3xy-QDk?...
#topoli #onpoli #cdnpoli",,,,0,0,0,0,2026-05-09T01:31:18Z,NA,NA,NA,,,,,
at://did:plc:52x4hgh43acag3ecs2qi57tr/app.bsky.feed.post/3mlf3mg25m22y,bafyreienqmwkg2nmtubailwjqyvdnz5wak3mzzmj4md6jj5birgbvndwfm,albertagirl67.bsky.social,albertagirl67 🇨🇦🇺🇦👊🐧🔥,"#abpoli #cdnpoli The identity of every person who accessed the Alberta Voters' List from the Centurion Project needs to be publicly released and all information on the Alberta Republican Party, its officers, donors, & candidates. Albertans deserve to know who has f**ked around with their information",,,,1,1,8,0,2026-05-09T01:25:49Z,NA,NA,NA,,,,,
at://did:plc:jeuzjfwsgn62xfoe7qo4jul5/app.bsky.feed.post/3mlf3lubajk24,bafyreiabxa5365wsw5juibcthzesvijpuujiwvoh7cz24frbcw7jk3mh5i,bigclimate.bsky.social,Bentley ****TALK CLIMATE****,"🧵 #MarkCarney is failing on #ClimateChange
#cdnpoli",,,,1,5,11,0,2026-05-09T01:25:31Z,NA,NA,at://did:plc:ny5w2k6brb2kdubxnevke6li/app.bsky.feed.post/3mlezvtqko222,,,,,
at://did:plc:567fxod3y7rp6nh7uz2dzitq/app.bsky.feed.post/3mlf3khxiec2c,bafyreih4n6jtzhxfvn32qtswcw4clwk5c73d4ovtyky52lou7msh4stvie,avanishedghost.bsky.social,A Vanished Ghost 🇨🇦,I’m honestly so ready for another rally at the Alberta Legislature Building to stand against the separation referendum or at least protest against Danielle Smith #Alberta #ABpoli #Canada #CdnPoli,,,,2,1,6,1,2026-05-09T01:24:46Z,NA,NA,NA,,,,,
at://did:plc:jeuzjfwsgn62xfoe7qo4jul5/app.bsky.feed.post/3mlf3ixcrvs24,bafyreihq4v4s2ua47zeo6ho4k6s7mvfxyea23mxvafk7bi4hvw74gvgijy,bigclimate.bsky.social,Bentley ****TALK CLIMATE****,So far @avilewis.ca has been spot on inre #ClimateChange a whole bunch of other things #cdnpoli,,,,1,0,1,0,2026-05-09T01:23:55Z,at://did:plc:y6d3tji5liayzcblycphxs6f/app.bsky.feed.post/3mlf3dcxcfs22,at://did:plc:jeuzjfwsgn62xfoe7qo4jul5/app.bsky.feed.post/3mleyp2iufc2g,NA,,,,,
at://did:plc:567fxod3y7rp6nh7uz2dzitq/app.bsky.feed.post/3mlf3ffa4mk2c,bafyreiaewxsr6hcbogaghzoc22jisojygsgv6l23fp2s7lamuc3uwubs3e,avanishedghost.bsky.social,A Vanished Ghost 🇨🇦,"Oh of course there are UCP members being involved with the separatists committing mass data breaching of many Albertans. It’s not surprising to see the corrupt working along with the traitors (although the two are pretty much the same)
#Alberta #ABpoli #Canada #CdnPoli",,,,0,3,6,0,2026-05-09T01:21:54Z,NA,NA,at://did:plc:juxszadcuf2kddb6fjthsu2g/app.bsky.feed.post/3ml5bwuvzsk2v,,,,,
at://did:plc:7clspctikalivcrzqthdk3pp/app.bsky.feed.post/3mlf3amwbq22r,bafyreiab67tjjpuxjbqgu2ai2up2kfvotklhbash4rlvun5b54miuy3eyq,sammyhamburger.bsky.social,Sammy Hamburger 🇨🇦,"While PP & Smith are busy speaking at their magafest.....
#cdnpoli",,,,0,0,2,0,2026-05-09T01:19:14Z,NA,NA,at://did:plc:kx375dszrbvqtu7o4xxxmojn/app.bsky.feed.post/3mlf2cazutk2o,,,,,
at://did:plc:567fxod3y7rp6nh7uz2dzitq/app.bsky.feed.post/3mlf34a56nc2c,bafyreidsa7oojjx44az5gj6mwrhvqrpvmbqytgjcdqerziqwn4sjifr73u,avanishedghost.bsky.social,A Vanished Ghost 🇨🇦,You know when the shit REALLY hits the ceiling fan at full speed if the news on the Albertan separatist clown show has gone as far as being reported to Taiwan #Alberta #ABpoli #Canada #CdnPoli,,,,2,0,5,0,2026-05-09T01:16:49Z,NA,NA,NA,,,,,
at://did:plc:52x4hgh43acag3ecs2qi57tr/app.bsky.feed.post/3mlf2ymjptc2y,bafyreib2jlx6yxezfdvwjgj57finz4i4whmpt4x7xr6w6rff36t7uejlhq,albertagirl67.bsky.social,albertagirl67 🇨🇦🇺🇦👊🐧🔥,Seems the Danielle/UCP PR people with the collusion of mainstream media is trying to deflect from the complicity of the premier & the UCP with AB Separatists & their voter list data breach clusterf**k by pushing a narrative of Carney not moving on the pipeline. #abpoli #cdnpoli,,,,2,3,6,0,2026-05-09T01:14:45Z,NA,NA,NA,,,,,
at://did:plc:re7tflvczjceanwkco2bseqb/app.bsky.feed.post/3mlf2cqrh3s2m,bafyreidjjaozkgzuuuxaew2b6wpsqhcs6l5jk65dpj6y6bpzcm3w2zjy7i,bella-andme.bsky.social,Sherry Lee,"The best question he asked her. The one I wanted to hear her asked.
#pnpcbc #cdnpoli",,,,2,0,1,0,2026-05-09T01:02:32Z,NA,NA,at://did:plc:4euncr44a5aflpbcbjhvjvdo/app.bsky.feed.post/3mlep6jmugs2b,,,,,
at://did:plc:abt5tpb7lqr7vopkrkwfswwq/app.bsky.feed.post/3mlf2aogbfq2t,bafyreibjr2d44yftw3no6y5rizqknyioxq62rzicftioysymrxxewnptbu,canadareport.org,Canada Report,"Women’s Equity Lab Manitoba closes Fund 3 at $300,000

Canada’s fastest news scan: 25+ headlines, no clutter, updated all day: CanadaReport.org

#cdnpoli #Canada #News #Tech #AI 
Read Original Article 🔗",,,,0,0,0,0,2026-05-09T01:01:22Z,NA,NA,NA,,,,,
at://did:plc:ifi6xqgbojwquosnkvzx3gna/app.bsky.feed.post/3mlf25pbus22f,bafyreiafh44zqhokodqel5gx3pv2xzz63tpkqlc7zacapqh3mzvjf6xenq,leftcoasttreefrog.bsky.social,Left Coast Tree Frog 🕊️,"US military strike on alleged drug boat in the eastern Pacific murders 2, leaves a survivor.
#cdnpoli
www.winnipegfreepress.com/world/2026/0...",,,,1,0,1,0,2026-05-09T00:59:43Z,NA,NA,NA,,,,,
at://did:plc:ifi6xqgbojwquosnkvzx3gna/app.bsky.feed.post/3mlezrjw3vk2h,bafyreibh5gcbk3zcn5xjile4kjmdzwnwzppsxhyptjwniuegchbdimvvju,leftcoasttreefrog.bsky.social,Left Coast Tree Frog 🕊️,"Union wants federal scrutiny of $55B US Electronic Arts sale over national security risks.
Saudi sovereign wealth fund, private equity firm headed by Jared Kushner aims to take over video game maker.
#cdnpoli
www.cbc.ca/news/canada/...",,,,1,0,2,0,2026-05-09T00:52:55Z,NA,NA,NA,,,,,
at://did:plc:w7yhpanniwt2sweiorkvec7j/app.bsky.feed.post/3mlezf5fbvs24,bafyreifz5qvh6r36kmohc2jktulzwtogauez7kdjm67rtmwrx74j2fqgzi,luciecatnip.bsky.social,Lucie🐈‍⬛Catnip ,"""Smith said this progress comes at a crucial time — as activists in her province push for a referendum on separation — and it could demonstrate to Albertans that ""Canada can work.""

~~

A pipeline agreement will not change their minds. Wake up.

#abpoli #cdnpoli

www.cbc.ca/news/politic...",,,,2,4,8,0,2026-05-09T00:45:59Z,NA,NA,NA,,,,,
at://did:plc:64x5pkpfozsljnoqtd7f7p4q/app.bsky.feed.post/3mlezch2rjc23,bafyreihrnfuw6tcek5x7q4u2pcrrnfybuu6vjeboqugkmrwekb73fwmfyu,nigelb.bsky.social,NigelBankes,"Proposed transparent title
""An Act to Gut Federal Environmental Laws while 'Protecting' the Public Interest by Deferring to Project Proponents and Provincial Regulatory Schemes"".
RIP federal environmental assessment & species protection laws.
#abpoli #ableg #cdnpoli",,,,2,1,9,0,2026-05-09T00:44:28Z,at://did:plc:64x5pkpfozsljnoqtd7f7p4q/app.bsky.feed.post/3mlez4agpxk23,at://did:plc:64x5pkpfozsljnoqtd7f7p4q/app.bsky.feed.post/3mlez4agpxk23,NA,,,,,
at://did:plc:sywtwkbhpdibiprqvv7epcto/app.bsky.feed.post/3mleyuvzso22a,bafyreih6yabt4x6asnv4uud5iegreki66677vejggfs3k5h2jaqv4p2k2q,elliott4mp.bsky.social,"Derek Elliott, Libertarian","Huge shoutout to RDNewsNOW for featuring the Libertarian Party. It’s time we start talking about real freedom and getting the government out of our lives. Glad to see local media giving these ideas a platform. Let’s keep the momentum going.
#cdnpoli #libertarian 
rdnewsnow.com/2026/05/08/b...",,,,0,1,1,0,2026-05-09T00:36:56Z,NA,NA,NA,,,,,
at://did:plc:jeuzjfwsgn62xfoe7qo4jul5/app.bsky.feed.post/3mleyp2iufc2g,bafyreifkubktaeazizbda6fi27gxefbe7e67p53cyx6ch4bhkcum6i4hwa,bigclimate.bsky.social,Bentley ****TALK CLIMATE****,I wil not be supporting #MarkCarney nor his fellow Conservative #PierrePoilievre in the next election. #cdnpoli #ClimateChange,,,,1,3,8,0,2026-05-09T00:33:38Z,NA,NA,at://did:plc:y6d3tji5liayzcblycphxs6f/app.bsky.feed.post/3mlexad6pcs2e,,,,,
at://did:plc:abt5tpb7lqr7vopkrkwfswwq/app.bsky.feed.post/3mleylhdjwz2k,bafyreihlimysol3kecbaw6nnudr5aeqsaqdyk4ml7piikpca5keie5yati,canadareport.org,Canada Report,"ISC to Release 2026 First Quarter Financial Results on May 15, 2026

Canada’s fastest news scan: 25+ headlines, no clutter, updated all day: CanadaReport.org

#cdnpoli #Canada #News #Business #Economy 
Read Original Article 🔗",,,,0,0,0,0,2026-05-09T00:31:36Z,NA,NA,NA,,,,,
at://did:plc:cjsmjgdrpg7wqwbjrevriueo/app.bsky.feed.post/3mley7kz7js2g,bafyreicxdpxo5iagakgocjbphwt6lzggoubrpaxc2fxegs5ipvevnlu77e,cindylee.bsky.social,Cindy Lee 🇨🇦,"There is a pattern. ""How to Hand Your Province to a Foreign Power. Daniel Smith playbook..."" Smith's 10 point plan.
#cdnpoli",,,,1,2,8,0,2026-05-09T00:24:58Z,NA,NA,NA,,,,,
at://did:plc:4qz245vzimsqtch736gyva3m/app.bsky.feed.post/3mley73gvak25,bafyreiap2cvmujln2l5pdgcptfgumleb3dpzkvhkbfgwqpmammdm5rpzbq,venilia13.bsky.social,NA,#Canada #Cdnpoli,,,,0,0,2,0,2026-05-09T00:24:41Z,NA,NA,at://did:plc:jzjhu672veifvnae33gunnf3/app.bsky.feed.post/3mlbf2hb4ok2i,,,,,
at://did:plc:x2fori67bggzcj2a6c7sj6ur/app.bsky.feed.post/3mlexlkyyds2l,bafyreiagjegxmum55g4zypl3ccn2bordly3g5qmkyleu3xocztq4rt5srq,jimmydp01.bsky.social,J Payne,"Isreali outlawed Aljazeera News;

"" Israel’s genocide in Gaza in numbers ... ""

@mark-carney.bsky.social 
@anitaoakvilleeast.bsky.social 

#ICC #ICJ 

#Gaza #Palestine 
#Cdnpoli #BCPoli",,,,0,0,0,0,2026-05-09T00:13:49Z,NA,NA,NA,,,,,
at://did:plc:re7tflvczjceanwkco2bseqb/app.bsky.feed.post/3mlex4wzijk2a,bafyreib7tackk2fqmh7bz7nf22vbjwnfm2my7aut2dxqfardfehl4d3jq4,bella-andme.bsky.social,Sherry Lee,"One take away from the Danielle Smith interview tonight on “PnP” - being in studio & not on a monitor there was direct eye to eye contact with Cochrane across the desk as he questioned her. There were moments where you could see her discomfort. That was good. 
#pnpcbc #abpoli #cdnpoli",,,,0,1,7,0,2026-05-09T00:05:35Z,NA,NA,NA,,,,,
at://did:plc:e7ejfgs34z7mnycukyutodno/app.bsky.feed.post/3mlex4pjsm223,bafyreihn46g72s26urhbb6mbgkboiinmktgeq6jj3xinns3eykf3bbmdu4,purlgurly.bsky.social,Larissa,"From The Star's article: ""Canadians expected better when they elected this government. They voted for a government that would shield us from the threat posed by the current U.S. administration, not to mimic their legislative agenda,” said Équiterre’s Marc-André Viau."" #CDNpoli",,,,0,6,11,1,2026-05-09T00:05:27Z,NA,NA,at://did:plc:c4s2iazqxczwrujcypadou7o/app.bsky.feed.post/3mlehlqa37c2v,,,,,
at://did:plc:abt5tpb7lqr7vopkrkwfswwq/app.bsky.feed.post/3mleww2ksuk2j,bafyreihnwq472j33xaa6ehga5x56bwqivhplbldikiahc6rg7xzut2nbiq,canadareport.org,Canada Report,"Suivre le Canadien à l’étranger | Une religion… malgré le décalage horaire

Canada’s fastest news scan: 25+ headlines, no clutter, updated all day: CanadaReport.org

#cdnpoli #Canada #News 
Read Original Article 🔗",,,,0,0,0,0,2026-05-09T00:01:44Z,NA,NA,NA,,,,,
at://did:plc:u3svmzdk6udn2mguiwnmocr6/app.bsky.feed.post/3mlews5ksuvv2,bafyreie27dnaxt65gj2hpz3b24iioybp4ehag4yrujoqctxzqapzt36jty,maxfieldripken.mastodon.social.ap.brid.gy,Stephen Elliott~Buckley,"This looks absolutely amazing!

https://fed.brid.gy/r/https://variety.com/2025/film/features/at-the-place-of-ghosts-indigenous-horror-movie-tiff-1236510003/

Trailer:
https://m.youtube.com/watch?v=1W_fC5xH6vA

#AtthePlaceofGhosts #nspoli #whitepatriarchy #racism #colonialism #genocide […]",,,,0,0,0,0,2026-05-08T23:59:37Z,NA,NA,NA,,,,,
at://did:plc:mgmhq5daplfs52ztiocmae74/app.bsky.feed.post/3mlewkcheqc22,bafyreieikhl6uklfrkbsz2nz2ok3jesm44s2f2yvuskymyulyjybzwu6ou,o-tawdry.bsky.social,Bridget McGrath 🇨🇦,"Doug Ford, Captain America wolf in Captain Canada sheep's clothing.

#onpoli #cdnpoli 

www.nationalobserver.com/2026/05/08/n...",,,,0,13,12,0,2026-05-08T23:55:15Z,NA,NA,NA,,,,,
at://did:plc:lyvztfv2xp5su33ype2ddqgk/app.bsky.feed.post/3mlewfbp7hc25,bafyreidb7u72itudjl7g7pny6rkiep47vs6cuwovhbybrnjfmc55twxl7q,bibliophile99.bsky.social,Serena,#cdnpoli that’s an awful lot of money ! No wonder the deficit so big,,,,1,0,1,0,2026-05-08T23:52:21Z,NA,NA,at://did:plc:yjttealc67ug6p2ndr6gssye/app.bsky.feed.post/3mlew47hy2c2g,,,,,
at://did:plc:seksal3se2w6dnxzn46wv3ez/app.bsky.feed.post/3mlew44iif22k,bafyreihemapijx2awqvpficqfp2kjg2lmyhjry5n4zf4rohfyivoyi63jm,superawesomefunguy.bsky.social,Super Awesome Fun Guy,"#cdnpoli
#canadasky 🇨🇦🦋",,,,0,2,5,0,2026-05-08T23:37:38Z,NA,NA,NA,,,,,
at://did:plc:dn72yjufywkshdvvyo6e7znb/app.bsky.feed.post/3mlevkjqpec2u,bafyreicw7keyxv3uvnfzgsqlnglrsllf7463rmz2mrgmizm6rlikdr6xhu,greenpartynetwork.bsky.social,Green Party Network,#Zionists #zionism #gazagenocide #uspoli #israelisaterroriststate #holocaust #ideology #israel #eupoli #cdnpoli #ukpoli #frpoli,,,,0,0,0,0,2026-05-08T23:37:26Z,NA,NA,NA,,,,,
at://did:plc:abt5tpb7lqr7vopkrkwfswwq/app.bsky.feed.post/3mlev7yuutj2p,bafyreigpgjr44o57wg5luuoz3g7abc5kx4kxeg7dusjgydmubknjvmrjbu,canadareport.org,Canada Report,"Hamilton ETFs Launches Two New YIELD MAXIMIZER™ ETFs

Canada’s fastest news scan: 25+ headlines, no clutter, updated all day: CanadaReport.org

#cdnpoli #Canada #News #Business #Economy 
Read Original Article 🔗",,,,0,0,0,0,2026-05-08T23:31:30Z,NA,NA,NA,,,,,
at://did:plc:fkmrbdlv2yoo5iebg4j6eqjh/app.bsky.feed.post/3mleuybdjuc2o,bafyreiav2bgigzykxkqvmp5w7kjzpmxbryl3yjlerdigpwbpoc44li3npy,wcelaw.bsky.social,West Coast Environmental Law,"“These changes amount to a wholesale shredding of Canada’s environmental safety net. This isn’t a transformation, it’s an evisceration.""—WCEL Lawyer Anna Johnston. Our full reaction to the latest proposal to weaken enviro & regulatory oversight over major projects: wcel.org/media-releas... #cdnpoli",,,,1,11,10,1,2026-05-08T23:27:14Z,NA,NA,NA,,,,,
at://did:plc:nojsdi2vbnqidm37brlyfgta/app.bsky.feed.post/3mleuxv3wmc2w,bafyreidb3fbmcg436llv3xvncbmrprhrc2mic3djjw5xlafab5ommo2gjy,hipmum29.bsky.social,hipmum29 🇨🇦,"#Femicide has long been an epidemic in this country.  The fact a teen boy has not been raised better in this days & age speaks to the wider societal problem at large that is obviously getting worse, not better. 
#ToxicMasculinity #CDNpoli #CANpoli #misogyny  
www.cbc.ca/news/canada/...",,,,0,0,0,0,2026-05-08T23:27:00Z,NA,NA,NA,,,,,
at://did:plc:ovf5l46vctrnscii22bmlzud/app.bsky.feed.post/3mleuwakfzc2z,bafyreigok3rlxouyuafd2bk5ifz5ewut35iiyyugivjwa65b5dlgarbtqm,lisa1111can.bsky.social,Lisa E 🇨🇦,"#MapleMAGAT
#DanielleSmithIsaLIAR
#abpoli
#Cdnpoli",,,,1,1,4,0,2026-05-08T23:26:03Z,NA,NA,at://did:plc:lar2o6mnnvln22w6kgnpifli/app.bsky.feed.post/3mlemg6zypc2k,,,,,
at://did:plc:deej5pakczvmljahhvrridlp/app.bsky.feed.post/3mleuc6f6t22f,bafyreiee6n5n2az7qxcdiawrxxtgh3qiodyesasj5rmvphu36j2mddnxza,pat112.bsky.social,Pat,"Family farms need inheritance tax change to keep operating, farmers say

Changing the definition of family simply  to avoid taxes for farmers only is a non starter 

#Cdnpoli #Mbpoli 

www.cbc.ca/news/canada/...",,,,0,0,0,0,2026-05-08T23:15:10Z,NA,NA,NA,,,,,
at://did:plc:uswtye3jgncyen5xvvf3znug/app.bsky.feed.post/3mleu5z3cz22t,bafyreia6e2woosmjietcpx7bhbrc3xloatxqnsila7kqesbksjvwgqmqae,sandydz.bsky.social,🇨🇦Sandy: No narcissistic leaders!🇨🇦,"#CTV definitely works like right wing media in the U.S.

Watch this video to see how #narcissist #NeverPoilievre takes another opportunity to sabotage the #CanadianGovernment and #PMCarney about #CUSMA.

I agree that PP keeps privong he works for #Trump, as does #DanielleSmith.
#CdnPoli",,,,1,3,7,2,2026-05-08T23:12:31Z,NA,NA,NA,,,,,
at://did:plc:deej5pakczvmljahhvrridlp/app.bsky.feed.post/3mletvtglbk2f,bafyreieenxsdx36y76wgh576sz5idft775rdtsalxlzilw7uszoqxmb5eq,pat112.bsky.social,Pat,"As gas prices hover below $2 per litre, N.S. drivers feel the burn.

Moving from a high powered premium gas guzzler to a fuel efficient smaller car has both helped reduce destruction and save me money  . A win win 

#Cdnpoli #Nspoli #Climate #Economy 
www.cbc.ca/news/canada/...",,,,0,0,2,0,2026-05-08T23:08:06Z,NA,NA,NA,,,,,
at://did:plc:76e4qryfph6q4wmz3li6v2l6/app.bsky.feed.post/3mletr7ylos2k,bafyreihh7fiqnd3lhrkjwcpnd6qidzo5u4zkg7ok5okykmnglaj2nnvxla,stacescases2.bsky.social,StacesCases2 🇨🇦 📎,"If anybody challenges you to name anything that #PierrePoilievre has done wrong, you can always pick one of these! 🇨🇦 #Cdnpoli #ABpoli #Ableg",,,,0,4,9,0,2026-05-08T23:05:24Z,NA,NA,NA,,,,,
at://did:plc:abt5tpb7lqr7vopkrkwfswwq/app.bsky.feed.post/3mletklmcyh2b,bafyreia7q4up63ic2g2exucpyhqeufpuuajavy45uskyqyins4ureaiwze,canadareport.org,Canada Report,"Blâme de la commissaire à l’éthique | Milliard révoque à vie la carte de membre du PLQ de Lakhoyan Olivier

Canada’s fastest news scan: 25+ headlines, no clutter, updated all day: CanadaReport.org

#cdnpoli #Canada #News 
Read Original Article 🔗",,,,0,0,0,0,2026-05-08T23:01:38Z,NA,NA,NA,,,,,
at://did:plc:rsvzkqxa2xdojwmjljqzs4ik/app.bsky.feed.post/3mletcgfqmc23,bafyreif4qavbwcilddu4uy5p53nrqipjsikcs7bo5fw47mvqk43uvkdq4a,thebreakdownab.bsky.social,The Breakdown AB,"Lots of folks saying Scott Sinclair’s re-fection to the UCP is all about gerrymandering…

Are we maybe overlooking the obvious?

Maybe it’s just about the money?

Or will the UCP continue to sue Scottie?

#abpoli #ableg #cdnpoli",,,,3,29,68,2,2026-05-08T22:57:09Z,NA,NA,NA,,,,,
at://did:plc:ebtnhtvy7hwdtvnotyhg5b3l/app.bsky.feed.post/3mlet7kkxls2k,bafyreifet2ii2ydy5h6wq5htgflrmrfywthagjqtaldetyh2vvozocbfhu,dianave.bsky.social,,"Canadian #tax dollars are subsidizing World #Zionist Congress elections. If you object, please sign and share this petition. #cdnpoli actionnetwork.org/letters/why-...",,,,0,0,0,0,2026-05-08T22:55:30Z,NA,NA,NA,,,,,
at://did:plc:gjvopermmtyg6j2kjf5nnmje/app.bsky.feed.post/3mlet54pjz22q,bafyreiayhzrzxe4jkijgurnkwsm432d3hjwow75fmi2xhk2olw4uyaihfq,johnbowker.bsky.social,John Bowker,"“It’s worse than what Harper did,” says former Liberal environment minister in response to Mark Carney’s plan to make it easier to kill off endangered species, pollute waterways & risk human health to fast-track private-sector development projects www.thestar.com/politics/pol... #cdnpoli",,,,1,11,13,2,2026-05-08T22:54:08Z,NA,NA,NA,,,,,
at://did:plc:mwagtmvsxuqlgte5iqk3fndm/app.bsky.feed.post/3mlesxykbjc22,bafyreibr6ykhozp5jt6c7eok24ryyh6esagbsqbzdnxvkpjkyohsfrwcrq,lalegault.bsky.social,LA Legault ⚜️🤌🏻,"When 🇺🇸 is warning the Carney government they’ve gone too far… 
#cdnpoli

www.theglobeandmail.com/politics/art...",,,,0,5,5,0,2026-05-08T22:51:20Z,NA,NA,NA,,,,,
at://did:plc:deej5pakczvmljahhvrridlp/app.bsky.feed.post/3mleswv767c2f,bafyreicmqtib2uevrsndmgs5vrgnsagnnafa7522uu22rw7vvda3hnsl7i,pat112.bsky.social,Pat,"Some Canadians want to hear from a well respected X President of the United States , while Smith and Poilievre, want to hear from and participate with an American far right extremist blogger that has stated homosexuality is a mental illness 
#Cdnpoli #Uspoli 
www.cbc.ca/news/canada/...",,,,0,2,4,0,2026-05-08T22:50:52Z,NA,NA,NA,,,,,
at://did:plc:re7tflvczjceanwkco2bseqb/app.bsky.feed.post/3mlesrzghhk2a,bafyreihdbhnafhvvbi4rrqmrhdnpzf2mwpnv27o5drluulh6lwood4g2kq,bella-andme.bsky.social,Sherry Lee,"Great point by Zain Velji that this data breach has Albertans waking up to whatever else has been going on in the province that they haven’t been awake to. 
#pnpcbc #cdnpoli #abpoli",,,,0,2,4,0,2026-05-08T22:47:54Z,NA,NA,NA,,,,,
at://did:plc:52x4hgh43acag3ecs2qi57tr/app.bsky.feed.post/3mleseva76s2y,bafyreigklupbuxk4ymernppnlm2beac4ifyujlp7rwx56q7kvhk4oqbmii,albertagirl67.bsky.social,albertagirl67 🇨🇦🇺🇦👊🐧🔥,#abpoli #cdnpoli,,,,0,2,7,0,2026-05-08T22:40:33Z,NA,NA,at://did:plc:4yb2pjejfziah3eork7stm6j/app.bsky.feed.post/3mlebilrgyc2f,,,,,
at://did:plc:fadob75fcj3g34rtj5thzg6v/app.bsky.feed.post/3mleschulhk2a,bafyreigw5sjrytaary2x5hnufsk7ep2w3cwfvcr2kahzq7g6ezynig2v54,cre8ivcanuck.bsky.social,🇨🇦Cre8ivCanuck🐸📎,"Horrific!!!  These are the times when our young offenders act is a disgrace. This monster needs to be named and put on trial as an adult. Condolences to this family and those who loved them. #cdnpoli
youtu.be/WB1vPucMxoc?...",,,,3,0,4,0,2026-05-08T22:39:14Z,NA,NA,NA,,,,,
at://did:plc:52x4hgh43acag3ecs2qi57tr/app.bsky.feed.post/3mlescaaun22y,bafyreig2grsmtl36etrntr6742n7utqjaczyxf5q4faa36wovcw64r4j2m,albertagirl67.bsky.social,albertagirl67 🇨🇦🇺🇦👊🐧🔥,#cdnpoli Who do they pay taxes to?,,,,0,5,3,0,2026-05-08T22:39:04Z,NA,NA,at://did:plc:zh5dfrgucq2td5ngz2wtlzle/app.bsky.feed.post/3mled5z7zfs25,,,,,
at://did:plc:abt5tpb7lqr7vopkrkwfswwq/app.bsky.feed.post/3mleruoigzg2k,bafyreifxyopg752tfdvesdhjc5rldedvupnei7kttf3m4oi6mgrevhbthq,canadareport.org,Canada Report,"Premier Health Announces Termination of Forbearance Agreements With Principal Lenders and the Continuance of Its Stra...

Canada’s fastest news scan: 25+ headlines, no clutter, updated all day: CanadaReport.org

#cdnpoli #Canada #News #Business #Economy 
Read Original Article 🔗",,,,0,0,0,0,2026-05-08T22:31:29Z,NA,NA,NA,,,,,
at://did:plc:m5on4opwhwem37r5dgbvqvfu/app.bsky.feed.post/3mlerf42q6k2l,bafyreifpfv3khphnyavawmr5p2vuzwabee7axnrb64kcc5r7xomdjw5eru,tobekind.bsky.social,Time is Now 🇨🇦,"I 've been wondering how to reduce my commute: wake up early, move closer to the workplace, try different routes... and you know what? nothing helped. Telling you, he's smart, Doug Ford got it immediately, jet covered by the province. I'd love that. 😁😉 #worklife #canada #cdnpoli",,,,0,0,1,0,2026-05-08T22:22:47Z,NA,NA,NA,,,,,
at://did:plc:mwagtmvsxuqlgte5iqk3fndm/app.bsky.feed.post/3mler7fopas2d,bafyreigz4oqn5i55xienp3u3jjnnwsyd5kyfydazzgk4pyvx5tzp267lfi,lalegault.bsky.social,LA Legault ⚜️🤌🏻,"Mark Carney again has mislead the House leading to a CBC fact check. 
#cdnpoli",,,,1,9,13,1,2026-05-08T22:19:40Z,NA,NA,NA,,,,,
at://did:plc:7hy5iuitgvm7g4eqruidn2mm/app.bsky.feed.post/3mleqxw447223,bafyreicxiz2px5yq7vfvvhq4ouz6sqzabzdzfj4ey3ckbhkpam46lsdnfe,whistlerheidi.bsky.social,Whistler Heidi🇨🇦,Unfortunately that tracks! #cdnpoli,,,,0,1,1,0,2026-05-08T22:15:24Z,NA,NA,at://did:plc:omsbj5m4qtiratbpx5lz7wa3/app.bsky.feed.post/3mleovk7xns2z,,,,,
at://did:plc:xzgwn3nornr6v6cdd2fqsdru/app.bsky.feed.post/3mleqqbyqdc2z,bafyreiexgxql7qput6wqi3zzfgtmopkmcvp4xokt2uaojr3vsrg4jnjl44,mikemontreal.bsky.social,Montreal Mike🇨🇦,"Not shocked.  
I’m living it. 
#cdnpoli

www.cbc.ca/news/busines...",,,,1,3,4,0,2026-05-08T22:11:09Z,NA,NA,NA,,,,,
at://did:plc:r64wzjtkimyq4vkiddzuu6no/app.bsky.feed.post/3mleqpkbcl226,bafyreickfx6pvp4gc736m2oegckxiub3fxyohugtnyftqoe7nd2pcy2afi,bcwildfirewkly.bsky.social,BC Wildfire Weekly - Wildfires + More,"“While the risk of wide transmission of the new hantavirus strain in Canada is “low,” Canada’s top doctor is asking Canadians to stay away from rodents to reduce the risk of infection.” globalnews.ca/news/1184066... - Global News

#Canada #CDNPoli #Hantavirus",,,,0,0,0,0,2026-05-08T22:10:44Z,NA,NA,NA,,,,,
at://did:plc:r64wzjtkimyq4vkiddzuu6no/app.bsky.feed.post/3mleqnbqprs26,bafyreif3jalowmwnayttoqehxmazaideckrwx7perjqng42ettdcjkmdx4,bcwildfirewkly.bsky.social,BC Wildfire Weekly - Wildfires + More,"“The exposed Albertans were not among the initial group of six Canadians on the cruise ship but are believed to have encountered an infected passenger during their travels.” calgary.citynews.ca/2026/05/08/a... - @citynewscalgary.bsky.social 

#Alberta #ABLeg #CDNPoli #Hantavirus #YEG #YYC",,,,0,4,8,0,2026-05-08T22:09:30Z,NA,NA,NA,,,,,
at://did:plc:te462bca74usoq54377m3mcl/app.bsky.feed.post/3mleqm45xis2d,bafyreifqgafdxisldhu4e5yj4dmvwdj6dziofx4kgpknlqzdsegxzspxee,204queenb0574.bsky.social,🍁 Christine 🍁,You mean this spyware? Backed by a man who is on contract with the province? I bet that's one of the things Ford's working so hard to keep covered up - the amount of your money that grifter is grifting to his IDU master. #cdnpoli #harperisntgone,,,,1,1,2,0,2026-05-08T22:08:48Z,at://did:plc:n2mk6auyfotqdcjo7gu23s4m/app.bsky.feed.post/3mleetx5bds2l,at://did:plc:n2mk6auyfotqdcjo7gu23s4m/app.bsky.feed.post/3mleetx5bds2l,NA,,,,,
at://did:plc:ykvfxsnswr6rcwdbwocwqajt/app.bsky.feed.post/3mleqjipigc2l,bafyreig2et3osla3l7tecwy3rhgy3ovxdlcis6us4o4qo2tv452bq33iza,anniegirl.bsky.social,Ann Petersen-Kane,"100% the separatists are dangerous and they will cheat and hurt people to get their way. It makes me crazy that so many of the people I know still think they are ""reasonable"" and if we just let them have a referendum all of this crazy will go away. It's not going anywhere. #ableg #cdnpoli",,,,2,15,40,0,2026-05-08T22:07:19Z,NA,NA,at://did:plc:hzsbt6yz3ve3srewl3aq7w2h/app.bsky.feed.post/3mldl5q5r422b,,,,,
at://did:plc:re7tflvczjceanwkco2bseqb/app.bsky.feed.post/3mleqgtuub22u,bafyreicox2qegybx6hxyqtxhbfjl4q5ag5hyjrzujd3oj6haxxk2ybnxfi,bella-andme.bsky.social,Sherry Lee,"Finally somebody said it. Poilievre’s people told us over and over he was going to change. Poilievre himself went on Peter Mansbridge’s podcast and said he would change. Hard now to blame the liberals. Thanks @gregmaceachern.bsky.social  
 
#pnpcbc #cdnpoli",,,,1,0,4,0,2026-05-08T22:05:52Z,NA,NA,NA,,,,,
at://did:plc:re7tflvczjceanwkco2bseqb/app.bsky.feed.post/3mleqai3io22u,bafyreicvhc4frpicum4y6jto3je4gwwk3tizaq62db5kjywymsl7f2c74a,bella-andme.bsky.social,Sherry Lee,"Mélanie Richer on Poilievre saying he won’t change points out - rightly - that good leadership includes reflecting on self and making changes when indicated. Have to say I agree with her. 
#pnpcbc #cdnpoli",,,,1,0,3,0,2026-05-08T22:02:18Z,NA,NA,NA,,,,,
at://did:plc:abt5tpb7lqr7vopkrkwfswwq/app.bsky.feed.post/3mleq6v3ybz2p,bafyreidgf2vnxcjsvwev23vix6jckvazhmi2umuksrryx4ex4qx2ypxbcm,canadareport.org,Canada Report,"Soutien à domicile | Québec annonce un million d’heures supplémentaires

Canada’s fastest news scan: 25+ headlines, no clutter, updated all day: CanadaReport.org

#cdnpoli #Canada #News 
Read Original Article 🔗",,,,0,0,0,0,2026-05-08T22:01:24Z,NA,NA,NA,,,,,
at://did:plc:zftffti3hfudvdawqv53arqn/app.bsky.feed.post/3mleq5kyllv2z,bafyreicicmcpld2xly2oi7w3msmd33awb6dlg7a66lemfc6nbxluwodhtq,runchinguyenrun.bsky.social,Chi Nguyen,"We’re wrapping up a busy week on the Hill! I started my work on the Standing Committee on the Status of Women this week, and co-hosted two events, one marking the beginning of Asian Heritage Month and another recognizing the incredible contributions nonprofits make to our communities. 

#cdnpoli",,,,0,0,0,0,2026-05-08T22:00:41Z,NA,NA,NA,,,,,
at://did:plc:x2ge66dlb4pw7ssk2lhte536/app.bsky.feed.post/3mlepqe4h5k2e,bafyreigf45wm4wiptonz776h5lr4efoozhzt4mnkujgbw4af6tpz6w4w6e,saskboy.bsky.social,Saskboy from Saskatchewan,"It really should, but I agree it's too slow to matter. Liberals don't honestly seem interested in seeing national projects completed. A cynic would say so they can run on building them next time too. Problem is, smart people won't think they're serious next time.

#cdnpoli",,,,2,0,4,0,2026-05-08T21:53:17Z,at://did:plc:tlkakpjayncxubstzzd4dwdt/app.bsky.feed.post/3mlephxd5ws2a,at://did:plc:kx375dszrbvqtu7o4xxxmojn/app.bsky.feed.post/3mlepf54umc2r,NA,,,,,
at://did:plc:re7tflvczjceanwkco2bseqb/app.bsky.feed.post/3mleplurxl22u,bafyreibmaesiu7r3sf2recrdkpcldzutxvyqnnomrcs6h54ebzdtim44lm,bella-andme.bsky.social,Sherry Lee,"Best wry laugh and much needed levity of the night - Greg MacEachern pointing out that Andrew Coyne is not a well known Liberal supporter.  
#pnpcbc #cdnpoli",,,,0,0,0,0,2026-05-08T21:50:46Z,NA,NA,NA,,,,,
at://did:plc:tlkakpjayncxubstzzd4dwdt/app.bsky.feed.post/3mlepkuqf7k2a,bafyreibzjb55xapfcv3vez7opwiemxgbrigrcjhtfuxxpwwvxnyhs2dvvi,cyborgk9.bsky.social,Cyborg K9 🌹,"The big projects -should- include renewable energy; it'll probably include pipelines though. :/

#ClimateCrisis #cdnpoli",,,,0,0,1,0,2026-05-08T21:50:13Z,NA,NA,at://did:plc:kx375dszrbvqtu7o4xxxmojn/app.bsky.feed.post/3mlepf54umc2r,,,,,
at://did:plc:x2ge66dlb4pw7ssk2lhte536/app.bsky.feed.post/3mlephmpqmc2e,bafyreihabym4umyktnp6ruscvotghhziq6x2wt7d6zwf6mcdlvar2kc7pu,saskboy.bsky.social,Saskboy from Saskatchewan,"Yet renewable energy projects languish.
It's 2026, and in Regina I still make more solar power for the grid than your government. That should not even be possible!

#skpoli #cdnpoli",,,,2,1,34,0,2026-05-08T21:48:24Z,at://did:plc:kx375dszrbvqtu7o4xxxmojn/app.bsky.feed.post/3mlepf54umc2r,at://did:plc:kx375dszrbvqtu7o4xxxmojn/app.bsky.feed.post/3mlepf54umc2r,NA,,,,,
at://did:plc:62dvag4x5a64dre4bju3nj6z/app.bsky.feed.post/3mlepgfqcnc2t,bafyreiahe2rbqktxrj73acpqmvr5fp5tojejevnilf6ka62bgy2kf6wp5m,cmusician.bsky.social,Carolyn Hudson,"Meet Marilyn Gladu: the pro-convoy, anti-weed new Liberal MP who voted against banning conversion therapy .. Is there any red line for Carney in terms of who he’s willing to accept into his growing Liberal caucus? www.patreon.com/posts/meet-m... #cdnpoli",,,,0,0,0,0,2026-05-08T21:47:46Z,NA,NA,NA,,,,,
at://did:plc:re7tflvczjceanwkco2bseqb/app.bsky.feed.post/3mlepeq3vtk2u,bafyreie4i6rbjylq4zo5stnfieff2si3alq7r3wjvypjgu2lrhkc3wk2vi,bella-andme.bsky.social,Sherry Lee,"Pushing back on Garry Keller - ooh yes please. He takes an inch and stretches it to a mile. 
#pnpcbc #cdnpoli",,,,0,0,0,0,2026-05-08T21:46:47Z,NA,NA,NA,,,,,
at://did:plc:sywtwkbhpdibiprqvv7epcto/app.bsky.feed.post/3mlepe452i22z,bafyreig6njq5dv7th34e55cjs3s2ftfn6kmpksoio6d4qqewcimzyc7hjm,elliott4mp.bsky.social,"Derek Elliott, Libertarian","If you want a clean world, you should want a world where communities and individuals are empowered. Ottawa’s top-down bans just make life more expensive without solving the problem. It’s time for local responsibility and green innovation.
Watch: www.youtube.com/shorts/yUrB5...
#CdnPoli #Libertarian",,,,0,1,1,0,2026-05-08T21:46:30Z,NA,NA,NA,,,,,
at://did:plc:ralxrfpmgdxc7hmnvujfzjqy/app.bsky.feed.post/3mlep5tun5c2d,bafyreibhsk4mn2ijsaif2crvriczpwmqtb5jpfzellakhcmf2aymnk3mzq,turnbullwhitby.bsky.social,MP Ryan Turnbull 🇨🇦🇺🇦,"From cutting taxes and protecting benefits to help families through affordability challenges, our government has stayed focused on Canadians. 

Watch ⬇️👀

#QP #cdnpoli #ChamberTalk",,,,0,2,7,0,2026-05-08T21:43:14Z,NA,NA,NA,,,,,
at://did:plc:re7tflvczjceanwkco2bseqb/app.bsky.feed.post/3mleozdkrns27,bafyreib22gsmsza64oq7v2xknyjmzcbuq3co5my5tvgkycs44n4uv6vrce,bella-andme.bsky.social,Sherry Lee,"The direct, on point language from @gregmaceachern.bsky.social - that Danielle Smith has had dalliances with the separatists & put herself in a position she didn’t need to be in. 
Also pointing out the hint/tone of a transactional linking of the MOU to the referendum. 
#pnpcbc #abpoli #cdnpoli",,,,1,1,4,1,2026-05-08T21:40:25Z,NA,NA,NA,,,,,
at://did:plc:frwecggow7f5ertmucxfcxqq/app.bsky.feed.post/3mleozckdl22i,bafyreignqavyth4pm7bbmeomj635bdnzhvw54tfmcqb4p6c7velugae73q,jrmccranker.bsky.social,Jason McCrank,I hate these Christian nationalist freaks with every fibre of my being. #uspoli #cdnpoli,,,,0,0,0,0,2026-05-08T21:40:24Z,NA,NA,at://did:plc:wwbpna4jtw66gj6c3pksbiad/app.bsky.feed.post/3mlbwxyg4kb2i,,,,,
at://did:plc:x2ge66dlb4pw7ssk2lhte536/app.bsky.feed.post/3mleoucyjtc2e,bafyreig63fz5qyu2inaralfncoxee7otdstvdscuqgat5buuwnl546s32i,saskboy.bsky.social,Saskboy from Saskatchewan,"Doing some reading about The Leap Manifesto, a name came up. The Waffle. An associated name I recognized as a Progressive Blogger.
James passed away in 2018
progressivebloggers.ca/author/james...

en.wikipedia.org/wiki/James_L...
#cdnpoli",,,,2,0,2,0,2026-05-08T21:37:36Z,NA,NA,NA,,,,,
at://did:plc:fzlezpmuxpcfxkpkr7bop74x/app.bsky.feed.post/3mleopiv55c2c,bafyreiairi3byndu3cqxbng5s34aar5jfqd3gpbhimweuedfrj2yamkfpe,madlove.bsky.social,#BoycottUSA,Life is short. Jump a paywall archive.is/49F2A #ableg #cdnpoli,,,,1,4,7,1,2026-05-08T21:34:54Z,NA,NA,at://did:plc:hzsbt6yz3ve3srewl3aq7w2h/app.bsky.feed.post/3mldl5q5r422b,,,,,
at://did:plc:abt5tpb7lqr7vopkrkwfswwq/app.bsky.feed.post/3mleoj7biks2p,bafyreiar5piwdxlza35vhl4acphsxgkupn4lqgiyjow72jpzjawooyysjm,canadareport.org,Canada Report,"Algoma Central Corporation Announces Results of 2026 Annual General Meeting of Shareholders

Canada’s fastest news scan: 25+ headlines, no clutter, updated all day: CanadaReport.org

#cdnpoli #Canada #News #Business #Economy 
Read Original Article 🔗",,,,0,0,0,0,2026-05-08T21:31:23Z,NA,NA,NA,,,,,
at://did:plc:xzgwn3nornr6v6cdd2fqsdru/app.bsky.feed.post/3mleofvzass2o,bafyreieqynvcaebllafi7rkjucho4sg4sh3li2xn3pnk2okf7wvzddea3q,mikemontreal.bsky.social,Montreal Mike🇨🇦,"There’s people protesting by burning, etc their census packages. 

Let me be crystal clear— it’s a law and OBLIGATION of citizenship.  You can and will be fined or worse if you’re belligerent when they call or come to do it (they will). 

This isn’t an optional exercise. 
Do it, or leave.
#cdnpoli",,,,6,13,36,2,2026-05-08T21:29:32Z,NA,NA,NA,,,,,
at://did:plc:h2spa3l463coxycuy6iiov2l/app.bsky.feed.post/3mleo57vpns2p,bafyreifkr743qbk54dzr652kyj7sbmabdmm27otygejagj4qdx5qlpgmq4,shewandersferal.bsky.social,Allison Moon 🌙  🍁,"a song I put together to cope with my feelings around #Democracide:
#BRICS & #Murica have been running an undeclared #war against
✅ #Democracy
✅ #HumanRights
✅ #RuleOfLaw 

#SurveillanceBro #Technocrats, #oligarchs & #BRICSnations #tactics aren’t #theoretical

🍁 #CANpoli 🍁 #CDNpoli 🍁 
#CanadaSky 🌌",,,,0,0,1,0,2026-05-08T21:24:42Z,at://did:plc:h2spa3l463coxycuy6iiov2l/app.bsky.feed.post/3mleifevgic2s,at://did:plc:h2spa3l463coxycuy6iiov2l/app.bsky.feed.post/3mleglbypqk2n,at://did:plc:ormie3tjweyhnqckjlzowoxg/app.bsky.feed.post/3mlc7z72mhs2d,,,,,
at://did:plc:52x4hgh43acag3ecs2qi57tr/app.bsky.feed.post/3mleo4tkm422y,bafyreiffnw2sm5drabtgkpbz7mt7wlvpp2lt3ks4kfa6oswp5h5e52ejtq,albertagirl67.bsky.social,albertagirl67 🇨🇦🇺🇦👊🐧🔥,"#abpoli #cdnpoli Are we back to the heydays of AB Social Credit & their funny money? Is the real purpose of Alberta separation to create a crypto paradise along with the data centres necessary for gamer geeks to ""mine"" it? The player connections will be enlightening.",,,,1,5,2,0,2026-05-08T21:24:28Z,NA,NA,at://did:plc:qluoxpr5k3nrdius2d5ik5qk/app.bsky.feed.post/3mleczcqet22n,,,,,
at://did:plc:re7tflvczjceanwkco2bseqb/app.bsky.feed.post/3mlenpduxxs2a,bafyreiepjlgsm3xdmht56mp2uibt5kqx7fgdckjriawjex37szr56dc6ba,bella-andme.bsky.social,Sherry Lee,"Great push on questioning about separatism. 
Cochrane laying out evidence about members of her party and then asking Smith directly “are you leading a separatist party?”
No matter her answer of “no” she didn’t like the question. Or the follow up to wanting to stay in Canada.
#pnpcbc #abpoli #cdnpoli",,,,2,4,8,0,2026-05-08T21:16:56Z,NA,NA,NA,,,,,
at://did:plc:te462bca74usoq54377m3mcl/app.bsky.feed.post/3mlenm7la2k2d,bafyreigijoqnlp3ug5ndltiq4rt7bn6opgomdhxiluuokpbbdz47wir7hm,204queenb0574.bsky.social,🍁 Christine 🍁,"If privatisation is so great, why are countries returning to the model of government owned public services???  #cdnpoli",,,,0,0,1,0,2026-05-08T21:15:10Z,NA,NA,at://did:plc:yxtbx4f3cs6xwtwv7lz4xasa/app.bsky.feed.post/3mle577mxjk2s,,,,,
at://did:plc:52x4hgh43acag3ecs2qi57tr/app.bsky.feed.post/3mlen4k5cdc2y,bafyreifncdhb3f2g3xapwr7dd6xv44me5kruvf7ozo5mg6ood57jrkmq24,albertagirl67.bsky.social,albertagirl67 🇨🇦🇺🇦👊🐧🔥,"#abpoli #cdnpoli Interesting. Poilievre, Kenny & their buddies were (are?) cryptobros. In 2022 UCP announced Bankman-Fried was set to open a branch of FTX in Calgary (after buying Bitvo Inc.) but was arrested first. Sinking pension $s into what is essentially fantasy gaming. What could go wrong?",,,,0,2,2,1,2026-05-08T21:06:25Z,NA,NA,at://did:plc:qluoxpr5k3nrdius2d5ik5qk/app.bsky.feed.post/3mldjtw2lac2l,,,,,
at://did:plc:abt5tpb7lqr7vopkrkwfswwq/app.bsky.feed.post/3mlemtwcoas2k,bafyreia3fccn67haelibb5inpmujr3yblt3htlijkowvo7f65f4ixzmy4m,canadareport.org,Canada Report,"Biopharma giant Sanofi to grow Toronto presence with expanded AI centre

Canada’s fastest news scan: 25+ headlines, no clutter, updated all day: CanadaReport.org

#cdnpoli #Canada #News #Tech #AI 
Read Original Article 🔗",,,,0,0,0,0,2026-05-08T21:01:35Z,NA,NA,NA,,,,,
at://did:plc:h2spa3l463coxycuy6iiov2l/app.bsky.feed.post/3mlemlja6zk2v,bafyreiczrghzsoftfgnhz37kyomyjb3n4664gehq2qw2o6i7kgkjb2o35q,shewandersferal.bsky.social,Allison Moon 🌙  🍁,"#DonbasDanielle

🍁 #CANpoli 🍁 #CDNpoli 🍁  #CanadaSky 🌌 #Canadiana",,,,0,0,1,0,2026-05-08T20:56:57Z,at://did:plc:xveza4vxe2cv7stal26msjgh/app.bsky.feed.post/3mlecwn76y22h,at://did:plc:xveza4vxe2cv7stal26msjgh/app.bsky.feed.post/3mlecwn76y22h,NA,,,,,
at://did:plc:nx3fxjnxlrpet6jifjuhbklp/app.bsky.feed.post/3mlemgif2zc2i,bafyreibgxivv2txkmnm5jleejr42a3suezk4lekaytiamaiylg6lh7tlem,trailerparkphd.bsky.social,Trailer Park PhD,"Greasy Pierre Poilievre tries comedy. 

#PierrePoilievre #Cdnpoli

youtube.com/shorts/r699A...",,,,1,0,0,0,2026-05-08T20:54:06Z,NA,NA,NA,,,,,
at://did:plc:oya64aulumuj3apwfffocdyf/app.bsky.feed.post/3mlemdzl7sc2c,bafyreiffuweznomp6c3nkvyht3s33hothvsejnwu75e5xdmfd77xlxhndu,colleenmr.bsky.social,colleenmr🍁,US senate committees need to park their noses in their own Musk-compromised digital infrastructure. Our legislation isn't theirs to write #cdnpoli,,,,0,3,5,0,2026-05-08T20:52:42Z,NA,NA,at://did:plc:y3xrmnwvkvsq4tqcsgwch4na/app.bsky.feed.post/3mlel27mm4k23,,,,,
at://did:plc:jeuzjfwsgn62xfoe7qo4jul5/app.bsky.feed.post/3mlem32cisk2d,bafyreicc5iwuytvqdfkfqnsbeixtbatyacyun3kpqcw5kp7rhmfrzadpau,bigclimate.bsky.social,Bentley ****TALK CLIMATE****,"AT BEST the kindest assumption about #MarkCarney and his statements about the efficacy of #CarbonCapture inre #BigOil is that he simply doesn't know what he's talking about

AT WORST: He's just another banker hard at work padding the pockets of the already rich

There's no third choice
#cdnpoli",,,,0,6,11,0,2026-05-08T20:47:41Z,NA,NA,at://did:plc:m2jdc5qv7ptqvrb7ihzillzw/app.bsky.feed.post/3mleiy3ghx222,,,,,
at://did:plc:7hy5iuitgvm7g4eqruidn2mm/app.bsky.feed.post/3mlely7i2x223,bafyreif7biusdgxr5x4pet2yuxwh3kohucs54wxe3wde3ec275j7eozuqq,whistlerheidi.bsky.social,Whistler Heidi🇨🇦,Danielle Smith & the Conservative Party of Canada are working hard to unwind Canadian democracy. We must not let them! 🇨🇦 #cdnpoli,,,,2,17,36,1,2026-05-08T20:46:05Z,NA,NA,at://did:plc:4ownlsrdmnvwgzmcdi2bof6s/app.bsky.feed.post/3mlderbz5tc23,,,,,
at://did:plc:eaeuyrvdlqvjgznelgcdimct/app.bsky.feed.post/3mlelx77hy22r,bafyreiaw5ml44tzphuzwgk3peljn3ly5puzwqgrgpsmk5s3tj7n5ri2sri,madhat59kenwood.bsky.social,Ken Wood part owner of 🇨🇦,"You earn, as they did, a certin level/amount then you accumulate on interest. That interest you/they did not earn. Thats the point. Get paid for your labour/art right on. Thats earned. After that its investment not earned. #uspoli #cdnpoli",,,,1,0,1,0,2026-05-08T20:45:31Z,at://did:plc:xtcitnbzwxbm2fxpwk3iv2x7/app.bsky.feed.post/3mleltakwdk2u,at://did:plc:y4zs4cabaezzwx3bz2e5nnj2/app.bsky.feed.post/3mlel3ze3kv2p,NA,,,,,
at://did:plc:eaeuyrvdlqvjgznelgcdimct/app.bsky.feed.post/3mlelrl5xss2r,bafyreidtdfxjmankpqzjaylvzqee3ss4uzrcye4m2k57z7gcaoifz37ofq,madhat59kenwood.bsky.social,Ken Wood part owner of 🇨🇦,Im tired of this AB O&G govt. BC already has a pipeline for them we aee not giving another. FU Smith no BC pipeline. Im more hardened due to this holier than tho you must give a route BS. We given to much to AB now over this issue. #cdnpoli #abpoli,,,,0,4,7,1,2026-05-08T20:42:23Z,NA,NA,at://did:plc:xsoytmru2z36wgdq2rjzjfm7/app.bsky.feed.post/3mlelaxdymk2o,,,,,
at://did:plc:ypbo2mq6dqcct43gt2sam6el/app.bsky.feed.post/3mlelkdri4a2o,bafyreihpgpktw4cffbwfk6v5vyb2sj6drcazhmcdghmk7skbh6453r2r5u,ipolitics.bsky.social,iPolitics,Pipelines on full send #cdnpoli #ipolitics,,,,0,0,1,0,2026-05-08T20:38:20Z,NA,NA,NA,,,,,
at://did:plc:px2esgvbnl7ransisaced6wu/app.bsky.feed.post/3mlelhvlmv22r,bafyreic7izgb5jzb3lgaex7wykuhv6y77t2v6e6secqut5ml5lfcywfxla,stevemilesnet.bsky.social,🟥‬🍁🟥‬𝓢𝓽𝓮𝓿𝓮 𝓜𝓲𝓵𝓮𝓼 𝓝𝓮𝓽🟥‬🍁🟥‬,"Joshtradamus the Deadhead and a whole lot of Tooting going on🤪
@enemywithinyt.bsky.social 
#Instafollow #Bluesky #Politics #Democracy #Resistance #Canadasky #Canadian #cdnpoli #Boycotts #EightySixFortySeven #nomorewar #NeverVoteConservative #American #USApoli #𝓢𝓽𝓮𝓿𝓮𝓜𝓲𝓵𝓮𝓼𝓝𝓮𝓽
youtu.be/9yebkD3LUfI?...",,,,0,0,1,0,2026-05-08T20:37:00Z,NA,NA,NA,,,,,
at://did:plc:qjspeijiw5wn2eapz3lllnsn/app.bsky.feed.post/3mlelhmedo22z,bafyreifdo45iqng25vbpmy22wyi2lhixlqybqjuymy57swyqk2bfu5nfau,johangreg.bsky.social,Greg Johansen 🇺🇦🇨🇦🏳️‍🌈🇵🇸🎾,"This evening in #Toronto, Prime Minister Mark Carney will meet with the President of #Guyana, Dr. Mohamed Irfaan Ali, before attending a dinner hosted by #Canada2020
#cdnpoli www.pm.gc.ca/en/news/medi...",,,,0,0,1,0,2026-05-08T20:36:50Z,NA,NA,NA,,,,,
at://did:plc:qjspeijiw5wn2eapz3lllnsn/app.bsky.feed.post/3mlelabqzc22z,bafyreidmw42hhnvsk4qofezzq5ofy3tbnead4ise5f5xjqcdrd5sg4xz3m,johangreg.bsky.social,Greg Johansen 🇺🇦🇨🇦🏳️‍🌈🇵🇸🎾,Prime Minister Mark Carney speaks with President of the State of Palestine Mahmoud Abbas #cdnpoli www.pm.gc.ca/en/news/read...,,,,0,0,1,0,2026-05-08T20:32:43Z,NA,NA,NA,,,,,
at://did:plc:abt5tpb7lqr7vopkrkwfswwq/app.bsky.feed.post/3mlel5zu5em2k,bafyreif7v2w4iqmt7bfaec4jdsk75a3mxnxqvxfvemu7h2vsoo75tzzkpu,canadareport.org,Canada Report,"Cuba Faces ‘Devastating’ Ripple Effects From US Hit to Mining

Canada’s fastest news scan: 25+ headlines, no clutter, updated all day: CanadaReport.org

#cdnpoli #Canada #News #Business #Economy 
Read Original Article 🔗",,,,0,0,0,0,2026-05-08T20:31:27Z,NA,NA,NA,,,,,
at://did:plc:2jfr7qhenekca6f6qtjgwdr4/app.bsky.feed.post/3mlel3kmzdk27,bafyreigljt4v6m5hffb4wf55iq4muwvo4qpaw5cufmyfe4itjudvvxvbpq,calgaryclimatehub.ca,Calgary Climate Hub,#CostOfClimate #ClimateChange #yyc #abpoli #cdnpoli #CanadaSky #ClimateSky #EnergyTransition #Electrostates #Petrostates #China #Iran #America,,,,0,5,6,0,2026-05-08T20:30:06Z,NA,NA,NA,,,,,
at://did:plc:qjspeijiw5wn2eapz3lllnsn/app.bsky.feed.post/3mlekzsu6422z,bafyreid7dll2wftii5kwolkfuzbwxzyq2zj4kyho36g4nyidkot3vsahou,johangreg.bsky.social,Greg Johansen 🇺🇦🇨🇦🏳️‍🌈🇵🇸🎾,Prime Minister Mark Carney welcomes the largest order of commercial aircraft in Canadian history #cdnpoli www.pm.gc.ca/en/news/news...,,,,0,1,5,0,2026-05-08T20:29:06Z,NA,NA,NA,,,,,
at://did:plc:2jfr7qhenekca6f6qtjgwdr4/app.bsky.feed.post/3mlekzohh6c27,bafyreifrqp46o7wj3n6qmcvl6dda5sgqjvqpj43poz6rrawlx3m2hidlbe,calgaryclimatehub.ca,Calgary Climate Hub,"""The transition to an electrified, more resilient economy isn't speculative anymore. It's underway faster than ever. The question for Canada is will we meet it with intention or resistance. Will we continue reacting downstream to disasters or finally move upstream to prevent them?"" #cdnpoli #Climate",,,,0,10,9,2,2026-05-08T20:29:01Z,NA,NA,at://did:plc:2jfr7qhenekca6f6qtjgwdr4/app.bsky.feed.post/3mkpzlgssi226,,,,,
at://did:plc:jw3ocg24thye7i5sjjhia62e/app.bsky.feed.post/3mlekoueuhc22,bafyreiggzygmcrbe2m74bckaxa4av3tep6ga3s7evmurcmdnzxfa2zdpxy,markhamhislop.bsky.social,Markham Hislop,"Protecting Canadian Democracy Requires Some Work

We haven't broken them yet, but institutions that protect democratic processes, like elections, are under some strain.

With @stewartprest.ca . 
#bcpoli #abpoli #cdnpoli
youtu.be/VRcJCvTRuxE",,,,2,16,29,2,2026-05-08T20:22:59Z,NA,NA,NA,,,,,
at://did:plc:go6lnimas6bzfthjvcaulmya/app.bsky.feed.post/3mlekgrwcas2q,bafyreicez2xr772tu7n3626szqe7cqivfwh3r5wbrpsonhzpke45osdhe4,jbnewt.bsky.social,Jackson Newt,Sentence hiked for man who cut off woman's finger and forced her to eat it. Its about time that there are some Judges in Canada’s Judiciary that REALIZE CANADA has a #CRIME Issue . #Alberta #Indigenous #Courts #cdnpoli www.ctvnews.ca/edmonton/art...,,,,0,0,0,0,2026-05-08T20:18:29Z,NA,NA,NA,,,,,
at://did:plc:in6t5b6l3wnfwkcuqji57ttg/app.bsky.feed.post/3mlekgr6rd22q,bafyreiahc3dvbtonala4x7e3teoi2ahummduzjvqkmq254igztyfygmbza,ccfr-ccdaf.bsky.social,Canadian Coalition for Firearm Rights,"💥 WATCH: Alberta Premier Danielle Smith, during her keynote address at #CSFN26, reaffirmed the provinces stern resistance to Mark Carney's gun grab, warning any unlicensed seizure agent attempting to ""take away Albertans guns,"" on behalf of the federal government, can expect to be arrested. #cdnpoli",,,,0,1,1,1,2026-05-08T20:18:28Z,NA,NA,NA,,,,,
at://did:plc:h3y7rhw6ao6nk5mmuskplxco/app.bsky.feed.post/3mlek4r2wlk2a,bafyreigx7lbtk6hzymsmjh2q5tkxcjwfcc5jr2fgk4pvvv5b65mpuxed4i,brainiackim.bsky.social,Brainiac Kim 🇨🇦,"Increasw in minimum wage,  offshoring of jobs, automation,  tariffs, mass layoffs, etc. www.cbc.ca/news/busines... #cdnpoli",,,,0,0,0,0,2026-05-08T20:12:51Z,NA,NA,NA,,,,,
at://did:plc:ukmih2yfe2qfzn3zmycpbmzr/app.bsky.feed.post/3mlejzxgy6c2r,bafyreifne7rqsuuc5poywhmdek5fuicwjhgwor5opdyp5g7m4pxmn3rgvy,lobbymonitor.bsky.social,The Lobby Monitor,"Soccer media company seeks federal funding ahead of FIFA World Cup
#lobbying #cdnpoli
lobbymonitor.ca/2026/05/08/r...",,,,0,0,1,0,2026-05-08T20:11:21Z,NA,NA,NA,,,,,
at://did:plc:3ikpfin23qwpthv3xzwbubtu/app.bsky.feed.post/3mlejrcrtfc2m,bafyreihnvyrdkq4mfpftzlugpqyursc6tcjtf6qrvj5sndhxbu7tncjqdq,vulpine.meme,Kit Juniper,"I read all 100 pages on the #Alberta banned book database.

Banned in Calgary:
The Hand Maidens Tale
1984
Introduction to Drawing Comics

Found in other districts:
Introduction to the Enlightenment is banned.

WTF #ABPoli #ABLeg #CDNPoli",,,,3,12,13,0,2026-05-08T20:06:26Z,NA,NA,NA,,,,,
at://did:plc:go6lnimas6bzfthjvcaulmya/app.bsky.feed.post/3mlejotvqv22t,bafyreihcc63uaghf5dna35ww2s3hy73trjymkohfd64m3qhrdgmtjr4d6q,jbnewt.bsky.social,Jackson Newt,This Carney #Liberal Government knows how to spend MONEY . Come on when do you say enough . Are these Executives going to get Bonuses like #CBC . #CanadaPost is clearly NOT ACCOUNTABLE to #taxpayers .This is making a Mockery of the system  #Mail #Canada . #Cdnpoli,,,,0,0,0,0,2026-05-08T20:05:09Z,NA,NA,NA,,,,,
at://did:plc:uxj5ihyuzrgxmuvjeanl57ys/app.bsky.feed.post/3mlejlvrgbq72,bafyreidkslepaq4ijlho5dooo2aint7jq7ncfvyu7awjkkt24gng42haii,chris.mstdn.chrisalemany.ca.ap.brid.gy,Chris Alemany🇺🇦🇨🇦🇪🇸,"Lost a bit in the hubbub about Labour losing massively to the Reform UK is this little tidbit:

Wales is using a new proportional representation model!

There are 96 seats in the devolved parliament (Senedd).
There are 16 new constituencies created with […] 

[Original post on mstdn.chrisalemany.ca]",,,,0,4,3,0,2026-05-08T20:03:27Z,NA,NA,NA,,,,,
at://did:plc:abt5tpb7lqr7vopkrkwfswwq/app.bsky.feed.post/3mlejikhyro22,bafyreifinsreziya2ll2ikg7myokgqxfjpftif3uc4je37is3gyihi2kka,canadareport.org,Canada Report,"Canada’s real workforce crisis isn’t AI, it’s the entry-level experience gap

Canada’s fastest news scan: 25+ headlines, no clutter, updated all day: CanadaReport.org

#cdnpoli #Canada #News #Tech #AI 
Read Original Article 🔗",,,,0,0,1,0,2026-05-08T20:01:32Z,NA,NA,NA,,,,,
at://did:plc:zfw2o4gfcahciaylo76rmzxa/app.bsky.feed.post/3mlejhhjxuk2x,bafyreihriqxflzo2zerdcqzebaiiiyunftlt3p3u3xptgwn3qm23zwazda,liammci.bsky.social,LiamMcIntosh He/Him 🏳️‍🌈🇵🇸,This is a fantastic and concise breakdown of Mark Carney’s government loyalty to the fossil fuel industry over climate action and their greenwashing tactics. The Liberal Party will not save us on climate. #Cdnpoli,,,,1,6,12,0,2026-05-08T20:00:56Z,NA,NA,at://did:plc:m2jdc5qv7ptqvrb7ihzillzw/app.bsky.feed.post/3mleiy3ghx222,,,,,
at://did:plc:4zhs7rbmbrjyblozh3zqt7is/app.bsky.feed.post/3mlejcoq6ac2j,bafyreicimr2lzaj32wkr62bi46f2asme2q3yddz7zgg733pdm7sefrqxka,sorry-iamcanadian.bsky.social,🇨🇦 👊🇨🇦,"Just an hour before a planned appearance in Ottawa at the Canada Strong & Free Networking conference (aka Maple MAGA Crybaby conference), Hoekstra was called back to DC.

Hope they keep him there for good.

#Canada
#USpoli
#CDNPoli",,,,4,7,24,1,2026-05-08T19:58:17Z,NA,NA,NA,,,,,
at://did:plc:noxqynsz6drhzjqck5argotx/app.bsky.feed.post/3mlej3heeec2x,bafyreihgbc3wstgwyai344xgnji6sg6kedhjybr6u5w5seleyymgx4clca,wittur.bsky.social,BW,"So Smith and all these other clowns are f&cking racists. Gotcha.
Go away! #Cdnpoli",,,,0,4,2,0,2026-05-08T19:54:11Z,NA,NA,at://did:plc:4euncr44a5aflpbcbjhvjvdo/app.bsky.feed.post/3mleetz4gtc2b,,,,,
at://did:plc:noxqynsz6drhzjqck5argotx/app.bsky.feed.post/3mleiy2kpbk2x,bafyreiemi3p75m4xsli27ne6aka2gpbu7qiqexhfpnmt7xsinrjlkf2jpu,wittur.bsky.social,BW,It's embarrassing that all levels of Canadian schools are blowing billions on #American tech and platforms that consistently under deliver ... and expose user info. We need our own that can't be forced to share data with the corrupt US regime. vancouversun.com/news/sfu-ubc... #Cdnpoli,,,,0,1,1,0,2026-05-08T19:52:20Z,NA,NA,NA,,,,,
at://did:plc:ykvfxsnswr6rcwdbwocwqajt/app.bsky.feed.post/3mleix6utmk26,bafyreigrnh2judcsay5cgl2qtpwsuuhzu2z3gr6y4m5vuxksqqrz7x7koq,anniegirl.bsky.social,Ann Petersen-Kane,"Danielle Smith has already sold Alberta to the separatists, and they're going to, eventually, trade us to Trump. #abpoli #ableg #cdnpoli

The UCP will be a full-fledged separatist party; if Danielle Smith lets it
open.substack.com/pub/womenofa...",,,,7,25,44,6,2026-05-08T19:51:51Z,NA,NA,NA,,,,,
at://did:plc:m3sunxdapqa7zvfzqfehvrzj/app.bsky.feed.post/3mleiw77ops2s,bafyreie3egpfc6j4o2undixppqdrdefs4rqwjbtpkkqpuz34maw4asyiuq,cervantesx.bsky.social,Cervantes Xavier 🇨🇦,"Alberta continues to descend into its place as laughingstock of the country. An embarrassment to us all. The collapse of the oilsands can't come fast enough. 

#cdnpoli",,,,0,0,1,0,2026-05-08T19:51:14Z,NA,NA,at://did:plc:4euncr44a5aflpbcbjhvjvdo/app.bsky.feed.post/3mleetz4gtc2b,,,,,
at://did:plc:r64wzjtkimyq4vkiddzuu6no/app.bsky.feed.post/3mleirhavds26,bafyreibm7cxjrpqv7kb6waey7jdotaebert5zld2zqqer72awnboyg57xe,bcwildfirewkly.bsky.social,BC Wildfire Weekly - Wildfires + More,"ONTARIO: “Grey Bruce Public Health can confirm that the two Canadians who disembarked the MV Hondius in late April reside within Grey-Bruce.” www.publichealthgreybruce.on.ca/About-Us/New... - Grey Bruce Public Health

#CDNPoli #GreyBruce #Hantavirus #MVHondius #ONPoli #Ontario 

2/2",,,,0,0,1,0,2026-05-08T19:48:38Z,at://did:plc:r64wzjtkimyq4vkiddzuu6no/app.bsky.feed.post/3mleimuhiws26,at://did:plc:r64wzjtkimyq4vkiddzuu6no/app.bsky.feed.post/3mleimuhiws26,NA,,,,,
at://did:plc:ifi6xqgbojwquosnkvzx3gna/app.bsky.feed.post/3mleij4rr6k27,bafyreie3vabsaf6aoisnsidgweib7e5qndpybfvgeejqm657bw74eviyxa,leftcoasttreefrog.bsky.social,Left Coast Tree Frog 🕊️,"Trump failed 'one of the most basic lessons' of populism — it ruined him.
Trump has been banking on the belief that his tariff policy conveys a ""populist"" message to American workers.  He has been proven wrong — there's a bigger picture he's utterly missing.
#cdnpoli
www.rawstory.com/trump-tariff...",,,,0,2,3,0,2026-05-08T19:43:59Z,NA,NA,NA,,,,,
at://did:plc:bbnve3u34qpmusulfzkei3p2/app.bsky.feed.post/3mleiexaur22h,bafyreifoihbohrb7oxlcmkarmsev7dfgz6jfxrcl7ojmiaw4s3hgdc6eei,fluxliner.bsky.social,Flux Liner,I truly believe it's time Canada starts throwing people in PRISON who presently hold a Canadian passport and who WILLFULLY are attempting to Destroy our Country.  #Alberta #Canada #cdnpoli,,,,1,4,8,2,2026-05-08T19:41:39Z,at://did:plc:xpgujbkkrjevueb53vpgnetz/app.bsky.feed.post/3mlei6g2trk2z,at://did:plc:xpgujbkkrjevueb53vpgnetz/app.bsky.feed.post/3mlei6g2trk2z,NA,,,,,
at://did:plc:ifi6xqgbojwquosnkvzx3gna/app.bsky.feed.post/3mlei77y5uc24,bafyreicr2v2ipnefydbk6sxke2m6kjnwg3onmkm6aricobqk7yed6e2byi,leftcoasttreefrog.bsky.social,Left Coast Tree Frog 🕊️,"Surrey-Langley SkyTrain reaches milestone as construction is underway on all stations.
The nearly $6-billion rapid transit extension remains on track for 2029 completion.
#cdnpoli
vancouversun.com/news/surrey-...",,,,0,0,2,1,2026-05-08T19:38:27Z,NA,NA,NA,,,,,
at://did:plc:xpgujbkkrjevueb53vpgnetz/app.bsky.feed.post/3mlei6g2trk2z,bafyreia2siwcgvc4mjjpoavoeijpxoye6vtca5v2x4qpyyrnb2zqih5t3i,maxfawcett.bsky.social,Max Fawcett,"Ottawa has one job in any Alberta separatist referendum: defend our “cognitive sovereignty.”

It won’t be easy. #cdnpoli 

www.nationalobserver.com/2026/05/08/o...",,,,14,41,105,3,2026-05-08T19:38:05Z,NA,NA,NA,,,,,
at://did:plc:ykvfxsnswr6rcwdbwocwqajt/app.bsky.feed.post/3mlei2i3huk2l,bafyreiam6rctetwqy3xl2ox5xdh7b3ijrmyipp75nqg44xu2thipmzr6ku,anniegirl.bsky.social,Ann Petersen-Kane,"She says the right words in the right settings. She's never had any core values that weren't centred on herself, so maybe she believes them. Maybe it's a grift. 🤷‍♀️ She's aligned with the separatists now however. That's really the only thing we should all remember. #ableg #cdnpoli #abpoli",,,,1,14,28,1,2026-05-08T19:35:45Z,NA,NA,at://did:plc:4euncr44a5aflpbcbjhvjvdo/app.bsky.feed.post/3mleetz4gtc2b,,,,,
at://did:plc:abt5tpb7lqr7vopkrkwfswwq/app.bsky.feed.post/3mlehsrw66w22,bafyreiaxe7zaiq2invtqpu2zehkvelfzz3ljmkyslf6jbftxwym3b6owom,canadareport.org,Canada Report,"Higher Colombia Rates Won’t Tame Inflation, Central Banker Says

Canada’s fastest news scan: 25+ headlines, no clutter, updated all day: CanadaReport.org

#cdnpoli #Canada #News #Business #Economy 
Read Original Article 🔗",,,,0,0,0,0,2026-05-08T19:31:28Z,NA,NA,NA,,,,,
at://did:plc:jw3ocg24thye7i5sjjhia62e/app.bsky.feed.post/3mlehrzm37k2l,bafyreie67gv6c2w64jyvcp3viewzzvu6nw7irucm5hcqcr24x6km37gesy,markhamhislop.bsky.social,Markham Hislop,"Alberta's Dead Pipeline Walking

Asian ""energy sovereignty"" policies are about to gut Premier Danielle Smith's pipeline ambitions.
#ableg #abpoli #bcpoli #cdnpoli
markhamhislop.substack.com/p/albertas-d...",,,,1,26,31,3,2026-05-08T19:31:04Z,NA,NA,NA,,,,,
at://did:plc:s5cxg44dvazasimxzynggryd/app.bsky.feed.post/3mlehqq3sdc2x,bafyreihrb6n4prv5bthtmu6wptumyyrhtzeqg2ffhqh2fffhcuzhgvsanq,kth100.bsky.social,Sister Nip 🇨🇦,"Karma’s a bitch, separatists.

#cdnpoli #alberta",,,,4,1,2,0,2026-05-08T19:30:22Z,NA,NA,NA,,,,,
at://did:plc:3ikpfin23qwpthv3xzwbubtu/app.bsky.feed.post/3mlehjrctes22,bafyreigb7nfcfkcyrgfhmdanmyw56m6ccfhec7lmu7a5j7ogp6na7klmiq,vulpine.meme,Kit Juniper,"She can give her cronies raises but us disabled folks gotta deal with $400 a month and “get back to work”.

These are fucking monsters.

#UCP #ABPoli #CDNPoli",,,,0,5,7,0,2026-05-08T19:26:26Z,NA,NA,at://did:plc:xf4ihm42zpykhhnyuoioz6zu/app.bsky.feed.post/3mle2pvxvys2s,,,,,
at://did:plc:in6t5b6l3wnfwkcuqji57ttg/app.bsky.feed.post/3mlehjkzqsk2b,bafyreietdbzukpzyslrskbxncc6b4vmhcrjjxb2wuvj6hnottkopymzm2a,ccfr-ccdaf.bsky.social,Canadian Coalition for Firearm Rights,"⚠️ TICKETS SELLING QUICK ⚠️

CCFR AGM 2026 is only TWO WEEKS AWAY!

Grab YOUR spot while you still can!!

🎟 Save Your Spot Now: ccfragm.ca

#cdnpoli",,,,0,0,0,0,2026-05-08T19:26:27Z,NA,NA,NA,,,,,
at://did:plc:istu2catmtwuynu7jlh6buzl/app.bsky.feed.post/3mlehhvb5ac2i,bafyreib3rsv5ivqgoteynxsltofv2gyz6ytfmwrxo3fqg6ya4w5xicvyze,elcanaco.bsky.social,elcanaco.bsky.social,"Cc Canada

@mark-carney.bsky.social
@avilewis.ca
@davidebybc.bsky.social

#cdnpoli #bcpoli #vanpoli",,,,0,3,5,0,2026-05-08T19:25:24Z,NA,NA,at://did:plc:noio2dklzkk2d4puveedhvlk/app.bsky.feed.post/3mldlpjiacs2n,,,,,
at://did:plc:ykvfxsnswr6rcwdbwocwqajt/app.bsky.feed.post/3mlehcionj22l,bafyreieyivflvqrhuxcizod5by6srz457wdf7kuiyyzsmksfusxfljsioy,anniegirl.bsky.social,Ann Petersen-Kane,"There should be no such thing as a part-time elected official. It should be a full time job that pays well because government is important. Shouldn't be left to just rich people, who are looking for side gigs to further enrich themselves. This goes for #cdnpoli too.",,,,1,2,7,0,2026-05-08T19:22:20Z,NA,NA,at://did:plc:7vmqlqtvqkkmuegzp7efeptu/app.bsky.feed.post/3mlc7ngocis2s,,,,,
at://did:plc:s5cxg44dvazasimxzynggryd/app.bsky.feed.post/3mleh2v7oxk23,bafyreicjdhq2zegfjlvbblw4zeas57yvyqll7itxmij4ycoecr5sm72g2u,kth100.bsky.social,Sister Nip 🇨🇦,"Who would invite this asshat to ANY sort of event in Canada? Oh wait—it was the other asshat, PP, for his “Canada Strong and Free” cult meeting in Ottawa. 

#cdnpoli #poilievre",,,,0,1,2,0,2026-05-08T19:18:09Z,NA,NA,NA,,,,,
at://did:plc:ojmbkta5v4dxvsxcn5uhssar/app.bsky.feed.post/3mlegxaa5yk2t,bafyreibuxddyiluv3kw4wsamdfz3bvsqt2xqoq6gbr3b47ybaritivfmnm,ayan604.bsky.social,Andy Yan,"Sigh...I only got a short #2026Census  form.

Fill in yours today as your democracy and good governance depends on it!

#Cdnpoli #bcpoli #vanpoli",,,,0,3,5,0,2026-05-08T19:16:19Z,NA,NA,NA,,,,,
at://did:plc:ykvfxsnswr6rcwdbwocwqajt/app.bsky.feed.post/3mlegwop3vc2l,bafyreie6uoqn762uiu3lsi5c5ttzsdpvn4mygt53mlkscwffpsmbnpww3q,anniegirl.bsky.social,Ann Petersen-Kane,There is no legal path to separation for Alberta. None. There is terrorism/civil war and/or violent invasion by the Trump govt. That's it. #ableg #abpoli #cdnpoli,,,,2,12,22,0,2026-05-08T19:15:44Z,NA,NA,at://did:plc:47uwwvovm77bcph74nvbbc64/app.bsky.feed.post/3mldpb5h4tc27,,,,,
at://did:plc:re7tflvczjceanwkco2bseqb/app.bsky.feed.post/3mlegvxcygs25,bafyreihih2wud57corh72a27psuo65s4utl776ce7a6l5lliti3khcvfl4,bella-andme.bsky.social,Sherry Lee,"Given the tone & the message that Danielle Smith is sending in her speech to the Canada Strong & Free Network I look forward to the questions she'll be asked by David Cochrane on ""Power & Politics"". I also anticipate a lively discussion by the Political Pulse panel afterwards.
#pnpcbc #cdnpoli",,,,2,1,4,0,2026-05-08T19:15:21Z,NA,NA,NA,,,,,
at://did:plc:ptyiz7b2xalj5cpbm3syjcxm/app.bsky.feed.post/3mleguzw7x22u,bafyreibshd4baaze2fyzv6kxi6lmm6c2f226b3t7ihmtsln6dq6ragwnp4,gkoskie.bsky.social,,"PoiLIEvre was housing minister.
800,000 affordable units sold to corporate landlords.
Home prices up 70%.
Six non-profit units built. Across all of Canada.
Then he said: ""When I was minister, Canadians could afford a home.""
🪓 #AxeTheFacts #PoiLIEvre #cdnpoli",,,,0,3,4,0,2026-05-08T19:14:50Z,at://did:plc:ptyiz7b2xalj5cpbm3syjcxm/app.bsky.feed.post/3mleguf7wlk2u,at://did:plc:ptyiz7b2xalj5cpbm3syjcxm/app.bsky.feed.post/3mlegm724xc2u,NA,,,,,
at://did:plc:ptyiz7b2xalj5cpbm3syjcxm/app.bsky.feed.post/3mleguf7wlk2u,bafyreicpdzu24oxkg5q6y4xksix2ixz7ffnkwxmi6repptta6b7brzx5he,gkoskie.bsky.social,,"Immigrants make up 40%+ of Canada's doctors and nurses.
The people being blamed for pushing you out of line are disproportionately the ones at the front of the room keeping you alive.
🪓 #AxeTheFacts #PoiLIEvre #cdnpoli",,,,1,0,2,0,2026-05-08T19:14:28Z,at://did:plc:ptyiz7b2xalj5cpbm3syjcxm/app.bsky.feed.post/3mlegovcupc2u,at://did:plc:ptyiz7b2xalj5cpbm3syjcxm/app.bsky.feed.post/3mlegm724xc2u,NA,,,,,
at://did:plc:h2spa3l463coxycuy6iiov2l/app.bsky.feed.post/3mlegshmqhk2n,bafyreicoiemxebkx65ajima4rmra3e2s7kwslivmwe7q35oncjdyzzk26i,shewandersferal.bsky.social,Allison Moon 🌙  🍁,"I’ve put a few of my thoughts on this MAGA-disgusting #Alberta #VoterRegistry #scandal into song:

#DonbasDanielle: “how sausage gets made”

🍁 #CANpoli 🍁 #CDNpoli 🍁  #CanadaSky 🌌 #Canadiana",,,,1,0,0,0,2026-05-08T19:13:27Z,at://did:plc:serlxfuuco5zwtgjbezfqib5/app.bsky.feed.post/3mldq667eok2x,at://did:plc:serlxfuuco5zwtgjbezfqib5/app.bsky.feed.post/3mldq667eok2x,NA,,,,,
at://did:plc:ptyiz7b2xalj5cpbm3syjcxm/app.bsky.feed.post/3mlegrxbvyk2u,bafyreicc73qqufd6jygtbmd5duv2ossiii26xk3chm76g2d4rhnljy54ra,gkoskie.bsky.social,,"Canada has the lowest net debt-to-GDP ratio in the G7.
Lower than the US. Lower than the UK. Lower than Germany.
The number sounds scary until you compare it to everyone else.
Context matters. Facts don't care about feelings.
🪓 #AxeTheFacts #cdnpoli",,,,0,2,3,0,2026-05-08T19:13:07Z,at://did:plc:ptyiz7b2xalj5cpbm3syjcxm/app.bsky.feed.post/3mlegm724xc2u,at://did:plc:ptyiz7b2xalj5cpbm3syjcxm/app.bsky.feed.post/3mlegm724xc2u,NA,,,,,
at://did:plc:h2spa3l463coxycuy6iiov2l/app.bsky.feed.post/3mlegpfqxo22n,bafyreibrsv4wwrjtalns34et4g2xreqzwli56tozr7jfjy4jx27jbj64cy,shewandersferal.bsky.social,Allison Moon 🌙  🍁,"I’ve put a few of my thoughts on this #MAGA-disgusting #Alberta #VoterRegistry #scandal into song:

#DonbasDanielle

🍁 #CANpoli 🍁 #CDNpoli 🍁  #CanadaSky 🌌 #Canadiana",,,,0,0,0,0,2026-05-08T19:11:45Z,at://did:plc:kx375dszrbvqtu7o4xxxmojn/app.bsky.feed.post/3mlbxjoq2uc2o,at://did:plc:kx375dszrbvqtu7o4xxxmojn/app.bsky.feed.post/3mlbxjoq2uc2o,NA,,,,,
at://did:plc:6cri3nbgdxvfuwdgav73lbce/app.bsky.feed.post/3mlegp7xrv22c,bafyreihvers2ml4qfn6istae7uvnbypyd4l5r7izrvlh26um7upuqkvace,uncoverthenews.bsky.social,UncoverTheNews,"LIVE: Regroup, Reset, Regret — The Daily Beaver Morning Show -  Part 2

PM Mark Carney pushes for faster approvals—but at what cost? 👀
Meanwhile, the Alberta List Leak story keeps getting bigger 🇨🇦

www.youtube.com/watch?v=qfaF...

#abpoli #cdnpoli #Breaking #Live #news",,,,0,0,0,0,2026-05-08T19:11:44Z,NA,NA,NA,,,,,
at://did:plc:ptyiz7b2xalj5cpbm3syjcxm/app.bsky.feed.post/3mlegovcupc2u,bafyreiaorrqwwy6vhpypcjhxbzhh4vjbmuqfmtzlhfuizgkz225e6jftoa,gkoskie.bsky.social,,"Food inflation hit every G7 nation in 2022.
Russia invaded Ukraine. Global grain and fertilizer markets collapsed.
Canada had the second-lowest food inflation in the G7 by 2023.
It wasn't made in Ottawa. It was made in Moscow.
🪓 #AxeTheFacts #cdnpoli",,,,1,0,0,0,2026-05-08T19:11:24Z,at://did:plc:ptyiz7b2xalj5cpbm3syjcxm/app.bsky.feed.post/3mlegm724xc2u,at://did:plc:ptyiz7b2xalj5cpbm3syjcxm/app.bsky.feed.post/3mlegm724xc2u,NA,,,,,
at://did:plc:xzgwn3nornr6v6cdd2fqsdru/app.bsky.feed.post/3mlegoi77yk2h,bafyreifalqh7yuklx35bzdqdyfcoqs7kh7cnignuskwi6owl6h7v33zpz4,mikemontreal.bsky.social,Montreal Mike🇨🇦,"""This request was made directly by me, and I very much appreciate its agreement by President Vladimir Putin and President Volodymyr Zelenskyy,"" Trump said. 

I’m sure it was. 🤦‍♂️🤦‍♂️
#cdnpoli #uspoli

www.cbc.ca/news/world/r...",,,,0,0,1,0,2026-05-08T19:11:11Z,NA,NA,NA,,,,,
at://did:plc:h2spa3l463coxycuy6iiov2l/app.bsky.feed.post/3mlegoevp222n,bafyreigcze3sv55f7vxbfwmyxnh3mlgvt7ryti4tgnjofeyeskqwvcu34i,shewandersferal.bsky.social,Allison Moon 🌙  🍁,"I’ve put a few of my thoughts on this MAGA-disgusting #Alberta #VoterRegistry #scandal into song:

#DonbasDanielle

🍁 #CANpoli 🍁 #CDNpoli 🍁  #CanadaSky 🌌 #Canadiana",,,,0,0,0,0,2026-05-08T19:11:11Z,at://did:plc:ykvfxsnswr6rcwdbwocwqajt/app.bsky.feed.post/3mjzuexpkgc2w,at://did:plc:ykvfxsnswr6rcwdbwocwqajt/app.bsky.feed.post/3mjzuexpkgc2w,NA,,,,,
at://did:plc:h2spa3l463coxycuy6iiov2l/app.bsky.feed.post/3mlegnf5v6k2n,bafyreiftsao5d2eo2xetbmxpmvfvdkyzzfkjeyz2psbroshpkjt2mpwhjq,shewandersferal.bsky.social,Allison Moon 🌙  🍁,"I’ve put a few of my thoughts on this MAGA-disgusting #Alberta #VoterRegistry #scandal into song:

#DonbasDanielle

🍁 #CANpoli 🍁 #CDNpoli 🍁  #CanadaSky 🌌 #Canadiana",,,,0,0,0,0,2026-05-08T19:10:37Z,at://did:plc:2lsci5ico26qbze4wwxp5cbo/app.bsky.feed.post/3mlcamlcp5c2e,at://did:plc:2lsci5ico26qbze4wwxp5cbo/app.bsky.feed.post/3mlcamlcp5c2e,NA,,,,,
at://did:plc:re7tflvczjceanwkco2bseqb/app.bsky.feed.post/3mlegllge3k2d,bafyreiasxebfn3tpqlrj4yaey6lt7wzp62t6yo54b4uqrbtctpvj7qs2ey,bella-andme.bsky.social,Sherry Lee,"Pot stirring.
#abpoli #cdnpoli",,,,1,1,2,0,2026-05-08T19:09:33Z,NA,NA,at://did:plc:4euncr44a5aflpbcbjhvjvdo/app.bsky.feed.post/3mleegcjsgk2b,,,,,
at://did:plc:h2spa3l463coxycuy6iiov2l/app.bsky.feed.post/3mleglbypqk2n,bafyreibgy666vr73rme2i6pqbaqgkyfn7da55x7ri5bsn5zs3kxjp3t6iq,shewandersferal.bsky.social,Allison Moon 🌙  🍁,"I’ve put a few of my thoughts on this MAGA-disgusting #Alberta #VoterRegistry #scandal into song:

#DonbasDanielle

🍁 #CANpoli 🍁 #CDNpoli 🍁  #CanadaSky 🌌 #Canadiana",,,,1,0,0,1,2026-05-08T19:09:26Z,NA,NA,NA,,,,,
at://did:plc:h2spa3l463coxycuy6iiov2l/app.bsky.feed.post/3mlegksbqzc2n,bafyreifzelgcnhxy6bfzo25musyolt3q5rjuuhsencxw7s6qa6bp63hkm4,shewandersferal.bsky.social,Allison Moon 🌙  🍁,"I’ve put a few of my thoughts on this MAGA-disgusting #Alberta #VoterRegistry #scandal into song:

#DonbasDanielle

🍁 #CANpoli 🍁 #CDNpoli 🍁  #CanadaSky 🌌 #Canadiana",,,,0,1,1,1,2026-05-08T19:09:10Z,at://did:plc:kuotlc5gkn2n6v7633fpqxzn/app.bsky.feed.post/3mldw76ay322q,at://did:plc:vvjwukbyx45mcvbsyhgfui3i/app.bsky.feed.post/3mlc5ykzmfs2w,NA,,,,,
at://did:plc:3xe6s7ngmfgmiryouptmjw75/app.bsky.feed.post/3mlegk2tn4c2a,bafyreihxyysgk6axibwjgqwlnaxp7ckmofpyalsyzuio4gz5aj5xpmgj5y,kylie-michelle42.bsky.social,,"I was born and raised in AB before moving to BC as a university student (UBC) and I have 2 comments: first, for all the talk about AB ""not having a voice"" in #cdnpoli I hear more about AB's wants, demands, and complaints that anyone or anywhere else; ... (1/2)...",,,,3,1,2,0,2026-05-08T19:08:41Z,NA,NA,at://did:plc:yrr5uywdm6ovzy7maq5fx3np/app.bsky.feed.post/3mleg6vodsk2j,,,,,
at://did:plc:re7tflvczjceanwkco2bseqb/app.bsky.feed.post/3mlegjqoooc2d,bafyreiflluodzgkw55a4zhk7qqgvlkohvzcmzclptduybajxbxnsrh6fgm,bella-andme.bsky.social,Sherry Lee,"Crowd baiting. 
#abpoli #cdnpoli",,,,0,0,2,0,2026-05-08T19:08:31Z,NA,NA,at://did:plc:4euncr44a5aflpbcbjhvjvdo/app.bsky.feed.post/3mleetz4gtc2b,,,,,
at://did:plc:otvxxbqk7fklkgnceffsh35w/app.bsky.feed.post/3mlegazm2fk2k,bafyreid4s2uekwq4vfdzaby6zza4ftxwa3y6tv4walbgtkfu4jw6ubplqq,sherwinarnott.org,Sherwin Arnott,"Reading: VicPD spent $24,000 so officers can ask an AI how to do their job 

#YYJ #bcpoli #cdnpoli  www.needsmorespikes.com/blog/vicpd-ai",,,,0,0,0,0,2026-05-08T19:03:43Z,NA,NA,NA,,,,,
at://did:plc:abt5tpb7lqr7vopkrkwfswwq/app.bsky.feed.post/3mleg7s5h5e2k,bafyreiemre4ktbbhmga42gmubm6bbveulebnb667qx3cw3qptqn4skp23y,canadareport.org,Canada Report,"🇨🇦 PM Briefing — May 08  
Canada faces rising unemployment and job losses.  
• 18,000 jobs lost in April.  
• New measures to speed up project approvals.  
Read more: https://ex...

Read: canadareport.org/briefing-2026-05-08-afternoon.html
#cdnpoli",,,,0,0,0,0,2026-05-08T19:02:57Z,NA,NA,NA,,,,,
at://did:plc:yrr5uywdm6ovzy7maq5fx3np/app.bsky.feed.post/3mleg6vodsk2j,bafyreia6gt7lywguir7yk7lkhrb2tpgaezjl2nkk43k7vtiudz5t3u6uqq,keechiep.bsky.social,,"Danielle Smith today: Alberta has the constitutional right to develop its resources and bring them to tidewater. Also, f*ck British Columbia's constitutional right to say no to a pipeline.
#cdnpoli",,,,1,3,9,1,2026-05-08T19:02:30Z,NA,NA,NA,,,,,
at://did:plc:r5fafhvk53vxf5p7gg7xptd2/app.bsky.feed.post/3mleg4chtmc2w,bafyreihyrhjzbh7pkajkdpiuzlh2tbivejjfwpengqpmppdohbsurxonoq,deaph-mckneticc.bsky.social,🇨🇴Deaph 🇨🇦McKneticc🇺🇦," Be nice if both leaders of Canada’s main political parties , who both happen to be MPs from Alberta, by the way, would come out in defence of our country’s territorial integrity. #CDNPoli",,,,0,0,2,0,2026-05-08T19:01:00Z,NA,NA,NA,,,,,
at://did:plc:osg2vzhifd2tjfsvfwua7scy/app.bsky.feed.post/3mlefy77sak25,bafyreihsqzuapprmf6shgvd5jwcqb776izfzczjzflaw7lrv7mp3vlm7tm,symbo1ics.bsky.social,Linotype Pilgrim,"Clare earned my vote
#cdnpoli",,,,0,0,3,0,2026-05-08T18:58:42Z,NA,NA,at://did:plc:l35pvajgwmf764yoqqwrjrqc/app.bsky.feed.post/3mlefnw4zuk2f,,,,,
at://did:plc:v3eup4rzroyniw2x7bmsdzgt/app.bsky.feed.post/3mlefxz3a7c2u,bafyreibzvzm4oumoftf75vfkftcmzqjvvz6cv3bbwyeksxp6xug3gtedna,spudislander45.bsky.social,Spudislander45 🇨🇦❤️🌎💪🫡,"New #Canadian #GovernorGeneral #LouisArbour gets to see her recommendation to move oversight on #military #sexual offences moved to #civilian court, come to fruition after the #Liberals voted to bring back the bill she was part of creating. #cdnpoli #canpoli",,,,1,1,10,0,2026-05-08T18:58:37Z,NA,NA,NA,,,,,
at://did:plc:istu2catmtwuynu7jlh6buzl/app.bsky.feed.post/3mlefqxruyc2i,bafyreiagk3r24pvfnjbckez5r3kissvpxko7wehjuijk6vld2o4pfhhory,elcanaco.bsky.social,elcanaco.bsky.social,"A good news story.

#BuyCanadian #cdnpoli #bcpoli #vanpoli #Yves #plantbased #vegetarian #vegan

www.cbc.ca/news/canada/...",,,,0,2,9,0,2026-05-08T18:54:41Z,NA,NA,NA,,,,,
at://did:plc:ed63zp3ko7gvx6cfpxko45mo/app.bsky.feed.post/3mlefo2mnl224,bafyreib4kc2u46sl5meqyisum2ijizrier3mof4x6zc4nsublttn3o7rnu,heathermoandco.bsky.social,Heather e^-1/x^2,"#CandiceMalcolm, #KeeanBexte, #LaurenSouthern & other far right disinformationists, are a political cancer. As are #Juno #TrueNorthCentre and other dark money funded propaganda operations. 

#Cdnpoli #cdnmedia",,,,0,8,19,0,2026-05-08T18:53:06Z,at://did:plc:ormie3tjweyhnqckjlzowoxg/app.bsky.feed.post/3mle6aitd722y,at://did:plc:ormie3tjweyhnqckjlzowoxg/app.bsky.feed.post/3mle6aitd722y,NA,,,,,
at://did:plc:ztg7s6zljk4yy3vj3az4vc4k/app.bsky.feed.post/3mlefifvpuc2c,bafyreigrna4c2clfftekyok2jhj4hyzic2yjbq7n74lm34p5jcntb2trgq,earthangel777.bsky.social,EarthAngel777,"A New World Order according to George Soros is a Liberal World Order & a Financial World Order. Seems like it's a bunch of old-white-ultra wealthy men making money off of ppl mostly by making them so poor & suffer thanks to politicians like Carney.
#topoli #onpoli #cdnpoli
rumble.com/v7545ey-a-ne...",,,,0,1,1,0,2026-05-08T18:49:53Z,NA,NA,NA,,,,,
at://did:plc:v3eup4rzroyniw2x7bmsdzgt/app.bsky.feed.post/3mlefgg2vqk2u,bafyreiasg5rsfk2qma5oahoghwfwhicuo22ofoj547qvw6ulqahey53kfa,spudislander45.bsky.social,Spudislander45 🇨🇦❤️🌎💪🫡,"#NDP in #Alberta brought the #voterlist leak information to the #RCMP ahead of providing it to the #UCP Party. 

Alberta prof analysis that #PremierSmith may be angry as  information was delivered ahead of her govt knowledge. #cdnpoli #abpoli 

youtube.com/shorts/MNZs7...",,,,1,4,9,1,2026-05-08T18:48:47Z,NA,NA,NA,,,,,
at://did:plc:lyvztfv2xp5su33ype2ddqgk/app.bsky.feed.post/3mlefaxhwk22g,bafyreidzb6knlxs5tevcuhh3v2mqvgwr322ue6yirwdp3zcw76yzn6dxsq,bibliophile99.bsky.social,Serena,"#cdnpoli #crahack

Thousands of taxpayers’ information accessed in CRA breaches. What to know www.ctvnews.ca/business/art...",,,,0,2,2,0,2026-05-08T18:45:45Z,NA,NA,NA,,,,,
at://did:plc:w7yhpanniwt2sweiorkvec7j/app.bsky.feed.post/3mleez3bbsc25,bafyreiafm6qagmnie3x7bpypfpcpf4tjb7jngkzsomujeoin2of5h37x2i,luciecatnip.bsky.social,Lucie🐈‍⬛Catnip ,"It's census time and all of the conspiracy theories are in full bloom again. Counting people is a Liberal plot.

#cdnpoli",,,,0,2,10,0,2026-05-08T18:41:19Z,NA,NA,NA,,,,,
at://did:plc:qkwj4hstt5ez4jecdqjpcly2/app.bsky.feed.post/3mleewd6xbk2f,bafyreibw4rjm43jdhopko32vtxpgsrodgvvsehdutdp7y5zgrwie7fb2jy,quoimedia.bsky.social,QUOI Media 🇨🇦,"High-performing health systems share six key levers focused on the lived experiences of patients and those delivering care – they can be replicated across the country, says CEO Healthcare Excellence Canada, Dr. Jennifer Zelmer:

#medicare #healthcare #cdnpoli #patientpartner #caregiving",,,,0,2,6,1,2026-05-08T18:39:48Z,NA,NA,NA,,,,,
at://did:plc:ztg7s6zljk4yy3vj3az4vc4k/app.bsky.feed.post/3mleelmmjgc25,bafyreid6mq3derfjl73ndp7idw7jw3ttgwmdwdk5qtmcluytxfhj35wulu,earthangel777.bsky.social,EarthAngel777,"Mark Carney Thrown Under The Bus By His Own Agency & CBC As Jobs Report Contradicts Him
youtu.be/iFt_U17T9EI?...
#topoli #onpoli #cdnpoli",,,,0,0,1,0,2026-05-08T18:33:49Z,NA,NA,NA,,,,,
at://did:plc:aluhvhowyayoyhqeu2hxinwh/app.bsky.feed.post/3mleel5skgk2k,bafyreifwb3gtnuu23uwlx4ufji4vahk2roqaphqnbc2ylgeqglo2md5wfq,stephenlautens.bsky.social,Stephen Lautens,"Stay Free Alberta leader Mitch Sylvestre has some odd ideas: ""Sylvestre seems to honestly believe that Trudeau and Carney have shipped billions of dollars in stolen Canadian money to King Charles."" (gift article) www.thestar.com/gift-redeem?... #cdnpoli #ableg",,,,6,14,15,0,2026-05-08T18:33:31Z,NA,NA,NA,,,,,
at://did:plc:ypbo2mq6dqcct43gt2sam6el/app.bsky.feed.post/3mleeixujtl2j,bafyreih2shbttnkngblq2dmwh4bnu2ngzru34m57x44ccskuqhw5ckm6qm,ipolitics.bsky.social,iPolitics,One year of Carney: Ottawa’s patient strategy at a glance #cdnpoli #ipolitics,,,,0,2,1,0,2026-05-08T18:32:18Z,NA,NA,NA,,,,,
at://did:plc:abt5tpb7lqr7vopkrkwfswwq/app.bsky.feed.post/3mleehxipta2k,bafyreifgb7bqpyogoxk6p4z5kwtssugfnprvdecflnsuueqsoyxn4cnr74,canadareport.org,Canada Report,"GTA home sales up 7% in April as prices shrink: real estate board

Canada’s fastest news scan: 25+ headlines, no clutter, updated all day: CanadaReport.org

#cdnpoli #Canada #News #Business #Economy 
Read Original Article 🔗",,,,0,0,2,0,2026-05-08T18:31:44Z,NA,NA,NA,,,,,
at://did:plc:ekew4wtc2m4ctroumek7kr4l/app.bsky.feed.post/3mleebgfeos22,bafyreihnll25hgu27xe4uqpjh547xxlfkvx65qdx4lphzbo5y334ievpoy,schmutzie.com,Schmutzie.,I was born in Alberta and still have family and friends there. I find this heartbreaking. How do we break through? Because this doesn't just affect Albertans. The disinformation campaigns that brought them here are also changing politics elsewhere. It affects all of us. #CdnPoli #CanPoli #AbPoli,,,,5,6,19,0,2026-05-08T18:28:05Z,NA,NA,at://did:plc:hzsbt6yz3ve3srewl3aq7w2h/app.bsky.feed.post/3mldl5q5r422b,,,,,
at://did:plc:v3eup4rzroyniw2x7bmsdzgt/app.bsky.feed.post/3mlee22qj322u,bafyreigdv3i4pchqd2ar72jgq75ps7j6bn3g5iyxsqdv4lwi7ilyysf6ey,spudislander45.bsky.social,Spudislander45 🇨🇦❤️🌎💪🫡,"Seems as though #USA AMBASSADOR to #Canada, 
#PeteHoekstra, has been called back to Washington and speaking engagement in #Ottawa with #DanielleSmith and #Poilievre has been cancelled. 
#cdnpoli #usapoli #PoliticalInterference #RespectOurSovreignity",,,,1,0,3,1,2026-05-08T18:23:58Z,NA,NA,NA,,,,,
at://did:plc:esh6ezvuf3oycig2t6jtyuwy/app.bsky.feed.post/3mledqktro22o,bafyreieqtcpgkvxws6g5qar6kqtobj2nzp6cnfib5feqaz3ksk3liloik4,billtieleman.bsky.social,Bill Tieleman🍁,"I join host Mike Smyth on CKNW AM 730 at 11:05 AM Friday to talk: duelling #BCPoli polls: is the BC NDP 4% ahead or 10% behind BC Conservatives? New #Vancouver overdose prevention site opposed, supported; Alberta uproar over separatists’ actions, data breach #vanpoli #cdnpoli",,,,0,0,0,0,2026-05-08T18:18:42Z,NA,NA,NA,,,,,
at://did:plc:d4pjo6ehblrviy625go6uodj/app.bsky.feed.post/3mledqc5eic2s,bafyreib2sccmamcjipyqyucahxzyj33xdu3qh65ufvobj2gfs2hw6oovae,tindizzy.bsky.social,Dizzy ★,"Yeah. Heads up, Alberta.

The Wicked Smith of the West and the Unscrupulous Criminal Predators are doing the same here.

#AbLeg #AbPoli 
#CanPoli #CdnPoli",,,,0,8,13,0,2026-05-08T18:18:30Z,NA,NA,at://did:plc:c7ozmxoc5b2ky4iam2o36uic/app.bsky.feed.post/3mldyh4jbqk2x,,,,,
at://did:plc:re7tflvczjceanwkco2bseqb/app.bsky.feed.post/3mledpq2g4k27,bafyreidb6hjqydmh4hyt453jrytbt2wuqtngukxcegduyptc6tydog65aa,bella-andme.bsky.social,Sherry Lee,"I think my day has given me a headache?
At least I don’t have to interview Danielle Smith. 
Not enough Tylenol in the world for that. 
Looking forward to watching though.
Will she dance? Squirm? 
Be honest? Lol! We are talking about the haughty, supercilious Premier of Alberta. 
#pnpcbc #cdnpoli",,,,0,0,0,0,2026-05-08T18:18:11Z,NA,NA,NA,,,,,
at://did:plc:6cri3nbgdxvfuwdgav73lbce/app.bsky.feed.post/3mledpllexs2c,bafyreia4g53t3y2xoz7jqij4vbj3qnr36p7cw3ypaxpm54cinzqmuyqf4e,uncoverthenews.bsky.social,UncoverTheNews,"🚨 LIVE: Time for a Reset 👀
Projects fast-tracked. Climate concerns rising. Alberta leak fallout growing 🇨🇦
Are the guardrails coming off?
Join the DamFam 👇
www.youtube.com/watch?v=Nc6p...
#cdnpoli #LiveNow #Breaking #news #podcast #abpoli",,,,0,0,0,0,2026-05-08T18:18:16Z,NA,NA,NA,,,,,
at://did:plc:re7tflvczjceanwkco2bseqb/app.bsky.feed.post/3mledbioakc2k,bafyreifgs26nhmc3gj4qqud5d7jzqxlovofzsgjaqiwkvpmqtq5khbnvou,bella-andme.bsky.social,Sherry Lee,"Because of course he is. 
#abpoli #cdnpoli",,,,1,2,6,0,2026-05-08T18:10:13Z,NA,NA,at://did:plc:xpgujbkkrjevueb53vpgnetz/app.bsky.feed.post/3mldtabj54k2j,,,,,
at://did:plc:mgmhq5daplfs52ztiocmae74/app.bsky.feed.post/3mled746ghs27,bafyreibthgdaufvwermdqiz4v6iu3g4ear663rxqafujrlxqjlnodvxgra,o-tawdry.bsky.social,Bridget McGrath 🇨🇦,"The guy who refused to declare intimate partner violence an epidemic, cut short a study into the femicide epidemic, slashes mental health supports, now wrings his hands and pledges help for the cops investigating Thursday's triple femicide?

Doug Ford is despicable! #onpoli #cdnpoli #CallitFemicide",,,,0,2,5,0,2026-05-08T18:08:57Z,NA,NA,NA,,,,,
at://did:plc:xzgwn3nornr6v6cdd2fqsdru/app.bsky.feed.post/3mlecxemnfk23,bafyreidmn6ybygxrsookmfyifgqun5a437th6t76a33ge4d2ahw3ovxwsi,mikemontreal.bsky.social,Montreal Mike🇨🇦,"When will people ever learn that violence is never an acceptable solution?  Your anger heals.  Your suffering can end.  But you cannot bring back lives terminated. 😢
#cdnpoli

www.cbc.ca/news/canada/...",,,,0,1,3,0,2026-05-08T18:04:35Z,NA,NA,NA,,,,,
at://did:plc:abt5tpb7lqr7vopkrkwfswwq/app.bsky.feed.post/3mlecrmcnr22b,bafyreia7ciesyqq3qg5dj334nbux35nugi65kzcqjozjia647eeudqofom,canadareport.org,Canada Report,"Alison Kaizer says founders must build hiring muscles in the AI era

Canada’s fastest news scan: 25+ headlines, no clutter, updated all day: CanadaReport.org

#cdnpoli #Canada #News #Tech #AI 
Read Original Article 🔗",,,,0,0,0,0,2026-05-08T18:01:20Z,NA,NA,NA,,,,,
at://did:plc:in6t5b6l3wnfwkcuqji57ttg/app.bsky.feed.post/3mlecind3zk2r,bafyreibpt2dkncignqrk2utsk6tus7aljpwgdv7gbihsdm4rzta7r57zhu,ccfr-ccdaf.bsky.social,Canadian Coalition for Firearm Rights,"GLOCK, Inc. has been awarded a contract to supply the Royal Canadian Mounted Police with their next duty pistol:

the G45.

CBC Story: www.cbc.ca/news/politic...

From GLOCK: us.glock.com/en/press-rel...

#cdnpoli",,,,1,0,1,0,2026-05-08T17:56:23Z,NA,NA,NA,,,,,
at://did:plc:4jhds6khpgmfkova5vetcm5h/app.bsky.feed.post/3mleci2m4zs2v,bafyreialt3g3c6yzydcngq3sp533p6veqaw7dawmw4xyalzyhbadicks5i,drunkondespair.bsky.social,NA,"Beating the fuck out of a man because of who he was born. Another #MarkCarney shared value. #cdnpoli

t.me/thecradlemed...",,,,0,0,1,0,2026-05-08T17:55:59Z,NA,NA,NA,,,,,
at://did:plc:sgkn3mngslzbvvhy6xlpphoh/app.bsky.feed.post/3mlecepxiwk2s,bafyreieg3rt6wrdx75xhv4yl4yol2odaamqjmm5k6ue427hpmtrponqmya,cleanenergycanada.org,Clean Energy Canada,"🇨🇦⚡️📉 Canada’s EV market may be turning a corner on its biggest barrier: cost. New data from J.D. Power shows the average EV now sells for $49,500, the same as the average vehicle, regardless of powertrain. #cdnpoli #EV",,,,23,91,323,7,2026-05-08T17:54:10Z,NA,NA,NA,,,,,
at://did:plc:kalz2syodydchbq5cnx4i25d/app.bsky.feed.post/3mlebtbahzk2p,bafyreigylgxc6si72erbvjj5gv3ggtejwrqnvbdajql7pvut6ugviecury,trevorrobb.bsky.social,,"'Much more confident': Premier Danielle Smith says pipeline progress being made after meeting PM Mark Carney #ableg #abpoli #cdnpoli #pipeline

edmontonjournal.com/news/politic...",,,,0,1,0,0,2026-05-08T17:44:25Z,NA,NA,NA,,,,,
at://did:plc:w7yhpanniwt2sweiorkvec7j/app.bsky.feed.post/3mleblu4fo22i,bafyreidokzavzrbfcyyq2rt7o6pp2tgsxbmbsa5ah3q6vicjzqyojswqd4,luciecatnip.bsky.social,Lucie🐈‍⬛Catnip ,"Pete Hoekstra has been called back to DC for ""urgent"" meetings.

What's so urgent about the US situation with Canada?

(Hopefully, he's going to be fired.)

youtube.com/shorts/yYUSF...

#cdnpoli",,,,4,11,26,2,2026-05-08T17:40:14Z,NA,NA,NA,,,,,
at://did:plc:ig6dnt4tqgg7iwwtywx3bkvd/app.bsky.feed.post/3mlebitsar22c,bafyreia3y4q5igzlmw7xjtydpi67fdnvfbeauqtegobxpzklgbxikbn33u,robduncan.bsky.social,Rob Duncan,#pedopresident #Pedogarchy #Pedophocracy #25thAmendment #TraitorTrump #USPOL #USA #us #uspoli #poli #politics #cdnpoli #canada #auspol #MeidasMighty #america #history #RemoveTrump #DonaldTrump #Trump #TRUMP #FuckTrump #antifa #AntiTrump #fascistfelon #FightOligarchy #DefundBillionaires #TrumPedo,,,,0,5,16,1,2026-05-08T17:38:37Z,NA,NA,NA,,,,,
at://did:plc:ig6dnt4tqgg7iwwtywx3bkvd/app.bsky.feed.post/3mlebhabd522c,bafyreieeg25inxfpoubh5wictdmaggmmhr7oa3jgdwuptjfcufswtc6oqi,robduncan.bsky.social,Rob Duncan,#pedopresident #Pedogarchy #Pedophocracy #25thAmendment #TraitorTrump #USPOL #USA #us #uspoli #poli #politics #cdnpoli #canada #auspol #MeidasMighty #america #history #RemoveTrump #DonaldTrump #Trump #TRUMP #FuckTrump #antifa #AntiTrump #fascistfelon #FightOligarchy #DefundBillionaires #TrumPedo,,,,0,4,10,0,2026-05-08T17:37:41Z,NA,NA,NA,,,,,
at://did:plc:6pxjkqgovxizvfr2ysrjyrqo/app.bsky.feed.post/3mleb764fjk2a,bafyreia3ybntr3fkx7n2d4ahxf53nhhsvhcs7ivjzcz2glzhrzt2qcynsu,brycejmcneil.bsky.social,Bryce McNeil,"I give only the mildest credit to @nytimes.com for correcting this and implore its editorial staff to either take coverage of Canada seriously or just don't bother. #cdnpoli 

bsky.app/profile/bryc...",,,,0,0,2,0,2026-05-08T17:33:08Z,at://did:plc:ynchjaxwjyhlrr4ohmdc3nbq/app.bsky.feed.post/3mle5lc7lus2d,at://did:plc:ynchjaxwjyhlrr4ohmdc3nbq/app.bsky.feed.post/3mle5lc7lus2d,at://did:plc:6pxjkqgovxizvfr2ysrjyrqo/app.bsky.feed.post/3ligd7llzsk2s,,,,,
at://did:plc:2yp3qbkyxd5znzhtsq4n2wml/app.bsky.feed.post/3mleb5q5wtk2d,bafyreiaa7gysx2x3flbrwumm7rnntyzdkusur7cyh4qzarojl7lbuxuzfq,tk1ng.bsky.social,Tim King,"Graeme Young: Lessons from Germany on youth employment policy (2016) policyoptions.irpp.org/2018/05/less...

Since 2018, Germany's youth unemployment rate has remained low & stable between 6-8%, while Canada's has fluctuated more widely, peaking above 14% (where it is now) #cdned #cdnpoli",,,,0,0,0,0,2026-05-08T17:32:21Z,NA,NA,NA,,,,,
at://did:plc:abt5tpb7lqr7vopkrkwfswwq/app.bsky.feed.post/3mleb3yzse62d,bafyreiex46oq3vgdelrodofvn2swo576f2rq3keb2amirm2mvcfy3jqxfe,canadareport.org,Canada Report,"Risk of $5 Gasoline ‘Can No Longer Be Dismissed,’ JPMorgan Says

Canada’s fastest news scan: 25+ headlines, no clutter, updated all day: CanadaReport.org

#cdnpoli #Canada #News #Business #Economy 
Read Original Article 🔗",,,,0,0,2,0,2026-05-08T17:31:21Z,NA,NA,NA,,,,,
at://did:plc:j4wipyixfwkztdt4c6zds4m5/app.bsky.feed.post/3mleb2qrj422w,bafyreibxovcqs5ywlawu2rs2qgvziepdmu3vsblviqy36ba3wn4h4vvdfm,purplebianchi.bsky.social,Purple Bianchi,#CdnPoli,,,,0,0,0,0,2026-05-08T17:30:39Z,NA,NA,at://did:plc:j4wipyixfwkztdt4c6zds4m5/app.bsky.feed.post/3mldo4dkmoc2w,,,,,
at://did:plc:mlimbtxuf4wyxwvtb2fm7yur/app.bsky.feed.post/3mlea5tssvk2i,bafyreia6q7szyw75bq45cecqmojloxv5szti3xa3oiliqmsuthwbeg6kxq,hellobonjour.bsky.social,Dr. Hello Bonjour,My thoughts exactly. #CdnPoli #Alberta #AlbertaSeparatists,,,,3,13,34,1,2026-05-08T17:14:30Z,NA,NA,NA,,,,,
at://did:plc:sw5qmiw6x4mtoozq2fj6xoua/app.bsky.feed.post/3mle7zs4nac2g,bafyreib3ce3oybuas2i7ua3dybhzeubh4gyivntqtz2kihboz4vgt57qwu,cheryllynnebradley.bsky.social, Cheryl Lynne Bradley - Canadian Author,"www.youtube.com/watch?v=Vgwm... Triple Femicide in Brockville, Ontario - 17 year old boy charged #femicide #cdnpoli #triplefemicide #Brockville #Ontario #familyviolence",,,,2,0,1,0,2026-05-08T17:12:16Z,NA,NA,NA,,,,,
at://did:plc:ypbo2mq6dqcct43gt2sam6el/app.bsky.feed.post/3mle7xyw7hw2q,bafyreifulowm6fbh6ieyjdn4oxx7ovfknwbn7g7anhjodktloxljf46icm,ipolitics.bsky.social,iPolitics,Feds propose major overhaul of project assessment process #cdnpoli #ipolitics,,,,0,0,0,0,2026-05-08T17:11:14Z,NA,NA,NA,,,,,
at://did:plc:bmwsfbyxscsf4obiamhrcdpy/app.bsky.feed.post/3mle7xuwwt372,bafyreibb6aybujl5iw6u2wvk4vr42raatw3aq7xsmockul4gdcxw2sew3y,sleepy62.social.vivaldi.net.ap.brid.gy,sleepy62🍁🛠️ 🖥️ 🔬 🌞,"What a surprise🙄

https://phys.org/news/2026-05-tiktok-algorithm-pro-republican-bias.html

#uspol #cdnpoli",,,,0,3,2,0,2026-05-08T17:11:14Z,NA,NA,NA,,,,,
at://did:plc:4wtl4ihomtq4zax5cz2y62us/app.bsky.feed.post/3mle7uz4jtu26,bafyreighycvstbkyoog4t6cxkzdfwzn4vajej6uwkt75mrrsgcopci2rrq,shireenj.bsky.social,Shireen Anne Jeejeebhoy ,Do I ever feel this today! #cdnpoli,,,,0,1,3,0,2026-05-08T17:09:33Z,NA,NA,at://did:plc:weypikbrwodr2fsanloqjx6s/app.bsky.feed.post/3mle4faw36k2j,,,,,
at://did:plc:tlkakpjayncxubstzzd4dwdt/app.bsky.feed.post/3mle7te5dec2x,bafyreidykbdgyookrhxdqpfhjd7jzp3bmqr26kuepfjacubnfgfovoalke,cyborgk9.bsky.social,Cyborg K9 🌹,"The reason faith in democracy is falling in the US, Canada, and the UK is because we don't actually have good democratic systems, even though we're all told we do.

#cdnpoli #uspoli #UKpolitics",,,,0,1,5,0,2026-05-08T17:08:37Z,NA,NA,NA,,,,,
at://did:plc:abt5tpb7lqr7vopkrkwfswwq/app.bsky.feed.post/3mle7gwppew2k,bafyreigcirvvwzahg6qqdqtibjvnlpjvytrbo7kioat6av3aeklom7ki4a,canadareport.org,Canada Report,"What Canadian founders can learn from Silicon Valley’s speed

Canada’s fastest news scan: 25+ headlines, no clutter, updated all day: CanadaReport.org

#cdnpoli #Canada #News #Tech #AI 
Read Original Article 🔗",,,,0,0,0,0,2026-05-08T17:01:41Z,NA,NA,NA,,,,,
at://did:plc:wklzxhaz2wrelcuy3xucw3jp/app.bsky.feed.post/3mle7gefugc2f,bafyreibuiplgwhijeabkmnqbcru4s6dngccv5zhcn3suz3dt7hijhmxkyy,thatgenxwidower.bsky.social,L Bennett 🇨🇦 🇪🇺🇺🇦✌🏻#TeamCanada #ElbowsUp,"Well, that's disconcerting... Normally the US Ambassador returning to Washington DC would be no big deal...but.... #cdnpoli #Canada 

U.S. ambassador cancels speaking appearance in Ottawa due to ‘important’ meetings with White House officials 

www.ctvnews.ca/politics/art...",,,,6,5,10,1,2026-05-08T17:01:22Z,NA,NA,NA,,,,,
at://did:plc:3b54l7wmd3xnqdyv6gfr5rwj/app.bsky.feed.post/3mle7cpcx2k2l,bafyreiblofyqi656qtgtqdpplb4iek5vwtbmxr4zbhjmcvaakuzluolc6a,lenispooner.bsky.social,Leni Spooner,"Everyone knows the trade war is hurting Canada's auto sector. But who's asking what it's costing the Americans? New piece on Readout: Canada — and why not every bad headline belongs in the CUSMA file. #cdnpoli

open.substack.com/pub/lenispoo...",,,,0,1,4,0,2026-05-08T16:59:21Z,NA,NA,NA,,,,,
at://did:plc:frwecggow7f5ertmucxfcxqq/app.bsky.feed.post/3mle76kthxs2v,bafyreiaa43zihecdmxoqjct7cpg6ipriap7afjq7lapygrxmedx6px6o5e,jrmccranker.bsky.social,Jason McCrank,"Mark Hamill is taking heat for his post yesterday hoping for President Pedophile's death.

Meanwhile, President Pedophile on Robert Mueller - ""I'm glad he's dead."" #uspoli #cdnpoli",,,,0,0,3,0,2026-05-08T16:57:00Z,NA,NA,NA,,,,,
at://did:plc:leezqbtgaj2zoodkdue2x7ae/app.bsky.feed.post/3mle6zkix7k2h,bafyreifmeolvs273ry44pv7eotmx3uymsbizvh3rjqrihi3cdzhemfek2i,lovegenetics.bsky.social,Love Genetics!,"As a Canadian, the reason I am so concerned about the racist electoral policies being implemented in the US is because 💩 defies gravity and rolls uphill. Smith in Alberta is already trying to rig that election. My guess, Ford and Moe are next. We need PR nationwide. #CDNpoli @fairvote.ca",,,,1,7,16,0,2026-05-08T16:54:12Z,NA,NA,NA,,,,,
at://did:plc:mwrhjdc5lnxmkkqxuzrb674t/app.bsky.feed.post/3mle6xvyons2s,bafyreibslyxjwzngnjtgabzlv3z5sqy3ew2q7ac4yi3z2bvi2ngd4q4sni,senatordowne.bsky.social,Senator Percy Downe,"Great meeting Jessica Carter and Prince Edward Islander Annette Proctor with Breakthrough T1D to discuss those living with diabetes and how a cross-sector approach, including government, can lead to better access to care and hopefully a cure within our lifetime. 

#PEI #SenCA #cdnpoli",,,,0,2,3,0,2026-05-08T16:53:40Z,NA,NA,NA,,,,,
at://did:plc:4jhds6khpgmfkova5vetcm5h/app.bsky.feed.post/3mle6orlzl222,bafyreihl455qixqzxt6pk3xeo3ipalkcbvexlzs5iqvsm7qzgffz3fky24,drunkondespair.bsky.social,NA,"@mark-carney.bsky.social #ICC prosecutor, #KarimKhan says power cannot stop law, what about official impunity and complicity? 

Mind the gap between rhetoric and reality.

#cdnpoli",,,,0,0,0,0,2026-05-08T16:48:09Z,NA,NA,NA,,,,,
at://did:plc:fxrmurdlg3cqf2ecdehzqyhb/app.bsky.feed.post/3mle6ngjfec2b,bafyreiaif7ojsj442gdgsptrg5uyc7ioo44mwjlw2rxdf7rk7o2vzcmzai,policyalternatives.ca,CCPA — Canadian Centre for Policy Alternatives,Privatizing Canadian airports risks trading away long-term public assets for a short-term cash infusion tied to a debt-backed sovereign wealth fund. By @peggynash.bsky.social #cdnpoli edmontonsbusiness.ca/business/pri...,,,,3,30,36,1,2026-05-08T16:47:25Z,NA,NA,NA,,,,,
at://did:plc:taj2zzm53ypc45lb25vfslts/app.bsky.feed.post/3mle6duijc226,bafyreifh6upu43ttx3cav3sigvw74iyqm445g4mlgxuhka7vdsc6dykhbq,clairebeauchampmd.bsky.social,Claire Beauchamp MD 🇨🇦,"@gregmcleanyyc.bsky.social 
Mr McLean--why is your caucus so silent on this issue?
This is a massive, fraudulent and terrifying issue that affects Albertans.
We need Fed Conservatives (WHERE IS PP?) to participate and campaign for the country: not ideology.
#abpoli #cdnpoli 
@theglobeandmail.com",,,,0,2,3,0,2026-05-08T16:42:04Z,NA,NA,at://did:plc:w7yhpanniwt2sweiorkvec7j/app.bsky.feed.post/3mle2w3spws2k,,,,,
at://did:plc:d7fcdb5vnbgs47a4zlsd62rl/app.bsky.feed.post/3mle6aptf4k2t,bafyreibfryg7vyswkzzar3ahepzp5i2ywuecct5vpeukfketnhtk4onwva,suzannemck.bsky.social,suzannemck.bsky.social,"Mark Carney's decision to suspend the federal gas tax was dumb. The positions taken by Pierre Poilievre and Avi Lewis, on the other hand, were downright ludicrous. 

We can do better than this, folks. We have to. #cdnpoli 

www.nationalobserver.com/2026/04/15/o...",,,,1,0,1,0,2026-05-08T16:40:27Z,at://did:plc:y2yxeht2yf6al5oamn27ljct/app.bsky.feed.post/3mle5qlo2gk2x,at://did:plc:xf4ihm42zpykhhnyuoioz6zu/app.bsky.feed.post/3mle2pvxvys2s,NA,,,,,
at://did:plc:ztg7s6zljk4yy3vj3az4vc4k/app.bsky.feed.post/3mle65qysoc2u,bafyreifmyui4ins3wk4mcrhdrcwrhhgf7fbw44nrlt67shijrj5ue35mw4,earthangel777.bsky.social,EarthAngel777,"The right supporters didn't support the awful new world order&their never ending wars so what did the 1% do= flipped it to the left to get their supports to support it instead. Do you see what is actually going on? Don't stand with 🐷 establishment! Stand with the people, us 99% instead! #cdnpoli",,,,0,1,1,0,2026-05-08T16:38:39Z,NA,NA,NA,,,,,
at://did:plc:istu2catmtwuynu7jlh6buzl/app.bsky.feed.post/3mle5xjhz722r,bafyreiar657bbrzsg4nl2nbf26liugxscwfs4x4n5ld7rhb453solovb7u,elcanaco.bsky.social,elcanaco.bsky.social,"This article is ridiculous (because Postmedia). But the actions of the Alberta government are atrocious.

And obviously on brand. They are doing everything in their power to make the lives of city dwellers miserable.

I honestly don't know why people stay living there.

#cdnpoli #abpoli #yeg #yyc",,,,0,4,5,0,2026-05-08T16:35:10Z,NA,NA,at://did:plc:oov3xxwkf7mfa3zebsplltyd/app.bsky.feed.post/3mldnd53qec2j,,,,,
at://did:plc:v4p3irfb77gc4mq6gsiynr35/app.bsky.feed.post/3mle5vfbmbs2k,bafyreifjlz4d3jhkkjapm4fxpcsgddnwzh6solmn53sevgkfndolyf3bg4,spinster777.bsky.social,Spinster,"“Even though these people are unhoused, or marginalised by their addiction or whatever it is, they’re still humans.”

""[W]ithout change, workers risk developing post-traumatic stress disorder and leaving the field altogether.""

#HarmReductionSavesLives #cdnpoli",,,,0,5,7,0,2026-05-08T16:33:59Z,NA,NA,at://did:plc:i2dpzc6vwt6wohl7h3pxowad/app.bsky.feed.post/3mldxtzrlck2s,,,,,
at://did:plc:abt5tpb7lqr7vopkrkwfswwq/app.bsky.feed.post/3mle5ra4len2t,bafyreicr5dnydi4bvwghh23qja25m3tfmcabecq3ykcv3g2n6aflpmor2a,canadareport.org,Canada Report,"Compass Breaks Brazil IPO Drought With $650 Million Offer

Canada’s fastest news scan: 25+ headlines, no clutter, updated all day: CanadaReport.org

#cdnpoli #Canada #News #Business #Economy 
Read Original Article 🔗",,,,0,0,0,0,2026-05-08T16:31:38Z,NA,NA,NA,,,,,
at://did:plc:eaeuyrvdlqvjgznelgcdimct/app.bsky.feed.post/3mle5p46ekc2y,bafyreif7qxg7hjleekve5g3ewrar3ruodi36sr5hlvgnjc3xwiyk2ivf5i,madhat59kenwood.bsky.social,Ken Wood part owner of 🇨🇦,"Important reade, especially with many spreadinf false information #cdnpoli #uspoli #ukpoli #eupoli 👇",,,,0,0,1,0,2026-05-08T16:30:27Z,NA,NA,at://did:plc:slwpvr5uwq7dqv4nur35dlji/app.bsky.feed.post/3mldw4j2ptk2q,,,,,
at://did:plc:gv3qn6f23vvn4v4fxu7flbbb/app.bsky.feed.post/3mle5n67bks2z,bafyreifaw5tihbg2lajjxefqaxcep4z2cib7wz4mhexe6m6paaims72l3a,jackhill.bsky.social,Jack Hill,"Mind boggling article about Alberta Separatist leadership with a picture that evokes fear not safety.

These sentiments are not Alberta but what Kenney understates as caffeinated

#ableg #cdnpoli",,,,0,5,6,0,2026-05-08T16:29:25Z,NA,NA,NA,,,,,
