uri,cid,author_handle,author_name,text,author_data,post_data,embed_data,reply_count,repost_count,like_count,quote_count,bookmark_count,indexed_at,created_at,in_reply_to,in_reply_root,quotes,tags,mentions,links,langs,labels
at://did:plc:2y6fbrqvdjlgelv5dtefeoz3/app.bsky.feed.post/3mv3qa3kaf226,bafyreiftxvjoaogx5ybyoscqyyabtznglz6gq5cgabhpqfvnbqhcw3vvxa,playandscribe.bsky.social,Playandscribe 🇨🇦🪕🎸,"There will be no Mark Carney for the Conservatives. The #CPC needs to change their leadership, but more importantly the party has to decide what they actually stand for before they can become government. Now is their best opportunity to get their shit together and find a real leader. #cdnpoli",,,,0,1,1,0,0,2026-09-09T14:20:04Z,2026-09-09T14:20:03Z,NA,NA,NA,,,,,
at://did:plc:lanvmgthztbuwa3ieqcrzsys/app.bsky.feed.post/3mv3q6nywls2h,bafyreielr2gfemis2n7x5mdoj7peq7lkldird6ypsfcyhcky66pnm2d2mq,hab3261.bsky.social,Hazel B. 🇨🇦,"Hello Canada and Alberta, this is how I voted in the October referendum. I voted by special ballot (mail-in).

specialballot.elections.ab.ca/index/8400
Must apply before Sept 25th 

(Image made in Photoshop, feel free to reuse)
 #abpoli #cdnpoli #ableg",,,,0,1,0,0,0,2026-09-09T14:19:17Z,2026-09-09T14:19:15Z,NA,NA,NA,,,,,
at://did:plc:3btfn3oxbccmycfvbdxhzjry/app.bsky.feed.post/3mv3pknm5yr2v,bafyreic3hhf5vcxnjpgub6govm4i7tnoxyt543tw6mqim2kf5t4ygesega,genomecanada.ca,Genome Canada,"Canada’s natural resource sectors face major climate and competitive pressures. Genomics can help. 🌲🌊

Our Key Insights Report outlines the data infrastructure Canada needs to pair genomics with AI and secure our resources. ⤵️

🔗 https://bit.ly/4bROwtc

#Genomics #AI #CdnPoli #Environment",,,,0,0,0,0,0,2026-09-09T14:08:04Z,2026-09-09T14:08:04Z,NA,NA,NA,,,,,
at://did:plc:z4chll7ppkzcaearqfhpnczq/app.bsky.feed.post/3mv3pin4sp227,bafyreigh2jxxrw75gpqgpuozldzmukaswejzzvdwjdy27jil3gztbcf7gq,modernmaven.bsky.social,Modern Maven,"Protect, at all costs. Vote Trump and his circus out. Restore justice in America, rewrite history and remove his name - or call it the Brain Fart Years - and move forward with integrity, facts, and the strong and intelligent must prevail and lead. #weakestlinkattop #cdnpoli #uspoli #journalism",,,,0,2,1,0,1,2026-09-09T14:06:59Z,2026-09-09T14:06:56Z,NA,NA,NA,,,,,
at://did:plc:wmctz5oyov27gk5qy5s74yes/app.bsky.feed.post/3mv3pfvvqak23,bafyreidshp3twwrkp5nzpanhm3ppndusok2motbvawhcg55xnrll3n2tzu,naturesasylum.bsky.social,NATURES ASYLUM  🇨🇦,"Canadians haven't even hit the penalty box yet.
🤭🇨🇦
#elbowsup 
#cdnpoli",,,,0,0,0,0,0,2026-09-09T14:05:26Z,2026-09-09T14:05:25Z,NA,NA,NA,,,,,
at://did:plc:abt5tpb7lqr7vopkrkwfswwq/app.bsky.feed.post/3mv3p6mahrk2x,bafyreieczzjofkqlq4fxujo2snwz5e3faehfna2jnlis5kxn2o7g4mfnma,canadareport.org,Canada Report,"Autisme et déficiences intellectuelles | L’hébergement alternatif, véritable chemin de croix

Canada’s fastest news scan: 25+ headlines, no clutter, updated all day: CanadaReport.org

#cdnpoli #Canada #News 
Read Original Article 🔗",,,,0,0,0,0,0,2026-09-09T14:01:20Z,NA,NA,NA,NA,,,,,
at://did:plc:nrxglljv7jqagwqawmxf7sv5/app.bsky.feed.post/3mv3p4prteo2w,bafyreigr2ecmwdr6terjaoeoil4mmto5txmrznt7tsvhssarp234zsyqfi,researchmoney.bsky.social,Research Money,"Canada’s innovation ecosystem is full of potential - from AI and quantum to clean energy and life sciences. But turning strength into growth means busting old myths and building better pathways to scale.

Read more here: zurl.co/0k3Sa 

#cdnpoli #innovation #AI #cdnecon",,,,0,0,0,0,0,2026-09-09T14:00:18Z,2026-09-09T14:00:16Z,NA,NA,NA,,,,,
at://did:plc:w5pxbmkjntxfw6mt4emennhv/app.bsky.feed.post/3mv3p3ve7kn25,bafyreigx4u65pu6jjxbjuvy3sv3nr2dr32f3ng6snqvs6ajxuxho5nlqjy,thestar.com,Toronto Star,"Jimmy Kimmel mocked Trump’s claim that Canada is “one of the worst countries in the world to deal with,” adding, “you know, they’re very difficult people, the Canadians. Michael J. Fox, an absolute monster. Don’t even get me started on Martin Short.” #cdnpoli",,,,1,4,19,1,1,2026-09-09T13:59:49Z,2026-09-09T13:59:47Z,NA,NA,NA,,,,,
at://did:plc:fw7nfyu73qekvpkioowgugpy/app.bsky.feed.post/3mv3p25ei322q,bafyreifgnlv6w7gawbwossjza4cezlo7nbyfi7glafntsjnfelav2em2ji,raedeeton.bsky.social,Rae Deeton,Is Pete Hoekstra really attending the 9/11 Rememberence in Gander? #cdnpoli,,,,0,0,0,0,0,2026-09-09T13:58:50Z,2026-09-09T13:58:50Z,NA,NA,NA,,,,,
at://did:plc:deej5pakczvmljahhvrridlp/app.bsky.feed.post/3mv3ozhrawk2i,bafyreigbtheyuavprdpmnablm2btfnlmvasjpbsx55jpvkfir7ekwxbdxq,pat112.bsky.social,Pat,"The argument that economic sanctions of any kind against the Jewish State was an atavistic attack on all Jews has been a central part of Israel’s external policies for years.

Israel puts a targeton  Jews to use as a shield against truth

#Cdnpoli #Uspoli #UK 
www.msn.com/en-ca/news/o...",,,,0,1,0,0,0,2026-09-09T13:58:29Z,2026-09-09T13:58:27Z,NA,NA,NA,,,,,
at://did:plc:vnbmyyysx3snbr542m7a3bbi/app.bsky.feed.post/3mv3oys53jc2u,bafyreihglt6m3fozop3pak4rccw3kwplcx4rceq5tedk6nfgxweed52mey,chillywhillynl.bsky.social,Keith Fillier,#trump banning Canadian booze won't help his popularity. Americans won't enjoy drinking their own beer. #GoCanada #elbowsup #uspoli #cdnpoli #nlpoli,,,,0,0,2,0,1,2026-09-09T13:58:04Z,2026-09-09T13:58:04Z,NA,NA,NA,,,,,
at://did:plc:xqtq2epo4hd3edw7paifjzcv/app.bsky.feed.post/3mv3on4g22s26,bafyreid3hy57tgh3ur3ik63j33ycdtarcz7vpiyszc2fosbyiw4fkdhghm,jujubee76.bsky.social,🇨🇦🍁Jujubee76🇨🇦🍁part owner of Canada🍁🇨🇦,"😂😂😂👌🏿👌🏿👌🏿
Again I ask…who’s the one who keeps on yipping and yipping?! NOT CANADA!
Jon Stewart nails it! 👇🏿👇
#uspoli #cdnpoli #abpoli #teamcanadaforever 
❤️🇨🇦🍁❤️

youtu.be/rDZ_gaUQab4?...",,,,0,1,0,0,0,2026-09-09T13:51:34Z,2026-09-09T13:51:32Z,NA,NA,NA,,,,,
at://did:plc:z4chll7ppkzcaearqfhpnczq/app.bsky.feed.post/3mv3oie3gr22n,bafyreifrwbnazi4ewbyzlxplgusqn6rmtwfqozkftj4rgruqtwwznfsexq,modernmaven.bsky.social,Modern Maven,"Shop Canada, or other countries other than the US. Let's keep the momentum going. As other markets open up to Canadians, more opportunities are coming to fruition. So fortunate to be Canadian in this modern world. Canada = Integrity. Many business quietly did the shift a couple years ago. #cdnpoli",,,,0,0,0,0,0,2026-09-09T13:49:01Z,2026-09-09T13:48:53Z,NA,NA,NA,,,,,
at://did:plc:e2gatef4rgurutqokoorvrpa/app.bsky.feed.post/3mv3ocuczcs2c,bafyreigfxjz4xajusotbuubgmtyslsxg647s7wubos5o3grhjmu34ri6aa,karenatsharon.bsky.social,,www.thestar.com/opinion/cont... Smith is in the pocket of Big Oil. The Iran War has just got her out of a $2 billion hole and now she has a surplus. She would do anything to keep rhe oil gods happy. Including breaking up Canada. #cdnpoli,,,,0,0,3,0,0,2026-09-09T13:45:51Z,2026-09-09T13:45:48Z,NA,NA,NA,,,,,
at://did:plc:jeuzjfwsgn62xfoe7qo4jul5/app.bsky.feed.post/3mv3ocqb7yk2r,bafyreid23cnhdkxj2feco3fzbg5fy6amnn6apthjmts6nuhqtztyc2ulu4,bigclimate.bsky.social,Bentley ****TALK CLIMATE****,"If you're one of those people. that think the billionaires will save us, #MarkCarney is the leader for you #cdnpoli  www.desmog.com/2025/12/08/m...",,,,0,1,2,0,0,2026-09-09T13:45:46Z,2026-09-09T13:45:44Z,NA,NA,NA,,,,,
at://did:plc:h2spa3l463coxycuy6iiov2l/app.bsky.feed.post/3mv3nydoqgc2m,bafyreibi4znvostygc5p2ouhv7yftxojrs2hei6ryx6xovycsrvh57zfla,shewandersferal.bsky.social,Allison Moon 🌙  🍁,"#FuckNazis

@davidebybc.bsky.social
@charlieangus104.bsky.social 
@arlenedickinson.bsky.social 
@deadder.bsky.social 
@todmaffin.com 
@lisab0923.bsky.social @minibubbly.bsky.social 
@underthedesknews.bsky.social 
@strombo.bsky.social 

🍁 #CANpoli 🍁 #CDNpoli 🍁  #CanadaSky 🌌 #Canadiana",,,,0,0,1,0,0,2026-09-09T13:39:56Z,2026-09-09T13:39:55Z,at://did:plc:g2etkgo54mymirahunukhwkf/app.bsky.feed.post/3mv3nlzsmfc22,at://did:plc:g2etkgo54mymirahunukhwkf/app.bsky.feed.post/3mv3nlzsmfc22,at://did:plc:h2spa3l463coxycuy6iiov2l/app.bsky.feed.post/3mv3nf6mqzs2m,,,,,
at://did:plc:llmnwoetowmrgevfd5xmtwuj/app.bsky.feed.post/3mv3nxekrdc2i,bafyreidsgmdlocj3rvk6absuqp2kuvxcdqyvzt4s3redxrlr4xb76o552y,wickedwitchofpnw.bsky.social,The Bog Witch 🇨🇦,"What do you call it when Israel rolls up and publically accuses the Canadian gov't of election interference, support for Hamas and rampant anti-semitism?  #cdnpoli #Israel #Palestine",,,,0,0,0,0,0,2026-09-09T13:39:24Z,2026-09-09T13:39:23Z,NA,NA,NA,,,,,
at://did:plc:lqq35ba2t7o4rbk5hv74j2lh/app.bsky.feed.post/3mv3nvjkxka2q,bafyreihipxszaqmmsbvkc4fsmlzodec73h4txieefuxuwfuoou4jzlw4tq,ccf-observatory.bsky.social,CCF · The Climate Journal / Le Journal du climat,"🗺️ Today's map — the communities touched by climate news.

📬 The Climate Journal every morning: subscribe to the newsletter
🔁 Repost the thread to help the observatory reach further.
Summaries written by our models; excerpts quoted under fair dealing.

#ClimateChange #cdnpoli",,,,0,0,0,0,0,2026-09-09T13:38:21Z,NA,at://did:plc:lqq35ba2t7o4rbk5hv74j2lh/app.bsky.feed.post/3mv3nvjhige2s,at://did:plc:lqq35ba2t7o4rbk5hv74j2lh/app.bsky.feed.post/3mv3nvh22d52i,NA,,,,,
at://did:plc:lqq35ba2t7o4rbk5hv74j2lh/app.bsky.feed.post/3mv3nvh22d52i,bafyreicy7cc65njt6a7z2vj4z3pn46dx5uohaipbnb2aa2swtisduwahim,ccf-observatory.bsky.social,CCF · The Climate Journal / Le Journal du climat,"🌍 The Climate Journal · Wednesday, September 9 🧵

200 millimetres of rain hit Cape Breton as violent storms devastate Canada. Meanwhile, Ontario moves to cut Toronto bike lanes and Nova Scotia pivots to sustainable aviation fuel.

#ClimateChange #Canada #cdnpoli",,,,1,0,0,0,0,2026-09-09T13:38:18Z,NA,NA,NA,NA,,,,,
at://did:plc:lqq35ba2t7o4rbk5hv74j2lh/app.bsky.feed.post/3mv3nvclr6m2f,bafyreie4ope2jqcnzgwzvw3ygxxhf5eawlmfurxujwgxoc6tj52uyc6fli,ccf-observatory.bsky.social,CCF · The Climate Journal / Le Journal du climat,"🌍 Le Journal du climat · mercredi 9 septembre 🧵

Plus de 200 mm de pluie ont ravagé le Cap-Breton. Entre tornades en Ontario et pannes massives au Manitoba, le Canada subit une vague d’événements météo extrêmes violents.

#Climat #Canada #cdnpoli",,,,1,0,0,0,0,2026-09-09T13:38:14Z,NA,NA,NA,NA,,,,,
at://did:plc:ed63zp3ko7gvx6cfpxko45mo/app.bsky.feed.post/3mv3nq6bsos26,bafyreiac3smc6ubzmhax57haok7ueffruu3c3xvl3xzx4xkozjhyc4w5fi,heathermoandco.bsky.social,Heather e^-1/x^2,"Canada has become on the vanguard of battling Trumpism. Unfortunately there are many traitors in our midst, like #DanielleSmith & her treacherous cohorts pushing #AlbertaSeparation …which the Trump regime is very much involved in. 

We all need to recognize the moment we’re in. 
#cdnpoli #ableg",,,,0,6,11,0,0,2026-09-09T13:35:22Z,2026-09-09T13:35:21Z,at://did:plc:ed63zp3ko7gvx6cfpxko45mo/app.bsky.feed.post/3mv3mpi3wp226,at://did:plc:ed63zp3ko7gvx6cfpxko45mo/app.bsky.feed.post/3mv3mpi3wp226,NA,,,,,
at://did:plc:gva6uzmzlyxlecg7jlzozzfs/app.bsky.feed.post/3mv3nkdaam22h,bafyreicxw72f37wcujvpbrcn7akbrkw3xjkdwpwq3e2xj22ane2ik6j55e,jamiemackinnon.bsky.social,Jamie MacKinnon🇨🇦,"""Alberta is the only province where real wages (after inflation) have fallen since 2019, instead of rising as they should.""

Why? Businesses that kept 
cutting real wages for their workers, and ""a provincial government which does business’s bidding ...""

/2

#ABpoli
#cdnpoli

afl.org/wp-content/u...",,,,1,0,1,0,0,2026-09-09T13:32:06Z,2026-09-09T13:32:05Z,NA,NA,NA,,,,,
at://did:plc:h2spa3l463coxycuy6iiov2l/app.bsky.feed.post/3mv3njqewws2m,bafyreie5hryqyxtx6fbszppqg5soiro7uwd2fxs6a4arkregpn3albk6oa,shewandersferal.bsky.social,Allison Moon 🌙  🍁,"#Ukraine
🇺🇦 #SlavaUkraini

🍁 #CANpoli 🍁 #CDNpoli 🍁  #CanadaSky 🌌 #Canadiana",,,,0,0,0,0,0,2026-09-09T13:31:48Z,2026-09-09T13:31:45Z,at://did:plc:nyjm4ylfid2a7mjm6varxuiq/app.bsky.feed.post/3mv3ly2ulr226,at://did:plc:nyjm4ylfid2a7mjm6varxuiq/app.bsky.feed.post/3mv3ly2ulr226,NA,,,,,
at://did:plc:abt5tpb7lqr7vopkrkwfswwq/app.bsky.feed.post/3mv3nizllpv2v,bafyreieqdcf4o67abvlxoqcznuxh3ya7xavfifztcs76gttx2ugeu4yiuq,canadareport.org,Canada Report,"The Royal Society of Canada Announces its 2026 Class of Fellows and College Members

Canada’s fastest news scan: 25+ headlines, no clutter, updated all day: CanadaReport.org

#cdnpoli #Canada #News #Business #Economy 
Read Original Article 🔗",,,,0,0,0,0,0,2026-09-09T13:31:22Z,NA,NA,NA,NA,,,,,
at://did:plc:4ownlsrdmnvwgzmcdi2bof6s/app.bsky.feed.post/3mv3niknahc2e,bafyreidyygkly4bbuvraexpjz6mg2mabgxywmkzono4bhmwvzd7ubvgeoa,peipolitical.bsky.social,PEIPolitical 🇨🇦,"A substantial portion of this nation remains emotionally tethered to one of the single most reprehensible human beings on the planet, despite a decade of prolific lawlessness and unrepentant moral filth.
His ineptitude, narcissism, predation, and criminality....
substack.com/@johnpavlovi... #cdnpoli",,,,2,6,8,0,0,2026-09-09T13:31:08Z,2026-09-09T13:31:06Z,NA,NA,NA,,,,,
at://did:plc:re7tflvczjceanwkco2bseqb/app.bsky.feed.post/3mv3ni45ph224,bafyreidmgf5gnq2osbqk6arzxhehoaymdbvs2nzfddprlmcuinqeensffy,bella-andme.bsky.social,Sherry Lee,"Someone I know professionally told me this tale. He & his family decided to go over the Howe bridge to do some Costco shopping (holy jeebus 🙄). He expressed shock & anger that he was detained on the U.S. side for 2 hours & had his phone checked.

Smart people aren't always intelligent.

#cdnpoli",,,,0,0,1,0,0,2026-09-09T13:30:51Z,2026-09-09T13:30:51Z,NA,NA,NA,,,,,
at://did:plc:h2spa3l463coxycuy6iiov2l/app.bsky.feed.post/3mv3nh6qch22m,bafyreighgyhadt32f3zahabtuljvjvfzclicbowe3xsjssafqwgm4tq2su,shewandersferal.bsky.social,Allison Moon 🌙  🍁,🍁 #CANpoli 🍁 #CDNpoli 🍁  #CanadaSky 🌌 #Canadiana,,,,0,1,1,0,0,2026-09-09T13:30:21Z,2026-09-09T13:30:20Z,at://did:plc:zprmeweca5jvv627el6kqccw/app.bsky.feed.post/3mv3m6ysfl22d,at://did:plc:zprmeweca5jvv627el6kqccw/app.bsky.feed.post/3mv3m6ysfl22d,at://did:plc:h2spa3l463coxycuy6iiov2l/app.bsky.feed.post/3mv3nf6mqzs2m,,,,,
at://did:plc:c4yx242no4vrhoojneii42od/app.bsky.feed.post/3mv3n3tdt4k23,bafyreiavhgbakf7sm53ot7dyporppwjtt5a5svlsr5qcnnckuhvbol5jtm,sierraclubcanada.bsky.social,Sierra Club Canada,"Join us at a special trivia night at the Co-op Bar Milton-Parc in Montreal where you can test your knowledge on the issues of #Nature, #Justice, and #Democracy: www.sierraclub.ca/action-item/...

Check out The Environment in Canada Podcast in advance for question research. #SierraClubCanada #CDNpoli",,,,0,0,1,0,0,2026-09-09T13:24:03Z,2026-09-09T13:23:59Z,NA,NA,NA,,,,,
at://did:plc:ig3h3rzymmjmvhl4cbpvmefw/app.bsky.feed.post/3mv3mygjz5k22,bafyreickpeyijkm3aujsxyxjqkrkj47kl74jjf7ck3skbhfnejenadg4bm,europeanbeaver.bsky.social,NA,"#cdnpoli I truly hope #agentorange destroys the #USA #FuckTheUSA 
www.youtube.com/watch?v=Xg7O...",,,,0,0,1,1,0,2026-09-09T13:22:07Z,2026-09-09T13:22:05Z,NA,NA,NA,,,,,
at://did:plc:4ownlsrdmnvwgzmcdi2bof6s/app.bsky.feed.post/3mv3my6bq4k22,bafyreifzukkpjzagybxrqgcvbfwukehucrhdbwmzvdgoxodbvvzwjinvpa,peipolitical.bsky.social,PEIPolitical 🇨🇦,"They know they are hopelessly underwater on the economy, on ICE, on Iran, on Gaza, on climate change, on foreign policy, on human rights, on healthcare.
substack.com/@johnpavlovi... #cdnpoli",,,,0,4,9,0,0,2026-09-09T13:21:58Z,2026-09-09T13:21:56Z,NA,NA,NA,,,,,
at://did:plc:ed63zp3ko7gvx6cfpxko45mo/app.bsky.feed.post/3mv3mpi3wp226,bafyreiaae3taurn7tsmddcpkeshwgodzelvo5jmc42b7t36mww6ns5r5gy,heathermoandco.bsky.social,Heather e^-1/x^2,"Canada needs the civilized world to step up. The Trump regime is a malignant autocratic cancer on the free world. It is seeking to break 🇨🇦, as 🇷🇺 sought to break #Ukraine before Russian military invasions. Wherever you are in the world, help us by buying Canadian where possible #ChooseCanada #cdnpoli",,,,2,15,39,1,0,2026-09-09T13:17:08Z,2026-09-09T13:17:04Z,NA,NA,NA,,,,,
at://did:plc:643nfj64adt3sd6lil4l4eqt/app.bsky.feed.post/3mv3mjwwtks2l,bafyreidcurf3lxexjamxczqph7bwoji3au6o2agu27nuzl7p7qsea537qa,deanbeeby.bsky.social,Dean Beeby,"New from me, for the IJF: RCMP still can't sell used patrol cars, though it's costing them millions
 theijf.org/article/rcmp... #cdnfoi #cdnpoli #rcmp",,,,0,0,0,0,0,2026-09-09T13:14:06Z,2026-09-09T13:13:59Z,NA,NA,NA,,,,,
at://did:plc:vp7jssxwj3mbcuisc5f3gest/app.bsky.feed.post/3mv3mi2o7qk2x,bafyreif36j5uq6hcck6mx5wd3qiniz54376hjlqo3bfeexk45n2ebl6rgq,kengray20.bsky.social,Ken Gray (Ottawa's Bulldog Website),The Prime Minister’s Official Economic Statement bulldogottawa.com/the-prime-mi... #ottawa #ottnews #ottcity #cdnpoli,,,,0,0,0,0,0,2026-09-09T13:12:56Z,2026-09-09T13:12:55Z,NA,NA,NA,,,,,
at://did:plc:re7tflvczjceanwkco2bseqb/app.bsky.feed.post/3mv3mdgmkbk2l,bafyreiakt4orqduf6d5xb3of5bhkcivhadpvwarcnjp4p2rvwipagj633e,bella-andme.bsky.social,Sherry Lee,"Must have been Jamil Jivani.

#cdnpoli",,,,1,0,6,0,0,2026-09-09T13:10:20Z,2026-09-09T13:10:20Z,NA,NA,at://did:plc:mfrcz3kv7bsth54bkyrridp5/app.bsky.feed.post/3mv3kptv2pk22,,,,,
at://did:plc:4ownlsrdmnvwgzmcdi2bof6s/app.bsky.feed.post/3mv3mafnamc2s,bafyreidosxxax2npcdbxeppaq7tzyzaejhetqat5qfo3e6lh7olmzrfpy4,peipolitical.bsky.social,PEIPolitical 🇨🇦,"It was Clarence Darrow who once said:
""I've never wished a man dead, but I have read some obituaries with great pleasure.” #cdnpoli",,,,5,7,20,0,0,2026-09-09T13:08:39Z,2026-09-09T13:08:38Z,NA,NA,NA,,,,,
at://did:plc:djbvkp2oxeffqyghf6ber2xs/app.bsky.feed.post/3mv3m6ke7js2i,bafyreiazvhn273u7b445m7l2bfcensbkuswrsptvn2olb6mbv67nfazzq4,calculatedchaos.ca,CauseBurn,BOYCOTT SAPPORO IN CANADA! BAN SAPPORO FROM OUR SHELVES! #cdnpoli #tariffs #uspoli #sapporo #beer #boycott #canada,,,,0,0,3,0,0,2026-09-09T13:07:43Z,2026-09-09T13:07:36Z,NA,NA,NA,,,,,
at://did:plc:rlcoxketrj26yu5hgn3izwaz/app.bsky.feed.post/3mv3m3pzhms2k,bafyreia6fem6ptaivefvm2aqeyjfwo5mms6lxygpqqmurayxd5a6xpdsbe,janfromthebruce.bsky.social,JanFromTheBruce 🍁,"Every day I am going to post this (permission from Del Schilling).

Will you join me?

Over 5700+ Missing & Murdered Indigenous Women & Girls

#MMIWG #cdnpoli",,,,1,22,30,1,0,2026-09-09T13:06:04Z,2026-09-09T13:06:02Z,NA,NA,NA,,,,,
at://did:plc:4ownlsrdmnvwgzmcdi2bof6s/app.bsky.feed.post/3mv3m2xpe7k2e,bafyreiay7ilng3urjalwujgadscad2nsllqcm2ibehsd6orjr6woijxiia,peipolitical.bsky.social,PEIPolitical 🇨🇦,"Never forget ""THE RAPIST""
Donald Trump is a Rapist. His Followers Can Never Be Forgiven For Supporting Him.
johnpavlovitz.substack.com/p/donald-tru... #cdnpoli",,,,0,8,24,0,0,2026-09-09T13:05:38Z,2026-09-09T13:05:36Z,NA,NA,NA,,,,,
at://did:plc:ag3tkm54msgpeoelnuiheq25/app.bsky.feed.post/3mv3lynu46s2j,bafyreidqil4y2ehcml62yhsshqf3xiouugof42vksevp7fdiisdfx7ceji,energy-girl.bsky.social,So Over the Conservatives 🇨🇦🍁,"We got our ballot packages. 🔥

YES to Canada 🍁🇨🇦🇨🇦

NO to Smith’s infantile, racist, taxpayer dollar wasting NINE!

#FuckTheUCP
#Abpoli
#SmithIsATraitor
#Cdnpoli
#Ableg",,,,1,7,17,0,0,2026-09-09T13:04:24Z,2026-09-09T13:04:19Z,NA,NA,NA,,,,,
at://did:plc:42d3ygndtzzh2hzltcdqarw2/app.bsky.feed.post/3mv3lxwca622l,bafyreicokos2npxsmzkww4e5okmtudijto5purl6c2ypr2mktsilu6hzp4,megs.bsky.social,Megs 🇨🇦🏳️‍⚧️⚓,"Let this sink in: Toronto mayoral candidate Chris Alexander is on the record stating that, as mayor of Canada's largest city, he would partner with the state of Israel to allow them to provide intelligence to target people he doesn't like. In Toronto. In Canada. Against Canadian citizens. #cdnpoli",,,,3,0,2,0,0,2026-09-09T13:03:56Z,2026-09-09T13:03:54Z,NA,NA,NA,,,,,
at://did:plc:4ownlsrdmnvwgzmcdi2bof6s/app.bsky.feed.post/3mv3luwoaak2s,bafyreibjr63zrsrv2ppn4zcvsfdgpnjztgrivqalfnv45ly3hkwry7qygm,peipolitical.bsky.social,PEIPolitical 🇨🇦,"You all finally put Canada and all of us woke Liberals in our places.
I mean sure you can barely afford groceries at this point.
There’s a high likelihood that what you eat will kill you, shred your stomach lining, or leave you with explosive diarrhea. Get a 2nd mortgage to pay for the doc #cdnpoli",,,,1,6,17,0,0,2026-09-09T13:02:16Z,2026-09-09T13:02:14Z,NA,NA,NA,,,,,
at://did:plc:deej5pakczvmljahhvrridlp/app.bsky.feed.post/3mv3lutk54k2i,bafyreicz42cwair4ivgej2fbbtk3hucqth6rnwneou4r645itjqbjiph7u,pat112.bsky.social,Pat,"Ukraine has been trying to bring the war to Russia. More Russians are beginning to feel it

Both Canada & Ukraine are in the position of having to inflict pain on a lawless, predatory,  back stabbing neighbour 

#Cdnpoli #Uspoli  #Ukraine #Russia 
www.cbc.ca/news/world/u...",,,,0,0,2,0,0,2026-09-09T13:02:14Z,2026-09-09T13:02:10Z,NA,NA,NA,,,,,
at://did:plc:abt5tpb7lqr7vopkrkwfswwq/app.bsky.feed.post/3mv3ltc5fyr2i,bafyreigfx6magpbnin5iutydha455dwm5i7kl2iasa7vufflzw5jevh6pq,canadareport.org,Canada Report,"Mundo announces $24 million USD to help tackle AI’s “next frontier”

Canada’s fastest news scan: 25+ headlines, no clutter, updated all day: CanadaReport.org

#cdnpoli #Canada #News #Tech #AI 
Read Original Article 🔗",,,,0,0,0,0,0,2026-09-09T13:01:19Z,NA,NA,NA,NA,,,,,
at://did:plc:qyxbqfambstrsawtfofn3p5h/app.bsky.feed.post/3mv3lh6xrec2h,bafyreify22k44me2fo2nkqvnqo2o2azzvb7ong726xnzoehpnelvqmkmdq,just-call-me-boo.bsky.social,Boo 🇨🇦,#CanadaStrong #Canada #ViveLeCanada #Cdnpoli #NewZealand,,,,0,1,4,0,0,2026-09-09T12:54:33Z,2026-09-09T12:54:33Z,NA,NA,at://did:plc:3l6h5tayy6vycige2igmorv4/app.bsky.feed.post/3mv25qy7ovc2k,,,,,
at://did:plc:deej5pakczvmljahhvrridlp/app.bsky.feed.post/3mv3lfzighc2i,bafyreieurpreoz44qo7pdppx2uem4jg3gxrkefylfjvrhp4kcmgbura64e,pat112.bsky.social,Pat," Major energy players also contributed heavily to Trump’s inauguration fund, with companies like Chevron giving $2 million and ExxonMobil and Occidental Petroleum each donating $1 million

Fossil fueled mass murder, war crimes  and terrorism 

#Cdnpoli #Uspoli 
www.cbc.ca/news/world/i...",,,,0,0,0,0,0,2026-09-09T12:53:56Z,2026-09-09T12:53:53Z,NA,NA,NA,,,,,
at://did:plc:qyxbqfambstrsawtfofn3p5h/app.bsky.feed.post/3mv3lcoj6j22h,bafyreidvhrrxcl3natuflz56gtmx43xyn3t23ziuekpfdttphpak5g6oci,just-call-me-boo.bsky.social,Boo 🇨🇦,#BuyCanadian #Canada #ViveLeCanada #ShopCanadian #Cdnpoli,,,,0,1,1,0,0,2026-09-09T12:52:02Z,2026-09-09T12:52:01Z,NA,NA,at://did:plc:fc2lcla5v53m5lhtahfhclij/app.bsky.feed.post/3muzxgiziey2c,,,,,
at://did:plc:e2gatef4rgurutqokoorvrpa/app.bsky.feed.post/3mv3lalapm22k,bafyreicjdtb5rwmocsdizpkfwyzgcsnsxdz6k7t6aszponqi3r6f5zrsza,karenatsharon.bsky.social,,"Art, and the expression of ideas, should always remain global. While the US crushes ideas, dissent and freedom, let's not become them. Let's welcome new ideas and examine old. Art emerges from adversity. #cdnpoli www.thestar.com/entertainmen...",,,,0,0,0,0,0,2026-09-09T12:50:54Z,2026-09-09T12:50:51Z,NA,NA,NA,,,,,
at://did:plc:4ownlsrdmnvwgzmcdi2bof6s/app.bsky.feed.post/3mv3l6kjvy22s,bafyreihz6nq2bpl5rtjueefugekoglhri7ocadbpen6djmidh7fl7mh4qm,peipolitical.bsky.social,PEIPolitical 🇨🇦,"She was there. Leading, being human, showing compassion and comfort.
He wasn't there. Hiding like the true cowardly, draft doging pedophile that he is. #cdnpoli",,,,2,10,41,0,0,2026-09-09T12:49:45Z,2026-09-09T12:49:43Z,NA,NA,NA,,,,,
at://did:plc:pedpziwws5vkocuq76mokn7c/app.bsky.feed.post/3mv3l62tcxs2s,bafyreidrvkwuspdd47fg6rd7vnlktto3vux3kkiwnrjphonwmuvqzk546q,deepgreendesign.bsky.social,Deep Green Design,"Trolling season 😂

If Republicans can’t fix the Reflecting Pond, how will they fare on supporting mission-critical military operations of the CF-35 ( #F35 ) until 2070, @mark-carney.bsky.social?

Nullify the contract in court, it’s an easy win. 

✌️🇨🇦

#CdnPoli #VoteBlue #BlueWave #Law #Jobs #NATO",,,,0,0,3,0,0,2026-09-09T12:49:29Z,2026-09-09T12:49:26Z,NA,NA,NA,,,,,
at://did:plc:4ownlsrdmnvwgzmcdi2bof6s/app.bsky.feed.post/3mv3kzxja6c2s,bafyreico3ysdoq6asr3qmha2s5kcnjpu4z54vcvk5dc6mvi27o4p65s3yu,peipolitical.bsky.social,PEIPolitical 🇨🇦,The Pathetic Weakness of MAGA MEN! #cdnpoli,,,,0,3,21,0,0,2026-09-09T12:47:13Z,2026-09-09T12:47:09Z,NA,NA,NA,,,,,
at://did:plc:asoznhbjzx27cxeqfb3y7x34/app.bsky.feed.post/3mv3ky7cmj22w,bafyreic3fcyu6gq3r2fohe6vk3pjmabyrt6etgxqv46xkzadbyvcam6hmy,shakespearesgal.bsky.social,Canadian Loyalist 🇨🇦,"Keep those #ElbowsUp

#cdnpoli",,,,0,3,4,0,0,2026-09-09T12:46:11Z,2026-09-09T12:46:10Z,NA,NA,NA,,,,,
at://did:plc:deej5pakczvmljahhvrridlp/app.bsky.feed.post/3mv3kucr2gc2t,bafyreig6s7ariuaw4tj7pu5bpmptsbept44mnteko6oufpo4yty6kff2ly,pat112.bsky.social,Pat,"The go-to move for the Jewish state’s loudest online defenders is to accuse any and all critics of the Israeli government’s policies of antisemitism ~ Zeteo

If you havenlt been accused of antisemitism your doing something wrong 

#Cdnpoli #Uspoli #Israel #BDS

www.cbc.ca/news/world/c...",,,,1,0,3,0,0,2026-09-09T12:44:02Z,2026-09-09T12:43:59Z,NA,NA,NA,,,,,
at://did:plc:4ownlsrdmnvwgzmcdi2bof6s/app.bsky.feed.post/3mv3knd5fxc2f,bafyreicoa65jdzkjynxhv75ehe6bwz5z2ypxnfijojw6ynokltwzilxtgq,peipolitical.bsky.social,PEIPolitical 🇨🇦,"Underlining that the so-called “peace talks” are but smoke and mirrors, Russia started air attacks in Ukraine more or less immediately after the Witkoff, Kushner, Zelensky press conference.
substack.com/@jacobkaarsb... #cdnpoli",,,,0,6,15,0,0,2026-09-09T12:40:07Z,2026-09-09T12:40:05Z,NA,NA,NA,,,,,
at://did:plc:4ownlsrdmnvwgzmcdi2bof6s/app.bsky.feed.post/3mv3khg4ki22s,bafyreidciclas42a7s5rogqt6ivpslyzlbxxvbjnwy7u7vkzx7y6uzgj3a,peipolitical.bsky.social,PEIPolitical 🇨🇦,"""Flag-Jacking"" ramping up as Americans ""pretend"" to be Canadian as they travel internationally.
Because right now, around the world, everyone hates your guts. You'll NEVER be Canadian. FO! #cdnpoli 
www.splashtravels.com/guides/why-d...",,,,8,11,28,2,0,2026-09-09T12:36:49Z,2026-09-09T12:36:46Z,NA,NA,NA,,,,,
at://did:plc:re7tflvczjceanwkco2bseqb/app.bsky.feed.post/3mv3kgmt72s23,bafyreie5g5fgt7miz3dm2azunl2new6x3mdmfz25bqlee5poktej35jkdu,bella-andme.bsky.social,Sherry Lee,"The last paragraph - key words: “good faith” and “respect”.

Sadly I’m not holding my breath waiting for either of those things from the U.S. administration. They don’t know the meaning of the words. 

#cdnpoli #tradewar",,,,1,2,4,0,0,2026-09-09T12:36:21Z,2026-09-09T12:36:20Z,NA,NA,at://did:plc:jvbp4nezylu5n44nkjnimsxf/app.bsky.feed.post/3mv3jhod2p22a,,,,,
at://did:plc:deej5pakczvmljahhvrridlp/app.bsky.feed.post/3mv3kcpjw6s2t,bafyreifvcrrnotjn27cabeedwx42ci7dv63wjlz4lvr524isjy7yhgtbcu,pat112.bsky.social,Pat,"Fifteen of the 19 Sept. 11 hijackers were Saudi citizens.

Blaming others for Saudi Arabian terrorism is the American way . 

#Cdnpoli #Uspoli

www.cbc.ca/news/world/9....",,,,0,2,3,0,0,2026-09-09T12:34:11Z,2026-09-09T12:34:08Z,NA,NA,NA,,,,,
at://did:plc:abt5tpb7lqr7vopkrkwfswwq/app.bsky.feed.post/3mv3k5x74mk2v,bafyreigfesk4m3mnx6n75pjnkltxg2zzzxangny4inmplaxvbabu5j5qz4,canadareport.org,Canada Report,"Cleanfarms Announces New Director of Western Canada

Canada’s fastest news scan: 25+ headlines, no clutter, updated all day: CanadaReport.org

#cdnpoli #Canada #News #Business #Economy 
Read Original Article 🔗",,,,0,0,0,0,0,2026-09-09T12:31:29Z,NA,NA,NA,NA,,,,,
at://did:plc:q53ibv7ujf27tbhk7ar76tfz/app.bsky.feed.post/3mv3k5jhojk2b,bafyreibeek5i2tv3v4jdbqvque2mz45m2jjlr6m3jmijlojatgvxguj6zm,marc55.bsky.social,Marc 🍁,"It's true.  Their approach is ""we are bigger so we get our way"".

And Canada says no way!
#cdnpoli",,,,0,1,1,0,0,2026-09-09T12:31:16Z,2026-09-09T12:31:14Z,NA,NA,at://did:plc:yge3sr4i2ffsta2unrjbriy6/app.bsky.feed.post/3mv3jkijc322t,,,,,
at://did:plc:deej5pakczvmljahhvrridlp/app.bsky.feed.post/3mv3k2fm2r22t,bafyreiexqdiybvpfi75uwejkqjgbmyblytsu4y3cvpsfu352dn4wtbi3zq,pat112.bsky.social,Pat,"The US and Israel have  carried out 1000s of 9/11s

- eg Gaza, Iran-  but call it defense for themselves

 but terrorism for others, who do the same .

You reap what you sow and the US has sowed mightily 

#Cdnpoli #Uspoli #Iran",,,,0,0,0,0,0,2026-09-09T12:29:35Z,2026-09-09T12:29:30Z,NA,NA,NA,,,,,
at://did:plc:jvbp4nezylu5n44nkjnimsxf/app.bsky.feed.post/3mv3jyc254k2a,bafyreiafslsksvbihirvzzcyij7vyi7ucm7l2omr6xmjtxjqm2s4h4uvni,davidakin.bsky.social,davidakin,"▶️ Trump responds. ▶️ Rath’s bill. ▶️ Arctic shipping.
The 🇨🇦  #cdnpoli 📰 Roundup for WED SEP 9
davidakin.substack.com/p/trump-resp...",,,,0,1,0,0,0,2026-09-09T12:28:22Z,2026-09-09T12:28:19Z,NA,NA,NA,,,,,
at://did:plc:pedpziwws5vkocuq76mokn7c/app.bsky.feed.post/3mv3jw4pnvs2n,bafyreibdedcgk37b4yhivhktr4tjcd2a6lqgk4cfiwozvp6kjqnt3qydci,deepgreendesign.bsky.social,Deep Green Design,"The best source for GOP’s assault on church and state is the Friendly Atheist Podcast, IMHO. 🏆

Host @friendlyatheist.com has covered the weekly war on American values thoroughly.

podcasts.apple.com/ca/podcast/f...

✌️🇨🇦 

#Humanist #Atheist #Project2025 #CdnPoli #Christofascism #VoteBlue #CdnLaw",,,,0,0,0,0,0,2026-09-09T12:27:19Z,2026-09-09T12:27:06Z,NA,NA,NA,,,,,
at://did:plc:bwnpn6d4ewofwpy56xooo3kb/app.bsky.feed.post/3mv3jurzf7c2b,bafyreiejrapmvd5ogkocmjndykxwwjpkhfuqbinq4uffdpyxpfyrkenyxm,stevev68.bsky.social,Steve Valeriote,"In a bold show of national unity, Danielle Smith will not take Canadian alcohol off the shelves in Alberta.  Take that haters. #cdnpoli #abpoli",,,,3,0,8,0,0,2026-09-09T12:26:21Z,2026-09-09T12:26:21Z,NA,NA,NA,,,,,
at://did:plc:pwu2i3nv43ufmusu42y6twrq/app.bsky.feed.post/3mv3jpi4sis2a,bafyreig6zztv5ydktuoqg244eyqwh4ohbgc2pokwrfvg74n2khljx6su5u,bunnygirl56.bsky.social,Pauline MacLeod 🍁,"An economic history lesson on how US tariffs failed in 1890, brought to you by Prime Minister Dr. Mark Carney.
#CDNPoli",,,,0,0,3,0,1,2026-09-09T12:23:24Z,2026-09-09T12:23:23Z,NA,NA,NA,,,,,
at://did:plc:deej5pakczvmljahhvrridlp/app.bsky.feed.post/3mv3jkp2kec2t,bafyreihxnqjn4d3cyz3lhlyffya5x52bj2tlnkipodjvzt56qvahb7ulcy,pat112.bsky.social,Pat,"Why Are Democrats Allowing Republicans to Smear Their Most Popular Politician? Because He’s Muslim

Fake GOP uproar over NYC Mayor Zohran Mamdani’s attendance at 9/11 commemoration ceremonies on Friday is brazen Islamophobia ~Zeteo

The racism & Islamophobia runs deep in America 

#Cdnpoli #Uspoli",,,,0,1,1,0,0,2026-09-09T12:20:45Z,2026-09-09T12:20:43Z,NA,NA,NA,,,,,
at://did:plc:42d3ygndtzzh2hzltcdqarw2/app.bsky.feed.post/3mv3jj3nrkc25,bafyreid6f6elrt54b3ulwbhtiwwidpvfg6iimh6ph4gm5imgdrgvgvumti,megs.bsky.social,Megs 🇨🇦🏳️‍⚧️⚓,"Awful CBC reporting. No mention that the Boeing E-7 Wedgetail - replacement for the E-3 Sentry - is, like the F-35, billions over budget and has massive survivability issues. Why on earth would we want to continue to prop up a US defence company whose passenger planes fall apart in mid-air? #cdnpoli",,,,1,1,4,0,0,2026-09-09T12:19:49Z,2026-09-09T12:19:49Z,NA,NA,at://did:plc:vlijpta4vaxesvgiamhmi7at/app.bsky.feed.post/3mv3glhcxkc25,,,,,
at://did:plc:q53ibv7ujf27tbhk7ar76tfz/app.bsky.feed.post/3mv3j7inpgk2b,bafyreifvbcdtyk6lhcrmp67cixzj7bnmz6xbl272lwsr6yvcrko4hgot3u,marc55.bsky.social,Marc 🍁,"Oh, FFS!
This is why Canada can't have nice things.
#cdnpoli",,,,0,0,0,0,0,2026-09-09T12:14:29Z,2026-09-09T12:14:27Z,NA,NA,at://did:plc:ti6jbyxaba25qtl7rgp6mbxg/app.bsky.feed.post/3mv3edmwqlc27,,,,,
at://did:plc:bwnpn6d4ewofwpy56xooo3kb/app.bsky.feed.post/3mv3ix4dsfs2b,bafyreialuexqx6ihtrorcjnbxebe6jgxertl7tv75y4fhj25p6u7uev53a,stevev68.bsky.social,Steve Valeriote,"If I'm Canada I don't respond to the latest tariffs.  The Americans have actually dropped a few items, and while some of the new ones hurt, this isn't really a huge escalation in the grand scheme.   No retaliation right now would be the wisest course.  #cdnpoli",,,,0,1,3,1,0,2026-09-09T12:09:46Z,2026-09-09T12:09:46Z,NA,NA,NA,,,,,
at://did:plc:q53ibv7ujf27tbhk7ar76tfz/app.bsky.feed.post/3mv3int2xbk2b,bafyreiblcr7rtxicmopkgq5vpqf7n7qrojs6svzjvh5w5syt3pckocckpq,marc55.bsky.social,Marc 🍁,"""We need to stop Bombardier from selling airplanes in the USA""

The next day:

He bans.....Bombardier's Spider.
Go check what a Spider is if you don't already know.

He's not playing with a full deck that guy.
#cdnpoli",,,,0,1,3,0,0,2026-09-09T12:04:36Z,2026-09-09T12:04:34Z,NA,NA,NA,,,,,
at://did:plc:w5pxbmkjntxfw6mt4emennhv/app.bsky.feed.post/3mv3imokoa32y,bafyreiam7iz62mq7wacritmriaqxvk57y3cy2i3bbb3443zynxugps6dgy,thestar.com,Toronto Star,"Opinion: In true New York City real estate style, Canada could use next week’s global investment summit in Toronto to announce plans to sell $137 billion per year worth of oil and gas exports to countries other than the U.S.,  starting in 2036, writes Mark McQueen. #cdnpoli",,,,2,6,14,0,0,2026-09-09T12:03:56Z,2026-09-09T12:03:55Z,NA,NA,NA,,,,,
at://did:plc:abt5tpb7lqr7vopkrkwfswwq/app.bsky.feed.post/3mv3ihzp4ro2x,bafyreieaxgydrqssxxzvp5jrzifcq6yaxrgams7zrv7js3v74ufrmd65aa,canadareport.org,Canada Report,"Scopia Surgical raises $2.65 million to build a GPS for robotic surgery

Canada’s fastest news scan: 25+ headlines, no clutter, updated all day: CanadaReport.org

#cdnpoli #Canada #News #Tech #AI 
Read Original Article 🔗",,,,0,0,0,0,0,2026-09-09T12:01:20Z,NA,NA,NA,NA,,,,,
at://did:plc:q53ibv7ujf27tbhk7ar76tfz/app.bsky.feed.post/3mv3igrtz7c2b,bafyreidx7vz3p6hzquqpo2f2w2hrghzktvpplozgwhunikdywktpqvcwlq,marc55.bsky.social,Marc 🍁,"It shouldn't be this hard.
Trump's claim of trade deficit is because of the energy we send them.
That's fact.

So offer him to even the playing field by turning off the taps. Call his bluff.
""Here is your deficit....want it?""  ""Yes..or No?"" You have 3 months to decide.

And then walk away.
#cdnpoli",,,,0,1,1,0,0,2026-09-09T12:00:40Z,2026-09-09T12:00:38Z,NA,NA,NA,,,,,
at://did:plc:x2fori67bggzcj2a6c7sj6ur/app.bsky.feed.post/3mv3i5kpxak2c,bafyreib6aplbrvmsyiv6khoo4nnontzzgvqw3qxttaasqvdueyouo7of54,jimmydp01.bsky.social,James David Payne,"@mark-carney.bsky.social 
@anitaoakvilleeast.bsky.social 

#ICC #ICJ 

#Gaza #Palestine 
#Cdnpoli #BCPoli",,,,0,1,0,0,0,2026-09-09T11:55:46Z,2026-09-09T11:55:28Z,at://did:plc:x2fori67bggzcj2a6c7sj6ur/app.bsky.feed.post/3mv3hytjj622c,at://did:plc:x2fori67bggzcj2a6c7sj6ur/app.bsky.feed.post/3mv3hytjj622c,NA,,,,,
at://did:plc:q53ibv7ujf27tbhk7ar76tfz/app.bsky.feed.post/3mv3i4hdzks2b,bafyreidb3cu7pcdntnjiyd5op57tuehz5vcoqq3cj2u5q56lpl5yqwwvea,marc55.bsky.social,Marc 🍁,"Of course. The media will talk about anything BUT the elephant in the room.
#cdnpoli",,,,0,1,3,0,0,2026-09-09T11:54:53Z,2026-09-09T11:54:51Z,NA,NA,at://did:plc:6git6z4ube473bz3dep7s4ps/app.bsky.feed.post/3mv3i2sjjuc2q,,,,,
at://did:plc:x2fori67bggzcj2a6c7sj6ur/app.bsky.feed.post/3mv3i3pmgwc2c,bafyreigtblyiqn4ggqryo6hxzb2ktnruchnxgt4ppjjifmqe5my22fsryi,jimmydp01.bsky.social,James David Payne,"#ICC #ICJ 

#Gaza #Palestine 
#Cdnpoli #BCPoli",,,,0,0,0,0,0,2026-09-09T11:54:33Z,2026-09-09T11:54:26Z,at://did:plc:x2fori67bggzcj2a6c7sj6ur/app.bsky.feed.post/3mv3hytjj622c,at://did:plc:x2fori67bggzcj2a6c7sj6ur/app.bsky.feed.post/3mv3hytjj622c,NA,,,,,
at://did:plc:643nfj64adt3sd6lil4l4eqt/app.bsky.feed.post/3mv3hznugsc2m,bafyreihfd2ukt6ncqb4vcjkjwe2zemnhc3cid6kmlsu5aepfdg56nx6eqq,deanbeeby.bsky.social,Dean Beeby,"Cda prepared to send ships to Iraq in 2003 if UN approved action, access-to-info cabinet records show. By Darren Major. (Note: Cabinet records are accessible after 20 years.)
cbc.ca/news/politic... #cdnfoi #cdnpoli",,,,0,2,2,0,0,2026-09-09T11:53:25Z,2026-09-09T11:53:17Z,NA,NA,NA,,,,,
at://did:plc:q53ibv7ujf27tbhk7ar76tfz/app.bsky.feed.post/3mv3hz7ak5c2b,bafyreid6hvgj4x5ijptsayxpv4kwigqepafc4pg43nm32ifgi2escxqkly,marc55.bsky.social,Marc 🍁,"Threatening Bombardier with bans on their aircraft..he resorts to banning the Spider.
Quite the genius.
#cdnpoli",,,,0,0,1,0,0,2026-09-09T11:53:04Z,2026-09-09T11:53:02Z,NA,NA,NA,,,,,
at://did:plc:x2fori67bggzcj2a6c7sj6ur/app.bsky.feed.post/3mv3hytjj622c,bafyreiem6o2ls3ec4434p6ly7s2unqv3mnhob27wx4aag2qe3tlsvg6ndy,jimmydp01.bsky.social,James David Payne,"@mark-carney.bsky.social 
@anitaoakvilleeast.bsky.social 

#ICC #ICJ 

#Gaza #Palestine 
#Cdnpoli #BCPoli",,,,2,0,0,0,0,2026-09-09T11:52:50Z,2026-09-09T11:52:50Z,NA,NA,at://did:plc:x2fori67bggzcj2a6c7sj6ur/app.bsky.feed.post/3mv3hyewazc2c,,,,,
at://did:plc:oxcn7lxuaig2ey3rmx7a66hc/app.bsky.feed.post/3mv3htr522k2c,bafyreieasgrymo5um5z35y2hgrlxasr6vtgoqejtwdp5owpt3i6vtv5tfi,justmeinottawa.bsky.social,It's me,"My guess is Carney is going to take the political will he perceives he has and the trust shown in at least polling and fucking gaslight us into believing we need the 407 and Hydro One done to everything WE own. 

Investors want revenue. And they want it now. #cdnpoli",,,,0,0,0,0,0,2026-09-09T11:50:01Z,2026-09-09T11:49:59Z,at://did:plc:oxcn7lxuaig2ey3rmx7a66hc/app.bsky.feed.post/3mv3hqzng622c,at://did:plc:oxcn7lxuaig2ey3rmx7a66hc/app.bsky.feed.post/3mv3hqzng622c,NA,,,,,
at://did:plc:hrpipqpkbpnqys5efjiwv6wr/app.bsky.feed.post/3mv3hq5fmc22w,bafyreifyjppdmqbuvt7ntfqmrnuuuzrhied7qdp2aax2s5v2bzmfye2kv4,susanfromontario.bsky.social,Susan Mitchell,"#cdnpoli
www.youtube.com/watch?v=eUrl...",,,,0,1,2,0,0,2026-09-09T11:48:04Z,2026-09-09T11:47:58Z,NA,NA,NA,,,,,
at://did:plc:bqvcoxdpr4lp3qmq5cng2w4i/app.bsky.feed.post/3mv3hnhhmc22z,bafyreibe2tzgthqfkvvgkrrtv7jpq6d7edrbpqw2c4jne3rv4fl4s4fc2a,ogcanada.bsky.social,Unapologetic Lee 🇨🇦,"Gander, as much of the world knows, hosted 6,579 stranded airline passengers for days after that terrible event, and treated them like family, taking them into their homes and offering enduring moral support www.saltwire.com/newfoundland... #cdnpoli #uspol",,,,0,3,6,0,0,2026-09-09T11:46:31Z,2026-09-09T11:46:28Z,NA,NA,NA,,,,,
at://did:plc:q53ibv7ujf27tbhk7ar76tfz/app.bsky.feed.post/3mv3hkxufkc2b,bafyreifkjikcfmhp3iwyte4tieev2n74p3zpn3kzqxgfeuxar4irkwgvnu,marc55.bsky.social,Marc 🍁,"Media accounts of the attacks on the Oil tankers, has 5 tankers sank in preliminary, and 10 more in retaliatory. 
15 oil tankers is a shit load of oil.

That's a major spill no?
#cdnpoli",,,,0,1,5,1,0,2026-09-09T11:45:06Z,2026-09-09T11:45:04Z,NA,NA,NA,,,,,
at://did:plc:q53ibv7ujf27tbhk7ar76tfz/app.bsky.feed.post/3mv3hgc3lgk2b,bafyreidtut3gq76s5ivkfujoiqdvkiojbzzkxegyswwquol2i55ghnc3zu,marc55.bsky.social,Marc 🍁,"Ya...this too:
#cdnpoli",,,,0,0,1,0,0,2026-09-09T11:42:29Z,2026-09-09T11:42:27Z,NA,NA,at://did:plc:s3m33wvdsixxr2ifnkldlfp3/app.bsky.feed.post/3mv3fqpir5k2n,,,,,
at://did:plc:re7tflvczjceanwkco2bseqb/app.bsky.feed.post/3mv3h4bmlbk23,bafyreiasa24w5lsp52fcymgdwburruue5myxdsx5jd3rukwxa4ax6s32pm,bella-andme.bsky.social,Sherry Lee,"Will Premiers Smith & Moe now remove alcohol from shelves given the ban the U.S. has just placed on Canadian alcohol that takes effect at the end of the month?

That will be a true test of their  character & perhaps going as far as their patriotism. 

#cdnpoli #tradewar",,,,0,1,2,0,0,2026-09-09T11:36:52Z,2026-09-09T11:36:51Z,NA,NA,at://did:plc:4ownlsrdmnvwgzmcdi2bof6s/app.bsky.feed.post/3mv37xeasjc22,,,,,
at://did:plc:mgmhq5daplfs52ztiocmae74/app.bsky.feed.post/3mv3h44slk22v,bafyreiakmdydberuypkoo2unrpzyxxegnfwhcoqw4xezwe5v25gnj2w5mi,o-tawdry.bsky.social,Bridget McGrath 🇨🇦,"When you have nothing to hide, you have nothing to ""craft"" in your responses. 

When you are dishonest and corrupt, you ""craft"" responses, or, in the vernacular, you lie your fat f'n ass off!

#onpoli #cdnpoli #DougFord #corruption #NeverConservative 

globalnews.ca/news/1204657...",,,,0,3,1,0,0,2026-09-09T11:36:50Z,2026-09-09T11:36:46Z,NA,NA,NA,,,,,
at://did:plc:q53ibv7ujf27tbhk7ar76tfz/app.bsky.feed.post/3mv3gyrpofs2b,bafyreigqwpiy6it7qoq3a4xyb3obg7m5wmwcfvu6qdygkfkzb6p6jyr4oa,marc55.bsky.social,Marc 🍁,"Environmentally speaking, where does all that oil go after the sinking?

Anyone?
#cdnpoli",,,,2,3,4,0,0,2026-09-09T11:34:56Z,2026-09-09T11:34:54Z,NA,NA,at://did:plc:nyjm4ylfid2a7mjm6varxuiq/app.bsky.feed.post/3mv3gpnnyv227,,,,,
at://did:plc:abt5tpb7lqr7vopkrkwfswwq/app.bsky.feed.post/3mv3gscbhvo2l,bafyreidzv7wkvpylfneehydmbiqocqq4ly4pakujartavnyco54lrhkofi,canadareport.org,Canada Report,"Copper Giant Resources Corp. Begins Trading on OTCQX Best Market

Canada’s fastest news scan: 25+ headlines, no clutter, updated all day: CanadaReport.org

#cdnpoli #Canada #News #Business #Economy 
Read Original Article 🔗",,,,0,0,0,0,0,2026-09-09T11:31:17Z,NA,NA,NA,NA,,,,,
at://did:plc:wmctz5oyov27gk5qy5s74yes/app.bsky.feed.post/3mv3gpz2b522p,bafyreidqzb27e2ncru5k6lazrounxcylycg33p746adj7y6qx55uqyvxwy,naturesasylum.bsky.social,NATURES ASYLUM  🇨🇦,"🇨🇦🤭
#cdnpoli",,,,0,0,0,0,0,2026-09-09T11:30:03Z,2026-09-09T11:30:00Z,NA,NA,NA,,,,,
at://did:plc:q53ibv7ujf27tbhk7ar76tfz/app.bsky.feed.post/3mv3gngpzac2b,bafyreiddzja3cxpy4ei2un3kpf6vq4zzkktl5y2pmx3plha33p3edg7gga,marc55.bsky.social,Marc 🍁,"Tech...is going to destroy us.
#cdnpoli",,,,0,0,1,0,0,2026-09-09T11:28:35Z,2026-09-09T11:28:33Z,NA,NA,at://did:plc:o6efcxeemtroyo6jfworilno/app.bsky.feed.post/3mv3glr5iy22u,,,,,
at://did:plc:vlijpta4vaxesvgiamhmi7at/app.bsky.feed.post/3mv3glhcxkc25,bafyreie32ykjorvpzada5stblhj6d5ozftgjgvvlfummxcna7fsrj2jxku,murraybrewster.bsky.social,,"Global Eye Gamble: Ottawa chose surveillance plane without guarantee that it met the military’s needs. #cdnpoli #Arctic #NATO 

www.cbc.ca/news/politic...",,,,0,0,0,1,0,2026-09-09T11:27:29Z,2026-09-09T11:27:27Z,NA,NA,NA,,,,,
at://did:plc:q53ibv7ujf27tbhk7ar76tfz/app.bsky.feed.post/3mv3gklx47c2b,bafyreiayv2a4ia5ueoduxhyvvy3t55h2yctaob5wibbf7v4gtaqirwf7da,marc55.bsky.social,Marc 🍁,"America can lie to themselves, but the world knows the truth.

This won't end well for you America.
#cdnpoli",,,,1,1,5,1,0,2026-09-09T11:27:00Z,2026-09-09T11:26:58Z,NA,NA,at://did:plc:icsgkevq6mfyuf5c357xc7dm/app.bsky.feed.post/3mv3avrff3x2d,,,,,
at://did:plc:pdf6zt3vghsx7bmb5wl6sbt3/app.bsky.feed.post/3mv3fjsof572m,bafyreic4afhhu7mtbv5app5dzedoahhtecqykpux6ykilmiadiyyqnvz5m,grumpa.ca,JD Lagrange,"It is time for Danielle Smith and Scott Moe to shit or get off the pot. Our COUNTRY (not province) is under attack by the Trump administration. Either you're an ally or a foe. Can't be both. Are you in our out? If out, provide your letter of resignation. #CdnPoli",,,,0,2,8,0,0,2026-09-09T11:08:38Z,2026-09-09T11:08:38Z,NA,NA,NA,,,,,
at://did:plc:e2gatef4rgurutqokoorvrpa/app.bsky.feed.post/3mv3firmhmc2v,bafyreiahhwe2qxhnj5u5ykngoaekkqnny2pg43coafgxqmvoaysyxrwxba,karenatsharon.bsky.social,,"GlobalEye gamble: Ottawa chose...
www.cbc.ca/news/politic... #cdnpoli",,,,0,0,0,0,0,2026-09-09T11:08:05Z,2026-09-09T11:08:03Z,NA,NA,NA,,,,,
at://did:plc:7lk2ea67pioh2e7tqj5n7whh/app.bsky.feed.post/3mv3fhme2f22w,bafyreignow3wes5zpy6aeql22oqng4msipzpyioqlnjgsabb2tdsppvrce,samspade1941.bsky.social,Samuel Spade,"#cdnpoli

www.cbc.ca/news/politic...",,,,0,0,1,0,0,2026-09-09T11:07:24Z,2026-09-09T11:07:24Z,NA,NA,NA,,,,,
at://did:plc:abt5tpb7lqr7vopkrkwfswwq/app.bsky.feed.post/3mv3fdcvafe2i,bafyreibhjxmtu7ln2smtcamlo4ex5k4ixv3toc3mhgigevfqkppitwptta,canadareport.org,Canada Report,"🇨🇦 Morning Briefing — Sep 09  
Canada faces economic challenges as U.S. tariffs take effect.  
• Trade tensions threaten businesses  
• $11M investment in tech offers hope  

Re...

Read: canadareport.org/briefing-2026-09-09-morning.html
#cdnpoli",,,,0,0,0,0,0,2026-09-09T11:05:00Z,NA,NA,NA,NA,,,,,
at://did:plc:q53ibv7ujf27tbhk7ar76tfz/app.bsky.feed.post/3mv3fcnbqqc2b,bafyreidouq3uld6z25ctj3f3qhsuv7udjaaehmistggzmtexliq5shsnze,marc55.bsky.social,Marc 🍁,"See?  More than just ONE MAN!
#cdnpoli",,,,0,0,3,1,0,2026-09-09T11:04:39Z,2026-09-09T11:04:37Z,NA,NA,at://did:plc:did5psctmmw4j4xlxu64uvzq/app.bsky.feed.post/3mv3f62n7m22g,,,,,
at://did:plc:3ujr5vlhrz43wd6ryflz5tds/app.bsky.feed.post/3mv3f4fbh622z,bafyreibch63ac5ryjxffa2cllr5fxzrvy7pormlszy6vxpfff7soimgvfu,thomjeff.bsky.social,Jeff Thompson,"It would be unreasonable to hold Carney responsible for Trump’s behavior. It is not unreasonable to judge Carney against the case he made for himself.

In keeping with the elbows-up moment... thomjeffwrites.substack.com/p/carney-nee... #cdnpoli #tariffs",,,,0,0,1,0,0,2026-09-09T11:01:09Z,2026-09-09T11:01:08Z,NA,NA,NA,,,,,
at://did:plc:q53ibv7ujf27tbhk7ar76tfz/app.bsky.feed.post/3mv3enny2oc2b,bafyreig2t6jyicqb3ftotb7cjwpjji7i63opgvrvjd5jm2ah7g24rpzwqy,marc55.bsky.social,Marc 🍁,"The tell....is they default to the irrational hatred of anything Trudeau.

That's the tell.
#cdnpoli",,,,0,1,3,0,0,2026-09-09T10:52:55Z,2026-09-09T10:52:53Z,NA,NA,NA,,,,,
at://did:plc:bqvcoxdpr4lp3qmq5cng2w4i/app.bsky.feed.post/3mv3ecj7eos2z,bafyreidgkclpaugcsutmyxlmw2aleyogjlalfaw2j2olnlyrgrdgfe5j6a,ogcanada.bsky.social,Unapologetic Lee 🇨🇦,"Following the United Kingdom's lead, France, Denmark, Spain, Finland, Ireland, Iceland, Norway, Poland, Portugal, Sweden and Canada have chosen to impose sanctions on all settlements. www.lemonde.fr/en/internati... #cdnpoli #uspol",,,,1,10,31,0,0,2026-09-09T10:46:42Z,2026-09-09T10:46:39Z,NA,NA,NA,,,,,
at://did:plc:q53ibv7ujf27tbhk7ar76tfz/app.bsky.feed.post/3mv3ecd4lc22b,bafyreidjfzy3gu6sk6l4cirlneqsbhgl3updnjng4g3kqno7worre7ajie,marc55.bsky.social,Marc 🍁,"This could get real folks.
#cdnpoli",,,,1,2,11,0,0,2026-09-09T10:46:35Z,2026-09-09T10:46:33Z,NA,NA,at://did:plc:lar2o6mnnvln22w6kgnpifli/app.bsky.feed.post/3mv2bhr5zs22a,,,,,
at://did:plc:h2spa3l463coxycuy6iiov2l/app.bsky.feed.post/3mv3eaxwxes2w,bafyreig3nd6tb4pvnspn6cmwqissrzqbu4oqjnz4mqwj34rmb2rs5dlbhq,shewandersferal.bsky.social,Allison Moon 🌙  🍁,"#Japan #Bessent

#Murica #Canada

🍁 #CANpoli 🍁 #CDNpoli 🍁  #CanadaSky 🌌 #Economics #Tariffs",,,,0,0,1,0,0,2026-09-09T10:45:50Z,2026-09-09T10:45:45Z,at://did:plc:h2spa3l463coxycuy6iiov2l/app.bsky.feed.post/3mv3eawskdk2w,at://did:plc:uewxgchsjy4kmtu7dcxa77us/app.bsky.feed.post/3mv26iy7thp2l,NA,,,,,
at://did:plc:q53ibv7ujf27tbhk7ar76tfz/app.bsky.feed.post/3mv3eadcepc2b,bafyreievd5jwkxudvnh3mq3u36tbzrdzcvgozywiufful6n64mhzf3huhy,marc55.bsky.social,Marc 🍁,"You all understand that Trump is just the ""front man"" right?
An entire political party is backing him up.
The entire country has capitulated.

It is about so much more than just ONE MAN!

My god. Humans have gotten so damned stupid.
#cdnpoli #uspoli",,,,4,6,34,0,0,2026-09-09T10:45:28Z,2026-09-09T10:45:26Z,NA,NA,NA,,,,,
at://did:plc:q53ibv7ujf27tbhk7ar76tfz/app.bsky.feed.post/3mv3e4uyjms2b,bafyreibxstsqh4vfjw73xhbsg4ksfi2quyrgpwdr4ak6f6cr6lhx6pj4ke,marc55.bsky.social,Marc 🍁,"Playing the victim has always been a vote getter in Alberta.
What a sad way to run a province.
Make everyone insecure, and hate the rest of this beautiful country.
Fucking sad what greed does eh?
#cdnpoli",,,,0,1,7,1,0,2026-09-09T10:43:33Z,2026-09-09T10:43:30Z,NA,NA,at://did:plc:htozz7cklgxvzxbzhfjm4djh/app.bsky.feed.post/3mv2tiynsf22s,,,,,
at://did:plc:h2spa3l463coxycuy6iiov2l/app.bsky.feed.post/3mv3e2dptx22w,bafyreieiyg23bk7ms73t3lwnenka36ogcgoey56nkxvjd2b5pg7p7bp4je,shewandersferal.bsky.social,Allison Moon 🌙  🍁,"#Conservatives are #creepyAF

🍁 #CANpoli 🍁 #CDNpoli 🍁  #CanadaSky 🌌 #Muricana
#cults",,,,0,0,0,0,0,2026-09-09T10:42:09Z,2026-09-09T10:42:05Z,at://did:plc:nz2hn6cz3rnxchlvpzx5d4ji/app.bsky.feed.post/3muzpelgqok2y,at://did:plc:nz2hn6cz3rnxchlvpzx5d4ji/app.bsky.feed.post/3muzpelgqok2y,NA,,,,,
at://did:plc:q53ibv7ujf27tbhk7ar76tfz/app.bsky.feed.post/3mv3dy2kuss2b,bafyreicl6o7lk5ega2ryzwtwsa7c2wm2gl6svaidv2o7e4qfedu3bard5y,marc55.bsky.social,Marc 🍁,"Nothing to see here folks. Move along.
#cdnpoli",,,,0,0,2,0,0,2026-09-09T10:40:50Z,2026-09-09T10:40:48Z,NA,NA,at://did:plc:o6efcxeemtroyo6jfworilno/app.bsky.feed.post/3mv3drqqopc2u,,,,,
at://did:plc:gktv6ywcopj34zpo2vqao5wi/app.bsky.feed.post/3mv3dsuyylk2u,bafyreigq3hvx6vbskzlcxs7yweu4lmyma7puv2bxawfbs4ufnq24eghpmy,brad365.bsky.social,Brad365,"Fuhr sometimes, the government needs to opt for the ""85 per cent solution,"" saying there is ""nothing out there"" that checks all possible boxes.
""There's gonna be trade-offs everywhere,"" he said. ""So it's a function of balancing all those things to meet the moment""
#cdnpoli
www.cbc.ca/news/politic...",,,,0,1,3,0,0,2026-09-09T10:37:57Z,2026-09-09T10:37:55Z,NA,NA,NA,,,,,
at://did:plc:q53ibv7ujf27tbhk7ar76tfz/app.bsky.feed.post/3mv3dpadpqk2b,bafyreibgtsj7lhz77txdp4gj2hxp2xlhqoetlpiahfknwecuzomx4qgqgm,marc55.bsky.social,Marc 🍁,"AI and tech giants are going to destroy what we consider dear on our society.
I hope you can live with that.
#cdnpoli",,,,0,0,0,0,0,2026-09-09T10:35:54Z,2026-09-09T10:35:53Z,NA,NA,at://did:plc:7gqm7rb6fxdu7silt4xvykow/app.bsky.feed.post/3muzt7z23rz2a,,,,,
at://did:plc:abt5tpb7lqr7vopkrkwfswwq/app.bsky.feed.post/3mv3dh75hk42f,bafyreidvjae6lbaiooc7indejvxmkpageq446uaxroiewm3odxerqwwewe,canadareport.org,Canada Report,"New ABB and BCG Report Highlights Growing Role of Direct Current Technologies in Future Power Systems

Canada’s fastest news scan: 25+ headlines, no clutter, updated all day: CanadaReport.org

#cdnpoli #Canada #News #Business #Economy #bcpoli 
Read Original Article 🔗",,,,0,0,0,0,0,2026-09-09T10:31:23Z,NA,NA,NA,NA,,,,,
at://did:plc:q53ibv7ujf27tbhk7ar76tfz/app.bsky.feed.post/3mv3dd3ij4s2b,bafyreiflhffkth7nyrlsgazcxf7cmuhshmurwjpe26vkwpzn6wnod4emz4,marc55.bsky.social,Marc 🍁,"Frame that shit right now!
#cdnpoli",,,,0,0,1,0,0,2026-09-09T10:29:07Z,2026-09-09T10:29:05Z,NA,NA,at://did:plc:nzzvnhynkfe6s3rb5fjt2vfi/app.bsky.feed.post/3mv2krkxdnk2t,,,,,
at://did:plc:q53ibv7ujf27tbhk7ar76tfz/app.bsky.feed.post/3mv3d72m5n22b,bafyreia565y7guzyd6zsdhp5fhczopiolvweo6bwcxutya36m6lh2ehkxy,marc55.bsky.social,Marc 🍁,"To criticize is to be antisemitic.
That's the charge as soon as you try.

So people stop trying.
So fucking sad really.
#cdnpoli",,,,0,1,1,0,0,2026-09-09T10:26:52Z,2026-09-09T10:26:50Z,NA,NA,at://did:plc:nfay6jargdwcv6sxdn7gbbvb/app.bsky.feed.post/3mv3cy6rdes2c,,,,,
at://did:plc:q53ibv7ujf27tbhk7ar76tfz/app.bsky.feed.post/3mv3czpnmyk2b,bafyreibafihbw4xn555w5owblua6cxzao2gb7yzk6tzcvilzbzf22hjxnu,marc55.bsky.social,Marc 🍁,"How could you not?
Showing Iranians the juxtapose.
""Best friends, and trading partners"".

It's the best move.
#cdnpoli",,,,0,1,2,0,0,2026-09-09T10:23:52Z,2026-09-09T10:23:50Z,NA,NA,at://did:plc:did5psctmmw4j4xlxu64uvzq/app.bsky.feed.post/3mv3cu6hins2f,,,,,
at://did:plc:q53ibv7ujf27tbhk7ar76tfz/app.bsky.feed.post/3mv3cnshnzs2b,bafyreidcoa5d4nsulqpgqezwbbtghbtqkslzwu5edzzuu6ckqpw33vr5hu,marc55.bsky.social,Marc 🍁,"Carney is shoring us up from that quagmire of a country.
Breath easier Canada.
#cdnpoli",,,,0,0,2,0,0,2026-09-09T10:17:13Z,2026-09-09T10:17:11Z,NA,NA,at://did:plc:3l6h5tayy6vycige2igmorv4/app.bsky.feed.post/3mv25qy7ovc2k,,,,,
at://did:plc:q53ibv7ujf27tbhk7ar76tfz/app.bsky.feed.post/3mv3clss5tk2b,bafyreiabhc5tfeh47n2hlgu7adumdbqvufju3wmhge3zh2vu4u42fe3qbq,marc55.bsky.social,Marc 🍁,"We know.
Republicans refuse!
#cdnpoli",,,,1,0,1,0,0,2026-09-09T10:16:06Z,2026-09-09T10:16:04Z,NA,NA,at://did:plc:feobw43ezgemam6r6zvfzp42/app.bsky.feed.post/3mv2k3o7ccs2p,,,,,
at://did:plc:ypbo2mq6dqcct43gt2sam6el/app.bsky.feed.post/3mv3bv3klan2e,bafyreicxjhacytbu5b6pnlcybt2cryvwxaofira3qf5zdmivfzp5htqzxm,ipolitics.bsky.social,iPolitics,"Government ‘assessing’ Trump’s threat to impose import bans on Canadian dairy, alcohol as ministers descend on Alberta #cdnpoli #ipolitics",,,,0,0,0,0,0,2026-09-09T10:03:22Z,2026-09-09T10:03:21Z,NA,NA,NA,,,,,
at://did:plc:tyg2ztzq6goz3zgebqa7sjz3/app.bsky.feed.post/3mv3btk4lfgr2,bafyreigmt62727bvs5vc6frt67ioleujcm6g5w3badgc2fkupyhguyqbnu,mpjgregoire.cosocial.ca.ap.brid.gy,M. Grégoire,"Carney’s arms-buying czar isn’t quitting in frustration … yet: Ivison
https://nationalpost.com/opinion/john-ivison-carneys-arms-procurement-czar-isnt-quitting-in-frustration-yet

#CanPol #cdnpoli
#NationalPost",,,,0,0,0,0,0,2026-09-09T10:02:36Z,2026-09-09T10:02:23Z,NA,NA,NA,,,,,
at://did:plc:abt5tpb7lqr7vopkrkwfswwq/app.bsky.feed.post/3mv3brjsdlp2c,bafyreibpcbpjaiagpba2dis6jhgczmusotyffonmgfj3tgd2pg4kuqcyaq,canadareport.org,Canada Report,"La Chine révèle avoir mené des pourparlers militaires avec des responsables canadiens

Canada’s fastest news scan: 25+ headlines, no clutter, updated all day: CanadaReport.org

#cdnpoli #Canada #News 
Read Original Article 🔗",,,,0,0,0,0,0,2026-09-09T10:01:22Z,NA,NA,NA,NA,,,,,
at://did:plc:q53ibv7ujf27tbhk7ar76tfz/app.bsky.feed.post/3mv3bmksbqk2b,bafyreif3khjtpjowa7enpra53jo3tigehmr7sfhojazvyo75yjgxchbymi,marc55.bsky.social,Marc 🍁,"Media pretending Trump is not a truly sick puppy, is something I will never get over.
#cdnpoli",,,,1,0,2,0,0,2026-09-09T09:58:37Z,2026-09-09T09:58:35Z,NA,NA,NA,,,,,
at://did:plc:h2spa3l463coxycuy6iiov2l/app.bsky.feed.post/3mv3b7o2ajc2w,bafyreidbniwex3rlfa2zvq3o37wo7bgwnojf2j52d6pk5ya5fmju3b4zyy,shewandersferal.bsky.social,Allison Moon 🌙  🍁,"“… if you have Peace in your Life… “
#JoshJohnson #LakeAmerica
#LakeMurica

🍁 #CANpoli 🍁 #CDNpoli 🍁
#CanadaSky 🌌 #Canadiana",,,,0,0,0,0,0,2026-09-09T09:51:26Z,2026-09-09T09:51:23Z,NA,NA,NA,,,,,
at://did:plc:vcnwupcln6rx3j4nbxcaiigt/app.bsky.feed.post/3mv3b6ng4fs22,bafyreidkmly2mbvtq4mh5moorscazqsavuwqlu27kzfnlb7vdb75qwqe4y,eco-soul.bsky.social,Eco-soul 🍁,#Daniellesmith #alberta #cdnpoli,,,,0,0,0,0,0,2026-09-09T09:50:49Z,2026-09-09T09:50:48Z,NA,NA,at://did:plc:4ownlsrdmnvwgzmcdi2bof6s/app.bsky.feed.post/3mv37xeasjc22,,,,,
at://did:plc:4ownlsrdmnvwgzmcdi2bof6s/app.bsky.feed.post/3mv3ame4omc22,bafyreihvf3blxehr6ciyfb2pxhwvpxuzdu44vd5o4ivdeei2afpggtzpam,peipolitical.bsky.social,PEIPolitical 🇨🇦,Gullible White Male Trump voters 👇 #cdnpoli,,,,2,5,20,3,2,2026-09-09T09:40:36Z,2026-09-09T09:40:35Z,NA,NA,NA,,,,,
at://did:plc:kqqydztpv6lrkmynvlo7zsru/app.bsky.feed.post/3mv3afm2gqs2z,bafyreiekuce35tdpysxvvgprym72m5fyxwuquautpzi5cexnq5z76cj6qa,kaicable.bsky.social,"Kai, a very old GenX 🇨🇦","‘We need to be aware and get more aggressive’: Trump’s desire for Canada’s water runs deep.

Trump is not only trying to claim the name of Lake Ontario for America, but also ‘most of the lake's volume,’ which should spur Canada to ‘step up’ on its national water strategy.

#cdnpoli
shorturl.at/LqkJp",,,,0,0,2,0,0,2026-09-09T09:36:51Z,2026-09-09T09:36:48Z,NA,NA,NA,,,,,
at://did:plc:abt5tpb7lqr7vopkrkwfswwq/app.bsky.feed.post/3mv3a3zaimb2x,bafyreibdizz6s7v5rbfb747mlbmy2ya7rt4ljsxlmjjqaiohcrrl4jumzy,canadareport.org,Canada Report,"Fighting Fire with Fire: Mobileum and Apate Shut Down Scam Operations From the Inside Out

Canada’s fastest news scan: 25+ headlines, no clutter, updated all day: CanadaReport.org

#cdnpoli #Canada #News #Business #Economy 
Read Original Article 🔗",,,,0,0,0,0,0,2026-09-09T09:31:26Z,NA,NA,NA,NA,,,,,
at://did:plc:4ownlsrdmnvwgzmcdi2bof6s/app.bsky.feed.post/3mv3a2qsthk22,bafyreifeghomhvcga47smdlrig75lqv47ljyesjldszmpfbteqvuhjzyli,peipolitical.bsky.social,PEIPolitical 🇨🇦,"Newt Gingrich on Fox News: ""The current prime minister wants to align Canada with China and would basically allow the Chinese to send goods to Canada to then be shipped into the U.S."" #cdnpoli",,,,8,2,1,1,0,2026-09-09T09:30:45Z,2026-09-09T09:30:44Z,NA,NA,NA,,,,,
at://did:plc:4ownlsrdmnvwgzmcdi2bof6s/app.bsky.feed.post/3mv37xeasjc22,bafyreicp3u4zbsuvgool3jqrjfyikcn2apjr3rcnjf2vxzu6dymqyqpgeq,peipolitical.bsky.social,PEIPolitical 🇨🇦,"Alberta and Saskatchewan have not removed American alcohol from store shelves. Both provinces continue to offer U.S. beer, wine, and spirits.
Smith and Moe have no self respect and are traitors to Canada! #cdnpoli",,,,12,18,72,2,0,2026-09-09T09:28:51Z,2026-09-09T09:28:50Z,NA,NA,NA,,,,,
at://did:plc:4ownlsrdmnvwgzmcdi2bof6s/app.bsky.feed.post/3mv37nbut6s24,bafyreib6btmnpvke3dhxgnlyuwepjfc2q23ygysy2l3cmtmnwun5bzcvbu,peipolitical.bsky.social,PEIPolitical 🇨🇦,"High tensions in South Korea as protests erupt against Iran war deployment plans.
South Korea is actively preparing to become the first country to join the US militarily in the Strait of Hormuz — and Seoul has seen daily protests ever since officials confirmed it.  #cdnpoli",,,,10,58,127,6,2,2026-09-09T09:23:15Z,2026-09-09T09:23:12Z,NA,NA,NA,,,,,
at://did:plc:s5lwa7df2icjlph5lpapx7j5/app.bsky.feed.post/3mv3773r4k222,bafyreignb47c2qaz4yursc5dtccbyhrrdpm6bmwdtudmrkgsrciyfbvywq,dougat.bsky.social,Doug Trevors 🇨🇦,"Hey Howard…

I think it’s disgraceful that you visited Epstein Island with your wife and family.

Go sit down somewhere you disgusting loser.

#uspoli #cdnpoli",,,,0,0,10,0,0,2026-09-09T09:15:16Z,2026-09-09T09:15:16Z,at://did:plc:4ownlsrdmnvwgzmcdi2bof6s/app.bsky.feed.post/3mv35syhml224,at://did:plc:4ownlsrdmnvwgzmcdi2bof6s/app.bsky.feed.post/3mv35syhml224,NA,,,,,
at://did:plc:s5lwa7df2icjlph5lpapx7j5/app.bsky.feed.post/3mv36tyrpks22,bafyreigrzi2j656kryzwzbdvrhlll3ri5hrkx4oikf4aig5sa3vafdh5h4,dougat.bsky.social,Doug Trevors 🇨🇦,"While Canada may have some pain in standing up to the U.S., we will be far better off in the long run after diversifying our trade partners.

Deals signed with this administration are not worth the paper they are printed on.

#uspoli #cdnpoli",,,,0,1,6,0,0,2026-09-09T09:09:04Z,2026-09-09T09:09:04Z,at://did:plc:4ownlsrdmnvwgzmcdi2bof6s/app.bsky.feed.post/3mv367lh7qs24,at://did:plc:4ownlsrdmnvwgzmcdi2bof6s/app.bsky.feed.post/3mv367lh7qs24,NA,,,,,
at://did:plc:abt5tpb7lqr7vopkrkwfswwq/app.bsky.feed.post/3mv36g6y4yu2x,bafyreiavuasxhjxjnyx5c6o5u47lqeloz2wk5ixcj776cpuvunwiufwi5e,canadareport.org,Canada Report,"En moins de quatre jours | OpenAI dit avoir résolu un problème de maths datant de plus d’un siècle

Canada’s fastest news scan: 25+ headlines, no clutter, updated all day: CanadaReport.org

#cdnpoli #Canada #News 
Read Original Article 🔗",,,,0,0,0,0,0,2026-09-09T09:01:21Z,NA,NA,NA,NA,,,,,
at://did:plc:q53ibv7ujf27tbhk7ar76tfz/app.bsky.feed.post/3mv36fhkmts2b,bafyreiekhirigsvj2dpuvqe25264kg65ic43cyfb2fzen7cfrwxts6j23q,marc55.bsky.social,Marc 🍁,"I would truly like to know this too.
#cdnpoli",,,,0,0,2,0,0,2026-09-09T09:00:57Z,2026-09-09T09:00:56Z,NA,NA,at://did:plc:roa6r4catvbhubvvwj2jvcjs/app.bsky.feed.post/3mv35xb57nk2d,,,,,
at://did:plc:k6a35s56ijvrb4zjkq4ojll5/app.bsky.feed.post/3mv36efvw6x24,bafyreic7zccfb4qazcvjzpjvejfidkudbnzge3bgfkxcle532qf3jnnjz4,toptags.bsky.social,Trending Hashtags,"🌟 BlueSky trending hashtags (1h) #16-30:

#야노 #aiart #cdnpoli #anal #nature #gay #bb28 #indiedev #ukraine #bubblebutt #milf #porn #bigdick #naked #onlyfans

👇 #1-15 trending hashtags",,,,0,0,0,0,0,2026-09-09T09:00:21Z,2026-09-09T09:00:20Z,NA,NA,at://did:plc:z22iojvb45xno3nblfy6fcwg/app.bsky.feed.post/3mv36efmbx325,,,,,
at://did:plc:k6a35s56ijvrb4zjkq4ojll5/app.bsky.feed.post/3mv36efciae2b,bafyreicda2pzy7na6lj7za2og4xika3alhaalydqyjhwlzmulferstuf3i,toptags.bsky.social,Trending Hashtags,"🔥 BlueSky trending hashtags (30m) #16-30:

#butt #sexy #nude #cdnpoli #암캐 #onlyfans #oc #유부녀 #csu #초대남 #ass #goon #model #merz #milf

👇 #1-15 trending hashtags",,,,0,0,1,0,0,2026-09-09T09:00:20Z,2026-09-09T09:00:20Z,NA,NA,at://did:plc:z22iojvb45xno3nblfy6fcwg/app.bsky.feed.post/3mv36eeu4i52v,,,,,
at://did:plc:q53ibv7ujf27tbhk7ar76tfz/app.bsky.feed.post/3mv36dn4zp22b,bafyreihegznvws47j7qg7xcrjrpbebcgcmby4qdjf2rwwqbe2bwvlwikcq,marc55.bsky.social,Marc 🍁,"One of the most, if not the most influential events in my lifetime, this poser, tries to make it about him.
Complete bullshit lie.
And the majority of Americans just shrug it off.

The whole damned country is FUBAR.
I have no faith it will return to normal.
#cdnpoli",,,,0,1,2,0,0,2026-09-09T08:59:56Z,2026-09-09T08:59:55Z,NA,NA,at://did:plc:sjmunzc4nkdt7dyy4sa3dtnt/app.bsky.feed.post/3mv367terz22u,,,,,
at://did:plc:q53ibv7ujf27tbhk7ar76tfz/app.bsky.feed.post/3mv35ungumk2b,bafyreiehmv5losmu2svvofebhgx6sgerfdznyyfwfopebxwjhiq6a6s4tu,marc55.bsky.social,Marc 🍁,"""merica"" is going bankrupt anyways.

Stand fast Canada. We got this.
#cdnpoli",,,,0,0,3,0,0,2026-09-09T08:51:33Z,2026-09-09T08:51:32Z,NA,NA,at://did:plc:3l6h5tayy6vycige2igmorv4/app.bsky.feed.post/3mv35lnsnhk2b,,,,,
at://did:plc:4ownlsrdmnvwgzmcdi2bof6s/app.bsky.feed.post/3mv35syhml224,bafyreicgkxocregtxoj7pwvhinknaeurqncepz4lfww5gakn4i6zdupt5e,peipolitical.bsky.social,PEIPolitical 🇨🇦,"Nutlick: ""It's disgraceful that Canada refuses to put American spirits on its shelves. It's insulting and disrespectful to America."" #cdnpoli",,,,8,11,15,4,0,2026-09-09T08:50:37Z,2026-09-09T08:50:36Z,NA,NA,NA,,,,,
at://did:plc:bke6jjgklvnkfrnv5av47wbt/app.bsky.feed.post/3mv35skznrs2q,bafyreigdluiwufwxdcujrax6pcamkyusw3ap3y4f3bv7xsy4q2x5oczt4i,augustina.bsky.social,Augustina,"First of all, the Orange Felon can hardly stand. No way he could be on ice with skates.

Secondly, just laugh. and laugh. and laugh.... it's what gets under the skin of narcists the most. Stupid baby... hahahaha.

#Canada ain't got time for this shit. We have the grownups.

#ElbowsUp
#cdnpoli",,,,0,1,4,0,0,2026-09-09T08:50:23Z,2026-09-09T08:50:22Z,at://did:plc:5o6k7jvowuyaquloafzn3cfw/app.bsky.feed.post/3muz76bbxv22q,at://did:plc:5o6k7jvowuyaquloafzn3cfw/app.bsky.feed.post/3muz76bbxv22q,NA,,,,,
at://did:plc:k6a35s56ijvrb4zjkq4ojll5/app.bsky.feed.post/3mv35jke5o62i,bafyreibtjir2l2efjxtc7qwhvhyhwxhyxjtrrx6ibda4qw36ugyyn5q75i,toptags.bsky.social,Trending Hashtags,"🚀 BlueSky trending hashtags (15m) #16-30:

#porn #gayporn #naked #cdu #pussy #csu #amateur #boobs #ass #horny #news #onlyfans #cdnpoli #spicysky #brauneunion

👇 #1-15 trending hashtags",,,,0,0,2,0,0,2026-09-09T08:45:19Z,2026-09-09T08:45:19Z,NA,NA,at://did:plc:z22iojvb45xno3nblfy6fcwg/app.bsky.feed.post/3mv35jjvzsu25,,,,,
at://did:plc:gktv6ywcopj34zpo2vqao5wi/app.bsky.feed.post/3mv355mwnys24,bafyreiebdjfatjlhhc3h7wufavhxcogqif4x47sonshg2bfc3zrhujbdim,brad365.bsky.social,Brad365,"Vietnamese firm targets Canadians with fake AI news for profit, CBC/Rad-Can investigation reveals
#cdnpoli
www.cbc.ca/news/canada/...",,,,1,2,2,0,1,2026-09-09T08:38:41Z,2026-09-09T08:38:39Z,NA,NA,NA,,,,,
at://did:plc:ypbo2mq6dqcct43gt2sam6el/app.bsky.feed.post/3mv34tmm75x2i,bafyreigbfffql3nbjkqcozstyqwh7z44wau4wa4cbyrv6kvswnsu2ptoea,ipolitics.bsky.social,iPolitics,"Trump ramps up retaliation against Canada, banning imports of booze, other products #cdnpoli #ipolitics",,,,0,0,0,0,0,2026-09-09T08:33:04Z,2026-09-09T08:33:03Z,NA,NA,NA,,,,,
at://did:plc:4ownlsrdmnvwgzmcdi2bof6s/app.bsky.feed.post/3mv34rsomvk24,bafyreic4c66q7h2gn4tb4spgjywza4aobuqhyidyw3fepaz3db74rpo4xi,peipolitical.bsky.social,PEIPolitical 🇨🇦,"Prime Minster Mark Carney’s video “Forward Guidance”, to rally Canadians, is one of the best addresses by any world leader, ever, to their citizens. 🍁 #cdnpoli 
www.youtube.com/watch?v=eYAw...
#cdnpoli",,,,2,16,45,3,6,2026-09-09T08:32:05Z,2026-09-09T08:32:03Z,NA,NA,NA,,,,,
at://did:plc:abt5tpb7lqr7vopkrkwfswwq/app.bsky.feed.post/3mv34qr6loc2r,bafyreiedanwft3b4mvtegjm7yhjyr3avetldre554r64r5t2myyyu235pe,canadareport.org,Canada Report,"AGM Date and Director Nominations

Canada’s fastest news scan: 25+ headlines, no clutter, updated all day: CanadaReport.org

#cdnpoli #Canada #News #Business #Economy 
Read Original Article 🔗",,,,0,0,0,0,0,2026-09-09T08:31:28Z,NA,NA,NA,NA,,,,,
at://did:plc:k6a35s56ijvrb4zjkq4ojll5/app.bsky.feed.post/3mv34op4t6q2b,bafyreier4uo7w2saddqswirjln4vndbxbeqkgxwl3l63mvbpqxy42hdndy,toptags.bsky.social,Trending Hashtags,"🚀 BlueSky trending hashtags (15m) #16-30:

#oc #indiedev #sexy #news #merz #aiart #nowplaying #รับงานเชียงใหม่ #นัดเย็ดเชียงใหม่ #상납 #cdnpoli #네토 #성인 #야노 #naked

👇 #1-15 trending hashtags",,,,0,0,1,0,0,2026-09-09T08:30:19Z,2026-09-09T08:30:18Z,NA,NA,at://did:plc:z22iojvb45xno3nblfy6fcwg/app.bsky.feed.post/3mv34oooj4l2s,,,,,
at://did:plc:4ownlsrdmnvwgzmcdi2bof6s/app.bsky.feed.post/3mv34hnuils24,bafyreiabtohvbefmgtoe7462emt25reh3amxui3e5o2lfwqrzcgfwptcyu,peipolitical.bsky.social,PEIPolitical 🇨🇦,"Lana Payne: ""Corporate Canada has to get on side here and also start buying Canadian. They have to buy everything from tissues to trucks, all of the things that we build in this country."" #cdnpoli",,,,8,51,163,2,1,2026-09-09T08:26:24Z,2026-09-09T08:26:22Z,NA,NA,NA,,,,,
at://did:plc:4ownlsrdmnvwgzmcdi2bof6s/app.bsky.feed.post/3mv34exrt6k24,bafyreihyf2wh4dinwmaihi47khzp6jwevm37yiajyv4edysrgrlhqeeieq,peipolitical.bsky.social,PEIPolitical 🇨🇦,"EU Ambassador to Canada: ""We don't want a new partnership, a new strategic or new name for a partnership. We want to reimagine the relationship between the EU and Canada."" #cdnpoli",,,,1,10,25,0,0,2026-09-09T08:24:53Z,2026-09-09T08:24:52Z,NA,NA,NA,,,,,
at://did:plc:4ownlsrdmnvwgzmcdi2bof6s/app.bsky.feed.post/3mv34cbzyh224,bafyreibnhkjhb6ypcldhkd4zj5ji4tfphspppcrizpovrn6dnqwzkhxt6i,peipolitical.bsky.social,PEIPolitical 🇨🇦,"Illinois Gov. JB Pritzker demolishes Trump over his disgusting lie that he was pulled to safety by firefighters on 9/11:
Trump is “a persistent liar and a narcissist, and honestly suffering from dementia… Donald Trump shouldn't be president.” #cdnpoli",,,,1,14,41,0,0,2026-09-09T08:23:23Z,2026-09-09T08:23:22Z,NA,NA,NA,,,,,
at://did:plc:4ownlsrdmnvwgzmcdi2bof6s/app.bsky.feed.post/3mv346c4des24,bafyreigt5kxufxqkkkgorxkzvptelygep5y6ukduetulwgyun44luunztm,peipolitical.bsky.social,PEIPolitical 🇨🇦,"This is a reminder that on January 7th, 2025, Donald Trump openly stated that he would use economic force to acquire Canada. 
NONE OF THIS HAS TO DO WITH TRADE - IT NEVER WAS.
#cdnpoli",,,,4,23,53,0,1,2026-09-09T08:21:09Z,2026-09-09T08:21:08Z,NA,NA,NA,,,,,
at://did:plc:4ownlsrdmnvwgzmcdi2bof6s/app.bsky.feed.post/3mv33zb4rrc24,bafyreiblawf4liac6ufaprbzh6ttbdfdurrdblk7mrbntegrnplohcg274,peipolitical.bsky.social,PEIPolitical 🇨🇦,"Bob Rae on Trump posting a map depicting U.S. expansion: ""It is a sign of the profound disrespect in this administration for the Canadian people, for the Canadian government, and for our future as a country. We are dealing with people who don't believe we should exist."" #cdnpoli",,,,1,16,35,0,2,2026-09-09T08:18:20Z,2026-09-09T08:18:19Z,NA,NA,NA,,,,,
at://did:plc:4ownlsrdmnvwgzmcdi2bof6s/app.bsky.feed.post/3mv33vzgryc24,bafyreih3a4ylgm6qfg233tcafgg6begiikmvelcsjtovumhctebiwarml4,peipolitical.bsky.social,PEIPolitical 🇨🇦,"Ben Meiselas' message to Canada: ""We support you retaliating against us. To be very clear, overwhelmingly, we stand with Carney over our country because we know we have a lunatic sexual predator, that we have a felon and a sicko in charge. Most Americans stand with you."" #cdnpoli",,,,10,35,120,1,0,2026-09-09T08:16:31Z,2026-09-09T08:16:30Z,NA,NA,NA,,,,,
at://did:plc:g323nwoy6rzvxylyjmn243qu/app.bsky.feed.post/3mv33s4oh422r,bafyreidezzulgqg7zlaskhymlfpm2atyt76njjeh4x6unyrobswldk7n2m,electricbluesfan.bsky.social,RichardJR,"1/7 🇨🇦 🩺 CANADA MUST REVISE PROSTATE CANCER GUIDANCE 🩺 🇨🇦

Eleven cancer groups demand a review of frozen 2014 advice.

Early detection brings near 100 per cent survival, yet outdated rules stall care.

Source: The Globe and Mail 
#MedSky #CdnPoli #PublicHealth #Cancer #PSA",,,,1,3,1,0,0,2026-09-09T08:14:20Z,2026-09-09T08:14:19Z,NA,NA,NA,,,,,
at://did:plc:v4erd5o22kiez66rgw2iy2n3/app.bsky.feed.post/3mv33puf7o22a,bafyreighxvy5rjfqrqiifziim7icba5sxqkpz4duico6krphyrbhq3n4pi,jdr.bz,JDR,"Regarding the recent tariffs, I support my fellow Canadian and Oxonian, @mark-carney.bsky.social. 

Let's further strengthen our partnership with the #EU on trade, supply chains, security, energy, and critical raw materials.

www.consilium.europa.eu/en/infograph...

#canada #europe #cdnpoli #oxford",,,,0,1,2,0,0,2026-09-09T08:13:13Z,2026-09-09T08:13:04Z,NA,NA,NA,,,,,
at://did:plc:g323nwoy6rzvxylyjmn243qu/app.bsky.feed.post/3mv335a7v2k2r,bafyreif2icpapz7r35qvojzm4vapehdqspujahqglqcjoyc4hohi7gbrse,electricbluesfan.bsky.social,RichardJR,"1/7 🇨🇦 CANADA'S GAS EXPORT SUPERPOWER BOOM 🇨🇦

Shell's $22B ARC buyout ignites an oil patch M&A wave.

Global giants are racing for Montney gas as Asian demand surges.

Source: The Globe and Mail 
#EnergySky #CdnPoli #BcPoli #LNG #Montney",,,,1,2,2,0,0,2026-09-09T08:02:38Z,2026-09-09T08:02:39Z,NA,NA,NA,,,,,
at://did:plc:abt5tpb7lqr7vopkrkwfswwq/app.bsky.feed.post/3mv332wkf2t2c,bafyreiatowvellygc4ekwwa2v6bdurgcofy4bc57trvtyriaw5ionlce74,canadareport.org,Canada Report,"Un voyage au Mexique pour obtenir son permis de travail

Canada’s fastest news scan: 25+ headlines, no clutter, updated all day: CanadaReport.org

#cdnpoli #Canada #News 
Read Original Article 🔗",,,,0,0,0,0,0,2026-09-09T08:01:21Z,NA,NA,NA,NA,,,,,
at://did:plc:t4qjao6o2xfwavfc5ewwvosg/app.bsky.feed.post/3mv32ze2ask2u,bafyreibqee3drdaj2djiwcjbg6sby3hkx5nlu42w2jbp4auuhh6nt4auay,pqpolitics.bsky.social,Pete Quily,"Look if he really thinks that Canadian tariffs aren’t hurting America, why is he retaliating?

It’s absurd 

#cdnpoli
youtube.com/watch?v=4FIE...",,,,0,2,4,1,1,2026-09-09T08:00:31Z,2026-09-09T08:00:28Z,NA,NA,NA,,,,,
at://did:plc:ig6dnt4tqgg7iwwtywx3bkvd/app.bsky.feed.post/3mv32oxnkrs2f,bafyreibdtkltyprkp2zojwqg4wqli7t4qv44orjhxkjjvweq5ktofo4jbi,robduncan.bsky.social,Rob Duncan,#auspol #USPOL #USA #us #uspoli #poli #politics #cdnpoli #canada #MeidasMighty #communityovercapitalizm #america #history #anticapitalist #inequality #capitalismkills #killCapitalism #capitalism #abolishcapitalism #fuckcapitalism #SocialJustice #ethics #ClassConsciousness #FalseConsciousness,,,,1,3,9,0,0,2026-09-09T07:54:41Z,2026-09-09T07:54:40Z,NA,NA,NA,,,,,
at://did:plc:ig6dnt4tqgg7iwwtywx3bkvd/app.bsky.feed.post/3mv32f37ohk2f,bafyreiclotsraxiw6konn4lc3drorjz3vs5wcszuter5npmxrff7qkjsk4,robduncan.bsky.social,Rob Duncan,#ClimateEmergency #Renewables #auspol #USPOL #USA #us #uspoli #poli #politics #cdnpoli #canada #MeidasMighty #america  #Ethics #ClimateJustice #bcpoli #abpoli #Klimapolitik #ClimateActionNow #ClimateChange #Climate #Ecosocialism #environment #Nature #BCClimateAction #capitalism #FalseConsciousness,,,,0,2,5,0,0,2026-09-09T07:49:10Z,2026-09-09T07:49:08Z,NA,NA,NA,,,,,
at://did:plc:abt5tpb7lqr7vopkrkwfswwq/app.bsky.feed.post/3mv2zf7va3k2i,bafyreibehcsykol7vfqkyvkomasgxszpwlwk7pi5ufm3kzdjxtjh2etcgm,canadareport.org,Canada Report,"Lomiko Metals Announces ISS and Glass Lewis Recommend Shareholders Vote FOR Proposed Arrangement and Corporate Update

Canada’s fastest news scan: 25+ headlines, no clutter, updated all day: CanadaReport.org

#cdnpoli #Canada #News #Business #Economy 
Read Original Article 🔗",,,,0,0,0,0,0,2026-09-09T07:31:19Z,NA,NA,NA,NA,,,,,
at://did:plc:abt5tpb7lqr7vopkrkwfswwq/app.bsky.feed.post/3mv2xppfped2f,bafyreigqwi6odhcwgtmggqa7ktz35ktpkrsjrqqbtx6xmlh2axawzqu4xa,canadareport.org,Canada Report,"Kilogramme de cocaïne et pistolet chargé | Un courrier condamné à trois ans et demi d’emprisonnement

Canada’s fastest news scan: 25+ headlines, no clutter, updated all day: CanadaReport.org

#cdnpoli #Canada #News 
Read Original Article 🔗",,,,0,0,0,0,0,2026-09-09T07:01:24Z,NA,NA,NA,NA,,,,,
at://did:plc:abt5tpb7lqr7vopkrkwfswwq/app.bsky.feed.post/3mv2vzsdu6i2x,bafyreieqhhs3o3oo3ic4nzwtj6o4tydbdh5dadxos2dah2kjumwmroevea,canadareport.org,Canada Report,"XORTX Re-Engages Investor Relations Program

Canada’s fastest news scan: 25+ headlines, no clutter, updated all day: CanadaReport.org

#cdnpoli #Canada #News #Business #Economy 
Read Original Article 🔗",,,,0,0,0,0,0,2026-09-09T06:31:15Z,NA,NA,NA,NA,,,,,
at://did:plc:ig6dnt4tqgg7iwwtywx3bkvd/app.bsky.feed.post/3mv2usdf7wc2f,bafyreifxgreyhylrs6g7okcmznyz6xsdd53eqfckkt3wxsr4tok4kxrkyy,robduncan.bsky.social,Rob Duncan,"CAPITALISM IS PROFOUNDLY IRRATIONAL

#inequality #auspol #USPOL #USA #us #uspoli #poli #politics #cdnpoli #canada #MeidasMighty #america #anticapitalist #capitalismkills #capitalism #abolishcapitalism #SocialJustice #ClassConsciousness #FalseConsciousness",,,,0,9,23,0,0,2026-09-09T06:09:12Z,2026-09-09T06:09:10Z,NA,NA,NA,,,,,
at://did:plc:abt5tpb7lqr7vopkrkwfswwq/app.bsky.feed.post/3mv2ueetjxu2f,bafyreihxsnwcd3bryhrbdwrnkjckwhgwbqgnjsk22pcigaoltbujplcfyy,canadareport.org,Canada Report,"Mort d’un poupon après une frénotomie | L’intervenante en allaitement poursuivie pour pratique illégale de la médecin...

Canada’s fastest news scan: 25+ headlines, no clutter, updated all day: CanadaReport.org

#cdnpoli #Canada #News 
Read Original Article 🔗",,,,0,0,0,0,0,2026-09-09T06:01:23Z,NA,NA,NA,NA,,,,,
at://did:plc:4e7vswp5qrqppoxknd2lkfjk/app.bsky.feed.post/3mv2txnpqqk26,bafyreicoaepxqxredfycl25sthra6xrpy3ks7lpmoi2zityhccopvrcuc4,cdnelxnstracker.bsky.social,Canadian Elections Tracker,"The Quebec Conservatives have now nominated a full slate of 127 candidates, joining the CAQ.

The PQ is down to 126 after a candidate withdrawal.

The Liberals are at 124 and the QS is at 123.

#cdnpoli #qcpoli",,,,1,0,0,0,0,2026-09-09T05:54:15Z,2026-09-09T05:54:15Z,NA,NA,NA,,,,,
at://did:plc:glx2iftaxaiirglk3auu7htn/app.bsky.feed.post/3mv2t2w76sk2k,bafyreic2pzqxyoxvqfjrwxpaibgecec7xzjemeh2iedrsoh26mxwfp6gxa,audricmoses.bsky.social,Audric Moses 🇨🇦,"""Hello ladies! How about those libtards, always killing babies, amirite?""

#cdnpoli",,,,1,0,7,0,0,2026-09-09T05:38:15Z,2026-09-09T05:38:11Z,NA,NA,NA,,,,,
at://did:plc:k5zp2oxoeyf7fsvj2ijmcbve/app.bsky.feed.post/3mv2sw5w3e226,bafyreib3nhb4j6xs7hskiwpevoh2efhffiysjdhaiyyfpksm5aj3k3tnfy,laurenshirleyj.bsky.social,LaurenSJ,"Americans are obviously asking for help standing up to him, but we can’t fight your own political battles for you. You voted for this administration. Our households are paying a cost we never asked for, we’re paying for your choices. We’re watching what you do on November 3. #cdnpoli",,,,0,0,1,1,0,2026-09-09T05:35:32Z,2026-09-09T05:35:31Z,NA,NA,at://did:plc:4kshoaytrzhgsziro6ywozul/app.bsky.feed.post/3muzphmda5b2x,,,,,
at://did:plc:abt5tpb7lqr7vopkrkwfswwq/app.bsky.feed.post/3mv2sov5pdm2i,bafyreidonutyoppw4et2wtccnpmpsbttm5mjboizuzv67liacvvbqyml34,canadareport.org,Canada Report,"The North West Company Inc. Announces Second Quarter Earnings and an Increase in the Quarterly Dividend

Canada’s fastest news scan: 25+ headlines, no clutter, updated all day: CanadaReport.org

#cdnpoli #Canada #News #Business #Economy 
Read Original Article 🔗",,,,0,0,0,0,0,2026-09-09T05:31:27Z,NA,NA,NA,NA,,,,,
at://did:plc:i35ssivwo4bs4j4ilxmxwf64/app.bsky.feed.post/3mv2sogdvlk24,bafyreicae6dw3jrz7cb46w2ki5nw4jgaxrohrkkczsclmoott3x7bh7ism,shotze3.bsky.social,Isitjustme,"This is incredibly good news Canada!
#cdnpoli 
#elbowsup 
#never51 
#IStandWithCarney",,,,0,1,6,0,0,2026-09-09T05:31:13Z,2026-09-09T05:31:12Z,NA,NA,at://did:plc:bqvcoxdpr4lp3qmq5cng2w4i/app.bsky.feed.post/3muzwzz5ppk2b,,,,,
at://did:plc:deej5pakczvmljahhvrridlp/app.bsky.feed.post/3mv2sc2nhds2d,bafyreigy7ha3oamhobu443g3geyu2ngzaukgcz5zp3cthcgw7jg7my5bva,pat112.bsky.social,Pat,"Oklahoma impact of Canadian Tariffs

When you screw over your best cutomers ....

#Cdnpoli #Uspoli #BoycottUSA
www.youtube.com/watch?v=Cxnv...",,,,0,1,2,0,0,2026-09-09T05:24:19Z,2026-09-09T05:24:17Z,NA,NA,NA,,,,,
at://did:plc:u3svmzdk6udn2mguiwnmocr6/app.bsky.feed.post/3mv2sa2oobgz2,bafyreid65zxip4k7bhs2z22nwudixszuwbvnnf4hkqck4p2hho4m77rwmi,maxfieldripken.mastodon.social.ap.brid.gy,Stephen Elliott~Buckley,"Who wants to help me do a cover of #vanhalen's #panama, but replace it with #canada?

And rewrite the lyrics too, with an ecosocialist and anti-colonial vibe?

#cdnpoli #canada #fascism #antifa #antifascist #bcpoli #vancouver #burnaby #canlab #bcgreens #bcndp #ecosocialism",,,,0,1,1,0,0,2026-09-09T05:23:11Z,2026-09-09T05:23:07Z,NA,NA,NA,,,,,
at://did:plc:k5zp2oxoeyf7fsvj2ijmcbve/app.bsky.feed.post/3mv2s7tze4226,bafyreibgmdsolfquoudy6ac75jocxdj3cdz5vose6imepj4co7dygbiz5y,laurenshirleyj.bsky.social,LaurenSJ,Boycott #RBC and #BMO. Move your account to credit unions #cdnpoli,,,,0,0,0,0,0,2026-09-09T05:23:03Z,2026-09-09T05:23:03Z,NA,NA,at://did:plc:v3eup4rzroyniw2x7bmsdzgt/app.bsky.feed.post/3muyqzardec2b,,,,,
at://did:plc:k5zp2oxoeyf7fsvj2ijmcbve/app.bsky.feed.post/3mv2rybiw4k26,bafyreigqoiez3cogr4x5sihiiw3ehsshrzstbnpbcnbvnc5kefwjpiefyi,laurenshirleyj.bsky.social,LaurenSJ,"Wait until Lockheed Martin realizes they can’t build the F-35… then we can finally opt out of this contract.

And wait until the U.S. Defense realizes it can’t build anything anymore without Canada. 🇨🇦

#cdnpoli",,,,1,2,6,0,0,2026-09-09T05:18:49Z,2026-09-09T05:18:48Z,NA,NA,at://did:plc:3l6h5tayy6vycige2igmorv4/app.bsky.feed.post/3muzyzfknnk2k,,,,,
at://did:plc:xqtq2epo4hd3edw7paifjzcv/app.bsky.feed.post/3mv2rodk5ds22,bafyreiaqzbkjdx3yd7pfyeyv7le35itp4rdtwaddoschmob2ksk2u5fbii,jujubee76.bsky.social,🇨🇦🍁Jujubee76🇨🇦🍁part owner of Canada🍁🇨🇦,"Woohoo! I sent mine in last week! No to the nine and stay in Canada! #ableg #abpoli #cdnpoli #proudcanadianalbertan #yeg #yyc #traitorsmith #teamcanadaforever #vivelecanada #PMMC #ivoted 
❤️🇨🇦🍁❤️",,,,0,3,6,0,0,2026-09-09T05:13:15Z,2026-09-09T05:13:15Z,NA,NA,at://did:plc:qw3vbca4ljeby4kznfrn6vlk/app.bsky.feed.post/3mv2rg2u5ck2u,,,,,
at://did:plc:frwecggow7f5ertmucxfcxqq/app.bsky.feed.post/3mv2rdti5g22s,bafyreidgna7nvmgyda5ew6v5vs3yx7s5onworhdu24l5eoxx5yf5534may,jrmccranker.bsky.social,Jason McCrank,Before and after the USS Lincoln. This is like the Millennium Falcon with Lando and then after with Han. #uspoli #cdnpoli,,,,0,1,0,0,0,2026-09-09T05:07:28Z,2026-09-09T05:07:23Z,NA,NA,NA,,,,,
at://did:plc:deej5pakczvmljahhvrridlp/app.bsky.feed.post/3mv2rcx3jak2d,bafyreicnkacm7qpzh4gahepu4zhvvsyzz7jqv3qbjow753kvcwvohe7jie,pat112.bsky.social,Pat,"Once again Canada is on the front lines in a war against tyranny .

Who stands with us ?

#Cdnpoli #Uspoli #EU #UK #Aus #BoycottUSA",,,,0,1,4,0,0,2026-09-09T05:06:54Z,2026-09-09T05:06:53Z,NA,NA,NA,,,,,
at://did:plc:7mqcgscfl4b6lhkez5wxubts/app.bsky.feed.post/3mv2r7t5ffk2s,bafyreidydtx5wdfav2ool6sdo5vcjlcwo4qy7grt7t42ktwetftrk4ct4u,climatejusticeyyj.bsky.social,Climate Justice Victoria,"""We may end up being arrested"" said @michaelpolanyi.bsky.social of Seniors Climate Witness at the September 8 launch of the Western Climate Caravan! Watch to find out more about what they have planned in Ottawa. More @ seniorsclimatewitness.ca #yyj #bcpoli #cdnpoli  @seniorsforclimate.bsky.social",,,,1,5,5,0,0,2026-09-09T05:05:10Z,2026-09-09T05:05:08Z,NA,NA,NA,,,,,
at://did:plc:abt5tpb7lqr7vopkrkwfswwq/app.bsky.feed.post/3mv2qz37g3m2s,bafyreihne6pqioz4nzocktwk6hj4lzekpbm2z7ndj3yflq7tszfbfl75wi,canadareport.org,Canada Report,"Lanaudière | Un motocycliste meurt après avoir percuté un camion à Sainte-Mélanie

Canada’s fastest news scan: 25+ headlines, no clutter, updated all day: CanadaReport.org

#cdnpoli #Canada #News 
Read Original Article 🔗",,,,0,0,0,0,0,2026-09-09T05:01:22Z,NA,NA,NA,NA,,,,,
at://did:plc:deej5pakczvmljahhvrridlp/app.bsky.feed.post/3mv2qxnwzms2d,bafyreiecuwdg2fm4c3wk2ojlpv2mi6jrt3tc6ssa26vgt3e2lyhtngqeoy,pat112.bsky.social,Pat,"Stand now or kneel forever.

#Cdnpoli #Uspoli #BoycottUSA",,,,0,1,1,0,0,2026-09-09T05:00:37Z,2026-09-09T05:00:34Z,NA,NA,NA,,,,,
at://did:plc:a2sq7krfwdvw4rtarwbocjva/app.bsky.feed.post/3mv2qtqv4422a,bafyreigu33bj5cnj2ifsodxgsezcvoxrhqylotyvxxgyqirj6ejz2acb3u,greggary.bsky.social,Greg Gary,"No matter who you voted for this  man is a force of nature, and every molecule Canadian. #ElbowsUp #CdnPoli",,,,0,2,4,0,0,2026-09-09T04:58:24Z,2026-09-09T04:58:23Z,at://did:plc:4ownlsrdmnvwgzmcdi2bof6s/app.bsky.feed.post/3muyogfx2wk2n,at://did:plc:4ownlsrdmnvwgzmcdi2bof6s/app.bsky.feed.post/3muyogfx2wk2n,NA,,,,,
at://did:plc:deej5pakczvmljahhvrridlp/app.bsky.feed.post/3mv2qnozel22d,bafyreihbyil3uxwwgowyf3lykggvxpmp6n5z7fapk4gvtwi4rfgiobdjoq,pat112.bsky.social,Pat,"JUST IN: Hochul Rips Into Trump, Demands End To 'Senseless, Needless, Crazy Trade War With Canada'

Americans are speaking out and November is coming 

#Cdnpoli #Uspoli #BoycottUSA
www.youtube.com/watch?v=vOKD...",,,,1,2,3,0,0,2026-09-09T04:55:03Z,2026-09-09T04:55:00Z,NA,NA,NA,,,,,
at://did:plc:deej5pakczvmljahhvrridlp/app.bsky.feed.post/3mv2qkpc45s2d,bafyreihyuvvzio4wj63cq3juk5fyo4icx2clkqkt5vclzror7gk7k3x27u,pat112.bsky.social,Pat,"Americans Deserve Answers!': Mike Thompson Blasts 'Belligerent Treatment Of Canada' By Trump Admin

November is coming 

#Cdnpoli #Uspoli 
www.youtube.com/watch?v=ENA8...",,,,0,0,1,0,0,2026-09-09T04:53:22Z,2026-09-09T04:53:19Z,NA,NA,NA,,,,,
at://did:plc:xpgujbkkrjevueb53vpgnetz/app.bsky.feed.post/3mv2qesjlbs2s,bafyreiapuzntcsyhtfhnwus4pjes75zroawjfrohsfasip5frihwpxrpnm,maxfawcett.bsky.social,Max Fawcett,"We're back! The latest/newest episode of Power Lines with @shastingssimon.bsky.social is out. #cdnpoli

Pod: podcasts.apple.com/ca/podcast/t...",,,,1,8,30,0,1,2026-09-09T04:50:05Z,2026-09-09T04:50:01Z,NA,NA,NA,,,,,
at://did:plc:lanvmgthztbuwa3ieqcrzsys/app.bsky.feed.post/3mv2q54alus2s,bafyreigshkt5uvgxawy2lledqmqfkg656zi24uqrgkldrgp5jruownvnpy,hab3261.bsky.social,Hazel B. 🇨🇦,"Hello Canada and Alberta, this is how I voted in the October referendum. I voted by special ballot (mail-in). 
Special ballots requests must be before Sept 25th.

specialballot.elections.ab.ca/index/8400

#abpoli #cdnpoli #ableg",,,,1,7,14,0,0,2026-09-09T04:45:46Z,2026-09-09T04:45:43Z,NA,NA,NA,,,,,
at://did:plc:gv3qn6f23vvn4v4fxu7flbbb/app.bsky.feed.post/3mv2ppo65gs2l,bafyreibe7htohszyfvtllcqoavrer65shblsiisifxvdjohn2cria276ie,jackhill.bsky.social,Jack Hill,"Just like any authoritarian regime-those who say they are just following orders are also guilty

Not as extreme as Nazi Eichmann - ‘the banality of evil’

Non elected bobble heads in US cabinet,some with PhD’s, & in real estate, are misinformed on Canada & our politics

#cdnpoli #polisci #leadership",,,,0,0,1,0,0,2026-09-09T04:38:13Z,2026-09-09T04:38:12Z,NA,NA,NA,,,,,
at://did:plc:llmnwoetowmrgevfd5xmtwuj/app.bsky.feed.post/3mv2piwoick23,bafyreihtuvwdyy737r77qh46qeejhrj4ntiq5rbuydjpyxwquyr23eyeua,wickedwitchofpnw.bsky.social,The Bog Witch 🇨🇦,"Every time a friend/coworker/acquaintance confides that they are vacationing in the #US (there are still many) I wonder if they are:

A) Willfully ignorant assholes
B) Dumb as dirt
C) Desiring a meeting with the face-eating leopards 

Add idiot points for bringing children in tow.

#cdnpoli #boycott",,,,1,1,7,0,0,2026-09-09T04:34:27Z,2026-09-09T04:34:26Z,NA,NA,NA,,,,,
at://did:plc:abt5tpb7lqr7vopkrkwfswwq/app.bsky.feed.post/3mv2pd7nc4u2f,bafyreifbwce2u6syeluxctitlmz24he4bfqdiip7k474gx2n3x62hegmru,canadareport.org,Canada Report,"News of the day: Canada’s ‘investibility’ gaps, Alberta oilpatch merger, rotting tax policy, selling your home at a l...

Canada’s fastest news scan: 25+ headlines, no clutter, updated all day: CanadaReport.org

#cdnpoli #Canada #News #Business #Economy #abpoli 
Read Original Article 🔗",,,,0,0,0,0,0,2026-09-09T04:31:14Z,NA,NA,NA,NA,,,,,
at://did:plc:hxcxag3apoqmi5kcecebbxbm/app.bsky.feed.post/3mv2ool3hj525,bafyreic5h537ki2xzclfb5k3t4ztl3oxn6emrxmt2ivui2hi7vogkvz55u,thoughtsnations.bsky.social,Blackfoot Niitsítapi🪶🇨🇦🇺🇸🏳️‍🌈🏳️‍⚧️💙🌎🐾🐾🐝🦋🦅🦬🦫🐋🦆🦉🐧🐦‍⬛🐻🦊,"There are too many people from many countries who are here not following the laws. Time to put a time limit on VISAS, permanent residency and seeking asylum. We cannot house the world. 🪶🙄🇨🇦🏳️‍🌈🏳️‍⚧️ #cdnpoli www.ctvnews.ca/montreal/art...",,,,0,0,0,0,0,2026-09-09T04:19:43Z,2026-09-09T04:19:42Z,NA,NA,NA,,,,,
at://did:plc:pedpziwws5vkocuq76mokn7c/app.bsky.feed.post/3mv2ohuxkqk2u,bafyreigj3kzns5mfjgjbcbn5pbfg32xu6zb5vrzebe4ikjpli7vsfv2c7e,deepgreendesign.bsky.social,Deep Green Design,"I started my boycott in 2010, ~16 years ago.

The government of Canada under Stephen Harper. 

Any more questions? 

#CdnPoli",,,,0,0,1,0,0,2026-09-09T04:15:59Z,2026-09-09T04:15:57Z,at://did:plc:24rta7mqh665ymo4mkg2dja5/app.bsky.feed.post/3mv2kr2dsuc2c,at://did:plc:pedpziwws5vkocuq76mokn7c/app.bsky.feed.post/3muzbexppgc2f,NA,,,,,
at://did:plc:e4qglzjpa4pcasim3rpqsicy/app.bsky.feed.post/3mv2ohftua223,bafyreifspaheww2bfuo7wqmjcsyqfyurl5sscqzxkffmg6ochxjiaaatdq,thesaanichdaily.bsky.social,Club Saanich,"Victoria Anarchist Book Fair.
Be there or be square!

""The Victoria Anarchist Bookfair is on September 19 & 20, 2026 at Fernwood NRG, 1240 Gladstone Ave. Unceded Lək̓ʷəŋən Territory since way back when and then some.""
#cdnpoli #bcpoli",,,,0,1,8,0,0,2026-09-09T04:15:44Z,2026-09-09T04:15:41Z,NA,NA,NA,,,,,
at://did:plc:mlimbtxuf4wyxwvtb2fm7yur/app.bsky.feed.post/3mv2ob476us27,bafyreif7fbvjlgbqi3jhsbwr35aoykqvgpvncpvwihquwuq3yeej7wjtxi,hellobonjour.bsky.social,Dr. Hello Bonjour,#CdnPoli #Canada #TradeWar #ReleaseTheEpsteinFiles,,,,0,2,8,0,0,2026-09-09T04:12:09Z,2026-09-09T04:12:10Z,NA,NA,at://did:plc:erwcofx42b24pekytwhgwsk3/app.bsky.feed.post/3muztbdaxq22q,,,,,
at://did:plc:deej5pakczvmljahhvrridlp/app.bsky.feed.post/3mv2o4eytq224,bafyreihfpe6wryvqiyb4u37lng3k7u643z3lwhx4smxulmccpobjpopxga,pat112.bsky.social,Pat,"What you ignore you empower. 

Stand now or kneel forever.

What are you waiting for ? 

#Cdnpoli #Uspoli #BoycottUSA",,,,0,3,3,0,0,2026-09-09T04:09:35Z,2026-09-09T04:09:31Z,NA,NA,NA,,,,,
at://did:plc:amnhdrsyqrmpomj6qdzc3ved/app.bsky.feed.post/3mv2o4kldsau2,bafyreihnemj3uswl4x7tkfxkqqedbtddpuzd43mym55ftdl5h3cof6sfuq,edwing.mstdn.moimeme.ca,Edwin G. :mapleleafroundel:,"[Tariffs 🇨🇦🇺🇸 / Droits douaniers 🇨🇦🇺🇸]

Sometimes, I comment about the trade war… this is one of those times.

Dear USAians,

This is what your government that you collectively elected is doing *to you, on your behalf.*

If Canadians stop saying “Sorry” to you, if they stop being polite to you […]",,,,0,0,0,0,0,2026-09-09T04:09:44Z,2026-09-09T04:08:52Z,at://did:plc:amnhdrsyqrmpomj6qdzc3ved/app.bsky.feed.post/3mv2ivdkqxkn2,at://did:plc:amnhdrsyqrmpomj6qdzc3ved/app.bsky.feed.post/3mv2ivdkqxkn2,NA,,,,,
at://did:plc:abt5tpb7lqr7vopkrkwfswwq/app.bsky.feed.post/3mv2nnr5i6k2c,bafyreifbvr6eybruz2ou7erlppkxuqs33gvtwmnutyu7kejekyxe6u3m6e,canadareport.org,Canada Report,"Procès pour entrave lié à un meurtre | Une ex-avocate se dépeint comme une victime de violence conjugale

Canada’s fastest news scan: 25+ headlines, no clutter, updated all day: CanadaReport.org

#cdnpoli #Canada #News 
Read Original Article 🔗",,,,0,0,0,0,0,2026-09-09T04:01:21Z,NA,NA,NA,NA,,,,,
at://did:plc:qznew7o42qmyk4xhp6rhhrwk/app.bsky.feed.post/3mv2mg27vxk2t,bafyreiap2by47kq6ddu62pskpi5eatrjivi4oq5emv7qchrpxu7fvznrwy,mcvmark.bsky.social,Mark McVittie,"If you don't buy from the USA, then you won't be paying them. #CdnPoli",,,,0,1,2,0,0,2026-09-09T03:39:08Z,2026-09-09T03:39:08Z,at://did:plc:f222zfl57vw6uxdzzoyeothz/app.bsky.feed.post/3mv2lj2o5kk27,at://did:plc:f222zfl57vw6uxdzzoyeothz/app.bsky.feed.post/3mv2lj2o5kk27,NA,,,,,
at://did:plc:abt5tpb7lqr7vopkrkwfswwq/app.bsky.feed.post/3mv2lyavubs2x,bafyreiaofa5ha3jbmgxg222tx5xp4hqgphfa7lpzpihyb34vwvzohujx5i,canadareport.org,Canada Report,"Crown Point Announces Transfer of Listing to NEX

Canada’s fastest news scan: 25+ headlines, no clutter, updated all day: CanadaReport.org

#cdnpoli #Canada #News #Business #Economy 
Read Original Article 🔗",,,,0,0,0,0,0,2026-09-09T03:31:25Z,NA,NA,NA,NA,,,,,
at://did:plc:qznew7o42qmyk4xhp6rhhrwk/app.bsky.feed.post/3mv2lohulxc2t,bafyreiewmx7kyo5huwgh6h633hfx6tdmq7wlwxdtbsewh7b44lj2yfeley,mcvmark.bsky.social,Mark McVittie,"The U.S. has quietly dropped tariffs on some products including toilet paper, sugar, salt and cement. The US probably realized they didn't have enough supply of those products and couldn't keep up with demand.

Time to hit those products with a 100% Export Tax!!! #CdnPoli #ElbowsUp #TrumpSucks",,,,0,9,21,2,1,2026-09-09T03:25:58Z,2026-09-09T03:25:57Z,NA,NA,NA,,,,,
at://did:plc:f5jnbpzq6a67rf2m3s3gu64l/app.bsky.feed.post/3mv2lk7kvqc27,bafyreiau4yue5mv67flm65yl63d2r6h5vym5t5bxsyejay3zw3hiaqovsu,ericdoherty.bsky.social,Eric Doherty,North Island climate denier and Timbit Trumper does not like the City of Victoria's climate focused motion re Carney's public pipeline boondoggle. cheknews.ca/victoria-cit... #yyj #bcpoli #cdnpoli #elbowsup,,,,0,1,8,0,0,2026-09-09T03:24:21Z,2026-09-09T03:23:34Z,NA,NA,NA,,,,,
at://did:plc:f222zfl57vw6uxdzzoyeothz/app.bsky.feed.post/3mv2lj2o5kk27,bafyreifnpuwtvax74l4egr7wjeqzxkuntrvhxxyd3ciaqvurzkxdmvtvre,louisafaux.bsky.social,Karen,"Canadian counter-tariff revenues should be refunded to Canadians since we are the people paying them!
#tariffs #cdnpoli",,,,1,1,1,0,0,2026-09-09T03:22:56Z,2026-09-09T03:22:55Z,NA,NA,NA,,,,,
at://did:plc:glx2iftaxaiirglk3auu7htn/app.bsky.feed.post/3mv2lfvxbps2k,bafyreia3bqgnc7i73vt7cxfbdch356slj6pf2q6w7wiqjl7xlhaqeq4afy,audricmoses.bsky.social,Audric Moses 🇨🇦,"How are these dolts real 🤦?

#cdnpoli",,,,1,0,7,0,0,2026-09-09T03:21:14Z,2026-09-09T03:21:10Z,NA,NA,NA,,,,,
at://did:plc:hxcxag3apoqmi5kcecebbxbm/app.bsky.feed.post/3mv2lbuyi4v25,bafyreihtegcat6qr4nsbnfw52hrlkfaj64nls5himx5yecmygwtdjsylii,thoughtsnations.bsky.social,Blackfoot Niitsítapi🪶🇨🇦🇺🇸🏳️‍🌈🏳️‍⚧️💙🌎🐾🐾🐝🦋🦅🦬🦫🐋🦆🦉🐧🐦‍⬛🐻🦊,Absolute miscarriage of justice. #Canada needs to send him back and he can wait in prison awaiting his appeal. 🪶😡💔🇨🇦🏳️‍🌈🏳️‍⚧️ #femicide #bcpoli #cdnpoli www.ctvnews.ca/canada/artic...,,,,0,1,1,0,0,2026-09-09T03:18:56Z,2026-09-09T03:18:55Z,at://did:plc:m3tlyyqyxzuybdi5csjyu6io/app.bsky.feed.post/3muzeimufx225,at://did:plc:m3tlyyqyxzuybdi5csjyu6io/app.bsky.feed.post/3muzeimufx225,NA,,,,,
at://did:plc:hxcxag3apoqmi5kcecebbxbm/app.bsky.feed.post/3mv2lasd54525,bafyreigydn7wrmyaoctlivz5e565wp2b57keqppvhcrs5yafljngewehuu,thoughtsnations.bsky.social,Blackfoot Niitsítapi🪶🇨🇦🇺🇸🏳️‍🌈🏳️‍⚧️💙🌎🐾🐾🐝🦋🦅🦬🦫🐋🦆🦉🐧🐦‍⬛🐻🦊,Absolute miscarriage of justice. #Canada needs to send him back and he can wait in prison awaiting his appeal. 🪶😡💔🇨🇦🏳️‍🌈🏳️‍⚧️ #femicide #bcpoli #cdnpoli www.ctvnews.ca/canada/artic...,,,,0,3,3,0,0,2026-09-09T03:18:19Z,2026-09-09T03:18:18Z,NA,NA,NA,,,,,
at://did:plc:qznew7o42qmyk4xhp6rhhrwk/app.bsky.feed.post/3mv2l7lgixc2d,bafyreigwboq6lqk5dvpa4rowbr276pg6n2ingqsgf4tvee2thl2fndoyxa,mcvmark.bsky.social,Mark McVittie,"""Canada faces consequences for 'senseless retaliation'"". Yeah! How dare you react when we make an unprovoked attack on you!?! #CdnPoli #TrumpSucks #ElbowsUp",,,,0,1,3,0,0,2026-09-09T03:17:39Z,2026-09-09T03:17:38Z,NA,NA,NA,,,,,
at://did:plc:d4pjo6ehblrviy625go6uodj/app.bsky.feed.post/3mv2kwlzibc2q,bafyreied4yqtpeeiajmjt75g6fzw5sj4vugf427dj37my6pq5y3zktnlfq,tindizzy.bsky.social,Dizzy ★,"#AbLeg #AbPoli
#CanPoli #CdnPoli",,,,0,1,2,0,0,2026-09-09T03:12:36Z,2026-09-09T03:12:36Z,NA,NA,at://did:plc:g3hevxjurpxzwkybfe4ghhr6/app.bsky.feed.post/3muxwoswm4k2p,,,,,
at://did:plc:u3yz5hikgxsl7onovbc3u5oi/app.bsky.feed.post/3mv2kjty7b22g,bafyreigwzg4engqpwmihnfpnqcdqxdvvimfi5xkfhnesnqegrvt6ln46am,suezw.bsky.social,Sue,Honestly this is getting out of hand! 🤣 #cdnpoli,,,,0,0,4,0,0,2026-09-09T03:05:29Z,2026-09-09T03:05:28Z,NA,NA,at://did:plc:lprfprxknexand4vxsrj5w6b/app.bsky.feed.post/3mv2f5agh5c25,,,,,
at://did:plc:abt5tpb7lqr7vopkrkwfswwq/app.bsky.feed.post/3mv2kcdnqkj2d,bafyreidxkfjxlvcp2b3wcmw2ke2lahks6mohitgmohtkhgmxsyacltxbau,canadareport.org,Canada Report,"Ce qu’il faut savoir ce mardi | Guerre commerciale, Guy Turcotte et fermeture d’une école

Canada’s fastest news scan: 25+ headlines, no clutter, updated all day: CanadaReport.org

#cdnpoli #Canada #News 
Read Original Article 🔗",,,,0,0,0,0,0,2026-09-09T03:01:17Z,NA,NA,NA,NA,,,,,
at://did:plc:e2gatef4rgurutqokoorvrpa/app.bsky.feed.post/3mv2jo4tonc2h,bafyreieypfdnu6awl4bshqatpb6t7qtxuk5h5czfzqdq67qnindbtzo5g4,karenatsharon.bsky.social,,"U.S. to block import of Canadi...
www.cbc.ca/news/livesto... This is ridiculous. I feel like we are now in a game of double dog dare you. #cdnpoli #uspoli",,,,0,1,1,0,0,2026-09-09T02:49:59Z,2026-09-09T02:49:58Z,NA,NA,NA,,,,,
at://did:plc:2pi6owzyx5ve6zmzn37mpvq5/app.bsky.feed.post/3mv2jko54dk2g,bafyreifbnetgxfo55hfey65yifvrk24jxqzno3fd5lv3rk4k5jrba27prm,theneaptide.com,Josh Siteman,"Alberta separatists dropped a 214-page independence plan. The cost? ""Coming closer to the referendum.""

So: a framework of a deal, big number withheld, invoice to follow. We've seen this format. A plan for a plan is not a plan, it's just a vibe.

#ableg #cdnpoli",,,,0,1,6,0,0,2026-09-09T02:48:05Z,2026-09-09T02:48:02Z,NA,NA,NA,,,,,
at://did:plc:42qbbzen5o6ggsqvvhvp2jnv/app.bsky.feed.post/3mv2jdciscc2g,bafyreieq2izxnovkijvxsqhp3ysnj2bjhaz77bvrurm35zsisdmtmwtijy,vdogg333.bsky.social,Vdogg333,User Clip: Bush 41 Speaks of new world order | Video | C-SPAN.org share.google/RJ55L0Zf7TUx... #cdnpoli #polqc #Vancouver #bcpoli #vanpoli #onpoli #topoli #Montreal #Toronto #Calgary #Edmonton #abpoli #ableg #SurreyBC #Brampton #USA #NYC #California #Texas #Iran #India,,,,0,0,1,0,0,2026-09-09T02:43:55Z,2026-09-09T02:43:55Z,NA,NA,NA,,,,,
at://did:plc:amnhdrsyqrmpomj6qdzc3ved/app.bsky.feed.post/3mv2ivdkqxkn2,bafyreiejqoqlqwo5ftcwc74jsmfkiuiv2bxl3jh4i6uh2yjirhl7wqvlfu,edwing.mstdn.moimeme.ca,Edwin G. :mapleleafroundel:,"[Tariffs 🇨🇦🇺🇸 / Droits douaniers 🇨🇦🇺🇸]

The USA bans imports from Canada for some products like alcohol and motorcycles, raises tariffs again to 50% on some products

https://www.cbc.ca/news/livestory/canada-u-s-retaliatory-tariffs-dollar-for-dollar-9.733163
- - -
Les États-Unis interdisent les […]",,,,0,0,0,0,0,2026-09-09T02:36:13Z,2026-09-09T02:36:01Z,NA,NA,NA,,,,,
at://did:plc:abt5tpb7lqr7vopkrkwfswwq/app.bsky.feed.post/3mv2in5imgj2i,bafyreig5fcjab6ytavdxya3yrk3lcbvmtiprhezblbzttg46ooafhqjovm,canadareport.org,Canada Report,"Oshawa plant adds truck as unionized Canadian GM members ratify new deals

Canada’s fastest news scan: 25+ headlines, no clutter, updated all day: CanadaReport.org

#cdnpoli #Canada #News #Business #Economy 
Read Original Article 🔗",,,,0,0,0,0,0,2026-09-09T02:31:32Z,NA,NA,NA,NA,,,,,
at://did:plc:deej5pakczvmljahhvrridlp/app.bsky.feed.post/3mv2iiodrvk24,bafyreihgyxsbg5sittfcale76gd44hajcb4wgzjlhldiag2bf7vmvuul3y,pat112.bsky.social,Pat,"Far-right Israeli minister calls for UK to be sanctioned over ‘occupation’ of Falkland Islands

Simply put it is long past time to fu*k Israel and I'm all for it 

#Cdnpoli #Uspoli #UK #Israel #BDS
www.independent.co.uk/news/uk/home...",,,,0,2,2,0,0,2026-09-09T02:29:03Z,2026-09-09T02:29:01Z,NA,NA,NA,,,,,
at://did:plc:2xzrblh6vkyu4fikq62wiqea/app.bsky.feed.post/3mv2icxpwxs2v,bafyreiekc3lpkdcvbcamopjqz4ztdzuaa7hppbwbjnwk27yo466zk4a3su,igm1200.bsky.social,,"And we'll party like it's
1999! 

#abpoli #cdnpoli #usapoli",,,,0,0,0,0,0,2026-09-09T02:25:52Z,2026-09-09T02:25:50Z,NA,NA,NA,,,,,
at://did:plc:deej5pakczvmljahhvrridlp/app.bsky.feed.post/3mv2i45im6c24,bafyreicbh3dwaan4szusmbpn2b4oshkbg44absguwepozffbdgmihhzenm,pat112.bsky.social,Pat,"National Post Heading 

""Tasha Kheiriddin: Mark Carney must wake up to fact China is no friend""

How silly, Canada is looking for proven reliable trading partners , which China, the rising world power,  is , not an intimate relationship . Business not bedness 

#Cdnpoli #Uspoli #China",,,,1,0,3,0,0,2026-09-09T02:22:03Z,2026-09-09T02:22:01Z,NA,NA,NA,,,,,
at://did:plc:4lxe7iaykilyxaticwg4etqv/app.bsky.feed.post/3mv2hztspqt2f,bafyreiex7ox2mx2exn3cf7ozseoxakmbpv2jatrypxnmukm7iivwdnibru,kemosite.bsky.social,Kevin Montgomery,"The ""Conservative"" party in Canada is not just a clever name. It plainly states who their demographic is.

However, conserving a broken relationship is not the way forward. Not even to ""own the libs"". #cdnpoli",,,,0,1,0,0,0,2026-09-09T02:20:44Z,2026-09-09T02:20:44Z,NA,NA,NA,,,,,
at://did:plc:mwagtmvsxuqlgte5iqk3fndm/app.bsky.feed.post/3mv2hz264b22p,bafyreicb2lncck3vic5pvqyul7tdeyk2yn4urbtumpfyuzoofkiy5ykkbi,lalegault.bsky.social,Arrête Mark Carney ⚜️,Carney’s daughters remain in. 🇺🇸 and out of ICE custody so I don’t think he’s very worried. #cdnpoli,,,,0,2,5,0,0,2026-09-09T02:20:17Z,2026-09-09T02:20:17Z,NA,NA,NA,,,,,
at://did:plc:deej5pakczvmljahhvrridlp/app.bsky.feed.post/3mv2hqctk3c24,bafyreidr6qiydw3dddcyph72eegjorge5qzretzjbsns4zv2ew2zw2fjrq,pat112.bsky.social,Pat,"500,000 Canadians own $60 billion in Florida property. A lot of it just went up for sale

A Royal LePage survey found 54% of Canadians who own property south of the border are considering selling within a year

#Cdnpoli #Uspoli 
www.msn.com/en-ca/money/...",,,,0,1,2,0,0,2026-09-09T02:15:25Z,2026-09-09T02:15:24Z,NA,NA,NA,,,,,
at://did:plc:fuak6asmyzr6r34f6er6z4ju/app.bsky.feed.post/3mv2hq6lre22t,bafyreib3go7inpbi7ncu22obiz4rrkqvqomieyw55a3bxrkz24yq67ae2q,jansplanet.bsky.social,Janet 🇨🇦,"Well the saying ‘the devil is in the details,’ really applies here. Out of it all, I am hopeful we can align on General Data Protection Regulation #GDPR, digital privacy, safety & taxation of the US Tech Broligarchy
#NoGasForAI #Sovereignty #Conservation #Resources 
#TheFutureIsElectric #CdnPoli",,,,0,2,8,0,0,2026-09-09T02:15:21Z,2026-09-09T02:15:20Z,at://did:plc:obyzo6hyqewengpnyadptag5/app.bsky.feed.post/3mv2eeg5ehk2y,at://did:plc:obyzo6hyqewengpnyadptag5/app.bsky.feed.post/3mv2eeg5ehk2y,NA,,,,,
at://did:plc:deej5pakczvmljahhvrridlp/app.bsky.feed.post/3mv2hlbt73c24,bafyreiba7hy3abuohxwlan2kovah5zoh2dpa5fegqjdofvinftqemhzrea,pat112.bsky.social,Pat,"Canadian auto-parts delays are turning two-week repairs into one- or two-month waits at US body shop

More good news for Canada as every cut to America is in our favour 

#Cdnpoli #Uspoli #Tariff 
finance.yahoo.com/economy/poli...",,,,0,0,1,0,0,2026-09-09T02:12:38Z,2026-09-09T02:12:35Z,NA,NA,NA,,,,,
at://did:plc:deej5pakczvmljahhvrridlp/app.bsky.feed.post/3mv2hg74ew224,bafyreih5udffc3p4guh2whbrv2dq2tgxabaaxub4hbo4rjdu2dj4z37twa,pat112.bsky.social,Pat,"This is a pivotal time in Canadian history 

as we accelerate our financial  independence  

from the mad hatter predator next door 

as what was is no more and will never be again.

Fortunately we are not alone and are a valued ally 

& trading partner to civilized nations 

#Cdnpoli #Uspoli",,,,0,3,9,0,0,2026-09-09T02:09:45Z,2026-09-09T02:09:45Z,NA,NA,NA,,,,,
at://did:plc:ako65x53epqewjh4ozu7wjs2/app.bsky.feed.post/3mv2h3rmc3c2d,bafyreidojjq5wnmu5suy3xr2e5zgqt5c6eqhu5yv7bgicqm3fyvp6tuz3a,centristhumanist.bsky.social,Anaximander's Elbows Up Tardigrade Brigade 🍁🇨🇦🇺🇦🇬🇱,"In my news feed tonight:
theplanetdemocracy.substack.com/p/the-47-tri...

#cdnpoli #economics",,,,1,2,7,0,0,2026-09-09T02:03:58Z,2026-09-09T02:03:55Z,NA,NA,NA,,,,,
at://did:plc:abt5tpb7lqr7vopkrkwfswwq/app.bsky.feed.post/3mv2gxehz4j2i,bafyreifqox2g6g25nnzoilztxxw5ro7rujhzkq66g4l4kjvqcha3z7qely,canadareport.org,Canada Report,"Courses cyclistes dans la métropole | Une école devra fermer ses portes temporairement

Canada’s fastest news scan: 25+ headlines, no clutter, updated all day: CanadaReport.org

#cdnpoli #Canada #News 
Read Original Article 🔗",,,,0,0,0,0,0,2026-09-09T02:01:27Z,NA,NA,NA,NA,,,,,
at://did:plc:ifi6xqgbojwquosnkvzx3gna/app.bsky.feed.post/3mv2gwfie6c2c,bafyreihtxlhl4hn26kzp6tqdsosokeqdiislryovnvphlvx4ptjapjk3cu,leftcoasttreefrog.bsky.social,Left Coast Tree Frog 🕊️,"Canada understands what we refuse to: Trump is a joke.
Canadians are confronting the reality of an obviously unhinged president better than the Republican Party, about 30% of Americans and a shockingly large swath of U.S. news organizations.
#cdnpoli
www.usatoday.com/story/opinio...",,,,1,10,20,0,0,2026-09-09T02:00:56Z,2026-09-09T02:00:54Z,NA,NA,NA,,,,,
at://did:plc:h3y7rhw6ao6nk5mmuskplxco/app.bsky.feed.post/3mv2gvyirds2c,bafyreigwqulj2twtbhysr4cfidfmdceikv5v7qn776qta2cpuqkn3dhsz4,brainiackim.bsky.social,Brainiac Kim 🇨🇦,"Wait, does this mean that #cdnpoli Canada will put high tariffs on gas, potash, and everything that the #USpoli USA *depends* on? Tariff against Trump's tariff against counter-tariffs?

Canadian dollar is determined on the world foreign exchange markets.

Ignorant, childish toddler tantrum.",,,,1,0,1,0,0,2026-09-09T02:00:42Z,2026-09-09T02:00:41Z,NA,NA,NA,,,,,
at://did:plc:k5zp2oxoeyf7fsvj2ijmcbve/app.bsky.feed.post/3mv2gu2sres2z,bafyreifm2p27npwdt4lhzfscdfeg4doukvqbgwfqhyyra3sajehngys3te,laurenshirleyj.bsky.social,LaurenSJ,"They are so stupid that they have impacted critical economic sectors in the US, starting with national defense and the military. #cdnpoli",,,,1,1,1,0,0,2026-09-09T01:59:36Z,2026-09-09T01:59:36Z,NA,NA,at://did:plc:3l6h5tayy6vycige2igmorv4/app.bsky.feed.post/3muzx5n3z7c2k,,,,,
at://did:plc:jdojillirolcpqfhc75kfupn/app.bsky.feed.post/3mv2grm7j3s23,bafyreifq2tqhijamlk26jpwsnd3yp7rkhqkmnqtiuylmro5zdtfk2kuy7i,taylornoakes.com,Taylor Noakes,"This is hilarious because:

a) Carney already said no

b) 60-70% of the oil sector in #Canada is owned by Americans

c) It would give the Alberta separatists a major boost

d) CPPIB & Royal Bank would finance “regime change” in Ottawa

We really backed ourselves into a corner

#cdnpoli",,,,1,1,10,0,0,2026-09-09T01:58:14Z,2026-09-09T01:58:14Z,NA,NA,at://did:plc:2oxlnaoierkgu6jl645tg7va/app.bsky.feed.post/3muzwg4xaz22s,,,,,
at://did:plc:qx3ghdjpn2th35lsmes7wo5h/app.bsky.feed.post/3mv2gpj3pm22p,bafyreifzk23w4npfpw2nvsvigke7mglharickxid5zq4fuu2lfgompjgya,wallacehorswill.bsky.social,KevinWallaceHorswill (he/him),"Russia branded NC SOS, a group helping LGBT+ people and others escape violence in the North Caucasus, an ""extremist organization."" I signed this petition calling for safe passage and visas for LGBT+ people at risk. Will you sign too? a.allout.org/s/WNBqA/

#lgbtqia+
#cdnpoli",,,,0,1,0,0,0,2026-09-09T01:57:05Z,2026-09-09T01:57:03Z,NA,NA,NA,,,,,
at://did:plc:deej5pakczvmljahhvrridlp/app.bsky.feed.post/3mv2gnwphsk24,bafyreihanhqzqjvc47db6u7cchq7dwb2tdqykinmaef3ogctyf6v5tahxi,pat112.bsky.social,Pat,"U.S. military says it destroyed 5 more Iranian oil tankers in latest escalation

I wish Iran well in defending against a Terrorist War Criminal nation and hope we can bankrupt America , a financial basket case, between us . 

#Cdnpoli #Uspoli #Iran 
www.cbc.ca/news/world/u...",,,,0,0,1,0,0,2026-09-09T01:56:12Z,2026-09-09T01:56:10Z,NA,NA,NA,,,,,
at://did:plc:axjflskdpopzwfarmyv36rjc/app.bsky.feed.post/3mv2giukwm22r,bafyreicdlco2gh25dxjqrl7huohtteruodoaztioliudtyg75zgoevxcfu,randystravels.bsky.social,Randy’s Travels 🇨🇦🇦🇺🏳️‍🌈,"You’re so predictable, donnie, but you have no idea who and what you’re up against.

Mr Carney - your move. ♟️

#trumptradewar #trumptariffs #uspoli #cdnpoli #glovesoff

www.cbc.ca/news/politic...",,,,1,0,1,0,0,2026-09-09T01:53:22Z,2026-09-09T01:53:20Z,NA,NA,NA,,,,,
at://did:plc:wxb5adylhu2bijxqxf7aduq4/app.bsky.feed.post/3mv2gh6bfzc2z,bafyreiapi4iilm3lo4jgdohx6cryelh6opglogyawxsup4oihafip4dhsa,pamorama.bsky.social,Pamorama 🇨🇦🐶💪🏕🇨🇦,"While everyday people struggle with rising energy costs and wildfires rage due to fossil-fueled climate change, Big Oil is raking in record profits. Tell your MP to tax the excess profits of fossil fuel companies in Budget 2026. share.nwmd.social/s/LnvrcXPT #SheShed #climate #cdnpoli",,,,0,5,8,0,0,2026-09-09T01:52:25Z,2026-09-09T01:52:23Z,NA,NA,NA,,,,,
at://did:plc:deej5pakczvmljahhvrridlp/app.bsky.feed.post/3mv2gdqou2k24,bafyreiajkomtkjihzvy467v5d7rjxst444onntcrejysh5ygf43y4zkpa4,pat112.bsky.social,Pat,"Canada, U.K., France to ban trade of goods from Israeli settlements in occupied West Bank

It's a start but all trade and relations with Israel should be banned 

#Cdnpoli #Uspoli #Israel #BDS 
www.cbc.ca/news/world/c...",,,,0,1,2,0,0,2026-09-09T01:50:31Z,2026-09-09T01:50:29Z,NA,NA,NA,,,,,
at://did:plc:jdojillirolcpqfhc75kfupn/app.bsky.feed.post/3mv2g7hh2x223,bafyreihwtxpnucgejahzqedmihjwkfzxd5uqhpil6u4dkv4tzbye63fgfi,taylornoakes.com,Taylor Noakes,"When you’ve lost Don Braid

#cdnmedia #cdnpoli",,,,0,1,8,0,1,2026-09-09T01:48:05Z,2026-09-09T01:48:05Z,NA,NA,at://did:plc:wz2qyzl4g547jhajifdzkfq2/app.bsky.feed.post/3mv23ystovq2x,,,,,
at://did:plc:mgmhq5daplfs52ztiocmae74/app.bsky.feed.post/3mv2ftn73sc2k,bafyreidkbwrzgofutxp2vmb22aeoxqxdrcvqxwmasemrnbhnlospp2pa5u,o-tawdry.bsky.social,Bridget McGrath 🇨🇦,"Doug Ford's grubby prints are all over this union-busting move and the WRDSB and the WCDSB’s complicity in it are ""Google-esque"". Cowards!

#cdnpoli #onpoli #onted

www.ctvnews.ca/kitchener/ar...",,,,0,1,3,0,0,2026-09-09T01:41:30Z,2026-09-09T01:41:28Z,NA,NA,NA,,,,,
at://did:plc:4xqt7t2zph634drigtdxdmro/app.bsky.feed.post/3mv2fh2zzas2d,bafyreidhngwbfpc5c7shkb55uwyrttzjown5nif22vzsiw4rib73f4io4y,journodale.bsky.social,Dale Smith,New column from me at Loonie Politics: Conservative Remainers trying to play both sides only help the separatists #cdnpoli,,,,0,0,2,0,0,2026-09-09T01:34:27Z,2026-09-09T01:34:26Z,NA,NA,NA,,,,,
at://did:plc:abt5tpb7lqr7vopkrkwfswwq/app.bsky.feed.post/3mv2fbi22ql2f,bafyreibtbh6i3gfygxfy5p63eczc6wlikisbins4x7awdgqbjupc26gwbq,canadareport.org,Canada Report,"The Estée Lauder Companies Announces Expanded Roles for Brian Franz and Amber English

Canada’s fastest news scan: 25+ headlines, no clutter, updated all day: CanadaReport.org

#cdnpoli #Canada #News #Business #Economy 
Read Original Article 🔗",,,,0,0,0,0,0,2026-09-09T01:31:19Z,NA,NA,NA,NA,,,,,
at://did:plc:nnclnmuvdkazsa3l34dsaozd/app.bsky.feed.post/3mv2f2ziu6s2k,bafyreiglbsyig6y3ctazzs7jbd3gbuuik7jkzqnqwx4qgkefzy57tarkgi,bronco22.bsky.social,Pierre’s Fondled Wood,"Hey America, we are leaving you for a hotter partner who treats us with respect. You can fuck off now
#uspoli
#cdnpoli",,,,0,1,3,0,0,2026-09-09T01:27:42Z,2026-09-09T01:27:42Z,NA,NA,at://did:plc:3l6h5tayy6vycige2igmorv4/app.bsky.feed.post/3muzmlqdplc2q,,,,,
at://did:plc:7lk2ea67pioh2e7tqj5n7whh/app.bsky.feed.post/3mv2esgfn2s2w,bafyreibgenvvpwqskcgbmsxw7cu7xtl5i7ucav43ex7voeabiefmiah6ni,samspade1941.bsky.social,Samuel Spade,#cdnpoli,,,,0,1,3,0,0,2026-09-09T01:22:52Z,2026-09-09T01:22:54Z,NA,NA,at://did:plc:dtwphuxvtvimwtra5yh4ujt4/app.bsky.feed.post/3mv2enbovxg24,,,,,
at://did:plc:x6ecc3rko5rsaa6f2xyokalv/app.bsky.feed.post/3mv2eptk2i22w,bafyreih7udesj6gbyin5crg66q2qx5xwtmecsisc73aicvszq26vfrzu5y,omnidion.bsky.social,Pjv (fka Errol Musk),"Dear PM @mark-carney.bsky.social @dleblancnb.bsky.social @liberalca.bsky.social, We HAVE to target Tesla now with at least a 25% tariffs its among the most obvious things we can do. Along with that, immediately export control rare earth and all critical mineral sales to the US like Potash #cdnpoli",,,,0,1,2,0,0,2026-09-09T01:21:27Z,2026-09-09T01:21:27Z,NA,NA,NA,,,,,
at://did:plc:7lk2ea67pioh2e7tqj5n7whh/app.bsky.feed.post/3mv2eng2fts2w,bafyreiesz2gd4irtw6krhhfju4l7ktxvnjpl2im3mzq6gtxga6eoq7xqyu,samspade1941.bsky.social,Samuel Spade,"#cdnpoli

www.cbc.ca/news/politic...",,,,0,1,1,0,0,2026-09-09T01:20:06Z,2026-09-09T01:20:05Z,NA,NA,NA,,,,,
at://did:plc:mwagtmvsxuqlgte5iqk3fndm/app.bsky.feed.post/3mv2en2hjok2p,bafyreigilylhmr4nkxjq5t4b6qi5zfvpyz6tbxsdv5ivlm36ibvmdcw4o4,lalegault.bsky.social,Arrête Mark Carney ⚜️,"This is the future Carney envisions for your children: #cdnpoli 

futurism.com/artificial-i...",,,,0,0,1,0,0,2026-09-09T01:19:57Z,2026-09-09T01:19:53Z,NA,NA,NA,,,,,
at://did:plc:qhfvxawtbdwq7rrtpxabixjc/app.bsky.feed.post/3mv2eltcjy222,bafyreihmvp64ogpoz6usoztc7mfzivurrvwmvupfbwt4ev6n7a2im5yxgu,chrisjmcclure.bsky.social,Chris McClure 🇨🇦,About time. #cdnpoli,,,,0,1,3,0,0,2026-09-09T01:19:13Z,2026-09-09T01:19:12Z,NA,NA,at://did:plc:3abl7p5fzdet77ia5k3ggd7t/app.bsky.feed.post/3mv24omjgys27,,,,,
at://did:plc:a2kjkdp4rs6sbx56dmk2hern/app.bsky.feed.post/3mv2ej27fnk2w,bafyreih2tclaikxquimkk7erw6dshdcg4j5cl37rv3hh62isplwttkqvze,rzaichkowski.bsky.social,Robert Zaichkowski,"With Donald Trump announcing bans on Canadian alcohol & dairy, it's high time Saskatchewan & Alberta join the other provinces in banning US liquor! And since US dairy standards are far lower, Canada needs to all out ban it in retaliation! #shame #cdnpoli #ElbowsUp www.thestar.com/politics/fed...",,,,0,3,12,1,0,2026-09-09T01:17:46Z,2026-09-09T01:17:39Z,NA,NA,NA,,,,,
at://did:plc:ifi6xqgbojwquosnkvzx3gna/app.bsky.feed.post/3mv2eixkgvk2i,bafyreifw532z5pjgtzfzcrhnjz5yp7bmm4jsp3qlqd5hm5rlr6unnwlfgm,leftcoasttreefrog.bsky.social,Left Coast Tree Frog 🕊️,"Alberta and Saskatchewan — it’s time that you get with the program.
#cdnpoli",,,,0,1,3,0,0,2026-09-09T01:17:37Z,2026-09-09T01:17:36Z,at://did:plc:azsiq6a5plbpa7ekw7pdrnum/app.bsky.feed.post/3mv2da7z5xa2k,at://did:plc:azsiq6a5plbpa7ekw7pdrnum/app.bsky.feed.post/3mv2da7z5xa2k,NA,,,,,
at://did:plc:fuu6bocgrf4aonbnu7wkdsy7/app.bsky.feed.post/3mv2eekztcc2a,bafyreigdhoex7x5rckl2p4ivezx67mcyivbz37hsisduhinjzmc56xec4u,theubiquitousj-man.bsky.social,The Ubiquitous J-Man,"#CdnPoli 🇨🇦
#USpoli
#CanadaStrong 🍁
#ElbowsUp 💪🏼
#NastyCanadian🤘🏼
#FuckTrump🖕🏼",,,,0,1,2,0,0,2026-09-09T01:15:10Z,2026-09-09T01:15:09Z,NA,NA,at://did:plc:e4tqkvdjxqapupkv6rnb6agp/app.bsky.feed.post/3mv2blgypvk2k,,,,,
at://did:plc:dgqy3ilac6mklabi55uaabyi/app.bsky.feed.post/3mv2ece2ok22r,bafyreiasvnvi6ftg4qq22vwbb5g5i5omo4d4i26osc7bberw77ukbjx63q,stribeprogblog.bsky.social,"Scott Tribe -A proud ""Ketchup Chip Nationalist"" member",Note: Canada holds $459.60 billion USD in US Treasury debt. #justsaying #Canada #cdnpoli #uspoli,,,,0,1,2,0,0,2026-09-09T01:13:56Z,2026-09-09T01:13:54Z,NA,NA,NA,,,,,
at://did:plc:aoy54lmno5k2deofeptqzxhg/app.bsky.feed.post/3mv2dubnxj22y,bafyreifa7jsl5szqu7vqp3jty6moophuclw27mdbqb64tj3tmrficnflqq,realmatthopkins.bsky.social,RealMattHopkins,"The American people appear to be continuing to tolerate Donald Trump abusing the Canadian people. We can take it, don't get me wrong. We will win. But... we Canadians also have long, long memories and Americans would be wise to fix this. Now. #RemoveTrump #CDNpoli #ElbowsUp",,,,0,0,7,0,0,2026-09-09T01:06:02Z,2026-09-09T01:06:02Z,NA,NA,NA,,,,,
at://did:plc:aoy54lmno5k2deofeptqzxhg/app.bsky.feed.post/3mv2dlxia4s2y,bafyreib62ofpmu3cf6altrsyy45mavqwhac526lbjur7htssy6c3b3ugz4,realmatthopkins.bsky.social,RealMattHopkins,On this we agree. Perhaps our various federal and provincial governments can make this mandatory and thus help us out. #CDNpoli,,,,0,1,4,0,0,2026-09-09T01:01:23Z,2026-09-09T01:01:23Z,NA,NA,at://did:plc:lnipbau2mupgbmre26e2qbwb/app.bsky.feed.post/3mv2de4ikhc2s,,,,,
at://did:plc:abt5tpb7lqr7vopkrkwfswwq/app.bsky.feed.post/3mv2dlxxem52l,bafyreihqmk4do5z5bbo6m5wg5yqsc6axuc4gmctr5eajvtpa6rlsuc7rva,canadareport.org,Canada Report,"Renouvellement de la convention collective | Montréal et l’Association des pompiers s’entendent

Canada’s fastest news scan: 25+ headlines, no clutter, updated all day: CanadaReport.org

#cdnpoli #Canada #News 
Read Original Article 🔗",,,,0,0,0,0,0,2026-09-09T01:01:23Z,NA,NA,NA,NA,,,,,
at://did:plc:dgqy3ilac6mklabi55uaabyi/app.bsky.feed.post/3mv2dgwc6j22r,bafyreigq2gs534cf7g3tufqxdh45sil4w7qhfw2g2df5bmreazxa2i2qn4,stribeprogblog.bsky.social,"Scott Tribe -A proud ""Ketchup Chip Nationalist"" member","Canada should say ""thank you"" and then put surcharge taxes back on both items. Since Trump has telegraphed those 2 items were getting flak for him from domestic sources. #cdnpoli #Canada #uspoli",,,,1,1,2,0,0,2026-09-09T00:58:33Z,2026-09-09T00:58:34Z,at://did:plc:dgqy3ilac6mklabi55uaabyi/app.bsky.feed.post/3mv2boelwlc2r,at://did:plc:dgqy3ilac6mklabi55uaabyi/app.bsky.feed.post/3mv2boelwlc2r,NA,,,,,
at://did:plc:eaeuyrvdlqvjgznelgcdimct/app.bsky.feed.post/3mv2dd7ebh22z,bafyreigtoeqcihee7nwugsmsehymkrsw4xcrbwrelvuarg7mjj5h2hbxb4,madhat59kenwood.bsky.social,Ken Wood part owner of 🇨🇦,👍 truth for sure #cdnpoli #uspoli,,,,0,5,13,0,0,2026-09-09T00:56:29Z,2026-09-09T00:56:29Z,NA,NA,at://did:plc:gdenazrunk7nndzvy37i757g/app.bsky.feed.post/3mv2bgvvhw225,,,,,
at://did:plc:hbfkjyji56pktr52khrg4r5l/app.bsky.feed.post/3mv2dc2o56k2i,bafyreiavpwal44lstdrf4zkdwykdrpi7vihqwxcij6ommac5zusmpt4jz4,reneckliberal.bsky.social,Liberal Redneck🇨🇦🇺🇦🏳️‍🌈👨‍❤️‍👨,"Racking my brain over all the social studies classes in grade school and remember learning everything in order of indigenous peoples, Champlain and Voyageurs,  Plains of Abe, War of 1812, Confederation but not this!  
#canadastrong
#cdnpoli",,,,1,0,3,0,0,2026-09-09T00:55:52Z,2026-09-09T00:55:51Z,at://did:plc:fc2lcla5v53m5lhtahfhclij/app.bsky.feed.post/3muznwvhyjo2c,at://did:plc:fc2lcla5v53m5lhtahfhclij/app.bsky.feed.post/3muznwvhyjo2c,NA,,,,,
at://did:plc:x2fori67bggzcj2a6c7sj6ur/app.bsky.feed.post/3mv2db266uc2e,bafyreibajiwnvdsgimd4of6azdiro6liclu7sn7fzm7eisslwztc35xt6m,jimmydp01.bsky.social,James David Payne,"Israel's offensive in Gaza has killed more than 73,650 Palestinians, according to Gaza's Health Ministry.

#bcpoli #cdnpoli

#Gaza #Palestine 

www.cbc.ca/news/world/u...",,,,0,1,2,1,0,2026-09-09T00:55:18Z,2026-09-09T00:55:17Z,NA,NA,NA,,,,,
at://did:plc:2xzrblh6vkyu4fikq62wiqea/app.bsky.feed.post/3mv2d6cn5322r,bafyreiauho2c76kmdtni4vdavum2zv2rxeltchocjmwxwm7elrpzvfdccu,igm1200.bsky.social,,"Not long ago it was 86 days until the U.S. midterms.

Very soon it will be 47 days until the midterms.

I like both numbers; when taken together.

#abpoli #cdnpoli #usapoli",,,,0,0,1,0,0,2026-09-09T00:53:46Z,2026-09-09T00:53:45Z,NA,NA,NA,,,,,
at://did:plc:eaeuyrvdlqvjgznelgcdimct/app.bsky.feed.post/3mv2cty7jm22z,bafyreih6fumzk75qialpujvr6cjtiripo32bddrbeiymhtxkjlhmvwe4fy,madhat59kenwood.bsky.social,Ken Wood part owner of 🇨🇦,"Well now, thats not going to go well after the clown says engines on Bombardier must be made in 🇺🇲. #cdnpoli",,,,0,1,2,0,0,2026-09-09T00:47:59Z,2026-09-09T00:47:58Z,NA,NA,at://did:plc:ytlv2opr62lthtajdtcatbrf/app.bsky.feed.post/3muzx4itkgs2f,,,,,
at://did:plc:rkyu6mb3uieyk6nel54xwisl/app.bsky.feed.post/3mv2csh754s2l,bafyreihycofvszgj6eu7fqs4anivnb4heqoue5rj4oy3rajwchz6fnubwe,smikooman.bsky.social,Doug Johnson 🇨🇦,"Well so much for Pils Old Style. Why can't we have good things anymore? 🐇
#CdnPoli 🇨🇦",,,,4,0,7,0,0,2026-09-09T00:47:09Z,2026-09-09T00:47:07Z,NA,NA,NA,,,,,
at://did:plc:v3eup4rzroyniw2x7bmsdzgt/app.bsky.feed.post/3mv2cpxqexk2d,bafyreifbs2qbqia3a2lianjnfmb7utsffifxk3bz3zf26uhi2d7765odki,spudislander45.bsky.social,Spudislander45 🇨🇦❤️🌎💪🫡,"#Canada, looking to support #BuyCanada?  

Here’s a great site where you can search by category and item. #cdnpoli",,,,0,3,7,0,1,2026-09-09T00:45:45Z,2026-09-09T00:45:44Z,NA,NA,NA,,,,,
at://did:plc:m3sunxdapqa7zvfzqfehvrzj/app.bsky.feed.post/3mv2cloo6ks2l,bafyreigcith7itbusaretlwfgbwgd4cvvwdlweda576fmvlbwy25j3vefy,cervantesx.bsky.social,Cervantes Xavier 🇨🇦,"Normally I don't have time for performative grandstanding, but since that's all the current crop of American Idiots seem to understand, I say fuckin' giv'r, eh?

#cdnpoli
#bcpoli

www.cbc.ca/news/canada/...",,,,0,2,5,0,0,2026-09-09T00:43:19Z,2026-09-09T00:43:20Z,NA,NA,NA,,,,,
at://did:plc:klicletdfpdue7t5c7ras5b6/app.bsky.feed.post/3mv2ci2xvvs2o,bafyreiceluvng3el7ezoj77x6mbyr7w7tqxifj7d6vyycrhtlte4sbowei,mohamedsid.bsky.social,Mohamed,"Just finished this book, part of my Canadian history education. 🇨🇦 Enjoyed it more for the history than the Globe & Mail adulation (Toronto Star is my paper. I get it delivered to my home every morning). It works well as a primer for Candian history 101. I enjoyed it. 7/10.
 #cdnpoli #onpoli #Canada",,,,0,1,1,0,0,2026-09-09T00:41:25Z,2026-09-09T00:41:19Z,NA,NA,NA,,,,,
at://did:plc:bfypaxsdpfcj4i2t5qkeu3eh/app.bsky.feed.post/3mv2cf6se622o,bafyreiedef2axqj3mxgtzatm6biehzfzvbqcfuqtytihyygnbuffh36bru,conorcurtis.bsky.social,Conor Curtis,"Trump is banning alcohol (and also molasses is banned among other products): www.cbc.ca/news/livesto...

Smith is calling for more appeasement.

Oil/gas interests have picked their side.

Time for an export tax on oil and gas (which is popular in AB). Now. 
#CDNpoli #ABpoli #Tariffs #TradeWar #Trump",,,,3,8,15,0,1,2026-09-09T00:39:44Z,2026-09-09T00:39:42Z,NA,NA,NA,,,,,
at://did:plc:oprhya4c3rd3prfyypchbd2l/app.bsky.feed.post/3mv2c72z7s22s,bafyreic7ewu323tam2snwu24gofxx2chpnm7fhdl7ub7jnkw45nw3dz24e,ruthmkb.bsky.social,ruthko,"WE WILL OVERCOME!!! ✊💪

#CanadaStrong #cdnpoli #uspoli

www.thestar.com/politics/fed...",,,,0,0,4,0,0,2026-09-09T00:36:18Z,2026-09-09T00:36:17Z,NA,NA,NA,,,,,
at://did:plc:abt5tpb7lqr7vopkrkwfswwq/app.bsky.feed.post/3mv2bwcqo2i23,bafyreia3ple3nwzj5qjalpgmxtinqwss3shthxad65guutb6hdjed76k2a,canadareport.org,Canada Report,"Eldorado Gold Announces First Copper-Gold Concentrate at Skouries

Canada’s fastest news scan: 25+ headlines, no clutter, updated all day: CanadaReport.org

#cdnpoli #Canada #News #Business #Economy 
Read Original Article 🔗",,,,0,0,1,0,0,2026-09-09T00:31:23Z,NA,NA,NA,NA,,,,,
at://did:plc:dgqy3ilac6mklabi55uaabyi/app.bsky.feed.post/3mv2boelwlc2r,bafyreic5yzfp3vua4riene6drrxkcqyjbsxygxdjefmglfdc76wsshs76u,stribeprogblog.bsky.social,"Scott Tribe -A proud ""Ketchup Chip Nationalist"" member","this is interesting

#cdnpoli #uspoli #Canada",,,,3,4,6,0,0,2026-09-09T00:26:57Z,2026-09-09T00:26:56Z,NA,NA,NA,,,,,
at://did:plc:w7yhpanniwt2sweiorkvec7j/app.bsky.feed.post/3mv2azj7zvs2t,bafyreich5skkkya2cy24yrhinzndvuaf6z6jqjiwkkpdjspmyk3vq2xk7i,luciecatnip.bsky.social,Lucie🐈‍⬛Catnip ,"I'm no economist but it seems to me that if you ban and tariff goods from other countries that you don't have the immediate capacity to produce yourself, you're kind of shooting yourself in the foot, aren't you?

#cdnpoli",,,,3,4,23,0,0,2026-09-09T00:15:17Z,2026-09-09T00:15:16Z,NA,NA,NA,,,,,
at://did:plc:eix3tk3r26zi2p3vyreh3k3b/app.bsky.feed.post/3mv2auvi2yc2t,bafyreid7lrbq6faokw64ukw6lcrp6uu7yhhjy7imc5bifbelybfmipjcni,atomicker.bsky.social,NA,"""They like you very much, but they are not the hell your whales.""

#StarTrek #Canada #CDNPoli #BCPoli #SaveTheOrcas #NoPipelines #ClimateCrisis #StarTrekIV #TheOneWithTheWhales #TheVoyageHome",,,,0,2,3,0,0,2026-09-09T00:12:43Z,2026-09-09T00:12:42Z,NA,NA,NA,,,,,
at://did:plc:z4chll7ppkzcaearqfhpnczq/app.bsky.feed.post/3mv2atrwinc2l,bafyreif2sbvubkdedny43injl26xaz4sm53lppyv5roekhpzgquezvo6y4,modernmaven.bsky.social,Modern Maven,"""What we're doing it working. We're just getting started."" - Prime Minister Mark Carney. BUY CANADIAN. ""The president is unhinged."" - BC Premier David Eby. Canadians are never that sorry that they would bend over for a goof pedophile. Hail no. SHOP CANADA ❤️🤍❤️ #CanadaStrong #cdnpoli #uspoli #elbowsup",,,,0,1,3,0,0,2026-09-09T00:12:05Z,2026-09-09T00:12:04Z,NA,NA,NA,,,,,
at://did:plc:w7yhpanniwt2sweiorkvec7j/app.bsky.feed.post/3mv2atoaq3k2t,bafyreibgf6xamgen7fqhusapu4hgw56rdsuxezuvg6atrjjm7tji4qplii,luciecatnip.bsky.social,Lucie🐈‍⬛Catnip ,"The tantrums continue.

His decision to ban Canadian goods from US government contracts might be a problem for the US military, n'est-ce pas?

#cdnpoli

www.ctvnews.ca/world/trumps...",,,,2,2,6,0,1,2026-09-09T00:12:05Z,2026-09-09T00:12:00Z,NA,NA,NA,,,,,
at://did:plc:w3uuhg5tiscgjcxrsznnxbof/app.bsky.feed.post/3mv2ano33ys2z,bafyreiheoto47avo6otlysu6mouzzyi25u46ebizz6zs3yssbwqgdmlff4,leechamberland.bsky.social,Lee in Vancouver 🇨🇦,"Former Prime Minister Jean Chrétien:  ""Lake Ontario is not suffering. It's a lake.""  😂✔️
#cdnpoli",,,,2,2,15,0,0,2026-09-09T00:08:41Z,2026-09-09T00:08:39Z,NA,NA,NA,,,,,
at://did:plc:dnne5gbk6yjt4ej7as4x3ikl/app.bsky.feed.post/3mv2ambnopc2m,bafyreiezcre4voufwssukhgxmowsdiugwad22cpzqz5l5zbxvez5hybbua,bluetrends.bsky.social, Bluesky Feeds and Trends 📌,"I've started a Bluesky feed — Canada Counter-Tariffs: govt statements, media, analysis & public reaction on retaliatory tariffs. #cdnpoli 🇨🇦

",,,,0,0,4,0,1,2026-09-09T00:07:53Z,2026-09-09T00:07:52Z,NA,NA,at://did:plc:dnne5gbk6yjt4ej7as4x3ikl/app.bsky.feed.generator/canada-imposes-counter-tariffs-on-u.s.,,,,,
at://did:plc:bqvcoxdpr4lp3qmq5cng2w4i/app.bsky.feed.post/3mv2agzdfd22b,bafyreib4l4naxrl7ks7clk7qakxzqbm5w237hmxhafmw4xyolqjx4ij2si,ogcanada.bsky.social,Unapologetic Lee 🇨🇦,"Dear Canada, 

My instinct when learning about Trump's new attacks is to finally hit somewhere that really hurts. 

Our energy resources are our greatest leverage. 

But, Trump isn't well. 

If we counter, so will he. 

I think we should focus on building. financialpost.com/news/economy... #cdnpoli",,,,3,6,21,0,0,2026-09-09T00:04:59Z,2026-09-09T00:04:56Z,NA,NA,NA,,,,,
at://did:plc:aoy54lmno5k2deofeptqzxhg/app.bsky.feed.post/3mv2afwnfs227,bafyreiay7ossolketkskl4fddky22x4ivs6iupe2qgmfeqwksqxrwuv64q,realmatthopkins.bsky.social,RealMattHopkins,"Canadians need to double-down on the boycott of all things American. Is it going to be easy? Nope. It's super inconvenient but the It's time to put the United States in the rearview mirror. Clearly, America can't manage its affairs in a coherent manner anymore. #CDNpoli www.cbc.ca/news/livesto...",,,,1,3,9,0,0,2026-09-09T00:04:21Z,2026-09-09T00:04:19Z,NA,NA,NA,,,,,
at://did:plc:abt5tpb7lqr7vopkrkwfswwq/app.bsky.feed.post/3mv2aakbfy52d,bafyreigisqhm7xtvbstbpnwjwfp45y3h27cj5st3wwmccdjckbacatld4a,canadareport.org,Canada Report,"Il veut sortir du pénitencier | Guy Turcotte devant les commissaires, mais la décision restera secrète

Canada’s fastest news scan: 25+ headlines, no clutter, updated all day: CanadaReport.org

#cdnpoli #Canada #News 
Read Original Article 🔗",,,,0,0,0,0,0,2026-09-09T00:01:19Z,NA,NA,NA,NA,,,,,
at://did:plc:mwagtmvsxuqlgte5iqk3fndm/app.bsky.feed.post/3mv2a6wck5s2n,bafyreiddhcp3unw34wvl3viavendehwgafgxyfaouztol5e4jdvakwwoze,lalegault.bsky.social,Arrête Mark Carney ⚜️,Everything happening to Canadians now is because he decided to protect largely foreign owned energy companies and throw us to the wolves. #polcan #cdnpoli,,,,1,2,4,0,0,2026-09-09T00:00:28Z,2026-09-09T00:00:24Z,NA,NA,NA,,,,,
at://did:plc:z22iojvb45xno3nblfy6fcwg/app.bsky.feed.post/3mv2a6sgmu222,bafyreicdl43frp5u63ymt4y2brftlzzsf7oqc4bpysyfbs2xotkrsxnkvi,trendtags.bsky.social,Trending Tags (Beta),"🌟 BlueSky trending hashtags (1h):

#art #bb28 #furryart #paws4music #furry #cdnpoli #nsfw #zelda #aiイラスト #vore #oc #섹블 #8weekstoabluewave #fanart #deltarune",,,,0,0,1,1,0,2026-09-09T00:00:20Z,2026-09-09T00:00:20Z,NA,NA,NA,,,,,
at://did:plc:z22iojvb45xno3nblfy6fcwg/app.bsky.feed.post/3mv2a6rnyzb2d,bafyreih4qvr5o34z3yhlc5l73bs74qyvynty5igjcpwjnc4a2lk4rf2vs4,trendtags.bsky.social,Trending Tags (Beta),"🔥 BlueSky trending hashtags (30m):

#art #bb28 #nsfw #deltarune #섹블 #furry #furryart #cdnpoli #paws4music #fanart #oc #aiイラスト #canada #toriel #nature",,,,0,0,2,1,0,2026-09-09T00:00:20Z,2026-09-09T00:00:19Z,NA,NA,NA,,,,,
at://did:plc:k6a35s56ijvrb4zjkq4ojll5/app.bsky.feed.post/3mv2a6red532i,bafyreihpivfshxqqze6gwy42fddxqsb4p6w32pexjopj4bustunv5olode,toptags.bsky.social,Trending Hashtags,"🚀 BlueSky trending hashtags (15m) #16-30:

#startrek #aiイラスト #cdnpoli #tummytuesday #birds #abdl #magicthegathering #mtg #digitalart #nature #aiart #photography #illustration #펨섭 #booksky

👇 #1-15 trending hashtags",,,,0,0,3,0,0,2026-09-09T00:00:19Z,2026-09-09T00:00:19Z,NA,NA,at://did:plc:z22iojvb45xno3nblfy6fcwg/app.bsky.feed.post/3mv2a6qw7cu22,,,,,
at://did:plc:3c5jgoau5nb42r6ecka4pmpw/app.bsky.feed.post/3mv2a5f5m6c2o,bafyreiglvazrlprpzgz4zifbf655oc7lqqh5ggb6rmfux3vkptpb72hmwu,br00t4c.bsky.social,br00t4c,"'Everyone is upset!' Red state candidate calls Trump's jet threat a 'no-win' move 

#imbecile #TradeWar #cdnpoli #Bombardier #Kansas 

www.rawstory.com/canada-tarif...",,,,1,2,8,0,0,2026-09-08T23:59:34Z,2026-09-08T23:59:33Z,NA,NA,NA,,,,,
at://did:plc:r5fafhvk53vxf5p7gg7xptd2/app.bsky.feed.post/3mv2a4s4qrk2o,bafyreieed33bb3gwa7hocpnpto6oimrkf2dcwieazqafnkwnymzkryi5yi,deaph-mckneticc.bsky.social,🇨🇴Deaph 🇨🇦McKneticc🇺🇦," If we're going to be serious about distancing ourselves from US influence and propaganda, then it needs to start with disentangling big tech from our public services.
#CDNPoli",,,,1,0,4,0,0,2026-09-08T23:59:13Z,2026-09-08T23:59:13Z,NA,NA,NA,,,,,
at://did:plc:qznew7o42qmyk4xhp6rhhrwk/app.bsky.feed.post/3mv2a222qyk2d,bafyreihtqz2zvvf7es277grjaw5vsxsb7mgvej4gxpypzlgb6a6x5tmwuy,mcvmark.bsky.social,Mark McVittie,I think we should 'double down' on getting rid of the traitorous Premier Smith #CdnPoli #BCPoli #ABPoli,,,,2,3,17,1,0,2026-09-08T23:57:43Z,2026-09-08T23:57:40Z,NA,NA,NA,,,,,
at://did:plc:lanvmgthztbuwa3ieqcrzsys/app.bsky.feed.post/3mv27z5jfhc2y,bafyreiffrn62i64xsplgxvs7b5nkt2n3p3okwt6zp7bczhfbchswhjhygu,hab3261.bsky.social,Hazel B. 🇨🇦,"Good history lesson here.
I voted by special-ballot (mail-in) 
specialballot.elections.ab.ca/index/8400

#abpoli #ableg #cdnpoli",,,,0,10,25,0,1,2026-09-08T23:57:13Z,2026-09-08T23:57:10Z,NA,NA,NA,,,,,
at://did:plc:jw3ocg24thye7i5sjjhia62e/app.bsky.feed.post/3mv27vwblrk23,bafyreifcfrr53mpvf5hiwykhkkwhpknd46qz6tvnu3wqpmqpg3gk2axame,markhamhislop.bsky.social,Markham Hislop,"Jared Wesley: Canada Isn’t Broken. Alberta Should Lead It, Not Leave It

Best interview ever with @DrJaredWesley. My favourite part was the discussion about renewing the sinews of federal democracy. 

Democratic revitalization, if we act.
#ableg #cdnpoli 
youtu.be/zgAMOos5sK4",,,,3,9,32,1,2,2026-09-08T23:55:24Z,2026-09-08T23:55:22Z,NA,NA,NA,,,,,
at://did:plc:ng6jgxwgthyawxyj6fvqjcys/app.bsky.feed.post/3mv27t6cjqk2c,bafyreigdeynksg2ezlznwjwzo3rx566tyxaotimjbfzps7zgna2gdzxmsm,mrpeanut.bsky.social,,"@mark-carney.bsky.social 
@cfrechette.bsky.social 
@daveeby.bsky.social 
@scottmoe.bsky.social 
#cdnpoli #Canada #Ontario #Ottawa @mtlgazette.bsky.social @thestar.com",,,,0,0,0,0,0,2026-09-08T23:53:51Z,2026-09-08T23:53:50Z,NA,NA,at://did:plc:ng6jgxwgthyawxyj6fvqjcys/app.bsky.feed.post/3mv27lhkumc2c,,,,,
at://did:plc:bqvcoxdpr4lp3qmq5cng2w4i/app.bsky.feed.post/3mv27pczscc2b,bafyreihslgcge3cdcsvdyfdbzqcmuupcmm6ukzw6kyuge7n27cirtqrooa,ogcanada.bsky.social,Unapologetic Lee 🇨🇦,"Guess renaming the lake wasn't enough for him. 

TBH, it's getting old. #cdnpoli",,,,1,1,9,0,0,2026-09-08T23:51:41Z,2026-09-08T23:51:41Z,NA,NA,at://did:plc:yzjmgg6uorsfs2bm6txotdx6/app.bsky.feed.post/3mv276tif7s2w,,,,,
at://did:plc:yzjmgg6uorsfs2bm6txotdx6/app.bsky.feed.post/3mv27n2bnd22y,bafyreidrkukczdarw7skdytuibvfufcukefzmofcddlmqy56zl7qwatq34,davenlsn.bsky.social,Dave Nelson 🇨🇦,"Canada and Poland have  signed a new Defense Cooperation Agreement in Kielce, Poland, deepening a military and industrial relationship both countries have been building for months.
#CanadaSky #cdnpoli

thedeepdive.ca/canada-and-p...",,,,0,24,60,4,0,2026-09-08T23:50:28Z,2026-09-08T23:50:24Z,NA,NA,NA,,,,,
at://did:plc:5kaqcrnprfw5ajrjnmgxfult/app.bsky.feed.post/3mv27hmcum22q,bafyreie2onugn6knhxn6pgtplxs3gzovwhvpwc34zyjngzwuzg4vybu2ma,sandrallester.bsky.social,Sandra L Lester 🇨🇦 #KillBill22,"How do I find Canadian-made building products, appliances and interior finishes? Is there a database?
#CdnPoli",,,,2,0,1,0,0,2026-09-08T23:47:23Z,2026-09-08T23:47:22Z,NA,NA,NA,,,,,
at://did:plc:w7yhpanniwt2sweiorkvec7j/app.bsky.feed.post/3mv27egj6j22t,bafyreieaacazgmh2vnk4vawlj45p2b2gqwfsdyzdi7vfhwukpdduvgj6t4,luciecatnip.bsky.social,Lucie🐈‍⬛Catnip ,"#cdnpoli

🎯",,,,0,2,15,0,1,2026-09-08T23:45:36Z,2026-09-08T23:45:35Z,NA,NA,at://did:plc:erwcofx42b24pekytwhgwsk3/app.bsky.feed.post/3muztbdaxq22q,,,,,
at://did:plc:z22iojvb45xno3nblfy6fcwg/app.bsky.feed.post/3mv27dwcw6o2n,bafyreidjdl2fiezjiyk7pxx2rtucrb4ng3ffenmgffhh2uukgvvgft3twa,trendtags.bsky.social,Trending Tags (Beta),"🚀 BlueSky trending hashtags (15m):

#bb28 #art #paws4music #nsfw #usopen #섹블 #furryart #cdnpoli #furry #fanart #canada #oc #야노 #aiイラスト #deltarune",,,,0,0,3,1,0,2026-09-08T23:45:18Z,2026-09-08T23:45:18Z,NA,NA,NA,,,,,
at://did:plc:bqvcoxdpr4lp3qmq5cng2w4i/app.bsky.feed.post/3mv27cdqsas2b,bafyreih7a53ymkbw3knuop4gpes3zakslupasvhlmmp3rvewmcceojlkh4,ogcanada.bsky.social,Unapologetic Lee 🇨🇦,"The recall is classified as a Class I recall, the USDA's most serious recall classification, indicating there is a reasonable probability that consuming the products could cause serious adverse health consequences or death. www.foxbusiness.com/economy/more... #cdnpoli #uspol",,,,1,1,7,0,0,2026-09-08T23:44:28Z,2026-09-08T23:44:25Z,NA,NA,NA,,,,,
at://did:plc:v3eup4rzroyniw2x7bmsdzgt/app.bsky.feed.post/3mv26oga3yc2r,bafyreiapytatv7fmroeu3u3m5uq5hxgxhds75tqviwmdrdfg4zgresetwu,spudislander45.bsky.social,Spudislander45 🇨🇦❤️🌎💪🫡,"#SouthPark is rebranding as “South America” 

“inspired by the bravery of #Apple and #Google… we are changing the name of South Park to #SouthAmerica.” #cdnpoli #uspoli #CanPoli

New season SEPT 16 😂🤣🇨🇦",,,,0,3,13,0,0,2026-09-08T23:33:17Z,2026-09-08T23:33:17Z,NA,NA,NA,,,,,
at://did:plc:ng6jgxwgthyawxyj6fvqjcys/app.bsky.feed.post/3mv26ntqt3k2c,bafyreigwjo2epzqbgbn6h5a3jz2wge5b53ekfc3smoiey3zmk63qjmkqlu,mrpeanut.bsky.social,,"@mark-carney.bsky.social 
@cfrechette.bsky.social 
@daveeby.bsky.social 
@scottmoe.bsky.social 
#cdnpoli #Canada #Ontario #Ottawa @mtlgazette.bsky.social @thestar.com",,,,0,0,0,0,0,2026-09-08T23:32:58Z,2026-09-08T23:32:57Z,NA,NA,at://did:plc:ng6jgxwgthyawxyj6fvqjcys/app.bsky.feed.post/3mv26achins2c,,,,,
at://did:plc:abt5tpb7lqr7vopkrkwfswwq/app.bsky.feed.post/3mv26ksjtab2d,bafyreihthobs4ro5yar6j5gpcklf6h7hdnrs4fb5dpxqvqkej7cokoxuc4,canadareport.org,Canada Report,"Farmers embrace AI more than any other tech, McKinsey says

Canada’s fastest news scan: 25+ headlines, no clutter, updated all day: CanadaReport.org

#cdnpoli #Canada #News #Business #Economy 
Read Original Article 🔗",,,,0,0,0,0,0,2026-09-08T23:31:16Z,NA,NA,NA,NA,,,,,
at://did:plc:z22iojvb45xno3nblfy6fcwg/app.bsky.feed.post/3mv26j4veho2p,bafyreieeszfaqncrqkpvsm3ui56ha3gbj6vyydsoikjshkctmplhspfmxa,trendtags.bsky.social,Trending Tags (Beta),"🔥 BlueSky trending hashtags (30m):

#bb28 #art #furryart #furry #8weekstoabluewave #paws4music #cdnpoli #nsfw #gay #aiイラスト #oc #usopen #startrekday #fatfur #zelda",,,,0,0,2,1,1,2026-09-08T23:30:19Z,2026-09-08T23:30:19Z,NA,NA,NA,,,,,
at://did:plc:z22iojvb45xno3nblfy6fcwg/app.bsky.feed.post/3mv26j4chtf2v,bafyreiaot4ycplryko6tzf54iu4roq7w4wp4phf5qxcelsssrjvy7dllbq,trendtags.bsky.social,Trending Tags (Beta),"🚀 BlueSky trending hashtags (15m):

#bb28 #furryart #furry #art #nsfw #oc #startrekday #paws4music #8weekstoabluewave #aiイラスト #vore #cdnpoli #fanart #usopen #sunsetchat",,,,0,0,2,1,0,2026-09-08T23:30:19Z,2026-09-08T23:30:18Z,NA,NA,NA,,,,,
at://did:plc:mxc7liuon6iq5gzapmmwkq22/app.bsky.feed.post/3mv26gui2bk2w,bafyreiaejp222b7wzodseium3hoeivi2wbgrpffbe2eatn27eatboxhkt4,youranoncentral.bsky.social,Anonymous,"Trump is crashing out at Canada's response to his tariff attacks. 

Trump is claiming that he's directing the (GSA) and USTR to begin removing Canadian-origin products from US government procurement programs. That's 50B in Canadian goods that will now go to the EU instead. #cdnpoli",,,,21,118,386,8,4,2026-09-08T23:29:05Z,2026-09-08T23:29:03Z,NA,NA,NA,,,,,
at://did:plc:76e4qryfph6q4wmz3li6v2l6/app.bsky.feed.post/3mv26dri5a22u,bafyreignkrdewdlwv3os5ifhgar75emquztlze2vofjqfyqyxclrldlbra,stacescases2.bsky.social,StacesCases2 🇨🇦 📎,"#ScottGalloway and #JessicaTarlov break down a packed Tuesday, starting with the news that Canada's counter-tariffs are officially in effect — and Trump is escalating rather than negotiating. In recent days he has threatened to bar #Bombardier from the US market 🇨🇦 🇺🇸 #Cdnpoli
youtu.be/q4q9oB8-6hw?...",,,,0,5,6,0,1,2026-09-08T23:27:21Z,2026-09-08T23:27:19Z,NA,NA,NA,,,,,
at://did:plc:eaeuyrvdlqvjgznelgcdimct/app.bsky.feed.post/3mv26aum2rs2v,bafyreifsg54ouu72nkiza2ydrijrewoo7awlawe3bn3dqyfhb2zpiaumby,madhat59kenwood.bsky.social,Ken Wood part owner of 🇨🇦,@armstrongcbc.bsky.social you never answered Ian on CBC Ntl what do you think 🇨🇦 should do? Capitulate? Give up our sovereignty? All so big biz & their stock holders can get back to making $? Sounds to me like this is exactly what you want just to have a deal so big biz shareholders r happy. #cdnpoli,,,,0,2,3,0,0,2026-09-08T23:25:43Z,2026-09-08T23:25:42Z,NA,NA,NA,,,,,
at://did:plc:lyvztfv2xp5su33ype2ddqgk/app.bsky.feed.post/3mv267vzegc2q,bafyreie5z6zch2hpr6jbe6en3dy557yc2vtdg6o2v7nmfinydxxnwsyiee,bibliophile99.bsky.social,Serena,"#cdnpoli

Trump signs executive order to ban certain Canadian goods, including alcohol. Live updates here. www.ctvnews.ca/world/trumps...",,,,0,0,1,0,0,2026-09-08T23:25:11Z,2026-09-08T23:25:10Z,NA,NA,NA,,,,,
at://did:plc:lyvztfv2xp5su33ype2ddqgk/app.bsky.feed.post/3mv267cyh322q,bafyreihveg2uiusbu3z5x32m4veoosffeae7yk6v56a6nlcjjcdj4dl4ha,bibliophile99.bsky.social,Serena,#cdnpoli @justme113.bsky.social @joyfulnesstoo.bsky.social,,,,2,1,3,0,0,2026-09-08T23:24:56Z,2026-09-08T23:24:50Z,NA,NA,NA,,,,,
at://did:plc:gktv6ywcopj34zpo2vqao5wi/app.bsky.feed.post/3mv265eh7z224,bafyreigw3iiyahna4tktmxluihiqnlofu6v7unyp7j7fz3iznqsihhzapy,brad365.bsky.social,Brad365,"Trump hits Canada with new trade measures, barring certain Canadian imports including alcohol
#cdnpoli 
www.cbc.ca/news/livesto...",,,,2,2,5,0,0,2026-09-08T23:23:46Z,2026-09-08T23:23:44Z,NA,NA,NA,,,,,
at://did:plc:mwagtmvsxuqlgte5iqk3fndm/app.bsky.feed.post/3mv25us7pm22n,bafyreidfrxxpkutipqo3jynn7csem2dn4mrboz3g2jhrzszu7jjekss76i,lalegault.bsky.social,Arrête Mark Carney ⚜️,Under the guise of a regular trade war update the Prime Minister of Canada decided to take Pierre Poilievre’s lead and try to rehabilitate a man so racist and problematic that Canadian Schools have taken his name off their buildings. He owes everyone an apology. #cdnpoli #polcan,,,,1,5,12,8,1,2026-09-08T23:18:59Z,2026-09-08T23:18:57Z,NA,NA,NA,,,,,
at://did:plc:bke6jjgklvnkfrnv5av47wbt/app.bsky.feed.post/3mv25srkhrs2x,bafyreihp3l6z2mjetiod6qbqghfg4xoeonaa6svqlxy4j6cxglpis4yx2m,augustina.bsky.social,Augustina,"British Columbia

#Canada 🇨🇦🇨🇦🇨🇦

We stand together

#ShopCanadian
#TravelCanada
#SupportSmallBusinessCanada
#ElbowsUp
#cdnpoli",,,,0,2,7,0,0,2026-09-08T23:17:50Z,2026-09-08T23:17:49Z,NA,NA,at://did:plc:wwbowe7waed5lxgwcqhj4rr7/app.bsky.feed.post/3muzvyksmkk2t,,,,,
at://did:plc:ojmbkta5v4dxvsxcn5uhssar/app.bsky.feed.post/3mv25s2qt5k2v,bafyreih2elty6wacmbflnile27np3lhmdeiriyylvj4tsva6e65zinjde4,ayan604.bsky.social,Andy Yan,"Canada will endure.

""Canada’s Carney Doubles Down on Pivot Away from the United States""

#cdnpoli

GIFT LINK: www.nytimes.com/2026/09/08/w...",,,,0,5,18,0,0,2026-09-08T23:17:28Z,2026-09-08T23:17:25Z,NA,NA,NA,,,,,
at://did:plc:eaeuyrvdlqvjgznelgcdimct/app.bsky.feed.post/3mv25qswsls2m,bafyreife6bqnyfrtudyhormflnuzbpxtoolau5osuwjo7hl7zmnp2r4g4u,madhat59kenwood.bsky.social,Ken Wood part owner of 🇨🇦,So the clown hits back announcing just now long list of product bands into 🇺🇲. Additional to procurement band. Long long list. The economic starvation to cause 🇨🇦 capitulation is full on. Its going to be very tough🇨🇦. Hold on we need to do this. We cant capitulate. He wants 🇨🇦.We cant be 🇺🇲n. #cdnpoli,,,,1,6,25,1,0,2026-09-08T23:16:43Z,2026-09-08T23:16:43Z,NA,NA,NA,,,,,
at://did:plc:oqxoq7btbkztewuzmallzuvo/app.bsky.feed.post/3mv25ogflls2l,bafyreicehkxembrpft5r6ixx256fqy2fdutzhyaqd4nvrolx6mp63sd6ve,lukaszukab.bsky.social,Hon. Thomas A. Lukaszuk,"Former Senator, Progressive Conservative MP and Canadian legend, Doug Roche, paid our #ForeverCanadian volunteers a surprise visit with words of encouragement.

Amazing Canadian!

#cdnpoli #ableg",,,,1,14,70,0,1,2026-09-08T23:15:27Z,2026-09-08T23:15:23Z,NA,NA,NA,,,,,
at://did:plc:k6a35s56ijvrb4zjkq4ojll5/app.bsky.feed.post/3mv25ocjyen2l,bafyreid6z7fnxpfffp7rkefduzpglp2zeznwubauqex2vmd75wszxogrmy,toptags.bsky.social,Trending Hashtags,"🚀 BlueSky trending hashtags (15m) #16-30:

#porvocê #anal #sunsetchat #photography #startrekday #breeding #digitalart #bareback #zelda #raw #cdnpoli #イマソラ #bb #hentai #astros

👇 #1-15 trending hashtags",,,,0,0,1,0,0,2026-09-08T23:15:19Z,2026-09-08T23:15:18Z,NA,NA,at://did:plc:z22iojvb45xno3nblfy6fcwg/app.bsky.feed.post/3mv25obqsh62n,,,,,
at://did:plc:76e4qryfph6q4wmz3li6v2l6/app.bsky.feed.post/3mv25nog6xc2u,bafyreidgmj2bdjnijubgf65tfpoi6fywsstowsizo4jcm7kv46mfqpw6lq,stacescases2.bsky.social,StacesCases2 🇨🇦 📎,"@mspopok.bsky.social reports on what real leadership looks like, as Prime Minister @markcarney.bsky.social doesn't blink and strengthens his bargaining position against the US by imposing crippling tariffs that hit Trump with the #Midwest voters! 🇨🇦 🇺🇸 #Cdnpoli #Cdnsecurity 
youtu.be/7VhM7fmB0WA?...",,,,0,2,4,0,0,2026-09-08T23:14:59Z,2026-09-08T23:14:58Z,NA,NA,NA,,,,,
at://did:plc:zkx5ssoe4pq7pfmckyqumax5/app.bsky.feed.post/3mv25myx3nk2m,bafyreig27bjypoxnh3lsbckd25cunpzzu726o37n2skw73vkks73i2oxhe,traveling4life.bsky.social,Traveler,❤️ this! 🙌 to Eby #CdnPoli,,,,0,3,5,0,0,2026-09-08T23:14:36Z,2026-09-08T23:14:36Z,NA,NA,at://did:plc:5bgeg5epcdwzdtnavkddal6u/app.bsky.feed.post/3mv25eslwe72w,,,,,
at://did:plc:5bgeg5epcdwzdtnavkddal6u/app.bsky.feed.post/3mv25eslwe72w,bafyreifaifglrm7x4hj6qv7zuquzozxis4gfojswqslxha33ckgb57qf3e,sitkamedia.bsky.social,Sitka Media,"BC is installing new signs along the Canada-US border declaring the province will “NEVER be the 51st state.”

Premier David Eby says the signs send a “uniquely Canadian message” amid escalating tensions with US President Donald Trump.

🔗 Read more: https://loom.ly/2GQvPjc

#bcpoli #cdnpoli",,,,0,1,9,1,0,2026-09-08T23:10:01Z,2026-09-08T23:10:00Z,NA,NA,NA,,,,,
at://did:plc:ifi6xqgbojwquosnkvzx3gna/app.bsky.feed.post/3mv2556xmp22y,bafyreibnovaejwls37yuvktew7odfjgejvsfesmfvj44p2fglvhoplvaaa,leftcoasttreefrog.bsky.social,Left Coast Tree Frog 🕊️,"The Associated Press says it will still refer to Lake Ontario, not Lake America.
#cdnpoli
www.winnipegfreepress.com/canada/2026/...",,,,2,3,14,0,1,2026-09-08T23:05:46Z,2026-09-08T23:05:45Z,NA,NA,NA,,,,,
at://did:plc:abt5tpb7lqr7vopkrkwfswwq/app.bsky.feed.post/3mv24vewtvu2s,bafyreiad3qnl4q2z37i3dq6l3q7shki4rvxw636hqwf2aqzscqpewcbtly,canadareport.org,Canada Report,"Selon une étude | Les microplastiques pourraient propager la pollution

Canada’s fastest news scan: 25+ headlines, no clutter, updated all day: CanadaReport.org

#cdnpoli #Canada #News 
Read Original Article 🔗",,,,0,0,0,0,0,2026-09-08T23:01:23Z,NA,NA,NA,NA,,,,,
at://did:plc:rkyu6mb3uieyk6nel54xwisl/app.bsky.feed.post/3mv24u3nmyc2l,bafyreiez6lkljknb6jjxgh577jrnkf62z72z6gdeu66matv5mqhyxrrvk4,smikooman.bsky.social,Doug Johnson 🇨🇦,"B.C. Premier David Eby dons a Kenora, ON dinner jacket to say ""We're all in this together"" (à la Red Green). 

New signs are going up at B.C. borders: ""Welcome to British Columbia, Canada. Strong, proud, and will never be the 51st state. Sorry.""
🇨🇦💪 #CdnPoli",,,,3,5,19,0,0,2026-09-08T23:00:42Z,2026-09-08T23:00:39Z,NA,NA,NA,,,,,
at://did:plc:4ownlsrdmnvwgzmcdi2bof6s/app.bsky.feed.post/3mv24trtux22y,bafyreihynk5eozeorztpsgyggtl7stb4sb3ekvtipiyut5jldbclitavfe,peipolitical.bsky.social,PEIPolitical 🇨🇦,"Trump just now, on a deceased 9/11 rescuer:
""The Man in the Red Bandana. Have you heard of him? He's become more famous than me. I don't like it. Very unhappy. But he's become much more famous than me."" #cdnpoli",,,,9,9,23,2,0,2026-09-08T23:00:31Z,2026-09-08T23:00:29Z,NA,NA,NA,,,,,
at://did:plc:z22iojvb45xno3nblfy6fcwg/app.bsky.feed.post/3mv24tinhta25,bafyreihfflp47ki66y66g5eruqoqnqr2ahtqjxllcww2ehxnjxxq2bu764,trendtags.bsky.social,Trending Tags (Beta),"🌟 BlueSky trending hashtags (1h):

#bb28 #aiイラスト #art #scotus #nsfw #furry #aiart #zelda #furryart #awesomecharacters #cdnpoli #tummytuesday #oot #godzilla #photography",,,,0,1,1,1,0,2026-09-08T23:00:20Z,2026-09-08T23:00:19Z,NA,NA,NA,,,,,
at://did:plc:z22iojvb45xno3nblfy6fcwg/app.bsky.feed.post/3mv24ti2m6u2n,bafyreigmbczqxnpdsrgz2vw55tsi4j6amcog6zjxnpz3sn2fqmhacwd4ku,trendtags.bsky.social,Trending Tags (Beta),"🔥 BlueSky trending hashtags (30m):

#bb28 #zelda #art #aiイラスト #furryart #cdnpoli #tummytuesday #nsfw #furry #vore #aiart #섹블 #oot #oc #photography",,,,0,1,2,1,0,2026-09-08T23:00:19Z,2026-09-08T23:00:19Z,NA,NA,NA,,,,,
at://did:plc:z22iojvb45xno3nblfy6fcwg/app.bsky.feed.post/3mv24thcdwr2r,bafyreiehikqbt2qmowgrdi2diy63u5wmzznwp2hug6vleygxg6czk7jspu,trendtags.bsky.social,Trending Tags (Beta),"🚀 BlueSky trending hashtags (15m):

#bb28 #art #furryart #aiイラスト #furry #cdnpoli #oc #섹블 #nsfw #usopen #aiart #tummytuesday #zelda #섹트 #sunsetchat",,,,0,0,0,1,0,2026-09-08T23:00:18Z,2026-09-08T23:00:18Z,NA,NA,NA,,,,,
at://did:plc:4ownlsrdmnvwgzmcdi2bof6s/app.bsky.feed.post/3mv24odhiok2y,bafyreielytinwmwtnlo5v777pynu2vyjhdo3yztxuqizfqfk46a63q63iy,peipolitical.bsky.social,PEIPolitical 🇨🇦,"BC Premier David Eby just gave a strong message to Donald Trump
""Welcome to BC Canada. Strong, proud, & never the 51st state. Sorry. This is a uniquely Canadian message. It's confident, good humor, and it's unmistakably clear. British Columbia is part of Canada and Canada is not for sale."" #cdnpoli",,,,2,27,83,2,1,2026-09-08T22:57:28Z,2026-09-08T22:57:26Z,NA,NA,NA,,,,,
at://did:plc:g323nwoy6rzvxylyjmn243qu/app.bsky.feed.post/3mv24ln7hfc2i,bafyreielkpsueaodm7kr4dn2ytrsonj5f662m5dxg55pqvuobuarubrk5y,electricbluesfan.bsky.social,RichardJR,"1/6 🇺🇸 🇮🇸 TRUMP'S EXPANSIONIST MAP RATTLES NORDIC ALLIES 🇮🇸 🇺🇸

The U.S. President posted a map draping the American flag over North America, Greenland, and Iceland. 

Reykjavík just summoned the U.S. ambassador in protest.

Source: CBC News
#WorldPolitics #Geopolitics #CdnPoli #Iceland #Greenland",,,,1,0,2,0,0,2026-09-08T22:55:56Z,2026-09-08T22:55:56Z,NA,NA,NA,,,,,
at://did:plc:4ownlsrdmnvwgzmcdi2bof6s/app.bsky.feed.post/3mv24jqluyc2y,bafyreiguhwsxyx7bl7ljwpxcanfzqwichodmgbpizyk2umzllgixuui5bq,peipolitical.bsky.social,PEIPolitical 🇨🇦,"Jean Charest: ""Bombardier has more American content in their planes than Gulfstream. So if they choose to go ahead with this, not only are they going to shoot themselves in the foot, they're gonna shoot themselves in both feet."" #cdnpoli",,,,5,92,277,6,2,2026-09-08T22:54:53Z,2026-09-08T22:54:52Z,NA,NA,NA,,,,,
at://did:plc:eaeuyrvdlqvjgznelgcdimct/app.bsky.feed.post/3mv24hyz34c2o,bafyreifjkwvl5o74nre7w5wcvavpippoa4i4cdchhi7ebbhlq7usqmy7ke,madhat59kenwood.bsky.social,Ken Wood part owner of 🇨🇦,🤞🇨🇦💪 #cdnpoli,,,,0,1,4,0,0,2026-09-08T22:53:54Z,2026-09-08T22:53:54Z,NA,NA,at://did:plc:3o5sovtnjuhemyd7zrtiwnqy/app.bsky.feed.post/3mv234qvb7s2s,,,,,
at://did:plc:re7tflvczjceanwkco2bseqb/app.bsky.feed.post/3mv24eb5jsk2s,bafyreia6driufcq5qu5e5bedkrrf32ejsu74h7c3a3ldzil3kxpdeu2sx4,bella-andme.bsky.social,Sherry Lee,"Another sharp take by @deadder.bsky.social 

#cdnpoli",,,,0,3,2,0,0,2026-09-08T22:51:52Z,2026-09-08T22:51:48Z,NA,NA,NA,,,,,
at://did:plc:rvw7zea2uepqd5anhcg6y2q2/app.bsky.feed.post/3mv24dtapgk24,bafyreib35ctmkrriu3yvagw5d6xhuam5evd7k6i32aiixb3tqljoxu2xce,cdnmilitarysupport.bsky.social,,Canada to be the largest global uranium exporter. #CdnPoli,,,,0,0,2,0,0,2026-09-08T22:51:36Z,2026-09-08T22:51:34Z,NA,NA,NA,,,,,
at://did:plc:xuivv5lfdceerbemwheokikj/app.bsky.feed.post/3mv24bkqmbc2r,bafyreif64yyqeodht66fazdlikvpo2td6j3dbvzru5vw53w77wxqbh3z2a,mikebednarski.bsky.social,Michael Bednarski 🇨🇦,"If Canada bans goods from West Bank settlements, does that mean no more Soda Stream? #cdnpoli",,,,0,0,1,0,0,2026-09-08T22:50:18Z,2026-09-08T22:50:18Z,NA,NA,NA,,,,,
at://did:plc:re7tflvczjceanwkco2bseqb/app.bsky.feed.post/3mv245jop222g,bafyreigufaqdeum6okbsug33zhzgd2slkqvqtlndyd3mhmnr4ewfho3424,bella-andme.bsky.social,Sherry Lee,"Indeed. He evaded the direct question about running for a seat in Toronto (given that he was in a Toronto basement apartment) and reiterated he’s not seeking a seat. 
Could he be worried he wouldn’t win a seat if he ran? 

#pnpcbc #cdnpoli",,,,2,0,2,0,0,2026-09-08T22:48:03Z,2026-09-08T22:48:02Z,at://did:plc:sw5qmiw6x4mtoozq2fj6xoua/app.bsky.feed.post/3mv23wsn62k22,at://did:plc:tkfg6eimgd36nkcagcayhmvv/app.bsky.feed.post/3mv22pvqphc2p,NA,,,,,
at://did:plc:pcgt3dnccbxxg6fwj5cjjef2/app.bsky.feed.post/3mv23zmbjj5l2,bafyreifozivn5to53vnrdf2o2pwt67imx5ouvesakgtqispmo5pr2jny6m,pinhman.humanwords.party.ap.brid.gy,Gordon J Holtslander,"WesternStandard's Derek Fildebrandt: Bertasplaining independence to the Rest of Canada

Alberta needs to be independent because:

""Canada lowered its flag in self-flagellating shame for months to atone for a “mass graves” hoax. It opened the floodgates of third-world mass migration that is […]",,,,0,0,1,0,0,2026-09-08T22:45:54Z,2026-09-08T22:45:50Z,NA,NA,NA,,,,,
at://did:plc:e2gatef4rgurutqokoorvrpa/app.bsky.feed.post/3mv23yshy6c2a,bafyreibkn2ptnnybdzoudijhtqhketf2hi5klqke6mc3kgso2xiosqhv3y,karenatsharon.bsky.social,,"Canada, U.K., France to ban tr...
www.cbc.ca/news/world/c... #cdnpoli Good!",,,,0,1,3,1,0,2026-09-08T22:45:26Z,2026-09-08T22:45:24Z,NA,NA,NA,,,,,
at://did:plc:z22iojvb45xno3nblfy6fcwg/app.bsky.feed.post/3mv23ymynbw2s,bafyreicwwq6ctkiqcbjso6eszuf42e6yzjjaohte32dxh5r56vtvocuuky,trendtags.bsky.social,Trending Tags (Beta),"🚀 BlueSky trending hashtags (15m):

#bb28 #art #nsfw #cdnpoli #furry #furryart #tummytuesday #diaper #vore #zelda #aiイラスト #ocarinaoftime #fanart #scotus #digitalart",,,,0,0,1,1,0,2026-09-08T22:45:18Z,2026-09-08T22:45:18Z,NA,NA,NA,,,,,
at://did:plc:re7tflvczjceanwkco2bseqb/app.bsky.feed.post/3mv23yhq2cs2g,bafyreigwxrmsopervvwxtrf2j4akfss32t5mamuw57vtzh3k5f2c54zv2u,bella-andme.bsky.social,Sherry Lee,"There it is. 
Emilie Nicolas on “Power & Poiitics” calling out the nervousness Trump and Bessent are feeling - treasury bonds. 

#pnpcbc #cdnpoli
#uspoli
#tradewar",,,,1,0,4,0,0,2026-09-08T22:45:14Z,2026-09-08T22:45:13Z,NA,NA,NA,,,,,
at://did:plc:re7tflvczjceanwkco2bseqb/app.bsky.feed.post/3mv23mjeq2222,bafyreidkzyqeihwj3ananqmrizfrumtzxffiihiwki4h2ood3oq2kxt6my,bella-andme.bsky.social,Sherry Lee,"Avi Lewis talks and talks and talks - he loves the sound of his own voice. That’s not leadership. That’s pontificating. 

#pnpcbc #cdnpoli",,,,3,0,10,0,0,2026-09-08T22:38:37Z,2026-09-08T22:38:32Z,at://did:plc:tkfg6eimgd36nkcagcayhmvv/app.bsky.feed.post/3mv22pvqphc2p,at://did:plc:tkfg6eimgd36nkcagcayhmvv/app.bsky.feed.post/3mv22pvqphc2p,NA,,,,,
at://did:plc:tsnl57oooc2eelirafqdetul/app.bsky.feed.post/3mv23fgfbes2b,bafyreiawzwqvrpuryawgwq4dom2gioafvjgqx5zesxmd43h6yo2zh6ylla,lesundini.bsky.social,🍁lesundini,"USA food is to be guarded against under the Trump-Kennedy theory of nutrition and safety.
#cdnpoli",,,,0,1,0,0,0,2026-09-08T22:34:35Z,2026-09-08T22:34:34Z,at://did:plc:z6sw2k6f33atzhuaw77ynr6r/app.bsky.feed.post/3muzly5aeck2y,at://did:plc:z6sw2k6f33atzhuaw77ynr6r/app.bsky.feed.post/3muzly5aeck2y,NA,,,,,
at://did:plc:abt5tpb7lqr7vopkrkwfswwq/app.bsky.feed.post/3mv237y45vj2f,bafyreibqo4mpihzwuh7wnzj7rkiuj4rulc5kyyawfg3lcoilgfykjafvty,canadareport.org,Canada Report,"Elevra Lithium Announces NAL Expansion Pre-Feasibility Study

Canada’s fastest news scan: 25+ headlines, no clutter, updated all day: CanadaReport.org

#cdnpoli #Canada #News #Business #Economy 
Read Original Article 🔗",,,,0,0,0,0,0,2026-09-08T22:31:32Z,NA,NA,NA,NA,,,,,
at://did:plc:e2gatef4rgurutqokoorvrpa/app.bsky.feed.post/3mv237of6gk27,bafyreid72gl3urtfq67ydzwqqfw47sy6spkkwmkd2w7qxnm5i6np22xm74,karenatsharon.bsky.social,,"U.A.E. warned Netanyahu of maj...
www.cbc.ca/news/world/u...  So he knew and did nothing? Did he let it happen so his bribery trial would be put on hold? This man should be put on trial at the Hague. #Israel #cdnpoli",,,,0,1,2,0,0,2026-09-08T22:31:22Z,2026-09-08T22:31:21Z,NA,NA,NA,,,,,
at://did:plc:tsnl57oooc2eelirafqdetul/app.bsky.feed.post/3mv2375gl5k2b,bafyreibzrglz7vg5osuakk6envfcvzdeha2x3cieck5kh77cngxlngl2jy,lesundini.bsky.social,🍁lesundini,"Yep.  With over 100,000,000 more people than the USA the EU is still a good dance partner.   Educated, industrialized democratic --  a scarce catch in todays world.
It does lack  the military clout of the USA though.
#cdnpoli",,,,0,1,0,0,0,2026-09-08T22:31:05Z,2026-09-08T22:31:03Z,at://did:plc:z6sw2k6f33atzhuaw77ynr6r/app.bsky.feed.post/3muzrmjifhk2y,at://did:plc:z6sw2k6f33atzhuaw77ynr6r/app.bsky.feed.post/3muzrmjifhk2y,NA,,,,,
at://did:plc:mxc7liuon6iq5gzapmmwkq22/app.bsky.feed.post/3mv236hhut224,bafyreie7rmhgtkihsfr5ufplpzqpo47xzzkh446e7r4732owxalf3odp7q,youranoncentral.bsky.social,Anonymous,"Carney on the US trade war: ""The world is opening its doors to us, making Canada the best connected economy in the world. Our businesses now enjoy tariff-free access to 1.5 billion consumers around the world. 

Over the next six months, we will double that number."" #cdnpoli",,,,29,281,981,21,9,2026-09-08T22:30:41Z,2026-09-08T22:30:40Z,NA,NA,NA,,,,,
at://did:plc:z22iojvb45xno3nblfy6fcwg/app.bsky.feed.post/3mv235tvfpy25,bafyreiaeho5enujkimxxpd6vcfr3y42p6f352pmosljqmnbumdleti2jyu,trendtags.bsky.social,Trending Tags (Beta),"🔥 BlueSky trending hashtags (30m):

#bb28 #art #aiイラスト #furry #nsfw #zelda #scotus #furryart #oot #aiart #awesomecharacters #godzilla #cdnpoli #gamedev #tummytuesday",,,,0,0,4,1,0,2026-09-08T22:30:19Z,2026-09-08T22:30:19Z,NA,NA,NA,,,,,
at://did:plc:z22iojvb45xno3nblfy6fcwg/app.bsky.feed.post/3mv235soker2n,bafyreibwc6nrbrxo6lek4ykrjxxbnc43wlswcgevqa5vlvwrwm4pjoqztq,trendtags.bsky.social,Trending Tags (Beta),"🚀 BlueSky trending hashtags (15m):

#bb28 #zelda #furry #art #nsfw #cdnpoli #aiイラスト #furryart #oot #awesomecharacters #hyper #aiart #gamedev #anime #musicchallenge",,,,0,0,4,1,0,2026-09-08T22:30:18Z,2026-09-08T22:30:18Z,NA,NA,NA,,,,,
at://did:plc:rvw7zea2uepqd5anhcg6y2q2/app.bsky.feed.post/3mv234crl4k24,bafyreiewj3peewgdsk2lcc5y3uu34q3u4cht67omlqm5oj2tzku4lnvwci,cdnmilitarysupport.bsky.social,,Norwegian company Kongsberg to deliver remote system weapons system for Canada's LAV 6-based armoured combat support vehicles #CdnPoli #Norway #EU #Military,,,,0,1,3,0,0,2026-09-08T22:29:30Z,2026-09-08T22:29:28Z,NA,NA,NA,,,,,
at://did:plc:waqlkcmw73iivzgojfbase4d/app.bsky.feed.post/3mv23433lki72,bafyreigfzgsmlituuskdfa3kj3cvy7dfhuo5wzig6byrezusfuqyetu6um,hanspetermeyer.mstdn.ca.ap.brid.gy,Rev.Hans :mstdnca:,"RE: https://mstdn.ca/@CanadianPolling/117236715261773353

#Canada #cdnpoli #economy @canada 🇨🇦",,,,0,0,0,0,0,2026-09-08T22:29:28Z,2026-09-08T22:29:12Z,NA,NA,NA,,,,,
at://did:plc:e2pdzlrs3z23vjmizjuvk4vv/app.bsky.feed.post/3mv22wy4hb22o,bafyreigjtlemxoqvwbgbyldg2n7meh6v2jutck5jwvzheob76rvd2o6ngq,josemachismo.bsky.social,José Machismo 🇨🇦🇪🇸🤘,"“And these are more than deals, they're agreements.”

Fuck does that mean?

And these are more than cars, they're automobiles.

And these are more than sofas, they're couches.

😂😂😂😂😂

#canpoli #cdnpoli",,,,0,0,0,0,0,2026-09-08T22:26:29Z,2026-09-08T22:26:29Z,NA,NA,at://did:plc:mxc7liuon6iq5gzapmmwkq22/app.bsky.feed.post/3mv22jhc4d224,,,,,
at://did:plc:pxtzur3xjhh45lxa2p6s5qxd/app.bsky.feed.post/3mv22ue3r6c2y,bafyreidablaazzunccptj2odbfqxdwjhbx2feesnwvknydfxe7di62oa7q,rsteinkfut.bsky.social,Robyn,Justice to them #abpoli #cdnpoli,,,,0,1,4,0,0,2026-09-08T22:25:05Z,2026-09-08T22:25:01Z,NA,NA,at://did:plc:jbvnehrrdqoulco4rf5gxg5r/app.bsky.feed.post/3muzzqqzzsn2e,,,,,
at://did:plc:e4qglzjpa4pcasim3rpqsicy/app.bsky.feed.post/3mv22tstwxs2a,bafyreig3zv3atrl3rlbkliczravcu55wz2xgj72d4olt3hiid7hoshwmnq,thesaanichdaily.bsky.social,Club Saanich,"Reading so many of the replies from rad libs and centrists praising one of the worst humans in Canadian history is deeply depressing. "" But he did some good things"" Sure, Musolini unified Italy too, oof.

#cdnpoli",,,,0,3,9,0,0,2026-09-08T22:24:43Z,2026-09-08T22:24:43Z,NA,NA,at://did:plc:4yb2pjejfziah3eork7stm6j/app.bsky.feed.post/3muzikg7yw222,,,,,
at://did:plc:gv3qn6f23vvn4v4fxu7flbbb/app.bsky.feed.post/3mv22sav6ss2t,bafyreigrelyk2b6f2ji5baunkb5o6obsqkrlco4ftq26yisyznwfaze3le,jackhill.bsky.social,Jack Hill,"‘South Park’ creators rename their show ‘South America’ as a troll

In response to Trump’s Lake America, Gulf of America and future New Mexico - New America - comedy show fights back

#ontpoli #cdnpoli #comedy",,,,0,0,7,1,0,2026-09-08T22:23:51Z,2026-09-08T22:23:50Z,NA,NA,NA,,,,,
at://did:plc:oqrlb6ouek7aa3bthvddehv3/app.bsky.feed.post/3mv22pn7r3c2c,bafyreifec5d72qbuytkd2y6cbauo3fa2c37vgd7pifpoz5rikwiiy6sudm,caff3.bsky.social,,"Kids are bigger now, but 2016, we had to explain why the USA had kids in cages.

It's much worse now. The rot at the core of their beliefs and values has grown.

There are so many that want my Canada to disappear.
This will not happen. 🍁  Generations will fight.
#StrongandFree  #cdnpoli",,,,0,0,1,0,0,2026-09-08T22:22:23Z,2026-09-08T22:22:23Z,NA,NA,NA,,,,,
at://did:plc:2o32nk7gspblkwu7poi64ypd/app.bsky.feed.post/3mv22n2azt32f,bafyreiaj62nwvqd2is3kjf4ven4g3hrcxsh6x5gpgmesfpjbwofdhagpie,frontiercentre.bsky.social,Frontier Centre for Public Policy,"Senior Fellow Pierre Gilbert argues that PM Carney’s government fails Canadians through deficit spending, heavy taxation, weak resource development, unsustainable immigration and speech controls.
https://youtu.be/au64N46zC28 #cdnpoli #immigration #freespeech",,,,1,0,0,1,0,2026-09-08T22:20:56Z,2026-09-08T22:20:55Z,NA,NA,NA,,,,,
at://did:plc:mxc7liuon6iq5gzapmmwkq22/app.bsky.feed.post/3mv22jhc4d224,bafyreigtboo4h4qsdiirpof6soqh4ueqgu6vrqcsxyo52q65f7e4yf74uy,youranoncentral.bsky.social,Anonymous,"Carney on US trade war: ""we've been steering our economy towards trusted partners. We've signed 20 trade and defence agreements across four different continents. And these are more than deals, they're agreements.

Deals privilege the few, agreements benefit the many."" #cdnpoli",,,,13,129,486,8,5,2026-09-08T22:18:57Z,2026-09-08T22:18:55Z,NA,NA,NA,,,,,
at://did:plc:g323nwoy6rzvxylyjmn243qu/app.bsky.feed.post/3mv22imvzlc2i,bafyreiddubyd5mzsjqyyie6oqwurkr3wx2paebz6xjpjnbozgqqqn2c55u,electricbluesfan.bsky.social,RichardJR,"1/6 🇨🇦 ALBERTA SEPARATION 'A FICTION'? 🇨🇦

With the referendum under 45 days away, top executives are breaking their silence. 

The verdict? Leaving Canada guarantees massive uncertainty.

Source: CBC News
#EnergySky #CdnPoli #AbLeg #Wexit #Economy",,,,1,6,8,0,0,2026-09-08T22:18:28Z,2026-09-08T22:18:27Z,NA,NA,NA,,,,,
at://did:plc:k6a35s56ijvrb4zjkq4ojll5/app.bsky.feed.post/3mv22cz56gf2d,bafyreih5d7jx76o2wblggjqcgmikyx64s3vourloapg6tnifzfmax42bee,toptags.bsky.social,Trending Hashtags,"🚀 BlueSky trending hashtags (15m) #16-30:

#septenmber #cdnpoli #lookandsee #gay #sketch #gayporn #digitalart #photography #musicsky #fanart #awesomecharacters #abdl #booksky #oc #writingcommunity

👇 #1-15 trending hashtags",,,,0,0,4,0,0,2026-09-08T22:15:19Z,2026-09-08T22:15:19Z,NA,NA,at://did:plc:z22iojvb45xno3nblfy6fcwg/app.bsky.feed.post/3mv22cytope2n,,,,,
at://did:plc:g323nwoy6rzvxylyjmn243qu/app.bsky.feed.post/3muzzxcfq722i,bafyreighsqudb3fcp6iszi4gn2gpe5ii5criy7dexnpb5oasvygku7rbjm,electricbluesfan.bsky.social,RichardJR,"1/5 🇨🇦 🇺🇸 B.C. UNVEILS DEFIANT NEW U.S. BORDER SIGNS 🇺🇸 🇨🇦

Premier David Eby has sent a blunt warning to Donald Trump as cross-border tensions escalate.

Canada will never bow to threats.

Source: CBC News
#WorldPolitics #CdnPoli #BcPoli #Tariffs #Trade",,,,1,3,10,0,0,2026-09-08T22:08:46Z,2026-09-08T22:08:46Z,NA,NA,NA,,,,,
at://did:plc:r2qm5vzmsns46l4n6e6rjh2a/app.bsky.feed.post/3muzzwxf4yk23,bafyreicdntevnht7sli6ncosxvq3urk64rf4vfmltnhvbr4snwl7bg6na4,brucedc77.bsky.social,Bruce D. Cowherd   🇨🇦,"Canadians have had enough of playing scapegoat to U.S. administrations seeking to deflect blame.
We are reaching the limits of our politeness.
Maybe the Kennedy Center should book another run of ""Come From Away"". 
#cdnpoli #Canada 🇨🇦 #CanadaSky #TeamCanada #CanadaProud  
#ElbowsUpCanada 🍁",,,,0,1,6,0,0,2026-09-08T22:08:36Z,2026-09-08T22:08:34Z,NA,NA,NA,,,,,
at://did:plc:mxc7liuon6iq5gzapmmwkq22/app.bsky.feed.post/3muzzvtno6c24,bafyreiaff5b4lcufgwku2qtqnybrjezeaicaejalbzffpybynxkutggviq,youranoncentral.bsky.social,Anonymous,Canada and the EU are working toward a stronger and more extensive trade and security relationship to be announced at von der Leyen's European Parliament state of the union address on 16 September. Carney will address the European Parliament the next day. #cdnpoli,,,,6,49,249,7,0,2026-09-08T22:07:58Z,2026-09-08T22:07:57Z,NA,NA,at://did:plc:f4hmiztnfsksdncoxxxto3zw/app.bsky.feed.post/3muzznbqdws2m,,,,,
at://did:plc:egl4mfr2njrr2br4vhya7yrf/app.bsky.feed.post/3muzztoy2wk22,bafyreihftxupm42df3f3wmu7rg3zrmtsazbo7tfm5vunetm7xi34tbuutu,judy-bug.bsky.social,judy 🇨🇦,"Foreign interference in Alberta...

#Cdnpoli #abpoli #yeg #yyc #ymm #RedDeer #strathco #shpark #fortSask #StAlbert #Leduc #StonyPlain #SpruceGrove #Lethbridge #MedicineHat #Brooks #ColdLake #Camrose #Drumheller #Banff #Jasper #GrandePrairie #PeaceRiver #Airdrie #Alberta #UCP #Traitors #CanadaSky",,,,0,6,14,0,0,2026-09-08T22:06:46Z,2026-09-08T22:06:45Z,NA,NA,at://did:plc:q5zroikqfmpsiaab34af7xom/app.bsky.feed.post/3muzze6jdwk24,,,,,
at://did:plc:ifi6xqgbojwquosnkvzx3gna/app.bsky.feed.post/3muzzt66skc2f,bafyreifp4ddkbhysovjjsaisvgj6kein5tp6oty7rfvu6ymewqfjjyq67a,leftcoasttreefrog.bsky.social,Left Coast Tree Frog 🕊️,"An additional 30 US troops have been wounded in the war with Iran.
This brings the total number of US troops wounded to 820, while 18 have been killed since the US war on Iran began on 28 February.  Or in Trump speak — more “small potatoes”
#cdnpoli
www.middleeasteye.net/live-blog/li...",,,,1,2,4,0,0,2026-09-08T22:06:28Z,2026-09-08T22:06:27Z,NA,NA,NA,,,,,
at://did:plc:ixt6yldqvtcamcarm6fpgqo5/app.bsky.feed.post/3muzzpqdefs2o,bafyreic4m4glybenbktumgox4v6zcchqiowccv3wt6d5s2dgb3vgnk6yca,shortstackfella.bsky.social,Short Stack Fella 🇨🇦🇺🇦,"Perhaps Canada should consider creating the equivalent of Sweden’s Psychological Defence Agency.

#cdnpoli

mpf.se/psychologica...",,,,0,0,2,0,0,2026-09-08T22:04:34Z,2026-09-08T22:04:32Z,at://did:plc:kqsdfw4cj532lp7bidtdzyyz/app.bsky.feed.post/3muztnqcju22h,at://did:plc:kqsdfw4cj532lp7bidtdzyyz/app.bsky.feed.post/3muztnqcju22h,NA,,,,,
at://did:plc:pxtzur3xjhh45lxa2p6s5qxd/app.bsky.feed.post/3muzzox2fos2h,bafyreihwth6ukckzqmawydkpteanxo5t2nhbnj2llaec4qod3tgcxnhzmy,rsteinkfut.bsky.social,Robyn,"Justice to them, this is a growing concern across the province and country #cdnpoli #abpoli",,,,0,1,0,0,0,2026-09-08T22:04:06Z,2026-09-08T22:04:06Z,at://did:plc:y3xrmnwvkvsq4tqcsgwch4na/app.bsky.feed.post/3muzvqprlpe2g,at://did:plc:y3xrmnwvkvsq4tqcsgwch4na/app.bsky.feed.post/3muzvqprlpe2g,NA,,,,,
at://did:plc:egl4mfr2njrr2br4vhya7yrf/app.bsky.feed.post/3muzzovoej222,bafyreiecficyswbij64sdmm5f43isvya4nrrzqlqheefd67ekar2rgsekq,judy-bug.bsky.social,judy 🇨🇦,"Pretty rich for the guy who helped Stephen Harper push the #fascist IDU #Conservative agenda in USA & UK.  

#cdnpoli #uspoli #ukpoli #IDU #ScheerLunacy #Brexit",,,,0,2,4,0,0,2026-09-08T22:04:05Z,2026-09-08T22:04:04Z,at://did:plc:re7tflvczjceanwkco2bseqb/app.bsky.feed.post/3muzxt2cpis2g,at://did:plc:re7tflvczjceanwkco2bseqb/app.bsky.feed.post/3muzxt2cpis2g,NA,,,,,
at://did:plc:untehckw7zfxotntwflrwz2v/app.bsky.feed.post/3muzzndxq4k25,bafyreidr5onwaeobrpegmdwv5tlv43hukhezdb62d6ut6ze4zgbcuiii2e,unpubmedia.bsky.social,Unpublished.ca,Here’s Where #Canada ’s Counter-Tariffs Will Hit Canadian Wallets The Hardest > unpublished.ca/news-feed-it... #cdnnews #cdnpoli,,,,2,0,1,0,0,2026-09-08T22:03:15Z,2026-09-08T22:03:12Z,NA,NA,NA,,,,,
at://did:plc:egl4mfr2njrr2br4vhya7yrf/app.bsky.feed.post/3muzzmfx6ss22,bafyreidaozmshhhr56ufushetg5z7lhgul53fkhh7jodfozl74vxvbyuzq,judy-bug.bsky.social,judy 🇨🇦,"Scheer also strategized with Republican Mike Roman & helped Harper push a global #IDU agenda.  Roman worked for #KochNetwork & was charged with US election crimes.

Scheer also helped push fascist #conservative agenda in UK = BREXIT.  

#Cdnpoli #UKpoli #IDUPlaybook #ScheerLunacy #CPC #CanadaSky",,,,0,0,2,0,0,2026-09-08T22:02:41Z,2026-09-08T22:02:41Z,at://did:plc:zmtifplkbjpoajjvzhgofwe6/app.bsky.feed.post/3muzxsw2qw22a,at://did:plc:zmtifplkbjpoajjvzhgofwe6/app.bsky.feed.post/3muzxsw2qw22a,NA,,,,,
at://did:plc:eaeuyrvdlqvjgznelgcdimct/app.bsky.feed.post/3muzzkfholk2r,bafyreidb3wtncuc45z55h5piwo5owrfz4qdojpyyxqkv34ptwblgyfvqoq,madhat59kenwood.bsky.social,Ken Wood part owner of 🇨🇦,@aaronwherry.bsky.social why isnt it ever discussed on #PnP & other shows how #JohnTurner warned 🇨🇦s #NAFTA would lead to what we are in today? Why should 🇨🇦 stay in #NAFTA? Why are these things not discussed. Why are MSM implying that we have to have NAFTA? #cdnpoli,,,,0,0,1,0,0,2026-09-08T22:01:33Z,2026-09-08T22:01:33Z,NA,NA,NA,,,,,
at://did:plc:abt5tpb7lqr7vopkrkwfswwq/app.bsky.feed.post/3muzzk6fsxl2i,bafyreicu25cbrkqfxf2g6s2sfbsvhefqo62a2nlqjfu65sob7j3afbawvu,canadareport.org,Canada Report,"Canada’s music rights defender sues AI song generator Suno

Canada’s fastest news scan: 25+ headlines, no clutter, updated all day: CanadaReport.org

#cdnpoli #Canada #News #Tech #AI 
Read Original Article 🔗",,,,0,0,1,0,0,2026-09-08T22:01:26Z,NA,NA,NA,NA,,,,,
at://did:plc:z22iojvb45xno3nblfy6fcwg/app.bsky.feed.post/3muzzi7wees2v,bafyreicp4ndo7xnmg3d6gecu7blzuyyddczngbqz7f5eezirg3qzpun32e,trendtags.bsky.social,Trending Tags (Beta),"🌟 BlueSky trending hashtags (1h):

#bb28 #aiイラスト #art #nsfw #scotus #cdnpoli #furry #photography #furryart #aiart #8weekstoabluewave #musicchallenge #hazbinhotel #septenmber #tummytuesday",,,,0,0,1,1,0,2026-09-08T22:00:20Z,2026-09-08T22:00:20Z,NA,NA,NA,,,,,
at://did:plc:z22iojvb45xno3nblfy6fcwg/app.bsky.feed.post/3muzzi7ckkm2j,bafyreihlpwss3bv6m322aj2pxaht54pjfzmqpywjcwgdcq6p7dupz5fciq,trendtags.bsky.social,Trending Tags (Beta),"🔥 BlueSky trending hashtags (30m):

#scotus #bb28 #art #nsfw #cdnpoli #aiイラスト #womensart #photography #lookandsee #aiart #furry #tummytuesday #furryart #musicchallenge #pixelart",,,,0,0,2,1,0,2026-09-08T22:00:20Z,2026-09-08T22:00:19Z,NA,NA,NA,,,,,
at://did:plc:2o32nk7gspblkwu7poi64ypd/app.bsky.feed.post/3muzzfgdy532u,bafyreibkoqiits2ktiyzdj23xpmjoszwfhzo2hwlxsi7zwjxrtg7iy7d5e,frontiercentre.bsky.social,Frontier Centre for Public Policy,"Ten years after Canada legalized medical assistance in dying, promised safeguards look increasingly shaky. Under current law, those with mental illness are scheduled to become eligible for #MAiD on March 17, 2027. The procedure has reached well beyond ethical bounds. We need to reassess. #cdnpoli",,,,0,1,0,0,0,2026-09-08T21:58:48Z,2026-09-08T21:58:46Z,NA,NA,NA,,,,,
at://did:plc:q5zroikqfmpsiaab34af7xom/app.bsky.feed.post/3muzze6jdwk24,bafyreibppz6djfmvgeghyh6vdzzu4q56l4nwdi5tyed4sicvkped7gytde,ryanjespersen.bsky.social,Ryan Jespersen,"A network of deceptive, AI-generated websites is promoting Alberta separatism, and the people behind it are trying to influence more than just human readers.

@supriya.bsky.social digs into @nationalobserver.com's troubling exposé.

👀 FULL: rtrj.info/090826Supriya

🎧 FULL: rtrj.info/090826 #cdnpoli",,,,0,42,58,3,5,2026-09-08T21:58:07Z,2026-09-08T21:58:04Z,NA,NA,NA,,,,,
at://did:plc:re7tflvczjceanwkco2bseqb/app.bsky.feed.post/3muzz7yfca22g,bafyreieqcct3nfh6osrpzfwqbpyag35tydiey6pnnt7ftxbckhhzqra6qe,bella-andme.bsky.social,Sherry Lee,"Lisa Raitt makes a good point that the noise coming from the Trump camp over the last week, weekend & into today might be a lead up to the Republican convention - done for the base.  

Keeping that in mind, Scott Bessent’s recent comments were made on Breitbart News. 

#pnpcbc #cdnpoli",,,,1,0,1,1,0,2026-09-08T21:55:44Z,2026-09-08T21:55:44Z,NA,NA,NA,,,,,
at://did:plc:4xqt7t2zph634drigtdxdmro/app.bsky.feed.post/3muzz3vjnds2d,bafyreiav36kz4am37jxheziyllpkgjvi6trj74eh32bgphkysba354mc6m,journodale.bsky.social,Dale Smith,It looks like the Green Party leadership is now a Mike Morrice coronation. #cdnpoli,,,,0,4,12,0,0,2026-09-08T21:53:29Z,2026-09-08T21:53:27Z,NA,NA,NA,,,,,
at://did:plc:oya64aulumuj3apwfffocdyf/app.bsky.feed.post/3muzz376td22x,bafyreigwisc4kyvyxphf4h4fqus3deehyyterdkg6vlvqjt5olkz3rcpia,colleenmr.bsky.social,colleenmr🍁,Some trade tidying doesn't mean deeper relations but China's plans to ship through our Arctic seas sure does concern us and our military - let's not let media and the CPC high-jack the the narrative! #cdnpoli,,,,0,1,1,0,0,2026-09-08T21:53:05Z,2026-09-08T21:53:03Z,NA,NA,at://did:plc:cakwbuh7mddm7nnwp2dvbpmq/app.bsky.feed.post/3muzxg2dgvh2j,,,,,
at://did:plc:4xqt7t2zph634drigtdxdmro/app.bsky.feed.post/3muzyxz23pk2d,bafyreicp5k4yj4ukuysip23o5yb426jvtqsnh4xs45skzqyzfzmj5bstly,journodale.bsky.social,Dale Smith,PMO says that Carney met with Quebec business leaders today. #cdnpoli,,,,0,2,9,0,0,2026-09-08T21:51:18Z,2026-09-08T21:51:16Z,NA,NA,NA,,,,,
at://did:plc:g323nwoy6rzvxylyjmn243qu/app.bsky.feed.post/3muzyuulv7s2c,bafyreigmsju6uracsn3wcxgys2ydj7ngcb4s475gozdbkeeswxvqfqjj3e,electricbluesfan.bsky.social,RichardJR,"1/6 🇨🇦 CARNEY'S QUEBEC CLOUT UNSETTLES THE PQ 🇨🇦

Parti Québécois leader Paul St-Pierre Plamondon risks alienating voters by framing federal investments under PM Mark Carney as harmful interference.

Source: Chantal Hébert
L'actualité
#WorldPolitics #CdnPoli #QcPoli #PQ #Carney",,,,2,5,9,0,0,2026-09-08T21:49:31Z,2026-09-08T21:49:31Z,NA,NA,NA,,,,,
at://did:plc:uxj5ihyuzrgxmuvjeanl57ys/app.bsky.feed.post/3muzyo643p2m2,bafyreigqnzmc2gd2ws7t6njsyis7rq3lrxtlfildygo3fofqk2likougpe,chris.mstdn.chrisalemany.ca.ap.brid.gy,Chris Alemany🇺🇦🇨🇦🇪🇸,"“And I think that's something Canadians know now and we understand it better: We are dealing with people who don't believe we should exist,"" Rae said. “

What a horrible state of affairs. But let’s be clear, it is the US Administration only, that has brought this on. They clearly want to break […]",,,,0,13,2,1,0,2026-09-08T21:45:55Z,2026-09-08T21:45:09Z,NA,NA,NA,,,,,
at://did:plc:re7tflvczjceanwkco2bseqb/app.bsky.feed.post/3muzylg4sqs2g,bafyreieualdpcbmdjlnw5b6axhlrwdfpe3ws26o5ncnw3mjbpkssnuoleq,bella-andme.bsky.social,Sherry Lee,"Andrew Scheer is insufferable. 
#cdnpoli",,,,1,1,8,0,0,2026-09-08T21:44:14Z,2026-09-08T21:44:14Z,at://did:plc:tkfg6eimgd36nkcagcayhmvv/app.bsky.feed.post/3muzxybok7s2g,at://did:plc:re7tflvczjceanwkco2bseqb/app.bsky.feed.post/3muzxt2cpis2g,NA,,,,,
at://did:plc:bqvcoxdpr4lp3qmq5cng2w4i/app.bsky.feed.post/3muzyk7qda22b,bafyreiccldh574dyxnda5atbsshgolwd65kbmlmekrgwepnlxthehzr4oq,ogcanada.bsky.social,Unapologetic Lee 🇨🇦,"Trump: “I was looking out from a building in midtown Manhattan directly at the World Trade Center when I saw a second plane, at a tremendous speed, go into the second tower.” thelinkpaper.ca/where-was-do... #cdnpoli #uspol",,,,1,0,0,3,0,2026-09-08T21:43:35Z,2026-09-08T21:43:33Z,NA,NA,NA,,,,,
at://did:plc:6kvdaqlmwqa2jguajjdblmnv/app.bsky.feed.post/3muzyjgmsdk24,bafyreiamsoipgkclskukhgkqq7hnsgikr5nzqdpvlpkeyfgnacijgphkhq,blc1234.bsky.social,BLC_71+ Part Owner of Canada,"Scheer is a Poilievre MapleMAGA blowhard. I really don't know why he is interviewed, he has nothing relevant to add to the conservation.

#NeverPoilievre 
#NeverCPC 
#NeverScheer
#cdnpoli",,,,2,4,9,0,0,2026-09-08T21:43:06Z,2026-09-08T21:43:07Z,NA,NA,at://did:plc:zmtifplkbjpoajjvzhgofwe6/app.bsky.feed.post/3muzxsw2qw22a,,,,,
at://did:plc:e2pdzlrs3z23vjmizjuvk4vv/app.bsky.feed.post/3muzybt2q6k24,bafyreifkqergil6jsu5blfu4uu35tlrz5m7mxt5b6wqchogkx4uqrn2hce,josemachismo.bsky.social,José Machismo 🇨🇦🇪🇸🤘,"I can get behind this. At least European politicians seem to care about the planet being on fire.  Maybe that’ll rub off on ours….

#canpoli #cdnpoli",,,,0,0,0,0,0,2026-09-08T21:38:52Z,2026-09-08T21:38:52Z,NA,NA,at://did:plc:movn6xzezospl7lnkhy7nzpt/app.bsky.feed.post/3muzqr645uc24,,,,,
at://did:plc:e4ksd45nrer7meqyobckwfhj/app.bsky.feed.post/3muzybdjts22k,bafyreihxpgkms6w6r255hymrrry66eakezuovyrkdbrth3ygyxkq55smvq,icyvr.bsky.social,Ian Crook,"An excellent speech that demonstrates the thoughtful, deliberate approach of the Canadian government, compared to the unfocussed American approach to trade. #Cdnpoli #USpoli",,,,0,10,22,1,1,2026-09-08T21:39:32Z,2026-09-08T21:38:35Z,NA,NA,at://did:plc:3l6h5tayy6vycige2igmorv4/app.bsky.feed.post/3muzx244a4s2k,,,,,
at://did:plc:ifi6xqgbojwquosnkvzx3gna/app.bsky.feed.post/3muzy6cruis2d,bafyreihkmlia66v5wzaonz4mlwhmajgc347fm7t3hr7e7ojjerbf6nmc34,leftcoasttreefrog.bsky.social,Left Coast Tree Frog 🕊️,"William Azaroff exits Vancouver mayoral race, leaving Pete Fry as lone progressive.
#bcpoli #vanpoli #cdnpoli

www.winnipegfreepress.com/uncategorize...",,,,1,2,2,0,1,2026-09-08T21:36:55Z,2026-09-08T21:36:54Z,NA,NA,NA,,,,,
at://did:plc:jeibpuiku4aeybewdxqab4w3/app.bsky.feed.post/3muzy4msm222c,bafyreicdedtv5pezljppcn47i2lrqr44fbdjz3oje2iwonzszexm7wv524,westernhemlox.bsky.social,Western Hemlox,"#cdnpoli

www.youtube.com/watch?v=hHuO...",,,,0,0,0,0,0,2026-09-08T21:35:59Z,2026-09-08T21:35:57Z,NA,NA,NA,,,,,
at://did:plc:a2kjkdp4rs6sbx56dmk2hern/app.bsky.feed.post/3muzy3gwe2c24,bafyreidija23g7bmd22ghbojhcce7iedrxoviwadxvpbwiafhlxqptx65y,rzaichkowski.bsky.social,Robert Zaichkowski,"Between threatening to ban sales of Bombardier aircraft and ban Canadian products from US contracts, Donald Trump keeps on shooting himself in the foot! Americans need to #VoteBlue for this November's midterms and end his hostile actions! #shame #cdnpoli #ElbowsUp www.thestar.com/politics/fed...",,,,0,1,3,0,0,2026-09-08T21:36:12Z,2026-09-08T21:35:17Z,NA,NA,NA,,,,,
at://did:plc:abt5tpb7lqr7vopkrkwfswwq/app.bsky.feed.post/3muzxucz6422i,bafyreiezb53l3ljpmkgnt72a5tftqi7ojhzy2wcdwagmzec3wf7ucxccfq,canadareport.org,Canada Report,"Celestica to Host 2026 Investor and Analyst Day on October 27, 2026

Canada’s fastest news scan: 25+ headlines, no clutter, updated all day: CanadaReport.org

#cdnpoli #Canada #News #Business #Economy 
Read Original Article 🔗",,,,0,0,0,0,0,2026-09-08T21:31:19Z,NA,NA,NA,NA,,,,,
at://did:plc:4e7vswp5qrqppoxknd2lkfjk/app.bsky.feed.post/3muzxtm4a4c2a,bafyreiehbjl7iequsaxq32uxph3pnvsqhx3iahrpyeayk67vfwxbaxkljm,cdnelxnstracker.bsky.social,Canadian Elections Tracker,"Jeff Monds will be the BC Libertarian candidate in the Abbotsford-Mission provincial by-election. He has ran several times before provincially and federally. Most recently, he ran in the North Vancouver—Capilano federal by-election.

#cdnpoli #bcpoli",,,,0,0,0,0,0,2026-09-08T21:30:55Z,2026-09-08T21:30:54Z,NA,NA,NA,,,,,
at://did:plc:uaqjbhoi6fwcs3ftjbfqonpn/app.bsky.feed.post/3muzxtam3tk22,bafyreichzt6apuhk7mtuqmeslwd52fdlvxn3uohqwbvjo477xewq6u6hk4,nastycanada.org,R.G. Cruise,Ottawa has put $405M toward the Mackenzie Valley Highway. Arctic sovereignty needs more than a road: year-round capacity and Inuit authority over decisions that reshape their homeland. www.nastycanada.org/canadian-wat... #cdnpoli,,,,0,1,2,0,0,2026-09-08T21:30:44Z,2026-09-08T21:30:42Z,NA,NA,NA,,,,,
at://did:plc:re7tflvczjceanwkco2bseqb/app.bsky.feed.post/3muzxt2cpis2g,bafyreic7bkzzvzhcspdsy7nnr32nheyrt3o3i7hc3i4ewn4qvpmte5vf5u,bella-andme.bsky.social,Sherry Lee,"Andrew Scheer & his use of deliberate language.
Twice saying Mark Carney “needs to come clean” insinuating he’s a liar. 
Glad there was pushback on the insistence of showing Canadians what was discussed in negotiations when that would break an NDA.
Give me strength with that man.  
#pnpcbc #cdnpoli",,,,7,2,10,0,0,2026-09-08T21:30:38Z,2026-09-08T21:30:36Z,NA,NA,NA,,,,,
at://did:plc:zmtifplkbjpoajjvzhgofwe6/app.bsky.feed.post/3muzxsw2qw22a,bafyreihyoiax66ob7g4doz5wanaexp4ary7vs4tyh57srjktfrjmgxqsaa,kathleenwester.bsky.social,"Kathleen Westergaard 🇨🇦 MSW, RSW","🇨🇦 #AndrewScheer is a #US citizen 🇺🇸.  Please consider this when he speaks.
#PnP
#PowerandPolitics
#CBC
#cdnpoli
🇨🇦🇨🇦🇨🇦🇨🇦🇨🇦🇨🇦🇨🇦",,,,1,2,9,1,0,2026-09-08T21:30:31Z,2026-09-08T21:30:31Z,NA,NA,NA,,,,,
at://did:plc:2czjy2dwev4cs4gvzkc4tiu7/app.bsky.feed.post/3muzxstmg3c2p,bafyreicjsidq23lkqhfqwlcfgxtq3ejrey72qp3xmckhjqy6nt7fawur2q,antifa2056.bsky.social,antifa2056.bsky.social,"Fuck you trump!
#cdnpoli #CanadaPolitics #BCPolitics #DavidEby
www.cbc.ca/news/canada/...",,,,1,1,1,0,0,2026-09-08T21:30:29Z,2026-09-08T21:30:29Z,NA,NA,NA,,,,,
at://did:plc:z22iojvb45xno3nblfy6fcwg/app.bsky.feed.post/3muzxsk4xlg2s,bafyreig4mku3fct3qvlbqdcpv4tevmdkyceutkzfnud4kcb4434e474aly,trendtags.bsky.social,Trending Tags (Beta),"🔥 BlueSky trending hashtags (30m):

#bb28 #cdnpoli #art #aiイラスト #8weekstoabluewave #nsfw #furry #furryart #photography #musicchallenge #russia #aiart #fanart #gamedev #ocart",,,,0,0,5,1,0,2026-09-08T21:30:19Z,2026-09-08T21:30:19Z,NA,NA,NA,,,,,
at://did:plc:z22iojvb45xno3nblfy6fcwg/app.bsky.feed.post/3muzxsjkg5h25,bafyreif4kenpyuvea5qhi6nwbtccziomdmq5s4yeragerlcnumfuelfpde,trendtags.bsky.social,Trending Tags (Beta),"🚀 BlueSky trending hashtags (15m):

#bb28 #art #cdnpoli #traitorsirl #8weekstoabluewave #nsfw #photography #furryart #russia #furry #aiイラスト #artsky #ocart #gamedev #musicchallenge",,,,0,0,5,1,0,2026-09-08T21:30:19Z,2026-09-08T21:30:18Z,NA,NA,NA,,,,,
at://did:plc:ifi6xqgbojwquosnkvzx3gna/app.bsky.feed.post/3muzxjzvfmc2d,bafyreigcbk44nxkvsz3rbbafa2e4iikgcb5adsk5pjpwpzwzfpyfdcryre,leftcoasttreefrog.bsky.social,Left Coast Tree Frog 🕊️,"Ex-60 Minutes managing editor says fired staffers ‘refused to be accomplices’ in show’s ‘destruction’.
Guy Campanile addresses ouster in Facebook post and says ‘we were told to leave because we insisted on doing our jobs’
#cdnpoli
www.theguardian.com/media/2026/s...",,,,0,1,2,0,0,2026-09-08T21:25:35Z,2026-09-08T21:25:33Z,NA,NA,NA,,,,,
at://did:plc:uaqjbhoi6fwcs3ftjbfqonpn/app.bsky.feed.post/3muzxju33p222,bafyreiau7h3c6ihufo7awhkjzs62iuhf2jvurxafg43zkol4gs7vtdgm34,nastycanada.org,R.G. Cruise,"Counter-tariffs took effect today. The real question is whether Ottawa turns pressure into permanent capacity: European customers, export-ready firms, Atlantic infrastructure and Canadian suppliers in new industrial chains. A second door, not a substitute
www.nastycanada.org/europe-is-th...
#cdnpoli",,,,0,0,0,0,0,2026-09-08T21:25:29Z,2026-09-08T21:25:27Z,NA,NA,NA,,,,,
at://did:plc:ampls4hp7ogzrwn3hxenbkqj/app.bsky.feed.post/3muzxijxhoc2o,bafyreia5g6od6suxsxegckjbtqw4gij7a2wayftjepubsa2xu6b6cvarjq,cfax1070.bsky.social,CFAX 1070,"""Appallingly ignorant:"" Trump's trade policies, jabs at Canada, leave relations at new low #cdnpoli #yyj 
youtu.be/80QD0UuS6no",,,,0,1,2,0,0,2026-09-08T21:24:44Z,2026-09-08T21:24:43Z,NA,NA,NA,,,,,
at://did:plc:4e7vswp5qrqppoxknd2lkfjk/app.bsky.feed.post/3muzxgdmcks2f,bafyreigkczt4mjmiudco2auokomag4bs45hobz72o4cejcvyzwuumuferm,cdnelxnstracker.bsky.social,Canadian Elections Tracker,"Stephen Fowler will be the BC Green candidate in Abbotsford-Mission. He works as a teacher, and was the Green Party of Canada candidate in Abbotsford in 2021, 2019, and 2015. 

#cdnpoli #bcpoli",,,,1,0,0,0,0,2026-09-08T21:23:29Z,2026-09-08T21:23:29Z,NA,NA,NA,,,,,
at://did:plc:re7tflvczjceanwkco2bseqb/app.bsky.feed.post/3muzxdaix622g,bafyreih4thadhepztsenspxz7dxclgy32ikd7nw67f4gf3n7sxqd3pjyrm,bella-andme.bsky.social,Sherry Lee,"Kirsten Hillman, former Canadian Ambassador to the U.S. on “Power & Politics” talking about Canada/U.S. trade - calm & measured. Interesting to hear her say she signed an NDA about proposals - as have all parties involved in negotiations - in both countries.

#pnpcbc #cdnpoli
#tradewar",,,,2,3,5,0,0,2026-09-08T21:21:46Z,2026-09-08T21:21:45Z,NA,NA,NA,,,,,
at://did:plc:4fjmxufbitdnuprsp4av2fjg/app.bsky.feed.post/3muzxcrssak2u,bafyreiaakrsed2oz4riapccss7wtmlsd77qgm77js5ithelgteome5rcvy,jstewgie.bsky.social,Jen Stewart,Could someone please tell me what’s in this? I hate video #cdnpoli,,,,1,0,2,0,1,2026-09-08T21:21:30Z,2026-09-08T21:21:30Z,NA,NA,at://did:plc:xpgujbkkrjevueb53vpgnetz/app.bsky.feed.post/3muzay23zgk2s,,,,,
at://did:plc:jdojillirolcpqfhc75kfupn/app.bsky.feed.post/3muzxbqlwjk2y,bafyreifoh73aroqrmsnrq3qapdrocr6mxbiathkkkqebqdqtk6cygc6g5a,taylornoakes.com,Taylor Noakes,"Because when it comes to uniting #Canada against the United States, Carney chooses to whitewash the historical record of the first prime minister—to make him more like George Washington 

#cdnpoli",,,,2,2,9,0,0,2026-09-08T21:20:56Z,2026-09-08T21:20:55Z,NA,NA,at://did:plc:4yb2pjejfziah3eork7stm6j/app.bsky.feed.post/3muzikg7yw222,,,,,
at://did:plc:ifi6xqgbojwquosnkvzx3gna/app.bsky.feed.post/3muzxalescs2j,bafyreiatczgbi2b4jzc4j2izyjkccerjyjnmsr7ipgnbkxxf7awqqcvwee,leftcoasttreefrog.bsky.social,Left Coast Tree Frog 🕊️,"New Zealand Trade Minister Todd McClay is working to deepen its trade relationship with Canada.
McClay said he had been discussing trade with Dominic LeBlanc, with a particular focus on how the two countries can make more of the opportunities already available under the CPTPP.
#cdnpoli",,,,0,0,1,0,0,2026-09-08T21:20:17Z,2026-09-08T21:20:16Z,at://did:plc:ifi6xqgbojwquosnkvzx3gna/app.bsky.feed.post/3muzwz3teek2j,at://did:plc:ifi6xqgbojwquosnkvzx3gna/app.bsky.feed.post/3muzwz3teek2j,NA,,,,,
at://did:plc:uxj5ihyuzrgxmuvjeanl57ys/app.bsky.feed.post/3muzx4dwxqsm2,bafyreick5b63um6gp2llzy5kw67qsnm7ropkgwoxvt2fkksedeumq4hih4,chris.mstdn.chrisalemany.ca.ap.brid.gy,Chris Alemany🇺🇦🇨🇦🇪🇸,"We are in the weirdest timeline... where provincial governments are competing for the most effective and welcoming but also defiant sign.

BC currently going for the “Kill-Them-With-Sentences” approach. 🤪

#BCPoli #CanPoli #CdnPoli #USA #TradeWar #TheAmericanFascist […]",,,,2,1,1,0,0,2026-09-08T21:17:57Z,2026-09-08T21:17:21Z,NA,NA,NA,,,,,
at://did:plc:istu2catmtwuynu7jlh6buzl/app.bsky.feed.post/3muzx2bkyvk23,bafyreifkab4lb3zjkopksupsdyoundfucsu5l6rdjpvpamw6kkhkeo6cxu,elcanaco.bsky.social,elcanaco.bsky.social,"A reminder that Oil & Gas and Mining are NOT important industries in Canada. Not even in the Top 10 employment sectors.

Despite what some politicians would like us to believe.

#cdnpoli",,,,2,18,19,0,2,2026-09-08T21:16:46Z,2026-09-08T21:16:45Z,NA,NA,NA,,,,,
at://did:plc:bqvcoxdpr4lp3qmq5cng2w4i/app.bsky.feed.post/3muzwzz5ppk2b,bafyreibh7itylji25nesixpjggtpl6stqnwjhyjvhw6gytdryedwmujf4a,ogcanada.bsky.social,Unapologetic Lee 🇨🇦,"Released details of the Canada / EU alliance. #fuckya #cdnpoli #uspol

Formal announcement September 16.",,,,7,32,68,4,3,2026-09-08T21:16:39Z,2026-09-08T21:16:36Z,NA,NA,NA,,,,,
at://did:plc:eix3tk3r26zi2p3vyreh3k3b/app.bsky.feed.post/3muzwz7vcl22x,bafyreibvdqtxvs5wqh7z5f2sijl6dlplliyleql3rn3cet7tfsjmfc4uom,atomicker.bsky.social,NA,"Mark Carney's proposed pipeline is 'a failure of climate leadership. “It consigns Victorians, our friends and family across the continent, and future generations to choking wildfire smoke and floods from atmospheric rivers.”'

#Canada #CDNPoli #ClimateCrisis #BCPoli #VictoriaBC #NoPipelines",,,,0,2,6,0,0,2026-09-08T21:16:12Z,2026-09-08T21:16:09Z,NA,NA,NA,,,,,
at://did:plc:ifi6xqgbojwquosnkvzx3gna/app.bsky.feed.post/3muzwz3teek2j,bafyreihli4bawqottjsh6fjnminvb26p7lhkf6a2chi6pyu3tqljxn2df4,leftcoasttreefrog.bsky.social,Left Coast Tree Frog 🕊️,"New Zealand signals imminent trade announcement with Canada.
This bodes well for
“a renewed willingness among Canada, Australia and New Zealand to treat one another as first-choice economic partners rather than residual markets”
#cdnpoli 
www.canzukinternational.com/2026/09/new-...",,,,1,9,18,1,0,2026-09-08T21:16:06Z,2026-09-08T21:16:05Z,NA,NA,NA,,,,,
at://did:plc:z22iojvb45xno3nblfy6fcwg/app.bsky.feed.post/3muzwxp7jpp25,bafyreiej2efu6yywgfi5wjg2p3laqb3rtoiht2273kyfsawswbthnmlhqi,trendtags.bsky.social,Trending Tags (Beta),"🚀 BlueSky trending hashtags (15m):

#bb28 #cdnpoli #art #furry #musicchallenge #nsfw #8weekstoabluewave #furryart #septenmber #aiイラスト #photography #ocart #worldatoz #startrek #artsky",,,,0,0,2,1,0,2026-09-08T21:15:18Z,2026-09-08T21:15:18Z,NA,NA,NA,,,,,
at://did:plc:4e7vswp5qrqppoxknd2lkfjk/app.bsky.feed.post/3muzwwbj7yk2h,bafyreidfmn6znstpfkva3elw77x36pbvfuzt36vb2lckbtr2pfpggkxpaa,cdnelxnstracker.bsky.social,Canadian Elections Tracker,"Dan Kutcher will be acclaimed as the new PEI Liberal leader. He is the former mayor of Summerside (2022-2026), and is the son of former Nova Scotia Senator Stan Kutcher.

Kutcher will officially become the party leader on October 25.

#cdnpoli #peipoli",,,,1,0,3,0,0,2026-09-08T21:14:30Z,2026-09-08T21:14:30Z,NA,NA,NA,,,,,
at://did:plc:ypbo2mq6dqcct43gt2sam6el/app.bsky.feed.post/3muzwsntk7j2i,bafyreibyvuevffoj2olku56smfnumiqjgjwjm4i3ep2sxfmhlo5ofvliny,ipolitics.bsky.social,iPolitics,‘Pivot and prosper’ #cdnpoli #ipolitics,,,,0,0,0,0,0,2026-09-08T21:12:30Z,2026-09-08T21:12:29Z,NA,NA,NA,,,,,
at://did:plc:ebtnhtvy7hwdtvnotyhg5b3l/app.bsky.feed.post/3muzwrbhfkk2p,bafyreif3w25mue7e56hsz6wcd6bwwdan2nqafmgkyht5cz4az5zh47rfae,dianave.bsky.social,,@avilewis.ca is always a beath of fresh air and common sense. #wildfire #sanctions #USA #cdnpoli www.youtube.com/shorts/ZHkuz...,,,,0,1,3,0,0,2026-09-08T21:11:44Z,2026-09-08T21:11:42Z,NA,NA,NA,,,,,
at://did:plc:225p6xnklj6p4hutj6ibmbfq/app.bsky.feed.post/3muzwotvsgc2x,bafyreifgirkmyfnvq3ijdkwbtjetg77or64xtlkflea5grec6rep4jhqoq,lesterlee.bsky.social,Lester,"BC's new border signs are right on the money.

www.cbc.ca/news/canada/...

#bcpoli #cdnpoli",,,,0,3,11,0,0,2026-09-08T21:10:23Z,2026-09-08T21:10:21Z,NA,NA,NA,,,,,
at://did:plc:hrpipqpkbpnqys5efjiwv6wr/app.bsky.feed.post/3muzwn44dns2s,bafyreif2nfwthrnlhbgaegmha6o2242bk3nhydshtfarubr4izn4sgv7fm,susanfromontario.bsky.social,Susan Mitchell,oops #cdnpoli,,,,0,1,2,0,0,2026-09-08T21:09:26Z,2026-09-08T21:09:23Z,NA,NA,at://did:plc:hrpipqpkbpnqys5efjiwv6wr/app.bsky.feed.post/3muzwmgygqs2s,,,,,
at://did:plc:2jfr7qhenekca6f6qtjgwdr4/app.bsky.feed.post/3muzwmyi6uc2c,bafyreifdiaral6ujkqy4n53tulgvlfybfikvxtgvgxvttowk4qk26ynf2q,calgaryclimatehub.ca,Calgary Climate Hub,#DataCentres #AI #cdnpoli #abpoli #ClimateChange #EnergyTransition #yyc,,,,0,4,9,0,0,2026-09-08T21:09:20Z,2026-09-08T21:09:19Z,NA,NA,NA,,,,,
at://did:plc:bqvcoxdpr4lp3qmq5cng2w4i/app.bsky.feed.post/3muzwgzh5oc2b,bafyreifluxspxw6eh2msh6xp564hz727zhv524rhoa2dqdzpv5mux67o6e,ogcanada.bsky.social,Unapologetic Lee 🇨🇦,"PM @mark-carney.bsky.social, I really hope this makes it easier to decline any plans we had to buy F35s. 

It's time to commit to Saab and their Gripens. #cdnpoli #uspol",,,,0,7,28,0,0,2026-09-08T21:06:01Z,2026-09-08T21:05:59Z,NA,NA,NA,,,,,
at://did:plc:2jfr7qhenekca6f6qtjgwdr4/app.bsky.feed.post/3muzwgjtv4c2a,bafyreiamhccejufyoh4zre6hcyiqbbbzgdmdxenq5xubkcxbbq47fg44xy,calgaryclimatehub.ca,Calgary Climate Hub,"""Between the already plummeting cost of #renewables worldwide & Trump‘s utterly shambolic war with #Iran we are RIGHT NOW living through the fastest #EnergyTransition in human history. Winners & losers are self-selecting NOW.  Canada, so far, has chosen to lose. We need to choose to win."" #cdnpoli",,,,1,8,10,1,0,2026-09-08T21:05:42Z,2026-09-08T21:05:42Z,NA,NA,at://did:plc:2jfr7qhenekca6f6qtjgwdr4/app.bsky.feed.post/3mtz67d3b2k2e,,,,,
at://did:plc:mxc7liuon6iq5gzapmmwkq22/app.bsky.feed.post/3muzwe4gom224,bafyreiavf7avejtjrodhs7nowksd3xucifo57pkni7z5qnm72ft65xsdmy,youranoncentral.bsky.social,Anonymous,"Carney on the US trade war: : ""I warned that [the US] is trying to break us so they can own us. And I promise that that will never, ever happen. Our future won't be decided in Washington, but right across Canada."" #cdnpoli",,,,36,257,945,12,10,2026-09-08T21:04:22Z,2026-09-08T21:04:21Z,NA,NA,NA,,,,,
at://did:plc:abt5tpb7lqr7vopkrkwfswwq/app.bsky.feed.post/3muzw6ny6wl2r,bafyreiagyep2zala7tmqqc2wkgm56kpgugqk32vqvtebg62q2id4iiwewm,canadareport.org,Canada Report,"Why the infrastructure behind AI-enabled SaaS matters to Canadian startups

Canada’s fastest news scan: 25+ headlines, no clutter, updated all day: CanadaReport.org

#cdnpoli #Canada #News #Tech #AI 
Read Original Article 🔗",,,,0,0,0,0,0,2026-09-08T21:01:19Z,NA,NA,NA,NA,,,,,
at://did:plc:h3y7rhw6ao6nk5mmuskplxco/app.bsky.feed.post/3muzvwjyu7c2v,bafyreigr67yexn6cbsz4aiogrv7iwiseg2thi4vfn75zoafbnb72rcdae4,brainiackim.bsky.social,Brainiac Kim 🇨🇦,www.youtube.com/watch?v=cyvU... #September11 #cdnpoli #USpoli,,,,0,1,1,0,0,2026-09-08T20:56:47Z,2026-09-08T20:56:45Z,NA,NA,NA,,,,,
at://did:plc:bqvcoxdpr4lp3qmq5cng2w4i/app.bsky.feed.post/3muzvwfzd5k2b,bafyreie7ttzgjwpyc5rnd55w4wf3yczzgj255nifkd4jon3wcu5znt4veu,ogcanada.bsky.social,Unapologetic Lee 🇨🇦,"I knew it wasn't over yet. 
#cdnpoli",,,,1,0,5,0,0,2026-09-08T20:56:42Z,2026-09-08T20:56:41Z,NA,NA,at://did:plc:e3uwo6d5sg6x3rolvj6v7bwp/app.bsky.feed.post/3muzvsvajpc2q,,,,,
at://did:plc:eix3tk3r26zi2p3vyreh3k3b/app.bsky.feed.post/3muzvteraac23,bafyreidk45f5tvyew45xn2gmpeviyxftotyutdyn2bsz4sakzd3dpoc6bu,atomicker.bsky.social,NA,"'Take Action: Ask Your MP to Vote NO to the Orca Extinction Bill'

'Your voice matters. Members of Parliament respond to constituents, especially when they hear from many people in their riding.'

#Canada #CDNPoli #ClimateCrisis #NoPipelines #SaveTheOrcas",,,,0,0,0,0,0,2026-09-08T20:55:03Z,2026-09-08T20:54:59Z,NA,NA,NA,,,,,
at://did:plc:mxc7liuon6iq5gzapmmwkq22/app.bsky.feed.post/3muzvt5gy5c24,bafyreicxgs3udduzvkfr6djxos5jc6452fiwosafza6yjft2fz35ncodta,youranoncentral.bsky.social,Anonymous,"Carney on the US trade war: ""the cumulative U.S. demands revealed that they wanted us to become even more reliant on them, not less. In too many areas, they wanted dependency, not a true economic partnership."" #cdnpoli",,,,19,149,557,3,7,2026-09-08T20:54:53Z,2026-09-08T20:54:52Z,NA,NA,NA,,,,,
at://did:plc:5hcumheo3c2a2n77t2uavxxw/app.bsky.feed.post/3muzvt44axc2e,bafyreibxfu2yqcjh7pz34g4lgdfcr4rn4z4bhhz4guov23jmmk4i3km6fe,kittykat7619.bsky.social,Ms. KittyKat 🩷 🍁 🩷 🏳️‍🌈 🩷 🍉,"Who's supplying and supporting the ""settlers"" on the West Bank, Mr. Prime Minister..?

Could it be the genocidal Israeli state? 

A 2-state solution WILL NOT work when one state doesn't believe in the other's right to exist. 

#CdnPoli",,,,0,0,1,0,0,2026-09-08T20:54:49Z,2026-09-08T20:54:50Z,NA,NA,at://did:plc:kx375dszrbvqtu7o4xxxmojn/app.bsky.feed.post/3muzgpyigks23,,,,,
at://did:plc:jeuzjfwsgn62xfoe7qo4jul5/app.bsky.feed.post/3muzvn4mlyk2t,bafyreiawayyx6bfjjjzzgozljrqcgkb2h22dm6tvbhy5pquvpyeyc46jie,bigclimate.bsky.social,Bentley ****TALK CLIMATE****,"Well I tried. I really, really tried but that report was successfully buried.

Well played, @mark-carney.bsky.social.  I mean, GREASY AS HELL but well played. You really got 'em fooled.

These dirty tricks are old as dust and they're still used because shameful or no, THEY WORK.
#cdnpoli #MarkCarney",,,,0,0,2,1,0,2026-09-08T20:51:30Z,2026-09-08T20:51:29Z,NA,NA,at://did:plc:jeuzjfwsgn62xfoe7qo4jul5/app.bsky.feed.post/3murz6l3vcs2z,,,,,
at://did:plc:eix3tk3r26zi2p3vyreh3k3b/app.bsky.feed.post/3muzvgm4aek23,bafyreihstfo4ubgescsvacnwetftwqwrgzmav62m766uovbdzngbmdcaai,atomicker.bsky.social,NA,"“Canada cannot claim to care about endangered species with one hand while weakening the laws that protect them with the other”

The comment period on a 'project of national interest' designation for Carney's pipeline closes Sept 18:

#Canada #CDNPoli #ClimateCrisis #NoPipelines #BCPoli #SaveTheOrcas",,,,0,5,5,2,0,2026-09-08T20:47:53Z,2026-09-08T20:47:51Z,NA,NA,NA,,,,,
at://did:plc:nrxglljv7jqagwqawmxf7sv5/app.bsky.feed.post/3muzvdqa4pr2k,bafyreidbbg4wa4h62avgmwkc7m5jfedgwproyfe7akyea2qh3txuikws5u,researchmoney.bsky.social,Research Money,"Research Money: Bill C-22’s cybersecurity risks, Research Nova Scotia’s outcome-focused funding model, and why universities must shift to flexible, inquiry-driven learning in an AI era.

Read more here: zurl.co/nRdY9 

#cdnpoli #innovation #AI #sciencepolicy",,,,0,0,1,0,0,2026-09-08T20:46:15Z,2026-09-08T20:46:14Z,NA,NA,NA,,,,,
at://did:plc:eaeuyrvdlqvjgznelgcdimct/app.bsky.feed.post/3muzvcvq5mk25,bafyreidrmaj3bst6lhx2ljbmlwd7njbkagje55a2v772v2be3r5wx6a3xu,madhat59kenwood.bsky.social,Ken Wood part owner of 🇨🇦,Fully support 👍 #bcpoli #cdnpoli,,,,1,0,8,1,0,2026-09-08T20:45:47Z,2026-09-08T20:45:47Z,NA,NA,at://did:plc:g72r2bhbs6xcdyyuaw5qnghc/app.bsky.feed.post/3muzss6arak2u,,,,,
at://did:plc:hrpipqpkbpnqys5efjiwv6wr/app.bsky.feed.post/3muzv7yobms2s,bafyreiely3fzgfiay6mjwlqk67tcudzwgworxp6fncempqyodrld6uakqq,susanfromontario.bsky.social,Susan Mitchell,"#cdnpoli
www.youtube.com/watch?v=pjhf...",,,,0,0,0,0,0,2026-09-08T20:44:13Z,2026-09-08T20:44:09Z,NA,NA,NA,,,,,
at://did:plc:mwagtmvsxuqlgte5iqk3fndm/app.bsky.feed.post/3muzv7bgjt22n,bafyreibjxgnv3wuvthtxiws6uvng2y4eyymbfda46y3z3uznmnjqyc4x3i,lalegault.bsky.social,Arrête Mark Carney ⚜️,"I wonder how the @thewalrus.ca will sane-wash Carney’s invocation of John A. MacDonald this time?
#cdnpoli 

macleans.ca/news/canada/...",,,,0,3,3,1,1,2026-09-08T20:43:47Z,2026-09-08T20:43:45Z,NA,NA,NA,,,,,
at://did:plc:mwagtmvsxuqlgte5iqk3fndm/app.bsky.feed.post/3muzv2e3bvc2n,bafyreiavfk5ryfjs3vy3v2von6m4zfavnutpdzhnv6hfhoxysxlm632fr4,lalegault.bsky.social,Arrête Mark Carney ⚜️,"Really good look Carney as you resume talks with the Chinese on defence: #cdnpoli 

jcri.ca/index.php/CR...",,,,0,0,1,0,0,2026-09-08T20:41:00Z,2026-09-08T20:41:00Z,NA,NA,NA,,,,,
at://did:plc:ypbo2mq6dqcct43gt2sam6el/app.bsky.feed.post/3muzuv6msnc23,bafyreibqgstw7qqdkkk6s7kctwlq5lrrxyoqkqayyrr6ylo4jewn7fyjui,ipolitics.bsky.social,iPolitics,📈 Ready to invest? #cdnpoli #ipolitics,,,,0,0,0,0,0,2026-09-08T20:38:07Z,2026-09-08T20:38:06Z,NA,NA,NA,,,,,
at://did:plc:qyxbqfambstrsawtfofn3p5h/app.bsky.feed.post/3muzusf3xb22h,bafyreid7wxko26xhhi46zgmcgkccfiily6jv57mwghi2vc6j6h2bmci5rq,just-call-me-boo.bsky.social,Boo 🇨🇦,#ViveLeCanada #Canada #BuyCanadian #Cdnpoli #BoycottUSA #BoucottTheUSA,,,,0,1,2,0,0,2026-09-08T20:36:33Z,2026-09-08T20:36:32Z,NA,NA,at://did:plc:lar2o6mnnvln22w6kgnpifli/app.bsky.feed.post/3muz7trvfoc2q,,,,,
at://did:plc:gktv6ywcopj34zpo2vqao5wi/app.bsky.feed.post/3muzurkqb7k2f,bafyreigvwbd45kxvgkhgg5w647povvghv5ivhwpfxxhoithkmi4ohobfmm,brad365.bsky.social,Brad365,"Separation making Alberta master of its destiny ‘a fiction,’ business leader says
#cdnpoli
www.cbc.ca/news/canada/...",,,,2,4,7,2,0,2026-09-08T20:36:07Z,2026-09-08T20:36:05Z,NA,NA,NA,,,,,
at://did:plc:iyyzcuc24pgchmsbjnsa3wu3/app.bsky.feed.post/3muzuk2olqc2j,bafyreifaeal2e63ppdaaodgl25qcf3l76zmbk7zk6ph2w5pwgbo2pwifui,torontokate.bsky.social,🎶 I Will Choose Freewill 🇨🇦,"""Official Condolences: Shortly after the attacks in 2001, Iran’s reformist president Mohammad Khatami and other high-ranking officials formally expressed their sympathy and strongly condemned the loss of life""

#cdnpoli #onpoli #bcpoli #abpoli #skpoli #mbpoli #polqc #nbpoli #nspoli #nlpoli #peipoli",,,,1,0,0,0,0,2026-09-08T20:31:54Z,2026-09-08T20:31:53Z,at://did:plc:iyyzcuc24pgchmsbjnsa3wu3/app.bsky.feed.post/3muztojqths2j,at://did:plc:iyyzcuc24pgchmsbjnsa3wu3/app.bsky.feed.post/3muztojqths2j,NA,,,,,
at://did:plc:abt5tpb7lqr7vopkrkwfswwq/app.bsky.feed.post/3muzuj4ntew2l,bafyreicjkbbijdxiupnrwrsds5mbbo4l64wcvyiy3i76e7f7jgzyp2kbdq,canadareport.org,Canada Report,"“Kevin Quinn: Hold Dexterra Accountable”: SEIU Local 2 holds rally outside TransLink office

Canada’s fastest news scan: 25+ headlines, no clutter, updated all day: CanadaReport.org

#cdnpoli #Canada #News #Business #Economy 
Read Original Article 🔗",,,,0,0,1,0,0,2026-09-08T20:31:22Z,NA,NA,NA,NA,,,,,
at://did:plc:mwagtmvsxuqlgte5iqk3fndm/app.bsky.feed.post/3muzufdka2s2n,bafyreiadxzk7tf5owlpteif3e5lkoxgqlvwdd6zks3vrrg5btxg72twhdu,lalegault.bsky.social,Arrête Mark Carney ⚜️,"Who did it better, Pierre Poilievre or Mark Carney? #cdnpoli 

www.tiktok.com/@chico.ca/vi...",,,,0,1,3,0,0,2026-09-08T20:29:16Z,2026-09-08T20:29:15Z,NA,NA,NA,,,,,
at://did:plc:jzaxw6upt5hwxyud7ocs4j5q/app.bsky.feed.post/3muzuc4xo3222,bafyreieulxbyg2ekfer7qpxh4rjkdcwe4mxxae2jkeokofyv4aqzqjppcq,ianmasters.bsky.social,Ian Masters🇨🇦,"PP condemned them but you still have CPC MP but hurt that the media calls the AfD ""Far right""

#cdnpoli",,,,0,1,0,0,0,2026-09-08T20:27:32Z,2026-09-08T20:27:27Z,at://did:plc:d4ertzvmylw6f6p7lyulrq7o/app.bsky.feed.post/3muztas3zd22g,at://did:plc:d4ertzvmylw6f6p7lyulrq7o/app.bsky.feed.post/3muztas3zd22g,NA,,,,,
at://did:plc:7qeaeh63caukr7xbixamq23b/app.bsky.feed.post/3muzuadhn7k2s,bafyreibzwhrto3i2bgozqltpzginr3yyqfwusabdnlsbd7362efspqhq6m,rohadi.com,Rohadi,"Another crooked seppie Con getting caught conning. #abpoli #cdnpoli

Deeply unserious people. Can you imagine supporters of this tool?",,,,0,1,0,0,0,2026-09-08T20:26:27Z,2026-09-08T20:26:27Z,NA,NA,at://did:plc:7rhrzeeiv5nfw3is5yatklvf/app.bsky.feed.post/3muzamle6kk2c,,,,,
at://did:plc:pt3474vrtb7x3bybl26sdyls/app.bsky.feed.post/3muztzy2zt22l,bafyreiftbsvdjmdnq7v2fyzwgpa6vblbe72ut2oqhy4t6yw54meivfsth4,ysjsaffar.bsky.social,Saffar,"“ #Israel said it was closing #Britain's consulate in East #Jerusalem in response to plans by the #UK, #France and #Canada to block #imports from #Israeli #settlements in the #WestBank.
#Britain will also no ‌longer participate in a #US -led coordination mission for #Gaza”
#cdnpoli #GazaGenocide",,,,0,0,1,0,0,2026-09-08T20:23:11Z,2026-09-08T20:22:53Z,NA,NA,NA,,,,,
at://did:plc:yabxgdh53vadvm4mhcwq2fbn/app.bsky.feed.post/3muzttbhe722h,bafyreidv37s64ezs7awiuj3ppa253pggxzpzwytxahg2enght6vlznosca,whatsthepointsk.bsky.social,Dr Argue,"Bombardier? Watch out Trump. 
In Cda commercially registered planes come from “Cessna (US) 33%, 12% De Havilland (Cda), Piper (US) and Beechcraft (US) each held an 8% share, while the Boeing (US) accounted for 7%. Bombardier and Airbus held a 3% to 4% share each.” #cdnpoli
www.cbc.ca/news/canada/...",,,,0,0,0,0,0,2026-09-08T20:19:11Z,2026-09-08T20:19:08Z,NA,NA,NA,,,,,
at://did:plc:sywtwkbhpdibiprqvv7epcto/app.bsky.feed.post/3muztsicci22g,bafyreigbzhwq4gebwlog3d7me232qr52egnlqiq5xyndqv6zzrjg6sfk6y,elliott4mp.bsky.social,"Derek Elliott, Libertarian","Carney claims retaliatory tariffs and billions in subsidies will build a stronger Canada. In reality, tariffs are taxes on Canadian consumers, and corporate welfare punishes working families. Canadians need lower taxes, free markets, and liberty, not state central planning.

#Libertarian #cdnpoli",,,,9,1,1,0,0,2026-09-08T20:18:50Z,2026-09-08T20:18:42Z,NA,NA,NA,,,,,
at://did:plc:ozwyeayssrmlwhtxcjzdtxgf/app.bsky.feed.post/3muztrk6pjc23,bafyreidzpefxnxmjrpz7iht7rpraamq5kantlysosrapqioio5v2wgyb5y,chezer59.bsky.social,,"Canada will reacquire nuclear weapons as a direct response to the fact that the United States can no longer be trusted.

#uspoli #usmedia #msnow #cdnpoli #cdnmedia",,,,0,0,0,0,0,2026-09-08T20:18:11Z,2026-09-08T20:18:10Z,NA,NA,NA,,,,,
at://did:plc:iyyzcuc24pgchmsbjnsa3wu3/app.bsky.feed.post/3muztojqths2j,bafyreifudhl7oq2vnwe7pm7ovdm7qqnfozw6k2gcgfu7werguh5ihycj6e,torontokate.bsky.social,🎶 I Will Choose Freewill 🇨🇦,"""America lost 2,977 innocent Americans on 9/11.

This is how Palestinians reacted on that day.""

News report on the day after September 11, 2001
25 years ago. Where were you?

#cdnpoli #onpoli #bcpoli #abpoli #skpoli #mbpoli #polqc #nbpoli #nspoli #nlpoli #peipoli #CanadaSky #",,,,2,0,0,0,0,2026-09-08T20:16:32Z,2026-09-08T20:16:29Z,NA,NA,NA,,,,,
at://did:plc:ampls4hp7ogzrwn3hxenbkqj/app.bsky.feed.post/3muztk76vq22o,bafyreifesvw3arzwpv652d3av73ldyi7aaisyby56bm6navm5ervrrxw5e,cfax1070.bsky.social,CFAX 1070,"Get in the loop on local current affairs with @adam-stirling.bsky.social, including the latest on proposed DCCs for water supply in the CRD. Plus, political messaging from #cdnpoli leaders as the trade war ramps up. #yyj #BCpoli

Hour one: 
www.iheart.com/podcast/962-...",,,,0,0,0,0,0,2026-09-08T20:14:05Z,2026-09-08T20:14:04Z,NA,NA,NA,,,,,
at://did:plc:ig6dnt4tqgg7iwwtywx3bkvd/app.bsky.feed.post/3muztekajqc22,bafyreifneyaxk2gesgfgt6ckccssjjcs5uwq3cxva4wg3efcggvjnu7umm,robduncan.bsky.social,Rob Duncan,"Child poverty is a policy choice AMONG OTHER POSSIBLE policy choices.

#auspol #USPOL #USA #us #uspoli #poli #politics #cdnpoli #canada #MeidasMighty #SocialJustice #LongerTables #DemocraticSocialist #Socialist #socialism #LeftIsBest #ClassConsciousness #FalseConsciousness #HumanRights",,,,1,8,12,1,0,2026-09-08T20:10:56Z,2026-09-08T20:10:54Z,NA,NA,NA,,,,,
at://did:plc:ig6dnt4tqgg7iwwtywx3bkvd/app.bsky.feed.post/3muzt7spis222,bafyreibehpbvgej2ksnb43csalbcqjyw5xzbhcol2eob72kifu7dgwrqyu,robduncan.bsky.social,Rob Duncan,#inequality #auspol #USPOL #USA #us #uspoli #poli #politics #cdnpoli #canada #MeidasMighty #america #anticapitalist #capitalismkills #capitalism #abolishcapitalism #SocialJustice #ClassConsciousness #FalseConsciousness,,,,1,16,36,0,0,2026-09-08T20:08:18Z,2026-09-08T20:08:15Z,NA,NA,NA,,,,,
at://did:plc:deej5pakczvmljahhvrridlp/app.bsky.feed.post/3muzt4njogs2o,bafyreicasko5s47heck7lzrcuhxljxvkjsyxnbm7g5drm5j4nbum577zvy,pat112.bsky.social,Pat,"'Democracy is on life support' in the U.S.

 and the prognosis is not good,

as the disease was allowed to metastasize 

#Cdnpoli #Uspoli 

www.youtube.com/watch?v=VSOI...",,,,0,0,0,0,0,2026-09-08T20:06:32Z,2026-09-08T20:06:29Z,NA,NA,NA,,,,,
at://did:plc:ig6dnt4tqgg7iwwtywx3bkvd/app.bsky.feed.post/3muzsyxkbws22,bafyreibyll7mbim557sq4sylhshrthlbjojfzdqfjltalhogwwmnelf4ba,robduncan.bsky.social,Rob Duncan,"""They would replace you with a machine in a minute if they could.""

#inequality #auspol #USPOL #USA #us #uspoli #poli #politics #cdnpoli #canada #MeidasMighty #america #anticapitalist #capitalismkills #capitalism #abolishcapitalism #SocialJustice #ClassConsciousness #FalseConsciousness",,,,1,6,13,0,0,2026-09-08T20:04:28Z,2026-09-08T20:04:26Z,NA,NA,NA,,,,,
at://did:plc:abt5tpb7lqr7vopkrkwfswwq/app.bsky.feed.post/3muzstc4omd2r,bafyreic6umhaouxsuv5if7zxruy4ozdxsbbrzgptfk6eyrfufdrguezp5e,canadareport.org,Canada Report,"OpenText, MDA Space among execs who joined Prime Minister’s trade meeting

Canada’s fastest news scan: 25+ headlines, no clutter, updated all day: CanadaReport.org

#cdnpoli #Canada #News #Tech #AI 
Read Original Article 🔗",,,,0,0,0,0,0,2026-09-08T20:01:15Z,NA,NA,NA,NA,,,,,
at://did:plc:ig6dnt4tqgg7iwwtywx3bkvd/app.bsky.feed.post/3muzsrt3nj222,bafyreidci6uuzooztqqhblj724qni6ypxahuthe7gn7vzxnuxu4qs6eirq,robduncan.bsky.social,Rob Duncan,#ClimateEmergency #Renewables #auspol #USPOL #USA #us #uspoli #poli #politics #cdnpoli #canada #MeidasMighty #america  #Ethics #ClimateJustice #bcpoli #abpoli #Klimapolitik #ClimateActionNow #ClimateChange #Climate #Ecosocialism #environment #Nature #BCClimateAction #capitalism #FalseConsciousness,,,,0,3,24,0,0,2026-09-08T20:00:29Z,2026-09-08T20:00:26Z,NA,NA,NA,,,,,
at://did:plc:q5zroikqfmpsiaab34af7xom/app.bsky.feed.post/3muzsrg2ktc2v,bafyreihcumgkkm6ggqvo47ne342uzfyirdxcey3i35puz6zecl4qm7amve,ryanjespersen.bsky.social,Ryan Jespersen,"""What's the actual cost to Canadians?"" Canada is fighting back against Trump’s tariffs, but what does escalating the trade war actually mean for Canadians? @supriya.bsky.social breaks it down...

👀 FULL: rtrj.info/090826Supriya

🎧 FULL: rtrj.info/090826 #cdnpoli #Trump #RealTalkRJ",,,,1,1,4,0,2,2026-09-08T20:00:16Z,2026-09-08T20:00:12Z,NA,NA,NA,,,,,
at://did:plc:iyyzcuc24pgchmsbjnsa3wu3/app.bsky.feed.post/3muzsqxqjm22j,bafyreig6yrruaz6h6x4cdhwo3nrypd5a5o6w6odcom754u5pdzw5fguwoa,torontokate.bsky.social,🎶 I Will Choose Freewill 🇨🇦,"""There is now an entire generation alive which doesn’t have its own memories of 9/11

This video is for them. It shows what it looked like when Islamist terrorism arrived in the USA

Never forget…""

#cdnpoli #onpoli #bcpoli #abpoli #skpoli #mbpoli #polqc #nbpoli #nspoli #nlpoli #peipoli",,,,2,2,4,0,0,2026-09-08T19:59:59Z,2026-09-08T19:59:57Z,NA,NA,NA,,,,,
at://did:plc:42qbbzen5o6ggsqvvhvp2jnv/app.bsky.feed.post/3muzsmmnmvc23,bafyreia4rzoog5nidlqchetl65hqrpygznsw6r5rywynlm3xiyj2ygghxq,vdogg333.bsky.social,Vdogg333,youtu.be/O7cI9YvT3WQ?... #cdnpoli #polqc #Vancouver #bcpoli #vanpoli #onpoli #topoli #Montreal #Toronto #Calgary #Edmonton #abpoli #ableg #SurreyBC #Brampton #USA #NYC #California #Texas #Iran #India,,,,0,1,1,0,0,2026-09-08T19:57:33Z,2026-09-08T19:57:31Z,NA,NA,NA,,,,,
at://did:plc:istu2catmtwuynu7jlh6buzl/app.bsky.feed.post/3muzsmk67us27,bafyreigh65uf35seaiqpvu2rq3n3jea7ouvovbrktcr3uqk62uv7z5r4m4,elcanaco.bsky.social,elcanaco.bsky.social,"Let's check in on the Fascist States of America..

Their soccer league is spending $$$ on players.

More importantly, Canada has its own men's pro league (Canadian Premier League) and Canadians should support it.

#BoycottUSA #CanPL #cdnpoli #vanisland #vanpoli #yyc #hamont #topoli #ottawa #mtl #hfx",,,,0,0,2,0,0,2026-09-08T19:57:30Z,2026-09-08T19:57:29Z,NA,NA,NA,,,,,
at://did:plc:mwagtmvsxuqlgte5iqk3fndm/app.bsky.feed.post/3muzsis3g5k2n,bafyreigbmlcxjvhwxfamp3iv5qx62u2fbwl5sg2ddnovm2h3km4fg2ziwe,lalegault.bsky.social,Arrête Mark Carney ⚜️,The Health Minister has not contacted Alberta to date to enforce the Canada 🇨🇦 health Act. Universal healthcare will be privatized within the decade. Carney has invited private healthcare CEOs to Toronto this weekend for his auction. Wake up Canada #cdnpoli,,,,1,4,7,0,0,2026-09-08T19:55:23Z,2026-09-08T19:55:23Z,NA,NA,NA,,,,,
at://did:plc:eaeuyrvdlqvjgznelgcdimct/app.bsky.feed.post/3muzsgspfo22s,bafyreid3iiqsx5cc7xo5z3v7esjbyyjzxifaldvixuoajqkstecuik2sue,madhat59kenwood.bsky.social,Ken Wood part owner of 🇨🇦,OMG. This should be against the law. Its murder IMO but at least providing harm to a perso n and they should be charged. Its up to parents to protect their children until those children can make their own decisions. #cdnpoli,,,,0,0,0,0,0,2026-09-08T19:54:17Z,2026-09-08T19:54:16Z,NA,NA,at://did:plc:flwgfsh2mhpoqwjwwt2mesjv/app.bsky.feed.post/3muzpsvw5zs2z,,,,,
at://did:plc:4fjmxufbitdnuprsp4av2fjg/app.bsky.feed.post/3muzsbcftfc2u,bafyreigmejf6bqgtttf6xk3m6yanawyo345fzudjybvuqrjzoexd3hvzwi,jstewgie.bsky.social,Jen Stewart,How the fuck is this real life? Also: NOT sorry! #CdnPoli #BCPoli,,,,3,1,7,0,0,2026-09-08T19:51:12Z,2026-09-08T19:51:12Z,NA,NA,at://did:plc:4qptbq6bxj4pc7bzwsh4exw5/app.bsky.feed.post/3muzrenstls2b,,,,,
at://did:plc:eaeuyrvdlqvjgznelgcdimct/app.bsky.feed.post/3muzs7lrk3c2s,bafyreihkw6ubdjgcw4r7vvdmoter4lxznjudwsfarft3qwqs3uedqgh6te,madhat59kenwood.bsky.social,Ken Wood part owner of 🇨🇦,Yeap doom and gloom is what MSM love. Same group who decades ago and still now telling us we just have to have #NAFTA without the sky will fall. 🤦 its like just what side are they truly on. Seems not on the average 🇨🇦s side. #cdnpoli,,,,0,3,8,0,0,2026-09-08T19:50:14Z,2026-09-08T19:50:14Z,NA,NA,at://did:plc:vawapk7zkgxwjdxmfg5tmndd/app.bsky.feed.post/3muzroicqjc2b,,,,,
at://did:plc:eaeuyrvdlqvjgznelgcdimct/app.bsky.feed.post/3muzrygsib22s,bafyreig24ir2mosb6ax5xg5iscyez36iilxw7l5xghtdmm4xzr7ekknnie,madhat59kenwood.bsky.social,Ken Wood part owner of 🇨🇦,👍🇨🇦💪 #cdnpoli,,,,0,0,0,0,0,2026-09-08T19:46:14Z,2026-09-08T19:46:14Z,NA,NA,at://did:plc:3l6h5tayy6vycige2igmorv4/app.bsky.feed.post/3muzmlqdplc2q,,,,,
at://did:plc:vp7jssxwj3mbcuisc5f3gest/app.bsky.feed.post/3muzrwxhpm22z,bafyreic6a2wufqr3peoe6gfw53anefh4jlxzhq6njjdj7bn5ilvsq6wf3u,kengray20.bsky.social,Ken Gray (Ottawa's Bulldog Website),Canadians Back Carney On Tariffs: POLL bulldogottawa.com/canadians-ba... #ottawa #ottnews #ottcity #cdnpoli,,,,0,1,1,0,0,2026-09-08T19:45:27Z,2026-09-08T19:45:25Z,NA,NA,NA,,,,,
at://did:plc:deej5pakczvmljahhvrridlp/app.bsky.feed.post/3muzrohlq6s2o,bafyreicugmblabtidl47m4vaydt2rmhctrxvukjowvh5ux4sjdvnnxfldy,pat112.bsky.social,Pat,"Karoline Leavitt says goodbye! | This Hour Has 22 Minutes

#Cdnpoli #Uspoli 
www.youtube.com/watch?v=s5DV...",,,,0,0,1,0,1,2026-09-08T19:40:41Z,2026-09-08T19:40:40Z,NA,NA,NA,,,,,
at://did:plc:re7tflvczjceanwkco2bseqb/app.bsky.feed.post/3muzrmnz7as2f,bafyreifilee6ijkguvrwqkgr57esgvyfdq5r2xvcudx557sedyamagtwum,bella-andme.bsky.social,Sherry Lee,"Hearing Premier Eby, during a press conference this  afternoon, call Trump “unhinged” & that his behaviour is “bizarre” is refreshing. 

There’s no point & nothing to be gained by tiptoeing around what is evident & obvious. Especially when that person is attacking Canada & our sovereignty.

#cdnpoli",,,,1,0,3,0,0,2026-09-08T19:39:40Z,2026-09-08T19:39:39Z,NA,NA,NA,,,,,
at://did:plc:qkwj4hstt5ez4jecdqjpcly2/app.bsky.feed.post/3muzrjegj3k2x,bafyreiels6mzqghdldjfvqzg4fyp4en4ei3mnlc3bpss4xfqvrq3ony7lq,quoimedia.bsky.social,QUOI Media 🇨🇦,"New polling, commissioned by Nature Canada and conducted by EKOS, shows strong support among Canadians for protecting nature and endangered species while building the economy.

Canadians soundly reject the notion that they must sacrifice conservation protections for economic development

#cdnpoli",,,,0,1,0,0,0,2026-09-08T19:37:48Z,2026-09-08T19:37:48Z,at://did:plc:qkwj4hstt5ez4jecdqjpcly2/app.bsky.feed.post/3muzrjdvj5c2x,at://did:plc:qkwj4hstt5ez4jecdqjpcly2/app.bsky.feed.post/3muzrjdvj5c2x,NA,,,,,
at://did:plc:qkwj4hstt5ez4jecdqjpcly2/app.bsky.feed.post/3muzrjdvj5c2x,bafyreibkg5ssvucj5mnjjui4epb3cspi6lda5llad5flq35syfdwtllv5y,quoimedia.bsky.social,QUOI Media 🇨🇦,"Canadians do not want to sacrifice nature for development say Emily McMillan and @maharaj.org of @naturecanada.bsky.social 

Read our client op-ed in the Winnipeg Free Press:

www.winnipegfreepress.com/opinion/anal...

#cdnpoli #nature #majorprojects #environment",,,,1,2,3,0,0,2026-09-08T19:37:48Z,2026-09-08T19:37:48Z,NA,NA,NA,,,,,
at://did:plc:fuak6asmyzr6r34f6er6z4ju/app.bsky.feed.post/3muzr5tq3bs22,bafyreifoxvqgnhjmwq2mbfg7pfdjyvbodmacnlpqwusw7qzkriz7h5riw4,jansplanet.bsky.social,Janet 🇨🇦,"Bill Haidck, President of the Alberta Surface Rights Federation:
“I never thought that I, as a ranch(er), would be here next to an environmental charity taking on the provincial um government's energy regulator, taking them to court. But I'm here …” 
#AER #DoTheWork #Law #AbPoli #CdnPoli",,,,0,5,6,1,0,2026-09-08T19:31:23Z,2026-09-08T19:31:22Z,NA,NA,at://did:plc:fuak6asmyzr6r34f6er6z4ju/app.bsky.feed.post/3muzo53iw3c2p,,,,,
at://did:plc:abt5tpb7lqr7vopkrkwfswwq/app.bsky.feed.post/3muzr5owqwq2c,bafyreib2tobaiighfmb24jzhd4b5kdonqaora4x5jksdcptymxrrqn7fu4,canadareport.org,Canada Report,"New North American Research to Reveal How Sustainability Professionals Are Navigating Uncertainty

Canada’s fastest news scan: 25+ headlines, no clutter, updated all day: CanadaReport.org

#cdnpoli #Canada #News #Business #Economy 
Read Original Article 🔗",,,,0,0,1,0,0,2026-09-08T19:31:17Z,NA,NA,NA,NA,,,,,
at://did:plc:zftffti3hfudvdawqv53arqn/app.bsky.feed.post/3muzqm7mxk22u,bafyreiauentovyhih7rcplisiwixnllrmgpya2ukolfqm4owbm4oizlxzu,runchinguyenrun.bsky.social,Chi Nguyen,"I joined the 77th annual Air Show here in Spadina—Harbourfront, and see the Snowbirds in action for one of their final performances before the CT-114 aircraft is retired.

#cdnpoli #MPChiNguyen #SpadinaHarbourfront",,,,0,0,0,0,0,2026-09-08T19:21:31Z,2026-09-08T19:21:30Z,at://did:plc:zftffti3hfudvdawqv53arqn/app.bsky.feed.post/3muzqlxvpgk2u,at://did:plc:zftffti3hfudvdawqv53arqn/app.bsky.feed.post/3muzqlxvpgk2u,NA,,,,,
at://did:plc:643nfj64adt3sd6lil4l4eqt/app.bsky.feed.post/3muzqkgnwms24,bafyreifq6ajgvkfh6bijqcwnhbzzepdz5vjgohe7pi45i74bahxpp3lnfy,deanbeeby.bsky.social,Dean Beeby,The indefatigable Matt Malone has a new book on FOI and secrecy. ottawacitizen.com/public-servi...  #cdnfoi #cdnpoli,,,,0,0,1,0,0,2026-09-08T19:20:38Z,2026-09-08T19:20:31Z,NA,NA,NA,,,,,
at://did:plc:r2qm5vzmsns46l4n6e6rjh2a/app.bsky.feed.post/3muzqjlngks2o,bafyreickrpkqika5zae3lwr5evumipobfoisabdjdfhxjc3srfjedcxxce,brucedc77.bsky.social,Bruce D. Cowherd   🇨🇦,"Canada's Prime Minister Mark Carney Master Plan. 🇨🇦
Washington Panics.
#cdnpoli #Canada #CanadaSky #TeamCanada #CanadaProud #CanadaStrong 
#TeamCarney 
#ElbowsUpCanada 🍁",,,,0,3,4,0,0,2026-09-08T19:20:05Z,2026-09-08T19:20:02Z,NA,NA,NA,,,,,
at://did:plc:52x4hgh43acag3ecs2qi57tr/app.bsky.feed.post/3muzqgos6ic2u,bafyreiem2x2fh3oiok23pesqn7em53pwykyfhvh3rsljkgryhqsyjathhy,albertagirl67.bsky.social,albertagirl67 🇨🇦🇺🇦👊🐧🔥,#abpoli #cdnpoli Idk. Did not have multi million $ scams as a path to diversifying Alberta's economy on my bingo card.,,,,0,0,1,0,0,2026-09-08T19:18:25Z,2026-09-08T19:18:25Z,NA,NA,at://did:plc:7rhrzeeiv5nfw3is5yatklvf/app.bsky.feed.post/3muziagxafc27,,,,,
at://did:plc:dgqy3ilac6mklabi55uaabyi/app.bsky.feed.post/3muzqdecfns2a,bafyreigmni7oo7mdvyb2jcv4rswyiiuisqpwfgmsst5xeizp263xzfw5be,stribeprogblog.bsky.social,"Scott Tribe -A proud ""Ketchup Chip Nationalist"" member","PM Carney has been busy.. First an imminent new arrangement with the EU, and now an imminent trade deal with New Zealand.
#cdnpoli #Canada #NZ #NewZealand

www.canzukinternational.com/2026/09/new-...",,,,1,1,2,0,0,2026-09-08T19:16:34Z,2026-09-08T19:16:33Z,NA,NA,NA,,,,,
at://did:plc:d4pjo6ehblrviy625go6uodj/app.bsky.feed.post/3muzqbb7aoc2h,bafyreicrlut2kkllqok3stjq6mnzewpuofrfoy4qrdprfvrs7ww4o7sy7a,tindizzy.bsky.social,Dizzy ★,#CanPoli #CdnPoli,,,,1,3,4,0,0,2026-09-08T19:15:23Z,2026-09-08T19:15:23Z,NA,NA,at://did:plc:muw5gsnsqef3ezjrqyqhkye5/app.bsky.feed.post/3muzizzfahs2h,,,,,
at://did:plc:iz7v2bzkgu2vyll5fmherlh5/app.bsky.feed.post/3muzqajvy222i,bafyreieqj5ucmxg4qheanvl3c4dn3xmzjkmocvrdd6hw7tyje5ubu4e2lm,lilacfire.bsky.social,LilacsFire,"Proud have always read labels, bought #Canadian even before this. Support #Canada business, jobs, economy that covers our healthcare etc. Sometimes it's a $1 dollar or so more But the Quality is worth it. #ShopLocal #buycanadian  #buycanadianmade #MadeInCanada
 #ForeverCanadian #cdnpoli #BoycottUS",,,,0,0,3,1,0,2026-09-08T19:15:01Z,2026-09-08T19:14:58Z,at://did:plc:3l6h5tayy6vycige2igmorv4/app.bsky.feed.post/3muzfz6s2nk2n,at://did:plc:3l6h5tayy6vycige2igmorv4/app.bsky.feed.post/3muzfz6s2nk2n,NA,,,,,
at://did:plc:lanvmgthztbuwa3ieqcrzsys/app.bsky.feed.post/3muzq5epbek2w,bafyreidamcpi33whnqfkvw66dusqroybqz4marnccnacanvfipy7zaxzyi,hab3261.bsky.social,Hazel B. 🇨🇦,"Hello Canada and Alberta, this is how I voted in the October referendum. I voted by special ballot (mail-in).

specialballot.elections.ab.ca/index/8400
(Image made in Photoshop, feel free to reuse)
 #abpoli #cdnpoli #ableg",,,,1,10,30,0,0,2026-09-08T19:13:14Z,2026-09-08T19:13:12Z,NA,NA,NA,,,,,
at://did:plc:x2fori67bggzcj2a6c7sj6ur/app.bsky.feed.post/3muzq3ll3g22o,bafyreiepxkqt3kzj4m23kl7vn2arvf7r53tn6mrb4lwkjgl6vkozii4wwa,jimmydp01.bsky.social,James David Payne,"#Gaza #Palestine 
#Cdnpoli #BCPoli",,,,0,1,0,0,0,2026-09-08T19:12:24Z,2026-09-08T19:12:12Z,NA,NA,NA,,,,,
at://did:plc:w7yhpanniwt2sweiorkvec7j/app.bsky.feed.post/3muzpyvsgcs24,bafyreiflp7g5qo5bsmndf4hzzppc3gcfginshoncjtswqzlnnee4mmvmxa,luciecatnip.bsky.social,Lucie🐈‍⬛Catnip ,"I hope that majority of Americans cheering for Canada send an undeniably strong message to the Republicans in November. 

We need some action.

#cdnpoli",,,,0,2,8,0,0,2026-09-08T19:10:43Z,2026-09-08T19:10:42Z,NA,NA,at://did:plc:4kshoaytrzhgsziro6ywozul/app.bsky.feed.post/3muzphmda5b2x,,,,,
at://did:plc:s5lwa7df2icjlph5lpapx7j5/app.bsky.feed.post/3muzpyf7c7s2j,bafyreib324nrqddzkmfoclks6pte754xsnno4pkxc6r77vupv7k2xw6cx4,dougat.bsky.social,Doug Trevors 🇨🇦,"This is Grade 10 Civics stuff:

Capitalism: ANYBODY can be rich.

Communism: NOBODY can be rich.

Socialism: ANYBODY can be rich, but NOBODY should be poor.

Socialism ensures that those who need help can get it and don’t get left to starve, or freeze, or die for lack of medicine.

#uspoli #cdnpoli",,,,0,0,1,0,0,2026-09-08T19:10:25Z,2026-09-08T19:10:25Z,NA,NA,at://did:plc:thyvqihacq43gfarxyp4lboj/app.bsky.feed.post/3muznmvybnk2f,,,,,
at://did:plc:z7uq5fy7wosk7uzvul7mhyyl/app.bsky.feed.post/3muzpxukblc27,bafyreifjqpbfgydzmcxvtg2oqdu7mi64eg7rql3wuilb5xxokifxk4zxyu,mamadoubleyoo.bsky.social,Mama Doubleyoo 🍁🇨🇦 #NastyCanadianWoman🏒💪,"🚨🆘🚨PM @mark-carney.bsky.social Provincial & First Nations permission granted??!! Chopping down majestic ancient trees like this is a Canadian tragedy! We must not allow corporations to destroy Canada's & Mother Nature 's magnificence!!! IMHO this is #Criminal!!! 
#CdnPoli #BCPoli #SHAME!!!",,,,0,0,2,0,0,2026-09-08T19:10:10Z,2026-09-08T19:10:08Z,NA,NA,at://did:plc:fw3wkjxovddcmdutgycc7zyu/app.bsky.feed.post/3muzboiru3s2t,,,,,
at://did:plc:52x4hgh43acag3ecs2qi57tr/app.bsky.feed.post/3muzptkecnk2u,bafyreidkbuseyxiljbdqgjiaonjpf6eyo7uq3pyepc2vot5head55w3zsm,albertagirl67.bsky.social,albertagirl67 🇨🇦🇺🇦👊🐧🔥,#abpoli #cdnpoli Got mail-in pkg of 10 ballots today for Danielle's $130+mill pandering to the MAGA Heritage Foundation Evangelicals. On principle voting NO on first nine questions despite the attempt to appeal to some legit issues. They're #UCP fuckups. Not giving them permission for anything.,,,,0,0,5,0,0,2026-09-08T19:07:43Z,2026-09-08T19:07:43Z,NA,NA,NA,,,,,
at://did:plc:abt5tpb7lqr7vopkrkwfswwq/app.bsky.feed.post/3muzppaxhsr2f,bafyreia5dcpe47q67i3rfvhi6iyle7qqmh5rnbo2264lxd6ftu46czouta,canadareport.org,Canada Report,"🇨🇦 PM Briefing — Sep 08  
Economic challenges loom as tariffs hit Canada.  
• Rising costs may spark inflation.  
• BC's Premier Eby to address trade impacts.  
Learn more: http...

Read: canadareport.org/briefing-2026-09-08-afternoon.html
#cdnpoli",,,,0,0,1,0,0,2026-09-08T19:05:19Z,NA,NA,NA,NA,,,,,
at://did:plc:ypbo2mq6dqcct43gt2sam6el/app.bsky.feed.post/3muzpn3a2vu22,bafyreidzcy5aygjkvrflwjcru2wy6xmpxmj3hr64ddsmihtfngkaqnmqoa,ipolitics.bsky.social,iPolitics,"Online harms now top threat to Canadian children, new report says #cdnpoli #ipolitics",,,,0,0,0,0,0,2026-09-08T19:04:06Z,2026-09-08T19:04:05Z,NA,NA,NA,,,,,
at://did:plc:jw3ocg24thye7i5sjjhia62e/app.bsky.feed.post/3muzpfasbq224,bafyreieliljpevy762s7u7sksc6wc3kdjqjojsbgr7udqwn3kypgiqr2wi,markhamhislop.bsky.social,Markham Hislop,"Alberta's Record Oil Profits, Falling Worker Pay

Budget tight? Less money for family activities?

Alberta wages have been falling for 12 years, says economist @Jim Stanford.

Eye-opening data!
#abpoli #ableg #cdnpoli 
#ShowYourMath
youtu.be/O7cI9YvT3WQ",,,,1,17,19,1,2,2026-09-08T18:59:44Z,2026-09-08T18:59:43Z,NA,NA,NA,,,,,
at://did:plc:ifi6xqgbojwquosnkvzx3gna/app.bsky.feed.post/3muzpfasens2q,bafyreifwebwj5zbifomh4x4ca2rsbk2ifxpp6ibskils7iivuh5bylwhay,leftcoasttreefrog.bsky.social,Left Coast Tree Frog 🕊️,"CNN National Security Analyst Slams Jared Kushner Over Ukraine Proposal: 'Absolutely Abhorrent'.
Alex Plitsas also laid into U.S. special envoy Steve Witkoff for thanking Russian President Vladimir Putin for “all these incredible stories” they’ll have.
#cdnpoli
www.huffpost.com/entry/cnn-al...",,,,0,1,2,0,0,2026-09-08T18:59:44Z,2026-09-08T18:59:43Z,NA,NA,NA,,,,,
at://did:plc:bke6jjgklvnkfrnv5av47wbt/app.bsky.feed.post/3muzpemd6tk2x,bafyreie4qunhj37fb2ej7hqqahuvedfcisig3u3qzdmpkpfxn5on7buhvm,augustina.bsky.social,Augustina,"#ElbowsUp
#WeAreCanadians
#BuyCanadian

We’ve been here before. It only made us more unified and created Canada. Let’s become Canada on steroids. 

#SupportCanadianBusinesses
Especially Ma and Pa shops. 

#SupportCanadianArtists

#cdnpoli

☮️out.",,,,0,0,2,0,0,2026-09-08T18:59:22Z,2026-09-08T18:59:21Z,NA,NA,at://did:plc:fc2lcla5v53m5lhtahfhclij/app.bsky.feed.post/3muznwvhyjo2c,,,,,
at://did:plc:rn4mmstrs3ddbdynnkiywyee/app.bsky.feed.post/3muzpadbba22f,bafyreiblsah44tq3jsp5aekk4t6vbtgsvmxyejtvaray3euzzthxektnpq,veloveritas.bsky.social,Dan 🇨🇦,"Out of a population of ~350 million, the  United States coughed up Trump as its guy? How the fück do you do that? 

The US - in its present form - is dead to me. Living an hour away from the border is like living above a meth lab. 

I won't cross; not even to visit family. #CDNPoli",,,,0,4,14,0,0,2026-09-08T18:56:57Z,2026-09-08T18:56:58Z,at://did:plc:xyddpg6usmgh2t2jgf4e37yk/app.bsky.feed.post/3muzn4uynts2q,at://did:plc:xyddpg6usmgh2t2jgf4e37yk/app.bsky.feed.post/3muzn4uynts2q,NA,,,,,
at://did:plc:ifi6xqgbojwquosnkvzx3gna/app.bsky.feed.post/3muzp72h5dc2q,bafyreiekuaheg7zpddl53ebntyxizv5ljsbq2o2vnrl6tznlico4hcf5xu,leftcoasttreefrog.bsky.social,Left Coast Tree Frog 🕊️,"UAE Warned Netanyahu Of Major Hamas Operation Days Before Oct. 7 Attack, News Report Says.
Mohammed bin Zayed spoke with Benjamin Netanyahu 10 days before the attack, the Haaretz daily said.
#cdnpoli
www.huffpost.com/entry/uae-wa...",,,,0,1,2,0,0,2026-09-08T18:56:17Z,2026-09-08T18:56:15Z,NA,NA,NA,,,,,
at://did:plc:deej5pakczvmljahhvrridlp/app.bsky.feed.post/3muzowoo7bk2b,bafyreicnmxc4mvcd6vbjix4c7defhuzuswe3zsl33hltscz5wpre2s4jjm,pat112.bsky.social,Pat,"Can't get your head above water? Hard to breathe ? 

Feel the weight of bloated TrumpFlation? 

There is a Class War in North America 

with bloated Maga Billionaires attacking Americans and Canadians alike,

so we have shared goals and a shared enemy .

#Cdnpoli #Uspoli",,,,0,2,10,0,0,2026-09-08T18:51:36Z,2026-09-08T18:51:34Z,NA,NA,NA,,,,,
at://did:plc:ifi6xqgbojwquosnkvzx3gna/app.bsky.feed.post/3muzosllwi224,bafyreibeywdtxa3rs64euwrdprxne6aquufr65axzc664gjyyp6bgaiav4,leftcoasttreefrog.bsky.social,Left Coast Tree Frog 🕊️,"UK to force Apple and Google to block explicit images on children’s smartphones.
Lisa Nandy says government will introduce legislation after talks end without breakthrough.
#cdnpoli
www.theguardian.com/technology/2...",,,,1,3,5,0,1,2026-09-08T18:49:19Z,2026-09-08T18:49:17Z,NA,NA,NA,,,,,
at://did:plc:cjrwdw6t7pvgzle3fpmy7bkr/app.bsky.feed.post/3muzoqdvsek23,bafyreig7b5mnoz7unvx4lyzuqg52a3zopjwuxku26nerthoxpvi3dymazu,ladyoftheisle.bsky.social,Robyn 🍁,"“It’s the Conservatives who imported America’s culture war, and take cues from the Trump political playbook. It’s the Conservatives who used ‘foreign interference’ for political gain, exploiting the racism they claim doesn’t exist in our society.”

#CDNpoli #NeverConservative #NeverPoillievre",,,,0,1,7,0,0,2026-09-08T18:48:02Z,2026-09-08T18:48:02Z,NA,NA,at://did:plc:6hnkpvshsxjgot5figjyardd/app.bsky.feed.post/3muzdgc7t7c2e,,,,,
at://did:plc:deej5pakczvmljahhvrridlp/app.bsky.feed.post/3muzoeya35c2b,bafyreieahnkxlsf2fmzlq44q6vqnttykwh7gxvwzwgrmthlipr6kqahtia,pat112.bsky.social,Pat,"The Trump Burger

#Cdnpoli #Uspoli",,,,0,1,3,0,0,2026-09-08T18:41:43Z,2026-09-08T18:41:40Z,NA,NA,NA,,,,,
at://did:plc:zfw2o4gfcahciaylo76rmzxa/app.bsky.feed.post/3muzoeq6f2c2o,bafyreictvwnkc4cgvemo7fjpjgpojbirfluy2hjfmu55krthnbbwh3cxay,liammci.bsky.social,LiamMcIntosh He/Him 🏳️‍🌈🇵🇸,I feel like I’m going out of my mind someday when I tell people Carney is the most right wing Prime Minister in almost a century and people say “Nuh Uh!” just because he chose to be with the Liberal Party. #cdnpoli,,,,0,1,8,0,0,2026-09-08T18:41:32Z,2026-09-08T18:41:32Z,NA,NA,at://did:plc:4yb2pjejfziah3eork7stm6j/app.bsky.feed.post/3muzikg7yw222,,,,,
at://did:plc:fuak6asmyzr6r34f6er6z4ju/app.bsky.feed.post/3muzo53iw3c2p,bafyreifrxpezdz3ntloadetvcjmr5ap3jifbcpoo3k7ga75wbsxgnmzkdi,jansplanet.bsky.social,Janet 🇨🇦,"The law is the #PolluterPays
Albertans are being victimized by the Petroleum industry & the AER.
#Orphaned Infrastructure is growing, as are the risks. We might get some transparency & respite because of this legal action.
#AbPoli #AER #FailingPetrostate #IndustryCaputuredRegulator
#Climate #cdnPoli",,,,1,10,16,1,0,2026-09-08T18:37:17Z,2026-09-08T18:37:15Z,NA,NA,NA,,,,,
at://did:plc:zfw2o4gfcahciaylo76rmzxa/app.bsky.feed.post/3muznxxvb2s2o,bafyreiegi7ugrgwizall3rbvcydiwa4eqfylgbqb7725ddffprlurltbfq,liammci.bsky.social,LiamMcIntosh He/Him 🏳️‍🌈🇵🇸,"Can we just not use the fascist run planet killing machine for lols? Regardless of context, you’re still helping the American tech industry by indulging in this crap. #cdnpoli",,,,0,0,1,0,0,2026-09-08T18:34:24Z,2026-09-08T18:34:24Z,NA,NA,at://did:plc:honmmb2tyrmy7hylnqcjnahe/app.bsky.feed.post/3muxzybp4uc2m,,,,,
at://did:plc:pedpziwws5vkocuq76mokn7c/app.bsky.feed.post/3muznxwv3rc2a,bafyreihgg4ip52vdyylegzfgotvbymgr3vipgpnbab53537psi7o42ocjm,deepgreendesign.bsky.social,Deep Green Design,"If you deny the scientific theory of evolution and support the incredible work of RFK Jr, weekends at Noah’s Ark Park are now 50% off for kids & groups over 10.

Say Mike Johnson sent you & get 10 minutes free in the Jesus Ball Room.

#Measles #VaccinesWork #Project2025 #PublicSafety #CdnPoli",,,,0,0,0,0,0,2026-09-08T18:34:23Z,2026-09-08T18:34:23Z,NA,NA,at://did:plc:xzlvsk4ty7ecwigbjpxah6yb/app.bsky.feed.post/3mbifty64go2m,,,,,
at://did:plc:zfw2o4gfcahciaylo76rmzxa/app.bsky.feed.post/3muzntcff3c2o,bafyreienreeaw4txtag34xlgxcjuczjjf3vzloz7mgj66mces73i3wylqi,liammci.bsky.social,LiamMcIntosh He/Him 🏳️‍🌈🇵🇸,"Adversity under capitalism is a funny thing because only people who are upper class enough to comfortably survive that adversity, talk about it like it’s a good thing. #cdnpoli",,,,1,2,2,0,0,2026-09-08T18:31:47Z,2026-09-08T18:31:47Z,NA,NA,at://did:plc:kx375dszrbvqtu7o4xxxmojn/app.bsky.feed.post/3muz4jceqvc2s,,,,,
at://did:plc:udw2qvwsyorfu77cutdqe6tn/app.bsky.feed.post/3muznsnlmfc2z,bafyreiardodv7f675qd3wcsdfw67ftqneq2saci5cprtjmm5spyoy72cl4,blakechedore.bsky.social,The Canadian Climbing Cartoonist,"Eschew the 51st State, but embrace the EU?

This is not what defending Canadian sovereignty looks like; we must recall Parliament today.

#whereisMarkCarney #cdnpoli",,,,0,0,0,0,0,2026-09-08T18:31:26Z,2026-09-08T18:31:25Z,NA,NA,at://did:plc:udw2qvwsyorfu77cutdqe6tn/app.bsky.feed.post/3muzkgg3qbk22,,,,,
at://did:plc:abt5tpb7lqr7vopkrkwfswwq/app.bsky.feed.post/3muznsjsx3u2x,bafyreibz43tb6at34citlmjoq2qdvzym5m4xdgwilgvnh65uvxw34avufa,canadareport.org,Canada Report,"Emissions Reduction Alberta doles out nearly $51 million in slew of innovation investments

Canada’s fastest news scan: 25+ headlines, no clutter, updated all day: CanadaReport.org

#cdnpoli #Canada #News #Tech #AI #abpoli 
Read Original Article 🔗",,,,0,0,0,0,0,2026-09-08T18:31:21Z,NA,NA,NA,NA,,,,,
at://did:plc:v3eup4rzroyniw2x7bmsdzgt/app.bsky.feed.post/3muznkgllvc23,bafyreibwhsrek7au2h4dfa6zkgtuxi6rp66mgf2kq2s5m5mkqqzi7xpn5m,spudislander45.bsky.social,Spudislander45 🇨🇦❤️🌎💪🫡,"Canada’s #HEALTHCARE INFUSION effort by Cdn #TodMaffin speak to health care workers around the world looking to #relocate to Canada. 

#FarAndWideNews 
Here, he talks about #Newfoundland and #Labrador. #cdnpoli #canpoli #",,,,0,0,2,0,0,2026-09-08T18:26:53Z,2026-09-08T18:26:49Z,NA,NA,NA,,,,,
at://did:plc:d4pjo6ehblrviy625go6uodj/app.bsky.feed.post/3muzngx77ds2h,bafyreihfoadortd5gh3fseeiwcbt2uo4ezjzbkc5q6q25nzh34chuxyyou,tindizzy.bsky.social,Dizzy ★,"#AbLeg #AbPoli
#CanPoli #CdnPoli",,,,0,0,1,0,0,2026-09-08T18:24:53Z,2026-09-08T18:24:52Z,NA,NA,at://did:plc:6djyhf54bsjeyfogoqssooit/app.bsky.feed.post/3muzdvbo6bs23,,,,,
at://did:plc:d4pjo6ehblrviy625go6uodj/app.bsky.feed.post/3muznek6ja22h,bafyreieyrcjajvlmiiry56erq2og3crtcf6skgghxbyiciquhntuom3toq,tindizzy.bsky.social,Dizzy ★,"Yeah. Ain’t no denying they’re all conspiring at this point, is there?

Folks need to wake up and fast. 

#CanPoli #CdnPoli 
#AbLeg #AbPoli",,,,2,2,5,0,0,2026-09-08T18:23:32Z,2026-09-08T18:23:32Z,NA,NA,at://did:plc:hv5odaknjuongylnlbp3k3mw/app.bsky.feed.post/3muzjpzkpr22t,,,,,
at://did:plc:istu2catmtwuynu7jlh6buzl/app.bsky.feed.post/3muzn5rffwc25,bafyreiclwcg6cvnxjdavr67t5725lahjor55p2w3u2xyjadgi3q5ftxtiy,elcanaco.bsky.social,elcanaco.bsky.social,"As part of these negotiations, if Canada is forced to improve things like food standards, social programs, education, foreign aid, and corporate regulation to meet EU standards, it will be very good for this country.

Something tells me Carney isn't interested in such things, however.

#cdnpoli #EU",,,,0,0,3,0,0,2026-09-08T18:19:44Z,2026-09-08T18:19:44Z,NA,NA,at://did:plc:uewxgchsjy4kmtu7dcxa77us/app.bsky.feed.post/3muzczxkxmc2c,,,,,
at://did:plc:w7yhpanniwt2sweiorkvec7j/app.bsky.feed.post/3muzn3htolk24,bafyreigicnaviyw5y3tdps4yi2n2smehj5pzubvo3ty67jhqyrzdqphnue,luciecatnip.bsky.social,Lucie🐈‍⬛Catnip ,"This shouldn't be a problem since the US no longer needs anything from Canada, according to Trump.

#cdnpoli",,,,0,1,6,0,0,2026-09-08T18:18:28Z,2026-09-08T18:18:27Z,NA,NA,at://did:plc:uewxgchsjy4kmtu7dcxa77us/app.bsky.feed.post/3muzczxkxmc2c,,,,,
at://did:plc:znqriibwczzauntoi3ggbplj/app.bsky.feed.post/3muzn2iguc22i,bafyreigck3zwcuxffnabtbmzkktl4scoz73ya5ryurecmp22d43uznte5y,pauliticaleye.bsky.social,Paulitical Eye 🍁,"Gander, NL, defends invitation to U.S. ambassador #Hoekstra to 9/11 commemoration. #Newfoundland #cdnpoli

halifax.citynews.ca/2026/09/04/g...",,,,0,0,1,0,0,2026-09-08T18:17:56Z,2026-09-08T18:17:54Z,NA,NA,NA,,,,,
at://did:plc:znj4lppxrevean47mjt57bcn/app.bsky.feed.post/3muzmy75jj222,bafyreid7ajyp5dgjj2qb2a5ox6mm7k2fpxpt5ucqzn2ppfewgsyrnb3yae,cpac.ca,CPAC TV,"""The trade war sits on top of an existing cost of living crisis which urgently needs to be addressed and cannot be left out of this conversation,"" says NDP Leader Avi Lewis in Toronto, speaking to reporters ahead of the return of Parliament on September 21.
 
#cdnpoli",,,,0,4,13,0,0,2026-09-08T18:16:41Z,2026-09-08T18:16:37Z,NA,NA,NA,,,,,
at://did:plc:ifi6xqgbojwquosnkvzx3gna/app.bsky.feed.post/3muzmsyn3qk2s,bafyreihqvkjg5gq2sae7fmydzi2lsgwnbajlo6d6avlcyumltipi2aaame,leftcoasttreefrog.bsky.social,Left Coast Tree Frog 🕊️,"UN welcomes countries' move to restrict trade with illegal Israeli settlements.
The UN human rights office commended the plans by the 12 countries to introduce restrictions on trade in goods with illegal Israeli settlements.
#cdnpoli
www.middleeasteye.net/live-blog/li...",,,,0,0,2,0,0,2026-09-08T18:13:45Z,2026-09-08T18:13:43Z,NA,NA,NA,,,,,
at://did:plc:ig6dnt4tqgg7iwwtywx3bkvd/app.bsky.feed.post/3muzmsh4vxk22,bafyreibmphvpgqla6oyjkyjbdat5jwflyx3lsbpafsjlxbuezjxnqwo7bm,robduncan.bsky.social,Rob Duncan,#auspol #USPOL #USA #us #uspoli #poli #politics #cdnpoli #canada #MeidasMighty #america #communityovercapitalizm #history #Ethics #SocialJustice #LongerTables #DemocraticSocialist #Ecosocialism #Socialist #socialism #LeftIsBest #ClassConsciousness #FalseConsciousness #abolishcapitalism #HumanRights,,,,0,0,10,0,0,2026-09-08T18:13:27Z,2026-09-08T18:13:25Z,NA,NA,NA,,,,,
at://did:plc:ig6dnt4tqgg7iwwtywx3bkvd/app.bsky.feed.post/3muzmquq6k222,bafyreif24mep4u7oq22lih3h76zi2gccka2ybgkh5gm3k64nbvfsh4txuq,robduncan.bsky.social,Rob Duncan,#auspol #USPOL #USA #us #uspoli #poli #politics #cdnpoli #canada #MeidasMighty #america #communityovercapitalizm #history #Ethics #SocialJustice #LongerTables #DemocraticSocialist #Ecosocialism #Socialist #socialism #LeftIsBest #ClassConsciousness #FalseConsciousness #abolishcapitalism #HumanRights,,,,0,0,1,0,0,2026-09-08T18:12:33Z,2026-09-08T18:12:32Z,NA,NA,NA,,,,,
at://did:plc:7ycfilosz2dmgcnqbh76jdol/app.bsky.feed.post/3muzmlosyyc2t,bafyreibtp7o5psacvwpnpm4inxcc2hsmxkomr6msqc46g7kkkkyt4od3zy,coolxenu.bsky.social,Cool Xenu 8647,"Conservatism is dead, killed by an orange buffoon aided by violent 'religious' nutbars.

#cdnpoli",,,,0,0,0,0,0,2026-09-08T18:09:39Z,2026-09-08T18:09:38Z,NA,NA,at://did:plc:uswtye3jgncyen5xvvf3znug/app.bsky.feed.post/3muzi4ixqlc2f,,,,,
at://did:plc:f3fugbaf3nzkbqasasceerr4/app.bsky.feed.post/3muzmlh226s2c,bafyreiffkkmaub3t3dr4xfdgaqfvtcbrtksnopymjgmghqaxutrizerlbu,factsmtr.bsky.social,Factsmtr,"You cannot call it the Alberta Advantage when the advantage belongs to the buyer.

The UCP keeps lowering the price, giving away revenue and calling it an advantage.

The bargain is real.  So are the losses.

Here's the facts:  factsmtr.substack.com/p/the-ucp-is...

#abpoli #ableg #cdnpoli",,,,1,4,6,0,0,2026-09-08T18:09:32Z,2026-09-08T18:09:30Z,NA,NA,NA,,,,,
at://did:plc:7ycfilosz2dmgcnqbh76jdol/app.bsky.feed.post/3muzmgwpdec2t,bafyreiamaczdcb23jcz4ojkbpnhp6dmnmgtuhmes66xelkn3syo4dvwb2e,coolxenu.bsky.social,Cool Xenu 8647,"That the Alberta Advantage, a limitless source of suckers.

#ableg #cdnpoli",,,,0,1,2,0,0,2026-09-08T18:07:00Z,2026-09-08T18:06:58Z,NA,NA,at://did:plc:phponn5ujc7dno42lw5maxmt/app.bsky.feed.post/3muzlbipq422f,,,,,
at://did:plc:offdsydfe2pgtmtscjvtvqw6/app.bsky.feed.post/3muzmgo3lii27,bafyreihdplhyd5bye4d7r2idbwslnzawqoghex6taygfscgs7jtapkdnqq,mitchinottawa.bsky.social,Mitch,Imagine how this guy would have treated the orange idiot.  Shawinigan Handshake indeed. #cdnpoli,,,,2,2,6,0,1,2026-09-08T18:06:50Z,2026-09-08T18:06:49Z,NA,NA,at://did:plc:43fze2pjimhk2aj6g3oskb2y/app.bsky.feed.post/3muzmdhmx4s2j,,,,,
at://did:plc:in6t5b6l3wnfwkcuqji57ttg/app.bsky.feed.post/3muzm6k6wdc2f,bafyreigoeh3yxcwxb6w4clvnb2xymo55rfvlzskiyirqxjwe6oqia5yydy,ccfr-ccdaf.bsky.social,Canadian Coalition for Firearm Rights,"TWO FOUND, TWO AT LARGE
Peel Police announce the arrest of two teens involved in a violent armed home invasion back on June 14th.

An unnamed a 16-year-old and 18-year-old Javaunie Thomas, armed with illegal guns, shot two residents inside the home.

Both were on release orders at the time. #cdnpoli",,,,0,0,0,1,0,2026-09-08T18:02:23Z,2026-09-08T18:02:17Z,NA,NA,NA,,,,,
at://did:plc:abt5tpb7lqr7vopkrkwfswwq/app.bsky.feed.post/3muzm5jbcef2c,bafyreiavwjsxb2jl5yvazij72hfjn4445xfwapl5cogzijvzymqt4lphsi,canadareport.org,Canada Report,"As Winter Approaches, Midea Helps Canadian Homeowners Rethink Heating System Replacements

Canada’s fastest news scan: 25+ headlines, no clutter, updated all day: CanadaReport.org

#cdnpoli #Canada #News #Business #Economy 
Read Original Article 🔗",,,,0,0,1,0,0,2026-09-08T18:01:42Z,NA,NA,NA,NA,,,,,
at://did:plc:istu2catmtwuynu7jlh6buzl/app.bsky.feed.post/3muzm5i7w5k2n,bafyreidb33dcopjqrdqjglssaeund6px2df3ztzcgalf37c5lhrlbsd4sq,elcanaco.bsky.social,elcanaco.bsky.social,"Iceland, Canada, México, and every other Central American and Caribbean nation impacted by Trump's nonsense need to expel their US Ambassadors.

#Trump #fascism #imperialism #cdnpoli",,,,0,0,1,0,0,2026-09-08T18:01:41Z,2026-09-08T18:01:41Z,NA,NA,at://did:plc:xjc7mkotpenvhh6ffewkdpyn/app.bsky.feed.post/3muzagafrbc25,,,,,
