uri,cid,author_handle,author_name,text,author_data,post_data,embed_data,reply_count,repost_count,like_count,quote_count,indexed_at,in_reply_to,in_reply_root,quotes,tags,mentions,links,langs,labels
at://did:plc:j4gu6wzm6rr3vcvtfszxuizc/app.bsky.feed.post/3mltubvlcrs2g,bafyreia7bb35asatmzwc4mep5jdyammwase6pb2omaxhas7lfmue5ksr6a,canuckfella.bsky.social,CanuckFella,"#Cdnpoli #Carney 
The electrical grids in #Canada are fragmented, costing $ and efficiency. PM Carney announces new National Electricity Strategy, with the goal of doubling our supply by 2050, taking advantage of each regions unique advantages
#CanadaStrong
www.cpac.ca/headline-pol...",,,,0,0,0,0,2026-05-14T22:24:38Z,NA,NA,NA,,,,,
at://did:plc:eaeuyrvdlqvjgznelgcdimct/app.bsky.feed.post/3mltu6xudyc2u,bafyreidgwjmo2ebocpmznx5gbkwgvlrzs42vfbrlwgplemtiw7ccb43g3q,madhat59kenwood.bsky.social,Ken Wood part owner of 🇨🇦,You can not reason with stupid  #abpoli #cdnpoli,,,,0,0,0,0,2026-05-14T22:22:57Z,NA,NA,at://did:plc:4euncr44a5aflpbcbjhvjvdo/app.bsky.feed.post/3mlttwxgeoe2k,,,,,
at://did:plc:fogppnpnk6hbgiwpvn2j4a5b/app.bsky.feed.post/3mltu6pv3zc2s,bafyreiemq63zkwxfvtbtaa3ukyurcpy3geeej3pot32qqutvfzv72yqqma,dylanneild.ca,Dylan Neild 🇨🇦,"In Canada, we're staring down the barrel of one of the worst privacy invasions in recent memory with Bill C-22. Meanwhile, in the US, they're heading in the opposite direction. End-to-end encryption across platforms. Privacy for all citizens. @openmedia.org #cdnpoli",,,,0,0,0,0,2026-05-14T22:22:51Z,NA,NA,at://did:plc:lr36xv2l64jwtnyoaqem6z2z/app.bsky.feed.post/3mltsqnwpok2n,,,,,
at://did:plc:rsvzkqxa2xdojwmjljqzs4ik/app.bsky.feed.post/3mltu2uqnc22z,bafyreietqexwylrwz5l7kthsbeteb5wbgmedd6mloxwgwzcpzt5ovzw4um,thebreakdownab.bsky.social,The Breakdown AB,"Former Health Minister Sarah Hoffman apparently confirming our DM’s from earlier this week…

Yet another death in an Alberta Hospital Waiting Room.

#abpoli #ableg #cdnpoli",,,,0,9,9,1,2026-05-14T22:20:43Z,NA,NA,NA,,,,,
at://did:plc:sywtwkbhpdibiprqvv7epcto/app.bsky.feed.post/3mlttxgn4ec2a,bafyreicnvqgdolo6kw3lgarszy4zvguds5dhvtytjtpfuwfcx2r7rbzy7m,elliott4mp.bsky.social,"Derek Elliott, Libertarian","Ottawa thinks they can push through any project they want if they call it ""important."" Whether it’s the Liberals or the PPC, it’s the same story: they get the power and you lose your say. True freedom means no more forced projects.

Watch: www.youtube.com/shorts/rrS6V...
#cdnpoli #libertarian",,,,0,0,0,0,2026-05-14T22:18:49Z,NA,NA,NA,,,,,
at://did:plc:iyyzcuc24pgchmsbjnsa3wu3/app.bsky.feed.post/3mlttvhlzic2h,bafyreidcpcjyoev3xrzbtt7h737qvuqojziniw2ucnaxfox3w3gghkc4my,torontokate.bsky.social,🎶 I Will Choose Freewill 🇨🇦,"11-year-old boy, Kache Grist, was killed by 2 large dogs in Edmonton in 2024. The dog owner pleaded not guilty. The case is going on right now.

These are the dogs she had. Cane Corsos

#abpoli #onpoli #Cdnpoli #CanadaSky #CanadaCrime #bcpoli #skpoli #mbpoli #polqc #nbpoli #nspoli #nlpoli #peipoli",,,,0,0,0,0,2026-05-14T22:17:40Z,NA,NA,NA,,,,,
at://did:plc:dcwpqenn6hnutxjctcacbf5v/app.bsky.feed.post/3mlttup4o4225,bafyreifx6lmkpmqkp5zckkibyna2qwyfdgcbshacofxrbdkt4u3fg4uytu,idontrememoir.bsky.social,Claire Elyse Brosseau,"A big thank you to @steeletalks.bsky.social and Melanie Nagy for inviting me to their podcast CHANGE MY MIND to talk about #MAID MI-SUMC. They were just lovely.✌🏻🫶🏻
@mark-carney.bsky.social should take a listen. @liberal.ca.web.brid.gy #EqualRights #CdnPoli #Canada",,,,0,0,0,0,2026-05-14T22:17:15Z,NA,NA,NA,,,,,
at://did:plc:45aorghjzp6xocxobyd4dfoj/app.bsky.feed.post/3mlttulduuk2n,bafyreih57oxsrvzh7laolo6vmkelzccfu5z7wzhqpa74lr4y7ei36wou6m,jksinto.bsky.social,Hey Jude!,"A metaphor for Doug Ford's governance of Ontario

www.facebook.com/share/1EL9Aw...

#cdnpoli #ontariopoli #ontario #ontarioplace #DougFord #dofo #toronto",,,,0,0,0,0,2026-05-14T22:17:09Z,NA,NA,NA,,,,,
at://did:plc:rsvzkqxa2xdojwmjljqzs4ik/app.bsky.feed.post/3mlttn5ubek2z,bafyreia6z4xj6xfwom56a6nwgixwq6njjsdb2aohvtx2szvffxqormswoa,thebreakdownab.bsky.social,The Breakdown AB,"The contempt for the judiciary is ramping up.

And it’s coming directly from inside Alberta’s premiers office.

Attempts like this to delegitimize the judiciary are a huge red flag for democracy and 100% the tools of authoritarians.

#abpoli #ableg #cdnpoli",,,,6,20,27,1,2026-05-14T22:13:06Z,NA,NA,NA,,,,,
at://did:plc:wevcdritf4vyoj736jwre3qe/app.bsky.feed.post/3mlttj7dguk2t,bafyreihqzt7hndokwarmeqqip4zvvzzcc7lzu6gzz2z7ifbhs32bbn22by,nrvscrcts.bsky.social,David William,"""If the party is in favour of this, and the leader of the party doesn’t do it, I would suggest that would cause problems."" - Mitch Sylvestre, who also was quoted on the record as saying he believed the New World Order is trying to replace ""white Christianity"" #abpoli #cdnpoli",,,,1,2,4,0,2026-05-14T22:10:48Z,NA,NA,at://did:plc:wz2qyzl4g547jhajifdzkfq2/app.bsky.feed.post/3mltswcv7au2w,,,,,
at://did:plc:4xqt7t2zph634drigtdxdmro/app.bsky.feed.post/3mltthf5huc2z,bafyreih6gh3lqkevmiaskkgibz4lhgeghoqpxc7ulaim7rsd42zkpf6ypq,journodale.bsky.social,Dale Smith,"For the evening crowd, my @xtramagazine.com column on the state of play in Alberta, that separatism is a white/Christian nationalist project, and that this doesn't need to be inevitable, because Albertans can push back #canqueer #cdnpoli",,,,1,1,5,0,2026-05-14T22:09:48Z,NA,NA,NA,,,,,
at://did:plc:eoouaeqa2taou3aqacpjuaq4/app.bsky.feed.post/3mltth6cynk2f,bafyreicm2vgktmxwft2jhvy5u3mhqp4btc36r4rbwh4ttkpckssekxze7y,alexgoatcher.bsky.social,Alex Goatcher,Everything must go! Crazy Carney's Used Govt Assets Sale!  Come down and buy yourself an airport! Free balloons for the kids!!! #cdnpoli,,,,0,0,1,0,2026-05-14T22:09:41Z,NA,NA,NA,,,,,
at://did:plc:fuak6asmyzr6r34f6er6z4ju/app.bsky.feed.post/3mlttfvuslk2z,bafyreidgwiwnciyomqfbq2c2lbz2s4oyxetij7aixfkpj2v7ezxml6w5pq,jansplanet.bsky.social,Janet 🇨🇦,"Tell Carney & Minister MacDonald to adopt the Committee’s recommendations to reverse the cuts & rebuild our public agriculture research capacity as soon as possible. #DefendCanada #AAFC #CdnPoli
#StopTheCuts #Climate #Science
#NationalSecurity #FoodSecurity 🧪🧬🌾 #CdnAg",,,,0,1,2,0,2026-05-14T22:08:59Z,NA,NA,NA,,,,,
at://did:plc:eaeuyrvdlqvjgznelgcdimct/app.bsky.feed.post/3mlttfbaavc2e,bafyreiexpblpdrsu6ls73roifedj747u2jlw6ff6ppyjyl4qwxyhu2ikki,madhat59kenwood.bsky.social,Ken Wood part owner of 🇨🇦,"Not sure what this 🇺🇲, going by all the repost on her site is 🇺🇲, not sure what shes trying to get at. 🇨🇦 not interested in being a friendly middle power with the 🇺🇲 attacking us with threats of annexation & trade attacks. 🇨🇦 taking new direction & middle fingering 🇺🇲. 🇨🇦💪 #boycottusa #cdnpoli #uspoli",,,,0,0,1,0,2026-05-14T22:08:35Z,NA,NA,at://did:plc:b5tfzrck57zdx73n66c6srla/app.bsky.feed.post/3mlrj6e77xc2s,,,,,
at://did:plc:v3eup4rzroyniw2x7bmsdzgt/app.bsky.feed.post/3mlttanz4zs2i,bafyreib5abkkbybfm25ymqb4yqipzrtpu2ruvvshhgph3pt6qmyffessfq,spudislander45.bsky.social,Spudislander45 🇨🇦❤️🌎💪🫡,"The #UrsaMajor may have been transporting components for 2 submarine #nuclearreactors, potentially intended for #NorthKorea. 

#USA #USAPOLI #NATO #RUSSIA #cdnpoli",,,,0,0,0,0,2026-05-14T22:06:03Z,NA,NA,NA,,,,,
at://did:plc:4jhds6khpgmfkova5vetcm5h/app.bsky.feed.post/3mltt6d45vs2b,bafyreibyhvayev5wdmfyjcc6hqa6z356p4n4bplfhw3kd6yucfprqliqka,drunkondespair.bsky.social,NA,"Sectarian racists ""march"" through the communities of the population they victimize to remind them of their status and to build the tradition of hate. That's what ""flag day"" is about. 

Another #MarkCarney shared value. #cdnpoli

t.me/MiddleEastEy...",,,,0,0,0,0,2026-05-14T22:04:42Z,NA,NA,NA,,,,,
at://did:plc:abt5tpb7lqr7vopkrkwfswwq/app.bsky.feed.post/3mltsyh66ms2b,bafyreig6cqsnickxinttdodfm4gmeqmlph2t2gjbxzsgsxooyhbgtodjdu,canadareport.org,Canada Report,"Nmbr says it’s reshaping payroll competition in Canada. Now it wants to go worldwide

Canada’s fastest news scan: 25+ headlines, no clutter, updated all day: CanadaReport.org

#cdnpoli #Canada #News #Tech #AI 
Read Original Article 🔗",,,,0,0,0,0,2026-05-14T22:01:26Z,NA,NA,NA,,,,,
at://did:plc:3xew4hczefc7m4dauvg7hlxm/app.bsky.feed.post/3mltsyb3fak2x,bafyreib5obblqnyulq37y3htinq6jrphehvuqsok56mgihevmkrcgmodhq,lancetay.bsky.social,Lance Taylor (VA6LAT) 🇨🇦,"#Carney says he'll announce plans to 'advance' potential #Alberta pipeline Friday

www.youtube.com/watch?v=5s-Z...

Can we build a nuclear power plant in #Albertastan too? How about a high speed rail between #yeg and #yyc 🤷‍♂️

#abpoli #cdnpoli",,,,0,0,0,0,2026-05-14T22:01:21Z,NA,NA,NA,,,,,
at://did:plc:zftffti3hfudvdawqv53arqn/app.bsky.feed.post/3mltswaxn732z,bafyreiaf6n2cpejcylxzkhlol2uxcv7ova5ksuzinwg4svr2unqj5tonym,runchinguyenrun.bsky.social,Chi Nguyen,"Today, I’m wearing a Moose Hide pin to support the 4 in 10 women in Canada who experience gender-based violence in their lifetime, with Indigenous women facing rates three times higher.

Thank you to Paul and Raven Lacerte for your leadership and commitment to this important work. 

#cdnpoli",,,,0,0,0,0,2026-05-14T22:00:12Z,NA,NA,NA,,,,,
at://did:plc:re7tflvczjceanwkco2bseqb/app.bsky.feed.post/3mltsvq64sc2t,bafyreiehpllavywhrybda6xujarmsjmlszgzo3wuxciqxo5cabvsebwygi,bella-andme.bsky.social,Sherry Lee,"Thank you Shachi Kurl for pointing out who Danielle Smith has always been. Calling out her grievance “schtick” from her radio days. Yes she needs to decide/prove if in fact she IS for Canada. 
IMO that is her responsibility as Premier. 
She got herself into this corner.
#pnpcbc #abpoli #cdnpoli",,,,0,0,2,0,2026-05-14T21:59:54Z,NA,NA,NA,,,,,
at://did:plc:q5zroikqfmpsiaab34af7xom/app.bsky.feed.post/3mltssqwal22g,bafyreiepeollmxrlgrrfndkmr6t5lehl5l3hzwuhxydmkpzdhoyzonyt3a,ryanjespersen.bsky.social,Ryan Jespersen,"Premier Danielle Smith says her government will appeal a court ruling against a high-profile separatist petition. Athabasca Chipewyan FN Chief Allan Adam says she's making a mistake. Who's right?

👀  FULL: rtrj.info/051426Petition

🎧  FULL: rtrj.info/051426

#abpoli #ableg #cdnpoli #RealTalkRJ",,,,0,1,0,0,2026-05-14T21:58:16Z,NA,NA,NA,,,,,
at://did:plc:2yqpfmj6fkai4n722ve5lmpy/app.bsky.feed.post/3mltsrdgmik2z,bafyreih5cggm3dzlvutw64d5qgxvxuxi6oamtph3jcmafzp54d5awitksi,paulorlowski.bsky.social,Paul Orlowski,"Alberta’s Far Right Premier Danielle Smith is devout-and-pious. She despises LGBQT+ people, and she admires Trump. 
I believe she is incorrect when she claims that building oil pipelines aligns with the teachings of Jesus Christ, her Lord & Saviour. 
#AbPoli #Cdnpoli 🇨🇦

thetyee.ca/News/2026/05...",,,,1,0,1,0,2026-05-14T21:57:29Z,NA,NA,NA,,,,,
at://did:plc:ypbo2mq6dqcct43gt2sam6el/app.bsky.feed.post/3mltsp7ehxy27,bafyreidtoa4gxv7oxhkd3sb7fch2t4gpvfpluzzowjjb66envvsoqwdygq,ipolitics.bsky.social,iPolitics,📈 Make room for natural gas #cdnpoli #ipolitics,,,,0,0,0,0,2026-05-14T21:56:16Z,NA,NA,NA,,,,,
at://did:plc:ae3s6ie2znxqm75akdxl3qp5/app.bsky.feed.post/3mltsi425y222,bafyreifjz73ch6hufqeu67po6mfbjlhajahl3tr6xhocapz4u6fb5jlpke,tabmcleod.bsky.social,,"Say goodbye to 2030 and 2050 #emissions targets in #canada not that we were ever going to meet them in the first place.  Now it is looking even more unlikely

#cdnpoli #cdnpolitics #carney #climatecrisis #climatechange 

www.nationalobserver.com/2026/05/14/n...",,,,0,1,1,0,2026-05-14T21:52:20Z,NA,NA,NA,,,,,
at://did:plc:wevcdritf4vyoj736jwre3qe/app.bsky.feed.post/3mltsfxt4kk2t,bafyreic4n5j7wyzaetxeclyz6vjus2n6xxttuy7ji544dmiq2lkjo2hyri,nrvscrcts.bsky.social,David William,"“Without additional funding to implement Bill 28, libraries may be forced to reduce, or potentially eliminate, library services."" 

Attacking the commons via culture-war legislation is a feature, not a bug.

#abpoli #cdnpoli 📚",,,,0,2,4,0,2026-05-14T21:51:07Z,NA,NA,NA,,,,,
at://did:plc:3xew4hczefc7m4dauvg7hlxm/app.bsky.feed.post/3mltsdoiyf226,bafyreidz3k5uty6ypfnbj5trrqpkrlwuij6i77wlidygb22rkpk2a47p5u,lancetay.bsky.social,Lance Taylor (VA6LAT) 🇨🇦,"#Albertastan Watch #Alberta #Separatists Crash Out Over Alberta Court Decision

www.youtube.com/watch?v=Go30...

#abpoli #cdnpoli #UCP #MapleMaga #Canada",,,,1,0,0,0,2026-05-14T21:49:51Z,NA,NA,NA,,,,,
at://did:plc:52x4hgh43acag3ecs2qi57tr/app.bsky.feed.post/3mlts33kass2z,bafyreihvtwm4xsapsjjsnceyqt74lx4ckeejs24bqk5k4bk52qha6evxea,albertagirl67.bsky.social,albertagirl67 🇨🇦🇺🇦👊🐧🔥,"The term ""catalyze"" is a red flag. This is pure private equity banker speak. Canada isn't a company to be sold for parts. We are not shareholders in Canada. We're citizens. Carney just needs to be nudged to use his investment banker powers for good. #cdnpoli",,,,1,2,3,0,2026-05-14T21:45:00Z,at://did:plc:cjqh3hfoj6467n2nwqizdj7h/app.bsky.feed.post/3mltd3kukmk2a,at://did:plc:cjqh3hfoj6467n2nwqizdj7h/app.bsky.feed.post/3mltd3kukmk2a,NA,,,,,
at://did:plc:z2nwmac5ghnram2s6f4htkus/app.bsky.feed.post/3mltrnh5vgs2s,bafyreihrewl2qpu55eow7zmyipzxub4njugtku3aci4tuaxrjfe2xre4h4,cashmerecoco.bsky.social,NA,"Lisa Raitt on CBC Power & Politics... nothing has happened in 10 years???
Did you forget that Notley and Trudeau got a pipeline running??? Yes you did. And so does every whiny separatist.
#abpoli
#cdnpoli
#cbc",,,,1,3,2,0,2026-05-14T21:37:23Z,NA,NA,NA,,,,,
at://did:plc:sdp7vgom4u65ndjgtskcotqa/app.bsky.feed.post/3mltrjwsth22w,bafyreieirefjxhsefalyq6mrjalkebzzmua7kfgh4bdmlhhje3s232tasy,peoplesvoice.bsky.social,People’s Voice,"Carney's spring economic update is an emboldened corporate budget that will hit working people hard while pleasing profiteers #cdnpoli
pvonline.ca/2026/05/11/l...",,,,0,2,3,1,2026-05-14T21:35:28Z,NA,NA,NA,,,,,
at://did:plc:eaeuyrvdlqvjgznelgcdimct/app.bsky.feed.post/3mltrj5wss22n,bafyreigbea6iu4d7q32ojscuzqhttmm66l554kmry7izlbifw5n7lxxbpy,madhat59kenwood.bsky.social,Ken Wood part owner of 🇨🇦,The freaking battle contunues 🇨🇦. 🇺🇲 attacking more of our industry by lying about tax exce.ptions that their growers get as well. This is illegal. 🇨🇦💪 keep boycotting 🇺🇲. #cdnpoli,,,,0,2,2,0,2026-05-14T21:34:59Z,NA,NA,at://did:plc:jzjhu672veifvnae33gunnf3/app.bsky.feed.post/3mltqq3e7222k,,,,,
at://did:plc:jeibpuiku4aeybewdxqab4w3/app.bsky.feed.post/3mltrhrei7k2g,bafyreibsu2zgtuoblqupgk57vva5ww5nhvt7oj3dtzwsuwaxx27s4u2che,westernhemlox.bsky.social,Western Hemlox,"Been waiting for this one for a while!  Really good convo.

#cdnpoli #abpoli #bcpoli #MOU",,,,0,2,7,0,2026-05-14T21:34:12Z,NA,NA,at://did:plc:xpgujbkkrjevueb53vpgnetz/app.bsky.feed.post/3mltjn3unhs23,,,,,
at://did:plc:sdp7vgom4u65ndjgtskcotqa/app.bsky.feed.post/3mltreubyos2w,bafyreicjmt2afjixftrepummxg6nyvfzj7dugz5boj3yfm2z3s3qddltua,peoplesvoice.bsky.social,People’s Voice,"In the midst of all the Cold War propaganda against China, we have lost sight of some real examples of forced labour, with plenty of concrete evidence, right under our noses - the prison system in the US and Canada #forcedlabour #modernslavery #cdnpoli
pvonline.ca/2026/05/14/i...",,,,0,3,5,1,2026-05-14T21:32:36Z,NA,NA,NA,,,,,
at://did:plc:abt5tpb7lqr7vopkrkwfswwq/app.bsky.feed.post/3mltrczgguh2j,bafyreifs4bepaxoudxwsms6figbjlq2cutj4337m45aavxyi7xatzp4ley,canadareport.org,Canada Report,"First Quantum Publishes 2025 Sustainability Reports and Commits to Global Industry Standard on Tailings Management

Canada’s fastest news scan: 25+ headlines, no clutter, updated all day: CanadaReport.org

#cdnpoli #Canada #News #Business #Economy 
Read Original Article 🔗",,,,0,0,0,0,2026-05-14T21:31:33Z,NA,NA,NA,,,,,
at://did:plc:nnumpz4bazyfviu5rm52mzys/app.bsky.feed.post/3mltrcy4y422v,bafyreib5q7sngakg2wixywqx7smqkr55hppbjjjt63cnn2hy54vevendua,dramatime.bsky.social,🇨🇦,Things are getting spicy! That was some interview with the really strange and angry man that leads the Alberta Separate's on CBC Power Politics. Wow!! #cbc #abpoli #cdnpoli,,,,2,0,4,0,2026-05-14T21:31:32Z,NA,NA,NA,,,,,
at://did:plc:istu2catmtwuynu7jlh6buzl/app.bsky.feed.post/3mltrc5tdic2y,bafyreieb43cqcnzfqhpbm5hsfy3fhfjvdw53uhjyy5wfs7bsjzbitgszgu,elcanaco.bsky.social,elcanaco.bsky.social,"Trudeau literally spent $35 Billion tax dollars, most of which was paid by Canadians outside Alberta, to build an oil pipeline which benefits Alberta.

What the f*ck else do you want, Berta?

JFC. Whiny ahh bishes.

#cdnpoli #abpoli #yeg #yyc",,,,0,1,5,0,2026-05-14T21:31:04Z,at://did:plc:vvjwukbyx45mcvbsyhgfui3i/app.bsky.feed.post/3mltgqgcp3s2j,at://did:plc:vvjwukbyx45mcvbsyhgfui3i/app.bsky.feed.post/3mltgqgcp3s2j,NA,,,,,
at://did:plc:3xew4hczefc7m4dauvg7hlxm/app.bsky.feed.post/3mltrboh3js2o,bafyreify5gjg7wolqpus7vvkb6lg6ay7umdleesvqgkj7achwo2ut2ercm,lancetay.bsky.social,Lance Taylor (VA6LAT) 🇨🇦,"#Albertastan remind me who she works for again?

#abpoli #cdnpoli #MapleMAGA",,,,0,0,3,0,2026-05-14T21:30:48Z,NA,NA,at://did:plc:igouecqa2j3hkuitkhd5nrcj/app.bsky.feed.post/3mltlijn3ps27,,,,,
at://did:plc:re7tflvczjceanwkco2bseqb/app.bsky.feed.post/3mltra5btrs2p,bafyreic3rtkz4l7i5g5f2zpw6kyuzb4ykqu2kyaufw3vmv4ppp4amf7kfa,bella-andme.bsky.social,Sherry Lee,"And a final dig to the host by Mr. Rath about the impartiality of his programme. 
He definitely made an impression and with that final comment erased anything of value he “might” have said during the interview. 
#pnpcbc #cdnpoli",,,,0,0,1,0,2026-05-14T21:29:56Z,NA,NA,NA,,,,,
at://did:plc:z2nwmac5ghnram2s6f4htkus/app.bsky.feed.post/3mltr6x5mvs2s,bafyreibmt3k6rckk74mvnd4hbqzou3selefxs2kkv3e76rtapaqeiaddxm,cashmerecoco.bsky.social,NA,"He is crazier than a bag of hammers! And I want the CRA to start looking at who is funding this separatist movement because something is sure fishy... Rath sure is worried about answering who is funding him/them
#abpoli
#cdnpoli",,,,0,0,2,0,2026-05-14T21:29:16Z,at://did:plc:ipxoommbkuddlhqlfm7jjdvf/app.bsky.feed.post/3mltr467fsk26,at://did:plc:ipxoommbkuddlhqlfm7jjdvf/app.bsky.feed.post/3mltr467fsk26,NA,,,,,
at://did:plc:sod5tcdvgcodpulmpyyjjcrh/app.bsky.feed.post/3mltr4mk2ks23,bafyreiaiqv76icznncfikub2k4rnc2qbqjbcdclp3ytoqjhrbtxoh43kiu,daoldguy.bsky.social,DaOldGuy🇨🇦📎🍁- part owner of Canada,"Needs a few modifications. An Alberta Provincial flag shirt instead of the Union Jack, a Canadian flag shirt instead of the European Union flag shirt and it'd fit right in. Take note UCP!

#ABleg #ABpoli #CDNpoli",,,,0,0,1,0,2026-05-14T21:27:58Z,NA,NA,at://did:plc:vjx66wqp4yjbhhdzoeustymc/app.bsky.feed.post/3mlt3tmwddc25,,,,,
at://did:plc:5rwvsxtue7vrswdrjr2jfxx6/app.bsky.feed.post/3mltqzqo6fc22,bafyreifzwmej2vswuwhfmuyf3kjdt25s4qdxmftckaw2s55c3nxpztzpkq,opheodrys.bsky.social,Opheodrys,Watching P & P:  Jeff Rath is as crazy as a shithouse rat. #cdnpoli #alberta #secession,,,,0,0,2,0,2026-05-14T21:26:22Z,NA,NA,NA,,,,,
at://did:plc:re7tflvczjceanwkco2bseqb/app.bsky.feed.post/3mltqyymdms2p,bafyreigykb6ju4zursaawmk6ps67wtzdnpmrrsstuq3ehtaridxd2pgtru,bella-andme.bsky.social,Sherry Lee,"Jeff Rath - AB Prosperity Project is all bluster & bombast about the appeal of the judge’s ruling saying the judge doesn’t understand. The one who doesn’t understand is Mr. Rath no matter how many times Cochrane explains the ruling. Shouting Mr. Rath doesn’t make you right.
#pnpcbc #cdnpoli #abpoli",,,,0,0,1,0,2026-05-14T21:25:56Z,NA,NA,NA,,,,,
at://did:plc:in6t5b6l3wnfwkcuqji57ttg/app.bsky.feed.post/3mltqw2jix22c,bafyreihgexuxheplyk75l2ynrtupcp4zmmnvyagicnpjlgtjtxaxybxsfu,ccfr-ccdaf.bsky.social,Canadian Coalition for Firearm Rights,"GUN BAN FAIL: “One defendant used jet skis to smuggle illegal firearms from a part of Akwesasne territory that’s in New York to Cornwall Island, so a resident could ferry guns into Canada. Various forms of trafficking continue to occur at that location.” #cdnpoli

www.bostonglobe.com/2026/05/14/m...",,,,1,0,0,0,2026-05-14T21:24:23Z,NA,NA,NA,,,,,
at://did:plc:5no7unudrb66t3u2v7ydmzhw/app.bsky.feed.post/3mltqvudsrk2p,bafyreigvthc3kfc464fmbdw7x5vpueyafqr62s7rjildsitlphygdt626y,agmilo.bsky.social,AGMilo🇨🇦 🇮🇹🇪🇺🇺🇦,#cdnpoli Watching P&P and see that Jeff Rath is a Murican style loudmouth. Hard to get a word in edgewise.,,,,0,0,1,0,2026-05-14T21:24:12Z,NA,NA,NA,,,,,
at://did:plc:lanvmgthztbuwa3ieqcrzsys/app.bsky.feed.post/3mltqrjsfn22k,bafyreic23r5i4e6kwgi7qhwzfiz6qkp2tcfn6qal3sgskmjbvb7zoy3ume,hab3261.bsky.social,Hazel B. 🇨🇦,I love word clouds. Seems pretty accurate. I feel seen. #ableg #abpoli #cdnpoli,,,,0,2,7,0,2026-05-14T21:21:47Z,NA,NA,at://did:plc:5jgvsxybi3ivfmaxqczyj2cw/app.bsky.feed.post/3mlt7zxadyc26,,,,,
at://did:plc:istu2catmtwuynu7jlh6buzl/app.bsky.feed.post/3mltqovn52s2b,bafyreiadgwhf4yghsuv777ehakznlroiuk2swo4uvr5zvz7wurlg5by2hu,elcanaco.bsky.social,elcanaco.bsky.social,"I don't think @mark-carney.bsky.social understands how important Orcas and other endangered species are to Canadians, and British Columbians in particular.

We will physically fight you, Mr. Prime Minister.

#cdnpoli #bcpoli #vanpoli",,,,0,2,5,1,2026-05-14T21:20:18Z,NA,NA,at://did:plc:2ggxun7ks66bronfsjqknneg/app.bsky.feed.post/3mltgx4tjvk2d,,,,,
at://did:plc:afwyjr6qfcjfwq5fdqnnyldi/app.bsky.feed.post/3mltqjof4g22r,bafyreickaxsd7f5guvyavyep7arla2hgqhminmo5stqvpkkh4m7io7zc6y,oncleanair.bsky.social,Ontario Clean Air Alliance,"This new Globe and Mail opinion piece warns Canada is “backing yesterday’s horse” by investing billions in nuclear instead of low-cost renewables: shorturl.at/GSdxo

#Solar, #wind & batteries are rapidly getting cheaper while #nuclear costs & risks keep rising...

shorturl.at/0lQ9H
#ONpoli #cdnpoli",,,,0,3,4,0,2026-05-14T21:17:25Z,NA,NA,NA,,,,,
at://did:plc:fuak6asmyzr6r34f6er6z4ju/app.bsky.feed.post/3mltqj3ypcs27,bafyreibf3r33sx2wlj5vgmhawabdtmdmhsrjqlt25rbsodrqtrwmexp3aa,jansplanet.bsky.social,Janet 🇨🇦,"Listen to Sandy & Nora Talk Politics. In Episode 374 they cover ‘Mark Carney’s desire to pump Canada’s AI industry full of money so that … well … what happens next isn’t exactly clear. Plus, Sandy complains about robots again.’
#FuckAI #NoFossilFuelsForDataCentres
#CdnPoli #PutTheBrakesOnAI",,,,0,1,3,0,2026-05-14T21:17:05Z,NA,NA,NA,,,,,
at://did:plc:re7tflvczjceanwkco2bseqb/app.bsky.feed.post/3mltqgq42jc2p,bafyreicapmpwx6tmjk5cfwl7iervblewseslddy5ruy4rf5sd3rwqsrjfe,bella-andme.bsky.social,Sherry Lee,"Corey Hogan always makes whatever he’s talking about (tonight it’s the electricity grid) sound reasonable and possible - whether it is or not. 
#pnpcbc #cdnpoli",,,,0,0,0,0,2026-05-14T21:15:43Z,NA,NA,NA,,,,,
at://did:plc:hvgqvshetasrr3hxljdyizra/app.bsky.feed.post/3mltqeibygk2r,bafyreia46wvj6swndjmtlre4piodbh3m4tw2ixsvkxhk3dmrevwgmrjxsu,seriouscynic.bsky.social,AL,"""We don't intend to be in the pipeline business for the long term. [Chuckles] There is a very strong business case for this pipeline.""
- PM Justin Trudeau, 2018

#cdnpoli",,,,0,2,2,0,2026-05-14T21:14:30Z,NA,NA,NA,,,,,
at://did:plc:istu2catmtwuynu7jlh6buzl/app.bsky.feed.post/3mltq7vgois2b,bafyreieudhz2inuuxj3suunf2cnzlclvnts7qtmita3eau56sdvj663aqa,elcanaco.bsky.social,elcanaco.bsky.social,"This completely misses the point that immigration is good, actually.

The int'l student reductions by the Carney gov't, in particular, have been excessive and resulted in many college closures and program cuts, which affect Canadian students.

#cdnpoli

youtube.com/shorts/-Y4tz...",,,,0,1,3,0,2026-05-14T21:11:55Z,NA,NA,NA,,,,,
at://did:plc:emb7t42k76y4ejpkrnh6raxn/app.bsky.feed.post/3mltpsrwjb22w,bafyreidulysieykmfxs6kiz75rtrwruahch2thm2ikddilm77f2kqvnw5i,rparmarbc.bsky.social,Ravi Parmar,"To the team at BC Building Trades,

Bill M233 was nothing less than an attack on our commitment to protect good-paying jobs in B.C. 

It was a no-brainer to stand-up against it. 

We will always stand with our workers and those who represent them. 

#bcpoli #cdnpoli #tradesbc #bcforests",,,,0,0,1,0,2026-05-14T21:04:42Z,NA,NA,NA,,,,,
at://did:plc:fo6wpgp6wp3ptllfxvth7svj/app.bsky.feed.post/3mltprnvmok2l,bafyreih7hrox2tb6jwefejeb2ucqxg3ku7lasbbcfp6vaxwgwgeueer4ba,thegentyyc.bsky.social,TheGentYYC,Trudeau GAVE Alberta a pipeline and it's like it NEVER HAPPENED. Learn the lesson #abpoli #cdnpoli,,,,0,2,9,0,2026-05-14T21:03:57Z,NA,NA,at://did:plc:vvjwukbyx45mcvbsyhgfui3i/app.bsky.feed.post/3mltgqgcp3s2j,,,,,
at://did:plc:abt5tpb7lqr7vopkrkwfswwq/app.bsky.feed.post/3mltpn4wkvx2k,bafyreie6ferm6vcofif2ijpcx2goat37qxofountov6aut3v5qg3kvo5a4,canadareport.org,Canada Report,"“Steel, concrete, and code”: Feds and Telus announce three AI data centres in BC

Canada’s fastest news scan: 25+ headlines, no clutter, updated all day: CanadaReport.org

#cdnpoli #Canada #News #Tech #AI #bcpoli 
Read Original Article 🔗",,,,0,0,0,0,2026-05-14T21:01:25Z,NA,NA,NA,,,,,
at://did:plc:52x4hgh43acag3ecs2qi57tr/app.bsky.feed.post/3mltpiv64ys2z,bafyreiggufrh4hwf66ngyeh3m5lq4ie3qkr4ugft3euhgcv5ms66uxb5ru,albertagirl67.bsky.social,albertagirl67 🇨🇦🇺🇦👊🐧🔥,PM @mark-carney.bsky.social have you considered implementing windfall taxes on O&G? Also how about having 2 separate pricing systems for O&G - world price and domestic price (was in NEP)? Why are Canadians paying world price for what we produce domestically? #cdnpoli #abpoli,,,,0,1,2,0,2026-05-14T20:59:04Z,NA,NA,NA,,,,,
at://did:plc:v3eup4rzroyniw2x7bmsdzgt/app.bsky.feed.post/3mltpg52gjs2i,bafyreibvx6ywirynbwyhf6rj24a5phod5zlvtjcwnzpgsp7fszynit73iy,spudislander45.bsky.social,Spudislander45 🇨🇦❤️🌎💪🫡,"70 MILLION WARNING MESSAGES WERE TRIGGERED FOR ATTEMPTS TO ACCESS 

🚩CHILD SEXUAL ABUSE MATERIAL🚩 in 2 years.  

700,000 received the warning, and clicked through to view children being sexually abused. 

 95,000 ALERTS averaged a day.  

#ONLINEHARMS #cdnpoli #OnlineHarm #ProtectChildren #CSAM",,,,0,1,1,0,2026-05-14T20:57:30Z,NA,NA,NA,,,,,
at://did:plc:fo6wpgp6wp3ptllfxvth7svj/app.bsky.feed.post/3mltpfnj3ik2p,bafyreicb4cvghzx563rrp2vh3vekvgagmcqggdjceidceptgf2ukjqrlcq,thegentyyc.bsky.social,TheGentYYC,#ElbowsUp #cdnpoli #ThomasFriedman #ClownShoe #Bozo,,,,0,0,2,0,2026-05-14T20:57:14Z,NA,NA,NA,,,,,
at://did:plc:ma5n7cq5oubn424zpxipovbg/app.bsky.feed.post/3mltpeaxlbs2z,bafyreiemcprckw7pzhlzfklft7xhrdkbxq4bl5zjogocyzazk3ynkwbqni,marushka-t.bsky.social,Marushka-T,"It's pretty discouraging to watch Mark Carney and Danielle Smith drag Canada back to the turn of the century. No, not that century. The one before it. This fossil fuel addiction is dragging us all down. 🦕

#cdnpoli #canadasky #renewables #environment",,,,0,0,3,0,2026-05-14T20:56:53Z,NA,NA,at://did:plc:xsoytmru2z36wgdq2rjzjfm7/app.bsky.feed.post/3mltliynirc23,,,,,
at://did:plc:bdjniltbpvlhi3alemtz6p3f/app.bsky.feed.post/3mltpdhckt22k,bafyreibjtj4mkcgmdlek77ebjuggayusvv3zzhqgdnulg3lolju7agv4pu,neddog.bsky.social,Ned Yeung 🍉,"Publicly supported essentials like public-sector grocery and banking options are “not a radical set of proposals"", and already exist in North America.

#cdnpoli #abpoli #ableg #privatization",,,,0,2,2,0,2026-05-14T20:56:05Z,NA,NA,NA,,,,,
at://did:plc:fo6wpgp6wp3ptllfxvth7svj/app.bsky.feed.post/3mltpc25eq22p,bafyreihrsebkchnc74fck6prwjb65xgyrj46rrvi6e6fd2lr4cmn77glne,thegentyyc.bsky.social,TheGentYYC,"THOMAS FRIEDMAN: Yeah so that country that punched literally all of you in the face? Bail them out so they ONCE AGAIN learn literally nothing and can go back to punching you in the face.

Hey @thomaslfriedman.bsky.social: get F-ed, you utter clown shoe. 

Sincerely
#ElbowsUp #cdnpoli #ThomasFriedman",,,,0,1,2,2,2026-05-14T20:55:13Z,NA,NA,at://did:plc:xbamdz56rxyf3xu2ezy7qr55/app.bsky.feed.post/3mlq3jb3ctk2r,,,,,
at://did:plc:eaeuyrvdlqvjgznelgcdimct/app.bsky.feed.post/3mltpa4xyyc2z,bafyreicxhsk5t3mwrg2j7djgu6jlqjmhoevvtl5rfbb6fc7hyho743ta3q,madhat59kenwood.bsky.social,Ken Wood part owner of 🇨🇦,👍🪶 #cdnpoli,,,,0,0,3,0,2026-05-14T20:54:08Z,NA,NA,at://did:plc:jzjhu672veifvnae33gunnf3/app.bsky.feed.post/3mltnzrvpis2k,,,,,
at://did:plc:x2fori67bggzcj2a6c7sj6ur/app.bsky.feed.post/3mltp3tvbyc2j,bafyreic3ndj6sggzyjzowfvcbiaiwe2i7eeqpfgzzue4dal3uzsvekdxya,jimmydp01.bsky.social,J Payne,"Danielle Smith 

Duh?

#bcpoli #cdnpoli",,,,3,0,0,0,2026-05-14T20:51:48Z,NA,NA,NA,,,,,
at://did:plc:mas23qcgjovovcsmojt6mvgy/app.bsky.feed.post/3mltp3qtxq22b,bafyreictyannk4oyu7ipnhx36ykqlwab3tzje3mfdkrjynifpkyell7o4m,beware1984.bsky.social,,"#cdnpoli
@mark-carney.bsky.social
@anitaoakvilleeast.bsky.social
#cbc",,,,0,1,0,0,2026-05-14T20:51:42Z,NA,NA,at://did:plc:qgypkriuz43o5w3k6qjiws4s/app.bsky.feed.post/3mlso2aey3c2s,,,,,
at://did:plc:v3eup4rzroyniw2x7bmsdzgt/app.bsky.feed.post/3mltp24nwd22i,bafyreidj643pxiaxdcmnpqa6nzpjizg7nlt564jjvn4asxss2ifyj3k4pi,spudislander45.bsky.social,Spudislander45 🇨🇦❤️🌎💪🫡,"#Canada's chief public #healthofficer says 9 Canadians are in #isolation due to possible #hantavirus exposure, but continue to show no symptoms. 

""While risk assessments conducted on the ship identified all Canadians as low risk, we've taken a #precautionaryapproach here in #Canada”. #cdnpoli",,,,2,4,8,0,2026-05-14T20:50:48Z,NA,NA,NA,,,,,
at://did:plc:ypbo2mq6dqcct43gt2sam6el/app.bsky.feed.post/3mltoxhqmms2c,bafyreig2fmfjulgvyia4ju2f4hrrfeczcb3rucxw4hjpxlxopoqqhxtipe,ipolitics.bsky.social,iPolitics,Gridmaxxing #cdnpoli #ipolitics,,,,0,0,0,0,2026-05-14T20:49:18Z,NA,NA,NA,,,,,
at://did:plc:jeuzjfwsgn62xfoe7qo4jul5/app.bsky.feed.post/3mltotehwds2p,bafyreihlr7gqyde76uv3dtjie6d6kw2xgwwf5ykd4axobudqep7vknwxzq,bigclimate.bsky.social,Bentley ****TALK CLIMATE****,Every. Single. Day. #MarkCarney #cdnpoli,,,,0,1,7,0,2026-05-14T20:47:00Z,NA,NA,at://did:plc:2ggxun7ks66bronfsjqknneg/app.bsky.feed.post/3mltgx4tjvk2d,,,,,
at://did:plc:52x4hgh43acag3ecs2qi57tr/app.bsky.feed.post/3mltornlfec2z,bafyreig3vggfgpdjpgsjpo5gf6cwzmje4ulbrwgtzk2dqwhpxgprabk2cy,albertagirl67.bsky.social,albertagirl67 🇨🇦🇺🇦👊🐧🔥,Thanks #abpoli #cdnpoli,,,,0,0,0,0,2026-05-14T20:46:03Z,NA,NA,at://did:plc:vg2v3qcdksxrhwckblljaca3/app.bsky.feed.post/3mlto3c564s2h,,,,,
at://did:plc:znqriibwczzauntoi3ggbplj/app.bsky.feed.post/3mltorgqkgk2t,bafyreifbk3otljad4derpptmpe5w2w3rjcqf7dzn237tkxnv7uouulgb4a,pauliticaleye.bsky.social,Paulitical Eye 🍁,"Hey #Canada. There are great places to visit in Canada, without crossing the border south.

I recommend #NovaScotia

Come for the sights, sites, music, food and entertainment, stay for the people. #NSTourism #Halifax #nspoli #cdnpoli
www.youtube.com/watch?v=rfMx...",,,,0,1,4,0,2026-05-14T20:45:56Z,NA,NA,NA,,,,,
at://did:plc:jeuzjfwsgn62xfoe7qo4jul5/app.bsky.feed.post/3mltoq3ehic2p,bafyreigrvnwap5fgd4b2afuqf5dw2tcahuzcwvas5ko2zzvd7sofpmaq2u,bigclimate.bsky.social,Bentley ****TALK CLIMATE****,bsky.app/profile/bigc... #cdnpoli #AviLewis #EnergyTransition #FossilGas #NaturalGas #MarkCarney #ClimateChange,,,,0,0,2,0,2026-05-14T20:45:11Z,at://did:plc:jeuzjfwsgn62xfoe7qo4jul5/app.bsky.feed.post/3mllgkubqck2x,at://did:plc:jeuzjfwsgn62xfoe7qo4jul5/app.bsky.feed.post/3mlheyn2qrk2b,at://did:plc:jeuzjfwsgn62xfoe7qo4jul5/app.bsky.feed.post/3mltii6r3hk2r,,,,,
at://did:plc:2wxkdwpu5v66xkue5ti62y6u/app.bsky.feed.post/3mltolf43d22l,bafyreibja3vd2iqv22vp4hhaqhdd3zckmin6hccdenplsmtf5n3uugy3cm,senatorpaulasimons.bsky.social,Senator Paula Simons 🇨🇦,"At MacEwan University this afternoon, where my Senate colleague Kim Pate, @kpateonthehill.bsky.social, is speaking at the 7th Biennial Alberta Criminal Justice Symposium. @senindepend.bsky.social #yeg #Edmonton #Alberta #cdnpoli #ISG #SenateofCanada",,,,0,0,8,1,2026-05-14T20:46:43Z,NA,NA,NA,,,,,
at://did:plc:ypbo2mq6dqcct43gt2sam6el/app.bsky.feed.post/3mltoh7cpyy2u,bafyreiekn2xcsicdcjnwucpdevctjuakebhyncz3csznw6qdqudocmirwa,ipolitics.bsky.social,iPolitics,"Two-car LRT service is returning, but east-extension still faces uncertainty #cdnpoli #ipolitics",,,,0,0,0,0,2026-05-14T20:40:12Z,NA,NA,NA,,,,,
at://did:plc:4lr3j6spmaxgllxpxwiwi4z3/app.bsky.feed.post/3mltob7vmic2j,bafyreib6eawefsotjfadw4dlhhpz6c4fxffyhddqspednpbthlzfnhweji,willwrite4coffee.bsky.social,NA,"Bravo Canada! 🇨🇦

The MAGA regime doesn't care about people, but the billionaires that back them care about their $$$

#BoycottUSA still going strong

Stay safe while giving your money to Canadian businesses instead of fascists.

#BuyCanadian #TravelCanada
#CanadaSky #Canada #canpoli #cdnpoli #uspoli",,,,0,3,8,0,2026-05-14T20:36:53Z,NA,NA,NA,,,,,
at://did:plc:x2fori67bggzcj2a6c7sj6ur/app.bsky.feed.post/3mltoahlf6225,bafyreianvzqh3pulw2d75prakxryrkwdcnpv6kfpxcoh5hyofcky6y5sra,jimmydp01.bsky.social,J Payne,"Danielle Smith, winning?

#bcpoli #cdnpoli

www.cbc.ca/news/canada/...",,,,0,0,1,0,2026-05-14T20:36:27Z,NA,NA,NA,,,,,
at://did:plc:2jfr7qhenekca6f6qtjgwdr4/app.bsky.feed.post/3mlto6vtnmk2l,bafyreieru7orseqjtyot6rcciwykbmdrc4zmfgwt33uaiwgkh2me6ljata,calgaryclimatehub.ca,Calgary Climate Hub,#CostOfClimate #ClimateChange #yyc #abpoli #cdnpoli #CanadaSky #ClimateSky #EnergyTransition #Electrostates #Petrostates #China #Iran #America,,,,0,3,8,1,2026-05-14T20:35:35Z,NA,NA,NA,,,,,
at://did:plc:abt5tpb7lqr7vopkrkwfswwq/app.bsky.feed.post/3mltnxydzj42j,bafyreiased4efmzcsitqmxvoihd6zakwrgpakqmwdhfnumqdxtk6vz7fcm,canadareport.org,Canada Report,"Who is incoming U.S. Federal Reserve chair Kevin Warsh and what will his tenure mean for Canada?

Canada’s fastest news scan: 25+ headlines, no clutter, updated all day: CanadaReport.org

#cdnpoli #Canada #News #Business #Economy 
Read Original Article 🔗",,,,0,0,0,0,2026-05-14T20:31:41Z,NA,NA,NA,,,,,
at://did:plc:x2fori67bggzcj2a6c7sj6ur/app.bsky.feed.post/3mltnvwkd3s26,bafyreihirx3piqgmxzz5rf24sckyfs7eo7e7pd2arhapxshqv4mxogaibm,jimmydp01.bsky.social,J Payne,"#idfbombshospitals 

@mark-carney.bsky.social 
@anitaoakvilleeast.bsky.social 

#ICC #ICJ 

#Gaza #Palestine 
#Cdnpoli #BCPoli

www.cbc.ca/news/world/i...",,,,0,0,0,0,2026-05-14T20:30:33Z,NA,NA,NA,,,,,
at://did:plc:ihpcyjtog7wgvpt42kq66sks/app.bsky.feed.post/3mltnu4v5722h,bafyreiekn53jntuloxigr3uhpagm2iswtnwvgoykqetowucpl4zg5vtlyy,openmedia.org,OpenMedia,"Check out this guide to resources on #BIllC22's many issues, and share with folk taking action! #cdnpoli",,,,0,4,5,0,2026-05-14T20:29:33Z,NA,NA,at://did:plc:2cxgdrgtsmrbqnjkwyplmp43/app.bsky.feed.post/3mlsx5gqurk2w,,,,,
at://did:plc:s62xbk4qptittyioum6musdq/app.bsky.feed.post/3mltnrxhqac2c,bafyreigfgwnkb4v3eq5xp5eucbkgkpktlr3d6aalger5nijlvemb6h3lum,soundskugle.bsky.social,SoundsKugle 🐝🌅,"Zero surprise that Carney sees Pete as worthy of an invite... In a sane 🌍 Buttigieg would/will be POTUS

❤️ it

#Quebec 🇨🇦
#CDNpoli 📢",,,,0,3,14,0,2026-05-14T20:28:21Z,NA,NA,at://did:plc:2q2hs5o42jhbd23pp6lkiauh/app.bsky.feed.post/3mlt2z3ynl225,,,,,
at://did:plc:ukmih2yfe2qfzn3zmycpbmzr/app.bsky.feed.post/3mltnrehjds2s,bafyreifqz5y22mfrhjg5rko2fynlaoib2tnniybhsiub3btl7j2tcphvgy,lobbymonitor.bsky.social,The Lobby Monitor,"Conservative #ETHI chair decries Liberal committee majorities that ‘neutered’ powers of oversight committees
#cdnpoli
lobbymonitor.ca/2026/05/14/n...",,,,1,0,0,1,2026-05-14T20:28:06Z,NA,NA,NA,,,,,
at://did:plc:fo6wpgp6wp3ptllfxvth7svj/app.bsky.feed.post/3mltnno47yc2f,bafyreievk5tkxah434t7sdjkbi5quqtkezowcbtai24ycriofpstjir36q,thegentyyc.bsky.social,TheGentYYC,"#MarkCarney SUCKS. SUCKS, SUCKS, SUCKS. #cdnpoli",,,,0,0,3,0,2026-05-14T20:25:55Z,NA,NA,at://did:plc:2ggxun7ks66bronfsjqknneg/app.bsky.feed.post/3mltgx4tjvk2d,,,,,
at://did:plc:lanvmgthztbuwa3ieqcrzsys/app.bsky.feed.post/3mltnlihhoc2q,bafyreiet4c3umxhpwtvlp6m4y4przujryezuxovwp3sygmwtfjruhb4oru,hab3261.bsky.social,Hazel B. 🇨🇦,"UCP is playing a shell game. They eased rules for separatists & waived fees, yet buried Lukaszuk’s pro-Canada petition. They want the referendum but won't put their name on it. #ableg #abpoli #cdnpoli

Another turn of the separatist saga
open.substack.com/pub/womenofa...",,,,0,5,7,0,2026-05-14T20:24:44Z,NA,NA,NA,,,,,
at://did:plc:jukf22tcjgd6nt3rtbeao4kt/app.bsky.feed.post/3mltnjzvpsc22,bafyreialy6mij5y5ykcnbohon6khsh4mu3wbfe7krdydo72bmr5m7g4e34,trueoak.bsky.social,True Oak,"Hey Grande Prairie, you sure you want to be involved with this guy for his Wonder Valley?

#ABpoli
#Alberta
#CDNpoli",,,,0,3,10,1,2026-05-14T20:23:53Z,NA,NA,at://did:plc:5o6k7jvowuyaquloafzn3cfw/app.bsky.feed.post/3mltakykwwk2e,,,,,
at://did:plc:i35ssivwo4bs4j4ilxmxwf64/app.bsky.feed.post/3mltn3gygpc2z,bafyreidfn266k7fg4jenymozkd7z3qnl3w6f7fi7jpdr5br455pa5z2pey,shotze3.bsky.social,Isitjustme,"#cdnpoli 
#elbowsup",,,,0,1,2,0,2026-05-14T20:15:44Z,NA,NA,NA,,,,,
at://did:plc:oh4rtv6eiyer3unlfcuda7oh/app.bsky.feed.post/3mltn2wryuc2w,bafyreihilsxetwkffdoka463y5irsbi7i5n7oix54xtexnuxk46xf3zlqu,soddenlymoved2.bsky.social,soddenly,Sooooonot cool @markcarney.bsky.social This is not what we voted for. This is NOT the way we look after our world. #cdnpoli,,,,0,1,3,0,2026-05-14T20:15:27Z,NA,NA,NA,,,,,
at://did:plc:52x4hgh43acag3ecs2qi57tr/app.bsky.feed.post/3mltmuck4222z,bafyreihow55acfyeso6nrtzkii2lyhv7qcdsaj4wg5chohny2guz4yssqq,albertagirl67.bsky.social,albertagirl67 🇨🇦🇺🇦👊🐧🔥,"Carney ""acquiescing"" to Danielle's pipeline will expose the AB Separatists. It's not about Ottawa being unfair to AB. It's about White Christian Nationalism founded on White, Anglo Saxon, Protestant Patriarchy (WASPP). If you support them & don't fit this criteria you are a token. #abpoli #cdnpoli",,,,0,3,4,0,2026-05-14T20:11:43Z,NA,NA,NA,,,,,
at://did:plc:r64wzjtkimyq4vkiddzuu6no/app.bsky.feed.post/3mltmu7mrpk23,bafyreigxn5ckcinoktopehcytrcl3xdvb5pzlo3vgvdslcy2x7y3b2ca4y,bcwildfirewkly.bsky.social,BC Wildfire Weekly - Wildfires + More,"“Top doctor explains why number of ‘low risk’ hantavirus contacts in Canada has grown to 26” vancouver.citynews.ca/2026/05/14/2... - @citynewsvancouver.bsky.social 

#CDNPoli #Hantavirus #MVHondius",,,,0,1,1,0,2026-05-14T20:11:43Z,NA,NA,NA,,,,,
at://did:plc:uxj5ihyuzrgxmuvjeanl57ys/app.bsky.feed.post/3mltmtsojqgl2,bafyreihrbyt2avkkmkdxf3luuxlilbkfcowrc6hemzxzjz5zhq6yb7c2ki,chris.mstdn.chrisalemany.ca.ap.brid.gy,Chris Alemany🇺🇦🇨🇦🇪🇸,"Remember that time when the world agreed we had to be net-zero by 2050.

Well, enter Mark gas-it-up Carney.

""Natural gas to play key role in strategy to double Canada’s electricity grid by 2050”

Because apparently: “the plan, which is called Powering Canada Strong, will lower the cost of […]",,,,1,4,1,0,2026-05-14T20:11:31Z,NA,NA,NA,,,,,
at://did:plc:tlkakpjayncxubstzzd4dwdt/app.bsky.feed.post/3mltmlzouz22n,bafyreifhpft7yse26o5bq77skub4xduuytcdxzipjntn3y2etawa24uxhe,cyborgk9.bsky.social,Cyborg K9 🌹,"Gross. :/
#cdnpoli",,,,0,0,0,0,2026-05-14T20:07:06Z,NA,NA,at://did:plc:ckp4obhd77hgyfnuknamrh4z/app.bsky.feed.post/3mltm626e6c2a,,,,,
at://did:plc:na2jsglptzqzh3a2diupef7f/app.bsky.feed.post/3mltmjecrbk26,bafyreiauzgtelgtr63trjd3bgtrs3tv5iktzyol7japow2m4bllawqvsge,martithrall.bsky.social,Marty Fontaine 🇨🇦,"Pipelines for some, miniature Canadian flags for others!

#martyfontaine #CdnPoli #Carney
#PipeDream",,,,0,0,0,0,2026-05-14T20:05:43Z,NA,NA,NA,,,,,
at://did:plc:abt5tpb7lqr7vopkrkwfswwq/app.bsky.feed.post/3mltmbzeqp42j,bafyreifymffxih3kp3vdvie3uhumarmn6ye3repcx5oqmmvz43hn2476h4,canadareport.org,Canada Report,"Ontario government invests $5 million into life sciences and healthtech startups

Canada’s fastest news scan: 25+ headlines, no clutter, updated all day: CanadaReport.org

#cdnpoli #Canada #News #Tech #AI #onpoli 
Read Original Article 🔗",,,,0,0,0,0,2026-05-14T20:01:30Z,NA,NA,NA,,,,,
at://did:plc:gjvopermmtyg6j2kjf5nnmje/app.bsky.feed.post/3mltlvf3hws2i,bafyreidwlb7ileb2xws62nop2jpqwvimxojbbtwseazjndnucjknn54kva,johnbowker.bsky.social,John Bowker,"Turns out the Carney Liberal government is specifically targeting endangered BC orcas with its proposal to allow projects like pipelines to go ahead even if they could wipe out an entire species, @althiaraj.bsky.social reports www.thestar.com/politics/fed... #cdnpoli #bcpoli",,,,1,1,2,0,2026-05-14T19:54:28Z,NA,NA,NA,,,,,
at://did:plc:fuak6asmyzr6r34f6er6z4ju/app.bsky.feed.post/3mltlqjxp4k2n,bafyreibxwhrokdow7mxakil5nodrghdl5qubho7mrq6uralvbmwbce3oxa,jansplanet.bsky.social,Janet 🇨🇦,"Examples that emphasize the need for an independent election body to manage all elections. Elections Canada needs to be fortified & take on party leadership & candidate elections uniformly across Canada. 

#Kamikaze #AbPoli #CdnPoli #DefendDemocracy #ElectionIntegrity",,,,1,6,10,0,2026-05-14T19:51:45Z,NA,NA,NA,,,,,
at://did:plc:lin2g3h6fvle3fdrs5nqmkiy/app.bsky.feed.post/3mltlqg75p22q,bafyreighantje2hgh5geqo77tb7cw75pikgcbkeuxv4cmq44ficozrqi74,canadiancontent.bsky.social,Not That Kind Of Canadian,"What does this say about your credibility?

#cdnpoli

abacusdata.ca/canadian-pol...",,,,1,0,0,0,2026-05-14T19:51:43Z,at://did:plc:cuxrgmpm3wqpd7rlao4etui3/app.bsky.feed.post/3mlt5tdzra22e,at://did:plc:kx375dszrbvqtu7o4xxxmojn/app.bsky.feed.post/3mlt4wz3zw225,NA,,,,,
at://did:plc:r2qm5vzmsns46l4n6e6rjh2a/app.bsky.feed.post/3mltlocbyok24,bafyreih2ivggkewlmx4khtwf7paah53dv5qgdteerypkycfnaju2zb44pm,brucedc77.bsky.social,Bruce D. Cowherd   🇨🇦,"Thousands Of Properties Could Be Impacted By The First Phase Of Canada's High-Speed Rail. 
The 1,000 Kilometer Rail Line Is Set To Connect Toronto To Quebec City By 2044, Costing The Federal Government (taxpayers) $60 -$90 billion.
#cdnpoli #Canada 🇨🇦 #CanadaSky 
#onpoli #Ontario",,,,0,1,2,0,2026-05-14T19:50:31Z,NA,NA,NA,,,,,
at://did:plc:7lk2ea67pioh2e7tqj5n7whh/app.bsky.feed.post/3mltlioonnc2x,bafyreic5npw4xkbblksbh34vjkthk422zlqtoavsu4enlozxt2bpkba4ia,samspade1941.bsky.social,Samuel Spade,"ameriKKKa LOVES supporting pro-ruSSian Hindu fascists....

#cdnpoli #ukpol #auspol #uspol",,,,0,1,6,0,2026-05-14T19:47:21Z,NA,NA,at://did:plc:2w45zyhuklwihpdc7oj3mi63/app.bsky.feed.post/3mlt6se7ehf2t,,,,,
at://did:plc:52x4hgh43acag3ecs2qi57tr/app.bsky.feed.post/3mltle2zogc2z,bafyreifdx3w3h5zywg2d3tqhrqenxiepqgwapz6xs6ouk5ouktjvsgpjda,albertagirl67.bsky.social,albertagirl67 🇨🇦🇺🇦👊🐧🔥,"Just throwing it out there #abpoli #cdnpoli. AB Separatism is a White Christian Nationalist operation whose agenda is Project2025. With Separatists buying UCP memberships to control the party wonder, as a guerilla op for democracy, if all Albertans bought UCP memberships. Let's play by their rules.",,,,3,4,6,0,2026-05-14T19:44:45Z,NA,NA,NA,,,,,
at://did:plc:amnhdrsyqrmpomj6qdzc3ved/app.bsky.feed.post/3mltle32fjcb2,bafyreiampoteei4pztizqoox3silt5elqljhc4ngeal52wjb4y33eenffe,edwing.mstdn.moimeme.ca,Edwin G. :mapleleafroundel:,"Canadian government 🇨🇦 announces environment to be eliminated as cost-cutting measure

https://www.thebeaverton.com/2026/05/carney-announces-environment-to-be-eliminated-as-cost-cutting-measure/
- - -
Le gouvernement annonce l’élimination de l’environnement comme mesure d’économie de coûts

// […]",,,,1,0,3,0,2026-05-14T19:44:52Z,NA,NA,NA,,,,,
at://did:plc:pkysaub2s5bbnvszblg7o4js/app.bsky.feed.post/3mltlbhir7s2i,bafyreidhgtmh6xv4atcu3ezbhanngcrgckr2hdrtr2donscasy22qg5lce,gregmcleanyyc.bsky.social,Greg McLean,"I celebrated Asian Heritage Month earlier this month at Chinese Cultural Centre. Thanks to Jay Chowdhury, station manager at RED FM, for inviting & hosting me; and to all of the participants for their beautiful products and delightful performances.

#calgarycentre #yyc #cdnpoli #AsianHeritageMonth",,,,0,0,0,0,2026-05-14T19:43:23Z,NA,NA,NA,,,,,
at://did:plc:aup43vyegw7pvuu7fq6a5dfc/app.bsky.feed.post/3mltkpxzqqc2o,bafyreigoqgz67a3k6tyqpsbed7vottnzv6ay2hzkw2atbipiokq2m4vnve,walterverse.bsky.social,Walter 🇨🇦 (ウォールター),Liking the solar chimneys.  Basically wood glass and black paint. No special tech.  It's laughably cheap against the oil and gas cartels #cdnpoli #renewables #solar,,,,0,1,1,0,2026-05-14T19:33:31Z,at://did:plc:aup43vyegw7pvuu7fq6a5dfc/app.bsky.feed.post/3mltkpwzkhk2o,at://did:plc:aup43vyegw7pvuu7fq6a5dfc/app.bsky.feed.post/3mltcce7j222l,at://did:plc:aup43vyegw7pvuu7fq6a5dfc/app.bsky.feed.post/3mkcedevttk27,,,,,
at://did:plc:aup43vyegw7pvuu7fq6a5dfc/app.bsky.feed.post/3mltkpwzkhk2o,bafyreigy4vgtljukjbrznuaskg6qyoseii3dnsxd26nkmceuakx2xwb47q,walterverse.bsky.social,Walter 🇨🇦 (ウォールター),"we can do renewables easily.  But we can't do it if we keep electing liars and oil soaked shills disguised as leaders.  You miss 100% of the shots you don't take, remember?  #cdnpoli 

www.cbc.ca/news/science...",,,,1,0,0,0,2026-05-14T19:33:31Z,at://did:plc:aup43vyegw7pvuu7fq6a5dfc/app.bsky.feed.post/3mltcce7j222l,at://did:plc:aup43vyegw7pvuu7fq6a5dfc/app.bsky.feed.post/3mltcce7j222l,NA,,,,,
at://did:plc:abt5tpb7lqr7vopkrkwfswwq/app.bsky.feed.post/3mltkm6suge22,bafyreicbl6zam22pu7lmjxv4hal55w66fh4yqezwvirgmyvmsuwdw6snyi,canadareport.org,Canada Report,"Brookfield says it amassed US$2-billion bet on SpaceX ahead of IPO

Canada’s fastest news scan: 25+ headlines, no clutter, updated all day: CanadaReport.org

#cdnpoli #Canada #News #Business #Economy 
Read Original Article 🔗",,,,0,1,3,0,2026-05-14T19:31:25Z,NA,NA,NA,,,,,
at://did:plc:fuak6asmyzr6r34f6er6z4ju/app.bsky.feed.post/3mltkksd4622n,bafyreifrozj63zm7w5bgtsqcj5pnl7c7lmr7vria6lkxsrz7ikjftu4o5e,jansplanet.bsky.social,Janet 🇨🇦,"#DefendDemocracy #ForeverCanadian
#Treaty #CdnPoli #AbPoli #CdnLaw
#CoordinatedAttack",,,,0,1,2,0,2026-05-14T19:30:39Z,NA,NA,NA,,,,,
at://did:plc:in6t5b6l3wnfwkcuqji57ttg/app.bsky.feed.post/3mltk2nydnk2l,bafyreifms3oku4nnklbhnue45z7bn4d52ohfn5qs6bc2mt3fecsd7cdgem,ccfr-ccdaf.bsky.social,Canadian Coalition for Firearm Rights,Going after law-abiding gun owners is BS 🇨🇦 #cdnpoli,,,,0,0,0,0,2026-05-14T19:21:39Z,NA,NA,NA,,,,,
at://did:plc:eix3tk3r26zi2p3vyreh3k3b/app.bsky.feed.post/3mltk2iiqj22h,bafyreig4dn6dco5up3vpyps7xcr3h7kea3rwogalebtf5zycz6fjtzhebe,atomicker.bsky.social,NA,"Carney's proposal removes impact assessments on interprovincial pipelines, allows construction to begin before impact decisions are made, makes it easier to destroy fish habitats & exempts select projects from the Species at Risk Act.

Public comments are open until June 7:

#Canada #CDNPoli #BCPoli",,,,0,5,4,1,2026-05-14T19:21:31Z,NA,NA,NA,,,,,
at://did:plc:ako65x53epqewjh4ozu7wjs2/app.bsky.feed.post/3mltjnkxho22m,bafyreif4v23vbnzqa2h4hrlqpomprbhbeaemzunj2rlewihxi2feeu75ci,centristhumanist.bsky.social,Anaximander's Elbows Up Tardigrade Brigade 🍁🇨🇦🇺🇦🇬🇱,"Now here's a lie exposed.
#cdnpoli",,,,0,0,1,0,2026-05-14T19:14:17Z,NA,NA,at://did:plc:c4s2iazqxczwrujcypadou7o/app.bsky.feed.post/3mlqh5ndykk2z,,,,,
at://did:plc:xpgujbkkrjevueb53vpgnetz/app.bsky.feed.post/3mltjn3unhs23,bafyreigr4hwbuhyq2bkyzs7kfc6nesfxw4geoszbjnwo3jgny2vyjf3w54,maxfawcett.bsky.social,Max Fawcett,"Behold, the @nationalobserver.com's latest YouTube show, featuring my friend and favourite oil analyst @roryjohnston.bsky.social. 

We talk about what's happening in/with Iran, what it means for Canada, and whether another pipeline will get built. #cdnpoli

www.youtube.com/watch?v=gDsW...",,,,3,15,33,1,2026-05-14T19:14:05Z,NA,NA,NA,,,,,
at://did:plc:mv6loxcddhj3i6pzfvzicc36/app.bsky.feed.post/3mltjmsihys2n,bafyreif3wez3lbr47gooqchod75w23v3f6fffsx7csh7mewks4y4nldtbm,dennisjkoch.bsky.social,"Dennis ""dejay"" Koch","Alberta judge quashes separation question after First Nations challenge

@citynewsyeg.bsky.social

#cdnpoli #abpoli #ableg #YEG #YYC #Alberta #AlbertaUCP

youtu.be/m19VetndWjw",,,,0,0,1,0,2026-05-14T19:13:52Z,NA,NA,NA,,,,,
at://did:plc:eix3tk3r26zi2p3vyreh3k3b/app.bsky.feed.post/3mltjl6ulnk2a,bafyreidmqartirqfrvv5hhk56bw2gcjcm3rtubhbzxsvz36onf7zhfyi5i,atomicker.bsky.social,NA,"Mark Carney's proposal to greenlight projects even if they result in an entire species going extinct is directed at supporting ports & pipelines that jeopardize the existence of BC's endangered killer whale population:

#Canada #CDNPoli #BCPoli #KillerWhales #ClimateChange #Ecocide #NoPipelines",,,,1,0,1,1,2026-05-14T19:12:58Z,NA,NA,NA,,,,,
at://did:plc:ebnpvh2qn74h56bqgsus4fur/app.bsky.feed.post/3mltjina6xs2h,bafyreicjhnt26ixincfgxv5d3ilvynracb7gd6xlkwl5g3g6jan2g6gtqm,christyceeck.bsky.social,My IRL friends call me Chris,"""Today’s announcement “signals the beginning of the end” of the Clean Electricity Regulations, said Stephen Thomas, clean energy manager at the David Suzuki Foundation...adding it is “one of the last climate policies this federal government hasn’t already gutted or abandoned.”

#CdnPoli",,,,1,22,24,1,2026-05-14T19:11:33Z,NA,NA,NA,,,,,
at://did:plc:sgkn3mngslzbvvhy6xlpphoh/app.bsky.feed.post/3mltjii5fyc22,bafyreife5pppx77o62rrblfp3b34fauk5olfusltubzbjf5wz23tjnlbfq,cleanenergycanada.org,Clean Energy Canada,"📈 New Canadian EV sales data is out, and as expected, they're up—and by a lot.

“The anecdotal evidence that Canadians were increasingly looking to go electric was strong, but today’s numbers are unmistakable,"" says Clean Energy Canada's @joannakyriazis.bsky.social.

Our full response👇 #cdnpoli #EV",,,,0,2,6,0,2026-05-14T19:11:28Z,NA,NA,NA,,,,,
at://did:plc:mv6loxcddhj3i6pzfvzicc36/app.bsky.feed.post/3mltjiepxzs2n,bafyreicyqcjregxtlkqu6rfk4lym5n2iv4sncailk2ohao7a5huplzoxlq,dennisjkoch.bsky.social,"Dennis ""dejay"" Koch","Alberta judge throws out separatist referendum petition | Big Headlines

@citynewsyeg.bsky.social

#cdnpoli #abpoli #ableg #YEG #YYC #ALberta #AlbertaUCP

youtu.be/45T8EV2DDW0",,,,0,0,0,0,2026-05-14T19:11:24Z,NA,NA,NA,,,,,
at://did:plc:mv6loxcddhj3i6pzfvzicc36/app.bsky.feed.post/3mltjduts2c2n,bafyreihzewdct5qnktrpoiqnxob4wzonyxq4hy4lmb2fyurzfdhpbbi4by,dennisjkoch.bsky.social,"Dennis ""dejay"" Koch","These American Businesses Built Themselves On Canadian Money  Are Struggling To Survive

Guard The Leaf

American businesses quietly built themselves on Canadian customers & never once stopped to calculate how much they actually needed that money

#USA #uspoli #Canada #cdnpoli

youtu.be/vdf28Wupy-4",,,,0,0,0,0,2026-05-14T19:08:53Z,NA,NA,NA,,,,,
at://did:plc:eaeuyrvdlqvjgznelgcdimct/app.bsky.feed.post/3mltjayi22s2h,bafyreibycfgv36rhsjl754xgjgm5g73532gvnehzs7pvwjiobpr73bafw4,madhat59kenwood.bsky.social,Ken Wood part owner of 🇨🇦,The two POS noted in this article deserve to be ridiculed and laughed at. Good on the ATP Comedy show. These two & others working over time to spread disinformation & hatred. I have zero time for 'people' (I use that term lightly) that want to push lies. #bcpoli #cdnpoli,,,,0,0,2,0,2026-05-14T19:07:15Z,NA,NA,at://did:plc:ti6jbyxaba25qtl7rgp6mbxg/app.bsky.feed.post/3mltf7crvv226,,,,,
at://did:plc:mv6loxcddhj3i6pzfvzicc36/app.bsky.feed.post/3mltj5qshxc2n,bafyreia3kvhs7apsqzgchhjomllsbrtmnncdzocdjxce3o2wkzt25or5aa,dennisjkoch.bsky.social,"Dennis ""dejay"" Koch","The US Keeps Warning Canada About Chinese EVs And Canada Keeps Moving On

Guard The Leaf

Canada is building its own economic identity right now. Chinese EVs in the Canadian market is another piece of that picture.

#USA #Canada #uspoli #cdnpoli

youtu.be/nzR0k9c6WFA",,,,0,1,1,0,2026-05-14T19:05:27Z,NA,NA,NA,,,,,
at://did:plc:abt5tpb7lqr7vopkrkwfswwq/app.bsky.feed.post/3mltj5koroq2k,bafyreidwugokz3db2pia4vmivlh5nwlzxevvv5x7d6xmbzsluabwbosrdy,canadareport.org,Canada Report,"🇨🇦 PM Briefing — May 14  
Honda's exit from a $15B EV project raises alarms for Canada's EV future.  
• Job growth at risk  
• Need for stronger tech investment  

Learn more: h...

Read: canadareport.org/briefing-2026-05-14-afternoon.html
#cdnpoli",,,,0,0,0,0,2026-05-14T19:05:19Z,NA,NA,NA,,,,,
at://did:plc:xpgujbkkrjevueb53vpgnetz/app.bsky.feed.post/3mltj4umufc23,bafyreicw2kbslvlqpidx46sqbctzmbooxyuo6qnv4yndxi357fbmwfeebm,maxfawcett.bsky.social,Max Fawcett,"Excellent episode of Canadaland with @readtheorchard.org  -- and I particularly appreciate the subject of his ""duly noted"" at the end. #cdnpoli 

www.canadaland.com/podcast/1364...",,,,0,7,16,0,2026-05-14T19:04:59Z,NA,NA,NA,,,,,
at://did:plc:fo6wpgp6wp3ptllfxvth7svj/app.bsky.feed.post/3mltj35ey4s2r,bafyreibcwt3p7y6hez7qaeos4hd6mwyskhg4eqtcufdpaxmtmjxze7mrz4,thegentyyc.bsky.social,TheGentYYC,"Last week he was privatizing airports. This week he's after the rest of our ports. When he's done, anything, including YOU, coming into this country via boat or plane would go through for-profit private corporations. 

#MarkCarney is officially a full-fledged DISASTER #cdnpoli",,,,1,2,9,0,2026-05-14T19:03:59Z,NA,NA,at://did:plc:4euncr44a5aflpbcbjhvjvdo/app.bsky.feed.post/3mlt3dtdcss2h,,,,,
at://did:plc:iyyzcuc24pgchmsbjnsa3wu3/app.bsky.feed.post/3mltj33ezas2h,bafyreiem4pq3sb7ingf2atwry6e7fhh43roxhvyv53il3hinz7he52moey,torontokate.bsky.social,🎶 I Will Choose Freewill 🇨🇦,"""hobbies that are now super expensive. Similar to my Florida video about how Florida used to be very affordable and now it's unaffordable because all the rich people have moved in..""

#cdnpoli #onpoli #bcpoli #abpoli #skpoli #mbpoli #nbpoli #nspoli #nlpoli #peipoli #CanadaSky",,,,1,0,1,0,2026-05-14T19:03:57Z,NA,NA,NA,,,,,
at://did:plc:eaeuyrvdlqvjgznelgcdimct/app.bsky.feed.post/3mltiros7ik2h,bafyreihpdkjxjyukae2fpnyf5vc645bbmjfk4up777wfns3km3ofv5mi5y,madhat59kenwood.bsky.social,Ken Wood part owner of 🇨🇦,"I wish people would research and read before going nuts, I know that wont fit many narratives from the lefty-left. There are opportunities here in Canada to create funds to reinvest into projects & policies we need. #cdnpoli 

ppp.worldbank.org/Guidelines%2...",,,,0,0,0,0,2026-05-14T18:58:41Z,NA,NA,NA,,,,,
at://did:plc:jw3ocg24thye7i5sjjhia62e/app.bsky.feed.post/3mltipgpur22y,bafyreig4soxew7eqiccwjmweptkssqgc2a6iprer53kpz37fiuwo3xhwwy,markhamhislop.bsky.social,Markham Hislop,"Canada's Groundbreaking New Strategy Embraces the Age of Electricity

Oil and gas will gradually be displaced by electricity over the next 25 years.
#cdnpoli @mark-carney.bsky.social  
markhamhislop.substack.com/p/canadas-gr...",,,,5,2,13,0,2026-05-14T18:57:27Z,NA,NA,NA,,,,,
at://did:plc:62dvag4x5a64dre4bju3nj6z/app.bsky.feed.post/3mltip6tvbs2x,bafyreicdj3rggpemfipujxzjkc7jpkibpcbjjhqrhxrxkweb73cqk4ohm4,cmusician.bsky.social,Carolyn Hudson,"WORSE THAN WHAT HARPER DID: ""Carney’s announcement to fast-track private-sector extraction projects gives Big Oil a blank cheque to ram through climate-destroying pipelines without any environmental guardrails."" leadnow.ca/campaigns/cl... #cdnpoli #ClimateChange",,,,0,0,0,0,2026-05-14T18:57:20Z,NA,NA,NA,,,,,
at://did:plc:eix3tk3r26zi2p3vyreh3k3b/app.bsky.feed.post/3mltilauck22g,bafyreicfgrhpioyphatr55t3ywiaih3kqenm2yonmo2rwlcipyl33guyly,atomicker.bsky.social,NA,"Last year, the ICJ found that states had a legal obligation to act on #ClimateChange.

Next week, UN members (including #Canada) will have to acknowledge our responsibility to cut emissions & fossil fuel use, or open ourselves up to international legal action.

#CDNPoli #ClimateCrisis #NoPipelines",,,,0,2,1,1,2026-05-14T18:55:07Z,NA,NA,NA,,,,,
at://did:plc:jeuzjfwsgn62xfoe7qo4jul5/app.bsky.feed.post/3mltii6r3hk2r,bafyreidymjnthuiudfqfjchrfbw2y4d7kuyumbp7m75vmqiifji4qhcz6q,bigclimate.bsky.social,Bentley ****TALK CLIMATE****,"So looks like the big news inre PM #MarkCarney 's supposed electrification plan is MORE FOSSIL GAS, a climate destroyer.

LITERALLY EVERY DAY he sucks on #ClimateChange in a whole different way. Good thing there's an alternative.
#cdnpoli #AviLewis #EnergyTransition #FossilGas #NaturalGas",,,,1,1,8,1,2026-05-14T18:53:23Z,NA,NA,at://did:plc:jeuzjfwsgn62xfoe7qo4jul5/app.bsky.feed.post/3mlheyn2qrk2b,,,,,
at://did:plc:istu2catmtwuynu7jlh6buzl/app.bsky.feed.post/3mltihtmzvs2x,bafyreifdp6cwjpk43x5o5dac4tbaf7nhti7v3ldg4mjobtcyx3atytss7y,elcanaco.bsky.social,elcanaco.bsky.social,"This is incredibly short-sighted.

#cdnpoli",,,,0,0,3,0,2026-05-14T18:53:11Z,NA,NA,at://did:plc:4euncr44a5aflpbcbjhvjvdo/app.bsky.feed.post/3mlt3dtdcss2h,,,,,
at://did:plc:re7tflvczjceanwkco2bseqb/app.bsky.feed.post/3mltigtjbac2p,bafyreicpgvztrjcj45gjqzkrm4uls7jhqdvdb34ek6uvriqz6tnzsvjtd4,bella-andme.bsky.social,Sherry Lee,"🙄🤔
#abpoli #cdnpoli",,,,0,0,1,0,2026-05-14T18:52:37Z,NA,NA,at://did:plc:vvjwukbyx45mcvbsyhgfui3i/app.bsky.feed.post/3mlthmghu222j,,,,,
at://did:plc:ebtnhtvy7hwdtvnotyhg5b3l/app.bsky.feed.post/3mltif4yqzc2k,bafyreih6evrknctpewqjmvvtku2h3kq4z5j7m2u3eqw4hsyyekcsszkc2q,dianave.bsky.social,,I just wrote a Leadnow letter: Demand MPs: Stand up to Big Oil and protect our future. #cdnpoli #fossilfuels  leadnow.ca/campaigns/cl...,,,,0,0,0,0,2026-05-14T18:51:42Z,NA,NA,NA,,,,,
at://did:plc:lu3mrnl3zqkwcfjd2ux4ccz4/app.bsky.feed.post/3mlti6n2nes2s,bafyreigcw54qibdme77yhfk4cxxvznicj4hljozebzds3snmqcbq4agsuq,keng2025.bsky.social,Ken Glover 🇨🇦,It is disappointing to have the focus on Natural gas instead of a renewable first strategy. #cdnpoli,,,,0,0,1,0,2026-05-14T18:48:02Z,NA,NA,at://did:plc:owyl5siz6ibqxwxls4szerlx/app.bsky.feed.post/3mlthkzhsyc2u,,,,,
at://did:plc:kalz2syodydchbq5cnx4i25d/app.bsky.feed.post/3mlti6dfcws2c,bafyreigixqscjcydcaci7jxshw2klmbw3of67pd5275jfsowqxht24eequ,trevorrobb.bsky.social,,"Alberta Prosperity Project CEO, Mitch Sylvestre, said most UCP members want his separation question put to a referendum: ""I really believe that the largest part of the UCP membership is in favour of this vote.""

#ableg #abpoli #cdnpoli
edmontonjournal.com/news/politic...",,,,4,3,7,0,2026-05-14T18:47:55Z,NA,NA,NA,,,,,
at://did:plc:eaeuyrvdlqvjgznelgcdimct/app.bsky.feed.post/3mlti5h4gv22h,bafyreifwgsvazf7lkuyqra34hxlettzcvaqlxssh4c3biieqaddwkkbyyu,madhat59kenwood.bsky.social,Ken Wood part owner of 🇨🇦,"JT, JT, JT...he lives rent free in the emptiness of these peoples brain. #abpoli #cdnpoli",,,,0,0,1,0,2026-05-14T18:47:22Z,NA,NA,at://did:plc:vvjwukbyx45mcvbsyhgfui3i/app.bsky.feed.post/3mltgqgcp3s2j,,,,,
at://did:plc:jeuzjfwsgn62xfoe7qo4jul5/app.bsky.feed.post/3mlti4yrcis2j,bafyreihqcc76mh3z3tpj2qmulglkdb5h72b2le23tutqivprkwmtiqhbxq,bigclimate.bsky.social,Bentley ****TALK CLIMATE****,PM #MarkCarney has officially become a joke inre #ClimateChange www.thebeaverton.com/2026/05/carn... #cdnpoli,,,,1,13,26,1,2026-05-14T18:47:11Z,NA,NA,NA,,,,,
at://did:plc:eix3tk3r26zi2p3vyreh3k3b/app.bsky.feed.post/3mlti2yqvoc2g,bafyreiebvu4ztwwcv3edyuvmxcwxzma7i7ungxuhiav2mgqrknuroni6yu,atomicker.bsky.social,NA,"The developing El Niño weather pattern could be one of the strongest on record, with warnings of record global temperatures and 'huge humanitarian impacts to come'

#Canada #CDNPoli #ClimateCrisis #ClimateBreakdown #ClimateChange #ExtremeWeather #Wildfires #Drought #NoPipelines #CostOfLivingCrisis",,,,2,1,3,0,2026-05-14T18:46:03Z,NA,NA,NA,,,,,
at://did:plc:eaeuyrvdlqvjgznelgcdimct/app.bsky.feed.post/3mlti2fxjjs2h,bafyreigahgxnei4u5pgr7ukchy33azf7b2g7fe7u7dw36irn6oq2stggpy,madhat59kenwood.bsky.social,Ken Wood part owner of 🇨🇦,Every day the guy proves he's a f'ckn idiot. He embarrasses Canada every time he opens his mouth. He's not welcome back here that's why he stays hiding in Florida. Good riddance. #uspoli #cdnpoli,,,,0,0,0,0,2026-05-14T18:45:40Z,NA,NA,at://did:plc:x4g4laxkmsrczwvnvbbgsm7g/app.bsky.feed.post/3mltdyhruus2i,,,,,
at://did:plc:in6t5b6l3wnfwkcuqji57ttg/app.bsky.feed.post/3mlthzdefsc2k,bafyreiccfyooqmr5lnbfamasihsri547d7jggc5uhe7xc25rgsjgxvcsau,ccfr-ccdaf.bsky.social,Canadian Coalition for Firearm Rights,"THAT'LL SHOW HIM: Judge Lynett Jung sentenced repeat offender, Samuel-Luc Prescott-Perreault, already on a warrant, to 341 days (time served), meaning no more time behind bars... Followed by a 2-year probation, conditions, and a lifetime gun ban. #cdnpoli

Read More: www.castanet.net/news/Pentict...",,,,0,0,0,0,2026-05-14T18:45:09Z,NA,NA,NA,,,,,
at://did:plc:omoqgoue2ldfbq34cdeb42in/app.bsky.feed.post/3mlthz7wo3c2m,bafyreifswcrm5la2bjl4id65zjdbf24644zspig54iqfzihz7lxngcgaju,nintarii.bsky.social,Ace Bastone,"BREAKING: Canadians were asked about Bill C-22 and privacy. You'll be shocked to hear what they have to say:

www.youtube.com/watch?v=2xcQ...

#cdnpoli",,,,0,0,0,0,2026-05-14T18:45:02Z,NA,NA,NA,,,,,
at://did:plc:ebnpvh2qn74h56bqgsus4fur/app.bsky.feed.post/3mlthrkhqns2h,bafyreihb7m7vjmm7c6qns6wfa5dwrnj2phqesrihgh7dkvd3vkxhmijzlu,christyceeck.bsky.social,My IRL friends call me Chris,"""The federal government’s proposal to legally allow projects to go ahead even if they result in an entire species going extinct is directed at projects, such as ports and pipelines, that jeopardize the existence of the endangered southern resident killer whale population""

#CdnPoli",,,,0,20,33,0,2026-05-14T18:40:45Z,NA,NA,NA,,,,,
at://did:plc:ihpcyjtog7wgvpt42kq66sks/app.bsky.feed.post/3mlthpeg57k2t,bafyreibzk6ltkoo4aqmjs73l4hwcfoxpfrv2auixh5ojrcfjffqhgtkc74,openmedia.org,OpenMedia,"As of today, we've sent more than 9,600 emails to MPs calling on them to STOP #BillC22!

But with Signal confirming they'll pull out of 🇨🇦 if the bill passes, we desperately need more people to speak up to prevent catastrophic consequences for Canadian privacy. 

Please spread the word! #cdnpoli",,,,0,10,10,0,2026-05-14T18:39:30Z,NA,NA,at://did:plc:ihpcyjtog7wgvpt42kq66sks/app.bsky.feed.post/3ml27jzngvc2t,,,,,
at://did:plc:vtkufk2p3mysysc44yfwvatt/app.bsky.feed.post/3mlthfm3da22w,bafyreibkaqancvysdjjgcw35ztiq2bkm5zsf4i245724rji3c2jo7ej7s4,tlcr.bsky.social,The Lefty Canadian Radical,"I am once again reminding liberals Jean Chretien's budget was praised by Fraser institute.

You are more than capable of destroying Canada's social safety net all on your own. 

Mark Carney doesn't need to be a Stephen Harper plant that ""tricked"" you.

#cdnpoli",,,,0,0,6,0,2026-05-14T18:34:05Z,NA,NA,NA,,,,,
at://did:plc:mv6loxcddhj3i6pzfvzicc36/app.bsky.feed.post/3mlthe7h7z22n,bafyreidifqyddki5c7rgzoiolxfbdsq3ahmkf5voxgi645xywwq6dl5hmy,dennisjkoch.bsky.social,"Dennis ""dejay"" Koch","Why are drug deaths rising in Edmonton, but falling elsewhere?

@theglobeandmail.com

Canada has seen a decline in deaths related to drug overdose the past two years. But the reality at the local level is a little more complicated.

#cdnpoli #YEG #abpoli #ableg

youtu.be/079eUHehfzc",,,,0,0,0,0,2026-05-14T18:33:16Z,NA,NA,NA,,,,,
at://did:plc:abt5tpb7lqr7vopkrkwfswwq/app.bsky.feed.post/3mlthb7qby22p,bafyreiecclyhtunfhp7hlyey47wj7dphfkcpydhzrloyolzirqtjxgkxuu,canadareport.org,Canada Report,"Covalon Announces Conference Call to Discuss Second Quarter Fiscal 2026 Results

Canada’s fastest news scan: 25+ headlines, no clutter, updated all day: CanadaReport.org

#cdnpoli #Canada #News #Business #Economy 
Read Original Article 🔗",,,,0,0,1,0,2026-05-14T18:31:35Z,NA,NA,NA,,,,,
at://did:plc:fo6wpgp6wp3ptllfxvth7svj/app.bsky.feed.post/3mlth7dgt6c2w,bafyreihoopjf3dmnoflewnc4z6ho22omqzdqm32s5dtrydpbogbzsc5nsm,thegentyyc.bsky.social,TheGentYYC,"SUCKS. SUCKS, SUCKS, SUCKS.  #cdnpoli #MarkCarney",,,,0,1,5,0,2026-05-14T18:30:32Z,NA,NA,at://did:plc:4euncr44a5aflpbcbjhvjvdo/app.bsky.feed.post/3mlt3dtdcss2h,,,,,
at://did:plc:kalz2syodydchbq5cnx4i25d/app.bsky.feed.post/3mlth3eflbs2c,bafyreidmfxxh4ouqvlk7brdtbmoltdcoyaj6mzfkeov56fuolmgzcxfkg4,trevorrobb.bsky.social,,"Schow: ""We (Alberta UCP) have not started this separatist conversation, the people who started this separatist conversation are the federal Liberals and the NDP caucus who have bolstered them up for the last decade."" #ableg #abpoli #cdnpoli",,,,2,1,0,1,2026-05-14T18:28:18Z,NA,NA,NA,,,,,
at://did:plc:zfw2o4gfcahciaylo76rmzxa/app.bsky.feed.post/3mltgnpkcek2i,bafyreibzttyclb2vjidz22wz54m2rhkgf4quphdsrxff7m4zlg4h4at45m,liammci.bsky.social,LiamMcIntosh He/Him 🏳️‍🌈🇵🇸,"So glad we elected the guy who promised he would defeat the Conservatives. What most don’t realize is he meant “If you can’t beat em, become them.” #cdnpoli",,,,0,3,9,0,2026-05-14T18:20:41Z,NA,NA,at://did:plc:zh5dfrgucq2td5ngz2wtlzle/app.bsky.feed.post/3mltgbwrd4s2s,,,,,
at://did:plc:g323nwoy6rzvxylyjmn243qu/app.bsky.feed.post/3mltgnmevas2p,bafyreihaw4wmqcdcy5pdv7tltf6mxu4fadr2i3szrqsnctkevjsied6kie,electricbluesfan.bsky.social,RichardJR,"1/8 🇨🇦 CARNEY WARNS ALBERTA ON REFERENDUM RIGHTS 🇨🇦

A judge just struck down a separatist petition for a fall vote. 

Now, Mark Carney says any independence push must respect Indigenous treaties.

Source: The Globe And Mail
#WorldPolitics #CdnPoli #AbLeg #AbPoli #Wexit #Treaties",,,,3,11,20,0,2026-05-14T18:20:38Z,NA,NA,NA,,,,,
at://did:plc:xem6ong7n3vuco364pevzcfu/app.bsky.feed.post/3mltgnfrtds2p,bafyreiexn7cisio2sidgun4p3vwwg4yxklwlob7d5tq5rgerz6jgdfospu,ourclimatejourney.bsky.social,Our Climate Journey,"🌞 Let's bring plug-in solar to Canada. 🍁

Source: www.theenergymix.com/ikeas-plug-i...

#cdnpoli #greensky",,,,0,0,1,1,2026-05-14T18:20:37Z,NA,NA,NA,,,,,
at://did:plc:zftffti3hfudvdawqv53arqn/app.bsky.feed.post/3mltgkcigbt22,bafyreic34qmisaidm4pdk4engc5wzjge442qpgmzkyxbesgjgom37fwicm,runchinguyenrun.bsky.social,Chi Nguyen,"On behalf of Minister Heath MacDonald, MP Danielle Martin and I announced $30 million in funding for organizations developing clean technologies to make Canada’s agricultural sector more sustainable.

#cdnpoli #SpadinaHarbourfront #MPChiNguyen",,,,0,0,0,1,2026-05-14T18:18:47Z,NA,NA,NA,,,,,
at://did:plc:3ztm5rjitdbmgs3r65bdun3r/app.bsky.feed.post/3mltgdugjpc2e,bafyreicnpwyiz7stymi4ucrogo6j4ujfa3g3bjiki6emwmnjyluzeoyuly,djchocolatemlk.bsky.social,,"White Nationalist Post is big mad their boys got punk'd 
#cdnpoli",,,,1,0,5,0,2026-05-14T18:15:10Z,NA,NA,at://did:plc:fv2nxxac24oxk5fqztfazyuc/app.bsky.feed.post/3mltg7zy4zs27,,,,,
at://did:plc:gxzzvglxmx5dgzfzgxwkkchs/app.bsky.feed.post/3mltgcmm5gk2u,bafyreid5gdxi6uscm5b7fc2o6hibgzt2j36cixttkftv4vajns4mzfayue,gregfingas.bsky.social,Greg Fingas,"Yep, that would be peak Carney. An end to funding for child care and pharmacare, destroying Canada Post, selling off ports, airports and other infrastructure - but the one “public service” he’ll fund indefinitely is subsidizing fossil fuel exports. #cdnpoli",,,,0,1,2,0,2026-05-14T18:14:28Z,at://did:plc:7aracb6xki6zqbkw4go47msg/app.bsky.feed.post/3mlobq7qdmc2b,at://did:plc:7aracb6xki6zqbkw4go47msg/app.bsky.feed.post/3mlobq7qdmc2b,NA,,,,,
at://did:plc:b7yl72cikfforgnt2lxh2zbr/app.bsky.feed.post/3mltg77ngac2o,bafyreift7zuuoq3h6gbcjjjawj4ck32fbmca45njj6rhfj2umft76jvuru,ijustwant2bfree.bsky.social,NA,"The criminals turning Canada into a free-fire zone don't get a PAL/RPAL, and don't lawfully buy or possess their firearms.

The ""assault-style firearms"" confiscation program targets licensed owners with lawfully-purchased firearms.

It's an expensive, useless program.
#cdnnews #cdnpoli #ScrapTheBan",,,,0,0,1,0,2026-05-14T18:12:34Z,NA,NA,at://did:plc:in6t5b6l3wnfwkcuqji57ttg/app.bsky.feed.post/3mltf7kxrrc2t,,,,,
at://did:plc:apohj77qqejbrcpebazfw3ek/app.bsky.feed.post/3mltg5qomfc2d,bafyreid65h5bowksijb2lxyjcabdgoyaq5x6t7px5rkuropbkx7bugcsha,sraj81.ca,Shan Kumar 🍁🇨🇦🇱🇰,"Our justice system and how it functions !
#ONpoli #Ontario #CDNpoli",,,,0,1,0,0,2026-05-14T18:11:49Z,NA,NA,NA,,,,,
at://did:plc:istu2catmtwuynu7jlh6buzl/app.bsky.feed.post/3mltg46ctak2e,bafyreiggrl65vvoybbf34qs2kxmlfzibcz7aj6sk6ux46dfuhz6pk2jinu,elcanaco.bsky.social,elcanaco.bsky.social,"Let's check in on the Fascist States of America...

The US is one of the most evil nations to ever exist on this planet.

#Trump #USmilitary #imperialism #fascism #warcrimes #Gaza #Iran #cdnpoli",,,,0,0,0,0,2026-05-14T18:10:52Z,NA,NA,at://did:plc:4llrhdclvdlmmynkwsmg5tdc/app.bsky.feed.post/3mlt6bwe4rf2t,,,,,
at://did:plc:ypbo2mq6dqcct43gt2sam6el/app.bsky.feed.post/3mltfvly3dp2a,bafyreih54han4jtibk3hls6umxol2ua2fg4rwa752sggxwtkvy6o4yjrwi,ipolitics.bsky.social,iPolitics,Appointment or nomination race? Liberals face debate on candidate selection in Beaches-East York #cdnpoli #ipolitics,,,,0,0,0,0,2026-05-14T18:07:11Z,NA,NA,NA,,,,,
at://did:plc:phponn5ujc7dno42lw5maxmt/app.bsky.feed.post/3mltfunjb4k2h,bafyreic4p7gqrg7rnqwrofzxv74lftjpabi72avn6smo63ri5sjd4f22iy,phillipmeintzer.bsky.social,Phillip Meintzer,A group of 20 environmental and civil society organizations are urging the government of Canada to require a federal impact assessment for the Oil Sands Alliance's proposed Pathways carbon capture project. www.albertawilderness.ca/joint-letter... #CDNPoli #ABPoli #ABLeg #CCS #CCUS #ClimateChange,,,,0,6,8,2,2026-05-14T18:06:42Z,NA,NA,NA,,,,,
at://did:plc:4wtl4ihomtq4zax5cz2y62us/app.bsky.feed.post/3mltftgkfpc2k,bafyreianmrs5xkvvwvkr5aely6y4enpcvaacwuclysxncrn3gfkllnhaba,shireenj.bsky.social,Shireen Anne Jeejeebhoy ,"“Signal is not linked to major tech companies…millions of Canadian users…for secure communication by journalists, dissidents, govt agencies, private citizens and politicians…deliberate engineering of vulnerabilities into critical infrastructure like Signal are a grave threat to privacy.” #cdnpoli",,,,1,0,1,0,2026-05-14T18:05:59Z,NA,NA,at://did:plc:tgxfmcqlm2lw65r5dlsveuao/app.bsky.feed.post/3mlssw6pvhc25,,,,,
at://did:plc:mgmhq5daplfs52ztiocmae74/app.bsky.feed.post/3mltfpx7c6c2k,bafyreihvyed3rahupzdf6ykw7uey3hg6dph7rgkwchqgvnry4ppj4ujscm,o-tawdry.bsky.social,Bridget McGrath 🇨🇦,"Ford doesn't care about speeding in residential & school areas.

Now, if kids voted, he'd be promising each kid a personal crossing guard because, as most of us in Ontario know, Ford's a man who makes promises that are as good as that ""Buck-a-beer"" one he made to his Schmo Nation.
#onpoli #cdnpoli",,,,0,0,1,0,2026-05-14T18:04:06Z,NA,NA,NA,,,,,
at://did:plc:ztg7s6zljk4yy3vj3az4vc4k/app.bsky.feed.post/3mltfn2ssqs2m,bafyreibyd6i7silv6yckxombi2rkodjufkoohmmpqa6xg4mk4zopskpk74,earthangel777.bsky.social,EarthAngel777,#topoli #onpoli #cdnpoli,,,,0,0,0,0,2026-05-14T18:02:25Z,NA,NA,at://did:plc:ztg7s6zljk4yy3vj3az4vc4k/app.bsky.feed.post/3mltfjrsy422m,,,,,
at://did:plc:4wtl4ihomtq4zax5cz2y62us/app.bsky.feed.post/3mltfm4mju22k,bafyreibozawc2oc4mtcn323sx6vrrggztcfzd2phlbtgnbkhblrlfr44ne,shireenj.bsky.social,Shireen Anne Jeejeebhoy ,"WTF? So many things our Federal and provincial govts are doing to screw up our lives, it’s like we need to schedule in regular email sessions to our MPs and MPPs. 🤬

#cdnpoli",,,,0,0,2,0,2026-05-14T18:01:53Z,at://did:plc:tgxfmcqlm2lw65r5dlsveuao/app.bsky.feed.post/3mlssw6pvhc25,at://did:plc:tgxfmcqlm2lw65r5dlsveuao/app.bsky.feed.post/3mlssw6pvhc25,NA,,,,,
at://did:plc:te462bca74usoq54377m3mcl/app.bsky.feed.post/3mltflxewl222,bafyreig2hfmedgoa3c32osi5zqspexv2zh47fapea2lw7lp2z3gjjopswu,204queenb0574.bsky.social,🍁 Christine 🍁,Good time to post this thread again. #cdnpoli #canadasky #climatebetrayal,,,,0,1,1,0,2026-05-14T18:01:48Z,at://did:plc:te462bca74usoq54377m3mcl/app.bsky.feed.post/3mltfcjhjjs22,at://did:plc:jxmckk7l6xtklrxlkahikut5/app.bsky.feed.post/3mlteyrms7224,at://did:plc:z4ma4ka7w6v5ji6uu7qbvgch/app.bsky.feed.post/3mjzrgv2v2k22,,,,,
at://did:plc:abt5tpb7lqr7vopkrkwfswwq/app.bsky.feed.post/3mltfl6nt2p2z,bafyreihicww3bztb72o4zwp2c2uklqxp44frt4jppptgupq5jqb7mmlu4y,canadareport.org,Canada Report,"Q&A: Vass Bednar on why Canada is at risk of remaining a digital 51st state

Canada’s fastest news scan: 25+ headlines, no clutter, updated all day: CanadaReport.org

#cdnpoli #Canada #News #Tech #AI 
Read Original Article 🔗",,,,0,0,0,0,2026-05-14T18:01:22Z,NA,NA,NA,,,,,
at://did:plc:ekew4wtc2m4ctroumek7kr4l/app.bsky.feed.post/3mltfhsn4v22i,bafyreidgqmqiw32qmgxasjfjktz4mgdipvkj3kqig5svbsym7nwqfjuq5i,schmutzie.com,Schmutzie.,"JOIN ME & DO THIS NOW

🚨 Bill C-22 forces every Canadian internet provider, messaging app & cloud service to build surveillance backdoors and store a year of your data. Foreign state hackers exploited similar legislation in the US. Shut the backdoor. #BillC22 #CdnPoli #CanPoli",,,,0,3,3,0,2026-05-14T17:59:30Z,NA,NA,NA,,,,,
at://did:plc:in6t5b6l3wnfwkcuqji57ttg/app.bsky.feed.post/3mltf7kxrrc2t,bafyreiaqrvu26c72mzk2f4jnyd2wc6obiwtgtmcni6lc3ltj5ddwkp2nci,ccfr-ccdaf.bsky.social,Canadian Coalition for Firearm Rights,"REMINDER: The Liberals are set to spend $6B of YOUR tax dollars chasing law-abiding hunters & sport shooters, whose only crime was following the law & paying their taxes.

All while the majority of actual criminal gun violence, with ILLEGAL GUNS, continues. 🇨🇦 #cdnpoli

globalnews.ca/news/1184610...",,,,0,0,1,1,2026-05-14T17:54:57Z,NA,NA,NA,,,,,
at://did:plc:mv6loxcddhj3i6pzfvzicc36/app.bsky.feed.post/3mltf7iejpc2n,bafyreifvgfpz2admjlwo5pa4plfpgo7smn6zjzhnkeg3xhtfnswj5mhe44,dennisjkoch.bsky.social,"Dennis ""dejay"" Koch","The head of an Alberta separatist group accused of leaking the personal information of millions of voters is ""not cooperating"" with investigators, according to Elections Alberta. 

#abpoli #ableg #YYC #YEG #Alberta #cdnpoli #AlbertaUCP

The Premier has already failed.

youtu.be/IU_GeTBwyTQ",,,,0,0,0,0,2026-05-14T17:54:51Z,NA,NA,NA,,,,,
at://did:plc:mv6loxcddhj3i6pzfvzicc36/app.bsky.feed.post/3mltf3hdjrk2n,bafyreicfcide6thdyip5bsiy6cvw42z2zycko665nl5o5qdyne7atvmyyq,dennisjkoch.bsky.social,"Dennis ""dejay"" Koch","Carney calls decision by Honda to suspend Ontario EV plant ""disappointing""

The prime minister added, however, that volatility in global oil prices and technological developments are contributing to a worldwide shift towards lower-emission vehicles.

#Canada #Honda #cdnpoli

youtu.be/a5TWmDc0uYM",,,,0,0,0,0,2026-05-14T17:52:35Z,NA,NA,NA,,,,,
at://did:plc:h3y7rhw6ao6nk5mmuskplxco/app.bsky.feed.post/3mlteyye6rk2m,bafyreics6dpelfhjtwrxr7owfscwwa2ox5xngwkvaaguhw45fy4xvfwgxq,brainiackim.bsky.social,Brainiac Kim 🇨🇦,"""Eh"" plus response www.cbc.ca/news/politic... #cdnpoli #USpoli #ElbowsUp",,,,0,0,0,0,2026-05-14T17:51:17Z,NA,NA,NA,,,,,
at://did:plc:ztg7s6zljk4yy3vj3az4vc4k/app.bsky.feed.post/3mltemcupwk2m,bafyreiaecpomgwyiyzqyqrd2c6m6gh2cy5fzkxf2lfir7swvllgub2zy7i,earthangel777.bsky.social,EarthAngel777,"What Mark Carney and the New World Order / World Economic Forum has planned for Canadians.  The new world order cannot take root here ever!
#nwo #WEF #ConmanCarney #ReverseRobinHoodCarney #ReverseMidasTouchCarney #CarneyLies #CornutoKingCarney  #KalabarCarney
#topoli #onpoli #cdnpoli",,,,0,1,1,0,2026-05-14T17:44:10Z,NA,NA,NA,,,,,
at://did:plc:aqgcgefn6yv6e3y3quuuxqc2/app.bsky.feed.post/3mltejoh6pk2p,bafyreibcv5gysxdrwoaidt3b5hskksqqgtwzjwaxcn2lqa3ug7rnxwuihi,dawnmj.bsky.social,light_and_lit 🌞,Maybe now we know why O’Leary was considering the idea of making himself into a Prime Minister 🤑🤑🤑🇨🇦👀 #Alberta #cdnpoli 🔥,,,,0,0,1,0,2026-05-14T17:42:39Z,at://did:plc:aqgcgefn6yv6e3y3quuuxqc2/app.bsky.feed.post/3mltecjqeks2p,at://did:plc:aqgcgefn6yv6e3y3quuuxqc2/app.bsky.feed.post/3mltecjqeks2p,NA,,,,,
at://did:plc:bmwsfbyxscsf4obiamhrcdpy/app.bsky.feed.post/3mlteaaxv6jm2,bafyreic6y7mhgqtpyi3nnmcldxf3t6aif4zgrykbno6o7dsv7doyaklrqe,sleepy62.social.vivaldi.net.ap.brid.gy,sleepy62🍁🛠️ 🖥️ 🔬 🌞,"Once again the Beaverton captures the moment...

https://www.thebeaverton.com/2026/05/carney-announces-environment-to-be-eliminated-as-cost-cutting-measure/

#cdnpoli",,,,0,4,0,0,2026-05-14T17:37:32Z,NA,NA,NA,,,,,
at://did:plc:52x4hgh43acag3ecs2qi57tr/app.bsky.feed.post/3mlte5q4fzc2z,bafyreie6el7nkne2jecp2e673vyacqj6sk2ojiiy55dvhtcnl6k7ga2cgq,albertagirl67.bsky.social,albertagirl67 🇨🇦🇺🇦👊🐧🔥,#cdnpoli,,,,0,1,2,0,2026-05-14T17:35:56Z,NA,NA,at://did:plc:4yb2pjejfziah3eork7stm6j/app.bsky.feed.post/3mlrhylzsw22o,,,,,
at://did:plc:cvjjahh3qjmg4vb7h4tvff7g/app.bsky.feed.post/3mlte5kj7nc2r,bafyreifqqfk4xz5mvzyiszdg5pkm3c2hrglbbxfke2wb67k4k6vbvp77hy,robert-falcon.bsky.social,Robert Falcon Ouellette,La spiritualité #autochtone n’est pas une décoration ici.radio-canada.ca/espaces-auto... #cdnpoli #Canada,,,,0,0,0,0,2026-05-14T17:35:52Z,NA,NA,NA,,,,,
at://did:plc:ihpcyjtog7wgvpt42kq66sks/app.bsky.feed.post/3mltdxrj4bs27,bafyreib3icbihgqfumzdn7ikefgs3rp2iujut272r3eqsacsil5cy4ou3u,openmedia.org,OpenMedia,"For any new followers who received this post, please know there's a one click option for you to tell your MP to vote NO on #BillC22! 
www.openmedia.org/StopC22-bsky

#cdnpoli",,,,0,7,6,1,2026-05-14T17:32:38Z,at://did:plc:ihpcyjtog7wgvpt42kq66sks/app.bsky.feed.post/3mlrm7gsk2s2m,at://did:plc:ihpcyjtog7wgvpt42kq66sks/app.bsky.feed.post/3mlrm7gsk2s2m,NA,,,,,
at://did:plc:deej5pakczvmljahhvrridlp/app.bsky.feed.post/3mltdwzrtfs22,bafyreieossemkxegav45mg7hrcwjnm3faof7rbhkrwneifflruiypitr7e,pat112.bsky.social,Pat,"Rise in American tourists signing up for Maine to Nova Scotia ferry service

bookings for the new season are up about 30 per cent over last year 

#Cdnpoli #Uspoli #Nspoli #Travel
halifax.citynews.ca/2026/05/14/r...?",,,,0,1,1,1,2026-05-14T17:32:16Z,NA,NA,NA,,,,,
at://did:plc:abt5tpb7lqr7vopkrkwfswwq/app.bsky.feed.post/3mltdvlpt4q2b,bafyreibc6q5zn27ho7nyyjhdfgeqisljmrfznshuauxir56qr35yfynm54,canadareport.org,Canada Report,"TestMu AI Introduces Test.md, an Agent-Native Test Framework for Kane CLI

Canada’s fastest news scan: 25+ headlines, no clutter, updated all day: CanadaReport.org

#cdnpoli #Canada #News #Business #Economy 
Read Original Article 🔗",,,,0,0,0,0,2026-05-14T17:31:24Z,NA,NA,NA,,,,,
at://did:plc:ypbo2mq6dqcct43gt2sam6el/app.bsky.feed.post/3mltdvb6lp723,bafyreicvn65424ygnahsnp63jwkhcrvyy6awti5nloydjq5qhvacwaiw6e,ipolitics.bsky.social,iPolitics,Carney’s new energy plan clears the way for natural gas #cdnpoli #ipolitics,,,,0,1,0,0,2026-05-14T17:31:13Z,NA,NA,NA,,,,,
at://did:plc:i2grq5k4gqwyilcjuftzluyx/app.bsky.feed.post/3mltdsaoxqc2g,bafyreigfo6dmzsezjpv5naaroqqikn7rl4ukn5di5s533bzsidd3kiecea,voscovery.bsky.social,Richard Price 🇨🇦,Vancouver Quilchena #winning #cdnpoli,,,,0,0,0,0,2026-05-14T17:29:32Z,NA,NA,at://did:plc:mtdj2l2pme7m4ckh5xebvo76/app.bsky.feed.post/3mltcrdtno22o,,,,,
at://did:plc:52x4hgh43acag3ecs2qi57tr/app.bsky.feed.post/3mltdqfmudk2z,bafyreig4xstgz62jprwcx3vkcej6r6nuedlb2ufdt7yixno27cnzsgr2y4,albertagirl67.bsky.social,albertagirl67 🇨🇦🇺🇦👊🐧🔥,The plan is when Separation is defeated Separatists will claim Ottawa rigged the vote & ask their  buddies in the Donald regime to send the US military to free Alberta. These guys need to be either jailed or Form 10'd. Dani doesn't control them. She's their puppet. #abpoli #cdnpoli,,,,0,2,1,0,2026-05-14T17:28:29Z,at://did:plc:xpgujbkkrjevueb53vpgnetz/app.bsky.feed.post/3mlrstye65k23,at://did:plc:xpgujbkkrjevueb53vpgnetz/app.bsky.feed.post/3mlrstye65k23,NA,,,,,
at://did:plc:apohj77qqejbrcpebazfw3ek/app.bsky.feed.post/3mltdpclpf22v,bafyreigafwwrxijxxxo27slh32kzrng7jhw2lobchvsxg4lunvdueuq2um,sraj81.ca,Shan Kumar 🍁🇨🇦🇱🇰,"Don't tell me racial bias doesn't exist in our justice system,

www.ctvnews.ca/barrie/artic...

#ONpoli #CDNpoli #Justice",,,,0,1,1,1,2026-05-14T17:27:55Z,NA,NA,NA,,,,,
at://did:plc:tsnl57oooc2eelirafqdetul/app.bsky.feed.post/3mltdnrbgis2t,bafyreiaeq5z433cybs7nm4tscs4y6uqdzywqqzom7im5jwf426qdenlxly,lesundini.bsky.social,🍁lesundini,"It's a useless comparison because a country could in theory have 100% hydro power, 0% wind/solar and be compared as ""the bottom of the pile"" when in fact they used 0 fossil.  
   The useful comparisons are  non-fossil /  total energy or  fossil/total energy.
#cdnpoli #canada",,,,1,0,0,0,2026-05-14T17:27:04Z,at://did:plc:bfypaxsdpfcj4i2t5qkeu3eh/app.bsky.feed.post/3mltcwupku223,at://did:plc:bfypaxsdpfcj4i2t5qkeu3eh/app.bsky.feed.post/3mlr4wcdwtc26,NA,,,,,
at://did:plc:d4pjo6ehblrviy625go6uodj/app.bsky.feed.post/3mltdj3cqv22f,bafyreie64f5ykb3hblclueoflyu5nmlizdinhls6esx4ruc5yi72jx3v2e,tindizzy.bsky.social,Dizzy ★,"Once you privatise public assets you never get them back, there is little-to-no transparency and oversight and you lose any and all control and he knows that. 

It is a disaster that’s been demonstrated time and again, so why we’re pursuing it is questionable. We know the outcome.

#CanPoli #CdnPoli",,,,0,1,2,0,2026-05-14T17:24:24Z,NA,NA,at://did:plc:4euncr44a5aflpbcbjhvjvdo/app.bsky.feed.post/3mlt3dtdcss2h,,,,,
at://did:plc:ztg7s6zljk4yy3vj3az4vc4k/app.bsky.feed.post/3mltdgyebcs2m,bafyreidqmp47f3cldsl5fp2eg72pgf2mlmeiuq723acr2vluayzb6bwvwu,earthangel777.bsky.social,EarthAngel777,"""Private Property Rights are not a LUXURY!"" Carney has the reverse Midas Touch. He is the reverse Robin Hood too! Pls know he not only follows #WEF & wrote some of their policies too. POVERTY&SUFFERING! Only a dark minded&cold hearted creep would!  
youtu.be/nUpvu6JNCs4?...
#topoli #onpoli #cdnpoli",,,,0,0,1,0,2026-05-14T17:23:16Z,NA,NA,NA,,,,,
at://did:plc:mlimbtxuf4wyxwvtb2fm7yur/app.bsky.feed.post/3mltdgtfp3s2m,bafyreiahh375xgevhx5wvyhl5zg6vciepvijzatoezvluxqhu3xdlwowum,hellobonjour.bsky.social,Dr. Hello Bonjour,#CdnPoli #Carney #Canada,,,,0,0,4,0,2026-05-14T17:23:10Z,NA,NA,at://did:plc:lar2o6mnnvln22w6kgnpifli/app.bsky.feed.post/3mlr45xc3x22o,,,,,
at://did:plc:7ycfilosz2dmgcnqbh76jdol/app.bsky.feed.post/3mltdfk4zes2j,bafyreigscdhf46iltmzhxhv6tgxjcdtff5iwy6vkohc7jqy4remi3sbdke,coolxenu.bsky.social,Cool Xenu 8647,"That what #MAGAs call ""toning down the rhetoric""

#USA

#cdnpoli",,,,0,0,1,0,2026-05-14T17:22:25Z,at://did:plc:4llrhdclvdlmmynkwsmg5tdc/app.bsky.feed.post/3mltc7pexbc2c,at://did:plc:4llrhdclvdlmmynkwsmg5tdc/app.bsky.feed.post/3mltc7pexbc2c,NA,,,,,
at://did:plc:d4pjo6ehblrviy625go6uodj/app.bsky.feed.post/3mltdfghin22f,bafyreigt3la6im3tcbgt36fmzvrss3pq5kz7mypms6scqyegmfr4cs27xe,tindizzy.bsky.social,Dizzy ★,"And once you privatise public assets you never get them back, there is little-to-no transparency and oversight and you lose any and all control. 

It is a disaster that’s been demonstrated time and again, so why we’re pursuing it is questionable. We know the outcome.

#CanPoli #CdnPoli",,,,1,2,6,1,2026-05-14T17:22:22Z,NA,NA,at://did:plc:hkqtuvo636pgoo7gcqevogp6/app.bsky.feed.post/3mlt5a2zook2t,,,,,
at://did:plc:7ycfilosz2dmgcnqbh76jdol/app.bsky.feed.post/3mltd5uyzks2j,bafyreifuc7lo6ykgoeylxairx2m4unmn6l4fs722jqbclrlsgzlpmdnp6e,coolxenu.bsky.social,Cool Xenu 8647,"Not racists but number one with racists!

#USA #MAGA racists

#cdnpoli",,,,0,0,0,0,2026-05-14T17:18:08Z,NA,NA,at://did:plc:4llrhdclvdlmmynkwsmg5tdc/app.bsky.feed.post/3mltcan5apx26,,,,,
at://did:plc:7ycfilosz2dmgcnqbh76jdol/app.bsky.feed.post/3mltd46nemk2j,bafyreiazfvbgu6ljeoiydste26vfthrbwezsvinxgplltomhxbw3mexema,coolxenu.bsky.social,Cool Xenu 8647,"This should expose some interesting facts about #Israel's ruling #Zionist terrorists.

#FromTheRiverToTheSea

#cdnpoli",,,,1,0,1,0,2026-05-14T17:17:11Z,at://did:plc:gjkg5iboilo7mfk336j7feqg/app.bsky.feed.post/3mltch3erz22t,at://did:plc:gjkg5iboilo7mfk336j7feqg/app.bsky.feed.post/3mltch3erz22t,NA,,,,,
at://did:plc:esh6ezvuf3oycig2t6jtyuwy/app.bsky.feed.post/3mltd2xkhd22p,bafyreie4txw4fgefki2rkkxzhoslgfcumyr6azx52tkegxnyozr42qm2ee,billtieleman.bsky.social,Bill Tieleman🍁,"I join guest host Bryce Claggett on CKNW AM 730 at 10:06 AM on The Mike Smyth Show Thursday to talk North Shore, wastewater, plant settlement; Alberta separation referendum scuttled; Trump trip to China may hurt Canada #bcpoli #vanpoli #cdnpoli",,,,0,0,0,0,2026-05-14T17:16:30Z,NA,NA,NA,,,,,
at://did:plc:mv6loxcddhj3i6pzfvzicc36/app.bsky.feed.post/3mltcvfvdik2n,bafyreigrvdpobhgiliu57q3qafdbfxma5mch7btgangztxh4zdqwwkvmpi,dennisjkoch.bsky.social,"Dennis ""dejay"" Koch","Poll: Israel Most Hated Country In The World

Breaking Points

Krystal and Saagar discuss new polling showing Israel as the most disliked country on Earth.

#USA #Trump #Israel #Iran #uspoli #Canada #cdnpoli #EU #UK #Australia #Ukraine #Breaking #News

youtu.be/Tl8NX7734rg",,,,0,0,1,1,2026-05-14T17:13:25Z,NA,NA,NA,,,,,
at://did:plc:e2pdzlrs3z23vjmizjuvk4vv/app.bsky.feed.post/3mltcrcgvzk2s,bafyreibcwqedws55d3bni7dbacodqh3cbjka4yhdwzugj6nfuy5jqprigq,josemachismo.bsky.social,José Machismo 🇨🇦🇪🇸🤘,"“Can’t win, don’t try.”

-Mark Carney‘s clean energy strategy. Probably.

#canpoli #cdnpoli",,,,0,0,1,0,2026-05-14T17:11:06Z,NA,NA,NA,,,,,
at://did:plc:mv6loxcddhj3i6pzfvzicc36/app.bsky.feed.post/3mltcnnq5dc2n,bafyreiah52n4vtvclsbtbodspmyinih5twoux5ek7gpeolfges5jirts3i,dennisjkoch.bsky.social,"Dennis ""dejay"" Koch","Elections Alberta 'not completely confident' access to leaked list contained | Power & Politics

#CBCNews #cdnpoli #abpoli #AlbertaUCP #ableg #YEG #YYC #Alberta

Elections Alberta says there are potentially thousands more who still have access to the leaked information.

youtu.be/Q7A1xSfcH4c",,,,0,1,3,1,2026-05-14T17:09:05Z,NA,NA,NA,,,,,
at://did:plc:tlkakpjayncxubstzzd4dwdt/app.bsky.feed.post/3mltclv2p2k23,bafyreib7ejn4iviuruqxgxrejj4ihxm6g5iujg5k5r6b5h56nspwsf3pma,cyborgk9.bsky.social,Cyborg K9 🌹,"I just wrote a Leadnow letter: Demand MPs: Stand up to Big Oil and protect our future. Write one here: leadnow.ca/campaigns/cl...

#ClimateCrisis #cdnpoli",,,,0,0,1,0,2026-05-14T17:08:06Z,NA,NA,NA,,,,,
at://did:plc:ket6p3hpdllgjocxeito6n3l/app.bsky.feed.post/3mltchemdzc2p,bafyreihn2twgryrvtoxsnbtu45e6fanol7vszx2dotyjapcq4uv2dnf65m,markkersten.bsky.social,Mark Kersten,"""The momentum has started.""

The Supreme Court of Canada on Friday will decide a case about intimate-partner violence and whether to expand the grounds under tort law under which a person can receive financial damages for family violence: www.theglobeandmail.com/canada/artic... #cdnpoli",,,,0,0,2,0,2026-05-14T17:05:34Z,NA,NA,NA,,,,,
at://did:plc:x2fori67bggzcj2a6c7sj6ur/app.bsky.feed.post/3mltcfwvdmc2p,bafyreicwvgz434724uv3bxk35jkuf6o4mxmqy4tydctfkw32kzpbefggnq,jimmydp01.bsky.social,J Payne,"@mark-carney.bsky.social 
@anitaoakvilleeast.bsky.social 

#ICC #ICJ 

#Gaza #Palestine 
#Cdnpoli #BCPoli",,,,0,0,0,0,2026-05-14T17:04:45Z,NA,NA,at://did:plc:yosojsta3nm5qiod5zqixzur/app.bsky.feed.post/3mltb74gkbj2y,,,,,
at://did:plc:aup43vyegw7pvuu7fq6a5dfc/app.bsky.feed.post/3mltcce7j222l,bafyreihbuqvfpcosu7mu5jhop67p4iihdiozsjrxlrdc2445aezjzsigzm,walterverse.bsky.social,Walter 🇨🇦 (ウォールター),"no solar no wind no geothermal or other thermals.  No renewables. What kind of a future is that? One of the classic blunders. Inconceivable. Oil soaked Carney must resign. 

""It's easier to fool people than to convince them 
they have been fooled"" --Mark Twain

#cdnpoli #solar #wind #geothermal",,,,1,2,0,0,2026-05-14T17:02:46Z,NA,NA,NA,,,,,
at://did:plc:c4yx242no4vrhoojneii42od/app.bsky.feed.post/3mltccd2z322z,bafyreia22jgjvmernhqs27gmv6kfvrmgvf7co5hs3vdzthzpgfvwz2skxm,sierraclubcanada.bsky.social,Sierra Club Canada,"""...buried in this announcement are measures that will essentially gut the Clean Energy Regulations. We oppose any moves to make climate pollution even cheaper for oil companies or to pave the way nuclear, gas, & new mega hydroelectricity..."" - Gretchen Fitzgerald:

Media@sierraclub.ca #CDNpoli",,,,1,1,2,1,2026-05-14T17:02:46Z,NA,NA,NA,,,,,
at://did:plc:ztg7s6zljk4yy3vj3az4vc4k/app.bsky.feed.post/3mltcb2sgp22x,bafyreig7z536wgrquwcniiugy5so7kcwc2xslleh4jzno5qt25clxzrsu4,earthangel777.bsky.social,EarthAngel777,"LIBERALS’ BILL C-22 IS A FULL-ON ORWELLIAN SURVEILLANCE STATE & they tried to hide it.

In a bombshell Standing Committee on Public Safety hearing...MP forced officials to admit the truth:
Bill C-22 is NOT just about handing over your IP&contact info!

x.com/JayGenXer/st...
#topoli #onpoli #cdnpoli",,,,0,0,0,0,2026-05-14T17:02:01Z,NA,NA,NA,,,,,
at://did:plc:abt5tpb7lqr7vopkrkwfswwq/app.bsky.feed.post/3mltca7zejk2p,bafyreic3wo7va4flpz2rix62ijw56aep7kd7xc7en5oy2eakgtrsksrb7i,canadareport.org,Canada Report,"MDA Space aims to deliver up to 400 satellites per year after Montréal facility expansion

Canada’s fastest news scan: 25+ headlines, no clutter, updated all day: CanadaReport.org

#cdnpoli #Canada #News #Tech #AI 
Read Original Article 🔗",,,,0,0,0,0,2026-05-14T17:01:33Z,NA,NA,NA,,,,,
at://did:plc:sleebaqq6za6ocb5v35u2svu/app.bsky.feed.post/3mltc7trdyk2w,bafyreifwxhrtear6425ettk37qn65bqyfdwis24q4t3d2x2cx53c2k23kq,inglorious.bsky.social,ᵀᴴᴱꀤNGᒪOᖇIOᑌᔕᴼᴺᴱ🇨🇦,"I didn't vote for any of this. None of it was discussed during the campaign.

#CDNpoli #CanadaSky #NoPrivatization",,,,0,2,7,0,2026-05-14T17:01:20Z,NA,NA,at://did:plc:4euncr44a5aflpbcbjhvjvdo/app.bsky.feed.post/3mlt3dtdcss2h,,,,,
at://did:plc:tsnl57oooc2eelirafqdetul/app.bsky.feed.post/3mltc7lt67c2t,bafyreibbzgsmqu4qae5if76yk4xusaambksup7qz6nt3vztquf67zfine4,lesundini.bsky.social,🍁lesundini,"With our hydro-electric sources it's rather meaningless to compare to countries who only have fossil vs wind/solar.
#cdnpoli",,,,1,0,0,0,2026-05-14T17:01:13Z,at://did:plc:bfypaxsdpfcj4i2t5qkeu3eh/app.bsky.feed.post/3mlr4x6yqps26,at://did:plc:bfypaxsdpfcj4i2t5qkeu3eh/app.bsky.feed.post/3mlr4wcdwtc26,NA,,,,,
at://did:plc:2rsctfhevbiuyhwmglfyun5r/app.bsky.feed.post/3mltc42v4s22r,bafyreidi2k57qntbg7qyockmtpj6ii2xg7f3yn34vn4mqgvg7sztl72mma,antonpnym.bsky.social,Anton P. Nym (aka Steve),"Why is the PM kissing this much Albertan ass? There are 9 other provinces and 3 territories in this country, too. #CdnPoli www.cbc.ca/news/politic...",,,,1,3,2,0,2026-05-14T16:59:03Z,NA,NA,NA,,,,,
at://did:plc:52x4hgh43acag3ecs2qi57tr/app.bsky.feed.post/3mltbzqreck2z,bafyreigjg2a3ch5q62nm63re4nszgvcgz6e3r4t63dnrcv5dz2d5r2dkhi,albertagirl67.bsky.social,albertagirl67 🇨🇦🇺🇦👊🐧🔥,Good point. Polls raise many questions & leave many more unanswered. They seem to feed the populist governing by meme. The demographic never included in polling is people who have knowledge greater than what they got from a podcast or clickbait headline. A question like name your MP. #cdnpoli,,,,0,0,0,0,2026-05-14T16:57:56Z,at://did:plc:gvgqw4smoqd4pc4mlkdrx32p/app.bsky.feed.post/3mlsqysq5jk24,at://did:plc:gngvpsp4l6uzcl7fs55ds5cj/app.bsky.feed.post/3mlsqkdm4vf22,NA,,,,,
at://did:plc:w7yhpanniwt2sweiorkvec7j/app.bsky.feed.post/3mltbydwyvc2p,bafyreiabbicwkpnhflqz5y2hi4q2iqi5bcfm2ctgd6qzavlrr73edjehyy,luciecatnip.bsky.social,Lucie🐈‍⬛Catnip ,#abpoli #cdnpoli,,,,0,0,1,0,2026-05-14T16:57:08Z,NA,NA,at://did:plc:4euncr44a5aflpbcbjhvjvdo/app.bsky.feed.post/3mlrdtb372b2i,,,,,
at://did:plc:w7yhpanniwt2sweiorkvec7j/app.bsky.feed.post/3mltbufzhlc2p,bafyreif4qtjttcujamqblinuo5jtbrx67vsiga7xwhqu2zpyfgw7thv4pm,luciecatnip.bsky.social,Lucie🐈‍⬛Catnip ,"Smith doesn't think there's a duty to consult with First Nations about Alberta leaving Canada.

One word: Treaties 

#abpoli #cdnpoli",,,,2,0,6,0,2026-05-14T16:54:56Z,NA,NA,at://did:plc:4euncr44a5aflpbcbjhvjvdo/app.bsky.feed.post/3mlrgdnx5mp2c,,,,,
at://did:plc:4xqt7t2zph634drigtdxdmro/app.bsky.feed.post/3mltbqaoz7k2z,bafyreico5psz7vg5tjdc3vkcuo7lynhkynzg4fzqm63wxbefmikbgtokmi,journodale.bsky.social,Dale Smith,New column from me at @xtramagazine.com: Alberta separatism is not inevitable #cdnpoli,,,,0,4,7,0,2026-05-14T16:52:39Z,NA,NA,NA,,,,,
at://did:plc:eaeuyrvdlqvjgznelgcdimct/app.bsky.feed.post/3mltbnjumz22h,bafyreihavbqxeonxcgkt5hdet2prvpkwijx7p5rkgtocjtmulsbrh6ahhe,madhat59kenwood.bsky.social,Ken Wood part owner of 🇨🇦,👍And to the naysayers screaming 2050. How bloody long do you think it takes to build out a nstional electricity grid. 2050 is completion not the start date. 🇨🇦💪 #cdnpoli,,,,0,0,1,0,2026-05-14T16:51:05Z,NA,NA,at://did:plc:znj4lppxrevean47mjt57bcn/app.bsky.feed.post/3mlt64u5jak2d,,,,,
at://did:plc:ykvfxsnswr6rcwdbwocwqajt/app.bsky.feed.post/3mltbmr4u3s2p,bafyreih7avk7vkdmytgv6uskceaakpkfiohqes5k2x4wraqam2ebctxrdy,anniegirl.bsky.social,Ann Petersen-Kane,This is why the US doesn't want EVs from China in Canada (they are already in Mexico) because we are going to be their captive market and that can't happen if we have Chinese cars. They can't compete. #abpoli #cdnpoli,,,,0,1,6,0,2026-05-14T16:50:37Z,NA,NA,at://did:plc:4llrhdclvdlmmynkwsmg5tdc/app.bsky.feed.post/3mlqffroxdx2d,,,,,
at://did:plc:4xqt7t2zph634drigtdxdmro/app.bsky.feed.post/3mltbmhf4j22z,bafyreiampl7egvcxpbokgysyyxfupmjibxzig3bcbclwsqw4d7qfqekthy,journodale.bsky.social,Dale Smith,"ICYMI, my latest for @cba-nationalmag.bsky.social: The never-ending effort to expand First Nations status #cdnpoli #cdnlaw",,,,0,2,2,0,2026-05-14T16:50:30Z,NA,NA,NA,,,,,
at://did:plc:4mndpgxeucuwajvwrgdhg5mn/app.bsky.feed.post/3mltbmbjya22y,bafyreiejhozldjjm7uiiyoyuobaln2p3qfgxzabheal4vwefarcni3cpgy,tech15.bsky.social,Vang News,Prosperity. Canada ahead of the US. #cdnpoli,,,,0,0,0,0,2026-05-14T16:50:25Z,NA,NA,NA,,,,,
at://did:plc:lrtntxm734iwhqn3ahhr3jky/app.bsky.feed.post/3mltbcbmyak2r,bafyreibgzpltv3xts6ca72sief4manuyyaplu5az4mmuepx7pfqchkf5ja,stevenalleyn.ca,Steven Alleyn,Every #Canadian who follows me or who searches #CDNPoli needs to call their MP to oppose C-22 right now. There’s no such thing as a government only backdoor to encryption. We must protect our right to privacy.,,,,0,0,1,0,2026-05-14T16:44:48Z,NA,NA,at://did:plc:lrtntxm734iwhqn3ahhr3jky/app.bsky.feed.post/3mlt6ryvrak2r,,,,,
at://did:plc:ztg7s6zljk4yy3vj3az4vc4k/app.bsky.feed.post/3mltb6dld3s2x,bafyreigxq4j7qyly25auzjle34n2ahpizrev6phme267nn6sqdplll5u64,earthangel777.bsky.social,EarthAngel777,"Under Trudeau & the #nwo #WEF ""Liberals"" following anti-human&anti-prosperous agendas&other woke bs MAID has flourished.  Poor & lonely are even resorting to using MAID now! They want MAID for minors with optional parental consent! So evil! #topoli #onpoli #cdnpoli 
youtube.com/shorts/v2HBL...",,,,0,0,0,0,2026-05-14T16:42:38Z,NA,NA,NA,,,,,
at://did:plc:vrytlmzn7fxzi3qyi5exgrbk/app.bsky.feed.post/3mltb5gr4r72z,bafyreige4pep3vtyitovt7qcfuahvjfolpfkugtupxqiinwz3nkc76livi,cupwsttp.bsky.social,CUPW,"Hands Off! activists, CUPW leaders and legislators attended a town hall meeting on May 11, organized by CUPW Winnipeg Local featuring the Federal NDP’s @avilewis.ca, @leahgazan.bsky.social and NDP MLA Tracy Schmidt.

#HandsOffMyPostOffice #canlab #cdnpoli #MBpoli #Winnipeg",,,,0,1,1,0,2026-05-14T16:42:06Z,NA,NA,NA,,,,,
at://did:plc:7ycfilosz2dmgcnqbh76jdol/app.bsky.feed.post/3mltb3rpvsk2j,bafyreieurxjba3x743itieysm42lnmmvnkemxsoxwvypodk7ticpoiqrgy,coolxenu.bsky.social,Cool Xenu 8647,"#Israel's ruling #Zionist terrorists admit that they sexually abuse defenseless prisoners but deny they train dogs to do it.

What sick shit hole country Israel must be.

#FromTheRiverToTheSea

#cdnpoli

www.timesofisrael.com/from-rutgers...",,,,0,0,0,0,2026-05-14T16:41:10Z,NA,NA,NA,,,,,
at://did:plc:52x4hgh43acag3ecs2qi57tr/app.bsky.feed.post/3mltb3cpax22z,bafyreifjy5ofv5pfwhi45ywzmcrvxfiww5bvdcwo2tjsgxlax3cpx2pyye,albertagirl67.bsky.social,albertagirl67 🇨🇦🇺🇦👊🐧🔥,#abpoli #cdnpoli,,,,0,2,2,0,2026-05-14T16:40:54Z,NA,NA,at://did:plc:eheb3fp5ayjufkb6j46eg2qw/app.bsky.feed.post/3mlsw7mp7kk2j,,,,,
at://did:plc:jbe67uj6cqbop63fcqjg23eg/app.bsky.feed.post/3mltavohcq22l,bafyreid6rqlcybf4avnlircdlpohtd5ucjwq3y2u4dsedmg5siiojdvviq,joeythebonzo.bsky.social,Joey Bonzo,This guy really is one of the most worthless jackasses of our time #CDNPoli,,,,1,0,1,0,2026-05-14T16:37:48Z,NA,NA,NA,,,,,
at://did:plc:ztg7s6zljk4yy3vj3az4vc4k/app.bsky.feed.post/3mltavamqmk2x,bafyreicobewp7rllmxe3tbcbjgdjh7iv5ojt72w7td4v4sqofqfo5whus4,earthangel777.bsky.social,EarthAngel777,"Mark Carney is not a real leader=he follows #nwo #WEF #Agenda2030 & even more so now with him wanting to join the struggling EU=new world order pt 1, so bad it shows even more. A globalist elite wannabe that will do anything even destroy Canada&harm Canadians&lowered r standard of living 2! #cdnpoli",,,,0,0,0,0,2026-05-14T16:37:31Z,NA,NA,NA,,,,,
at://did:plc:b7yl72cikfforgnt2lxh2zbr/app.bsky.feed.post/3mltaoyjkbk2i,bafyreia7xir6xx3nxr7t3kajiehj7v354dbu3zo5evdzup35antjunymsm,ijustwant2bfree.bsky.social,NA,#cdnnews #cdncrime #cdnpoli #selfdefence,,,,0,0,1,0,2026-05-14T16:33:59Z,NA,NA,at://did:plc:in6t5b6l3wnfwkcuqji57ttg/app.bsky.feed.post/3mlt7c6m77s26,,,,,
at://did:plc:ykvfxsnswr6rcwdbwocwqajt/app.bsky.feed.post/3mltaoouyas2p,bafyreiebq3dfsk3np4lrsgpk7hdf4hrepgnuymechfdrmwfqrmgxz4dvhm,anniegirl.bsky.social,Ann Petersen-Kane,youtu.be/w9jyADm2A0w?... #abpoli #ableg #cdnpoli,,,,0,1,4,0,2026-05-14T16:33:50Z,NA,NA,NA,,,,,
at://did:plc:hrqm5lnqhjxizwezeu6fkrrg/app.bsky.feed.post/3mltamewwf22v,bafyreihrzziw5vutjyg6wtuvj7cov7ztucxj66p6tjpqfgprnpbvtmasqa,cuym-alberta.bsky.social,Clean Up Your Mess Alberta,"The Mature Asset Strategy is a proposal from the Alberta government that would download clean-up costs from the oil & gas industry onto taxpayers. 

Learn more: cleanupyourmess.ca/write-your-mla 
#ABNews #abpoli #AlbertaNews #alberta #DANIELLESMITH #cdnpoli #calgary #edmonton #memes",,,,0,1,2,0,2026-05-14T16:32:37Z,NA,NA,NA,,,,,
at://did:plc:4xqt7t2zph634drigtdxdmro/app.bsky.feed.post/3mltakvsdxs2z,bafyreibpk2hbzuauegejwi33mos46oxpd5bufkwdzpiqsls3idqfo4fzwa,journodale.bsky.social,Dale Smith,"For the Thursday crowd, my latest episode where I talk about how ordinary Albertans can take back the UCP from the separatists #cdnpoli",,,,0,7,7,1,2026-05-14T16:31:45Z,NA,NA,NA,,,,,
at://did:plc:abt5tpb7lqr7vopkrkwfswwq/app.bsky.feed.post/3mltakld5xy2p,bafyreibw5wo2gwgzaojxi4uovymc2h7rpk4rimj3amvb6ocu3rbs35nhx4,canadareport.org,Canada Report,"United Steelworkers union stands with Saskatoon Dragonfly and Intelcom delivery drivers protesting poverty wages and ...

Canada’s fastest news scan: 25+ headlines, no clutter, updated all day: CanadaReport.org

#cdnpoli #Canada #News #Business #Economy 
Read Original Article 🔗",,,,0,1,2,0,2026-05-14T16:31:33Z,NA,NA,NA,,,,,
at://did:plc:amnhdrsyqrmpomj6qdzc3ved/app.bsky.feed.post/3mltajphuz732,bafyreic6huskjb6qple3ntws2s6y7yvyrkba67addqa27va5qbuikpdov4,edwing.mstdn.moimeme.ca,Edwin G. :mapleleafroundel:,"[Canadian politics 🇨🇦: Environment / Politique canadienne 🇨🇦: Environnement]

RE: https://flipboard.com/@cbcnews/ottawa-dpigmqdrz/-/a-bUP1S0-BS-mMMlex0ysOPg%3Aa%3A107108217-%2F0

Is it me or there is nothing left from Canada’s weak environmental regulations. Pollute and destroy the planet.

I […]",,,,0,0,0,0,2026-05-14T16:31:08Z,NA,NA,NA,,,,,
at://did:plc:4jhds6khpgmfkova5vetcm5h/app.bsky.feed.post/3mltadeudbc2k,bafyreigyyg4njrvjm3pdpou2gb4mfciw6zdrfwuticpy3aancsdtl5apjy,drunkondespair.bsky.social,NA,"The genocide regime tortures children. Another #MarkCarney shared value. #cdnpoli

t.me/thecradlemed...",,,,0,0,2,0,2026-05-14T16:27:32Z,NA,NA,NA,,,,,
at://did:plc:egl4mfr2njrr2br4vhya7yrf/app.bsky.feed.post/3mlta7gldqk2m,bafyreialwfofjhyucbidt6y7vaywcuogfuw4wmy4w5jtaroxsvyn7nbc4e,judy-bug.bsky.social,judy 🇨🇦,"Alberta - you good with #Rapture Politics?

#Cdnpoli #Project2025 #UCP #abpoli #yeg #yyc #ymm #RedDeer #strathco #shpk #fortSask #StAlbert #Leduc #StonyPlain #SpruceGrove #Lethbridge #MedicineHat #Brooks #ColdLake #Camrose #Drumheller #Banff #Jasper #GrandePrairie #PeaceRiver #Airdrie #UCPCorruption",,,,4,2,8,0,2026-05-14T16:25:21Z,NA,NA,at://did:plc:lkt3hntkjhj32223t4vor6iy/app.bsky.feed.post/3mlrda3zp6x2a,,,,,
at://did:plc:x2ge66dlb4pw7ssk2lhte536/app.bsky.feed.post/3mlta5763ss2f,bafyreifyvlncnepcpomekjjqctlaoynz5dikuxtpbbe7p7ewkfczpm3iri,saskboy.bsky.social,Saskboy from Saskatchewan,"Carney is lying.

This incomplete article from CBC shows he intends to increase fossil fuel use for electricity, instead of eliminating the use of the climate destroying methane gas.

He sounds like the @saskndp.bsky.social for cripes sake!
www.cbc.ca/news/politic... #cdnpoli #skpoli",,,,1,1,5,0,2026-05-14T16:24:05Z,at://did:plc:kx375dszrbvqtu7o4xxxmojn/app.bsky.feed.post/3mlt4wz3zw225,at://did:plc:kx375dszrbvqtu7o4xxxmojn/app.bsky.feed.post/3mlt4wz3zw225,NA,,,,,
at://did:plc:h7fcxq6223zhow4fpiok3apn/app.bsky.feed.post/3mlta54qr7c2f,bafyreievh3vyrtbbmfuwdeffhkfqozdg7gebdyaomvlfru5yxr6do6kpuy,dianemarie.bsky.social,Diane Marie 🇨🇦,thetyee.ca/Opinion/2026... #abpoli #cdnpoli,,,,2,6,17,0,2026-05-14T16:24:07Z,NA,NA,NA,,,,,
at://did:plc:tpeyqvfl73lsdzw6qdle6r6e/app.bsky.feed.post/3mlt7zy3dbc23,bafyreiaioki3udkambkcmgw3oj3yo6kdlotutyxnnj54vuq2fksjysrniq,ubikuitous.bsky.social,L. WJ Stewart III,"I find it interesting that the 'Environmentalists' in Canada must adjust their views to accommodate more LNG for the Electricity Grid, yet the 'Prohibitionists' don't have to adjust their views to allow more Medical Cannabis for the Healthcare System. #CannabisIsMedicine #cdnpoli",,,,0,0,1,0,2026-05-14T16:22:16Z,NA,NA,NA,,,,,
at://did:plc:x2ge66dlb4pw7ssk2lhte536/app.bsky.feed.post/3mlt7yiv6322f,bafyreig3lszpcfhdeqarn2tsmxdyiniuigsvehe4t52vwbz5cmnxbmauxm,saskboy.bsky.social,Saskboy from Saskatchewan,"""@MarkJCarney
·
52m
We will build at scale and speed to supply Canadians with clean, affordable, reliable energy.""

No, you're lying.
This incomplete article from CBC shows you intend to increase fossil fuel use in Canadian electricity, not eliminate it.
www.cbc.ca/news/politic... #cdnpoli",,,,0,0,1,0,2026-05-14T16:21:27Z,at://did:plc:x2ge66dlb4pw7ssk2lhte536/app.bsky.feed.post/3mlrgpvgxe22f,at://did:plc:kx375dszrbvqtu7o4xxxmojn/app.bsky.feed.post/3mlr2hmlke226,NA,,,,,
at://did:plc:deej5pakczvmljahhvrridlp/app.bsky.feed.post/3mlt7xz2j6k2c,bafyreigp7lau57vkf3clobqhkb7etmiabiababazshprqkuu4l2osnpbya,pat112.bsky.social,Pat,"I addition to his announcement lowering industrial carbon pricing specifically for Oil Barons & Separatists 

Prime Minister Mark Carney has unveiled a plan to eliminate all of Canada’s environment 

in order to balance the nation’s finances.

#Cdnpoli #Climate 
www.thebeaverton.com/2026/05/carn...",,,,0,2,0,0,2026-05-14T16:21:13Z,NA,NA,NA,,,,,
at://did:plc:eaeuyrvdlqvjgznelgcdimct/app.bsky.feed.post/3mlt7xq436227,bafyreibwj3qzdzksv5pghu6gc5vhurlnkbhyhpakqx4sdhntkwbojeuaii,madhat59kenwood.bsky.social,Ken Wood part owner of 🇨🇦,Agree. Read before you go all bananas #cdnpoli,,,,1,0,1,0,2026-05-14T16:20:59Z,NA,NA,at://did:plc:fheycrwvf7dcuveabdlsxj3p/app.bsky.feed.post/3mlt6n25iv22g,,,,,
at://did:plc:glx2iftaxaiirglk3auu7htn/app.bsky.feed.post/3mlt7xp6hvk2d,bafyreier7s5vkltfr6tgjfyjvl4uwztxsoylnwhazg7ispwrar5wkj3zga,audricmoses.bsky.social,Audric Moses 🇨🇦,"So despite the big automakers dragging their asses -- and in some cases, moving backwards -- on their EV commitments, ZEV sales continue to track strongly upward.

Modest rebates may be part of it, but still -- the market is speaking.

#cdnpoli",,,,1,3,4,0,2026-05-14T16:21:00Z,NA,NA,at://did:plc:qadd3esli2op67lh66daubzp/app.bsky.feed.post/3mlstkgz72s2l,,,,,
at://did:plc:ypbo2mq6dqcct43gt2sam6el/app.bsky.feed.post/3mlt7uo4cva2a,bafyreignr4rf2u7tcxy4a5eoc3q3reutbzmo55lva4rdlcnnlu4lbeigry,ipolitics.bsky.social,iPolitics,Proctor now press secretary at PMO; Ali joins minister of justice’s office #cdnpoli #ipolitics,,,,0,0,0,0,2026-05-14T16:19:17Z,NA,NA,NA,,,,,
at://did:plc:52x4hgh43acag3ecs2qi57tr/app.bsky.feed.post/3mlt7te6vn22z,bafyreifbbpss4qpmpkb3fzmsvqyuj4ukbyinbr23wckupmzpw3svtioui4,albertagirl67.bsky.social,albertagirl67 🇨🇦🇺🇦👊🐧🔥,#abpoli #cdnpoli #onpoli Conservative governments are setting up conditions for the Steward Hospital scam. They'll be selling hospital buildings to private companies. UCP has already set up the conditions by moving hospital buildings from AHS to Infrastructure. www.occrp.org/en/investiga...,,,,0,0,0,0,2026-05-14T16:18:34Z,at://did:plc:6ajcww7vqdopg3xvcafh42od/app.bsky.feed.post/3mlt4n6etls2v,at://did:plc:6ajcww7vqdopg3xvcafh42od/app.bsky.feed.post/3mlt4n6etls2v,NA,,,,,
at://did:plc:ypbo2mq6dqcct43gt2sam6el/app.bsky.feed.post/3mlt7eqpns32a,bafyreidsv3ipm7jr7im6of2g47jsqchpaziugnzoqs4ghih2bifsmwk2g4,ipolitics.bsky.social,iPolitics,"PM says best place for Alberta is in Canada, after judge tosses separation petition #cdnpoli #ipolitics",,,,0,0,0,0,2026-05-14T16:10:24Z,NA,NA,NA,,,,,
at://did:plc:eaeuyrvdlqvjgznelgcdimct/app.bsky.feed.post/3mlt7dw66q22a,bafyreid7ftieo54gsa4qf6325bdt6y3rz4auangqkjfodh6th5rd57uyuy,madhat59kenwood.bsky.social,Ken Wood part owner of 🇨🇦,Its an easy read folks but an eye opener. Big biz again ignoring 🇨🇦's. We have to push back. Big retailers think our resolve is weakening. Come on 🇨🇦 lets stand tough and show them. #cdnpoli,,,,0,3,4,0,2026-05-14T16:09:55Z,NA,NA,at://did:plc:fhs663ltkpdsbph3e7rkzqo3/app.bsky.feed.post/3mlsqkxu3o22w,,,,,
at://did:plc:jukf22tcjgd6nt3rtbeao4kt/app.bsky.feed.post/3mlt7dsqmuk26,bafyreianctacmzc674yxir6m74ok3k7mockhaabk3awdpylh242xevcgua,trueoak.bsky.social,True Oak,"I will take the separatists’ demands as reasonable when they are reasonable and presented reasonably by reasonable people. 
I don’t see that happening any time soon.

#ABpoli
#CDNpoli
#Alberta",,,,0,0,0,0,2026-05-14T16:09:56Z,NA,NA,NA,,,,,
at://did:plc:in6t5b6l3wnfwkcuqji57ttg/app.bsky.feed.post/3mlt7c6m77s26,bafyreibu6uykmr4s6xw7l2yntxjzikgpktxbahcqb4muf3xgy2uxejsirm,ccfr-ccdaf.bsky.social,Canadian Coalition for Firearm Rights,"WATCH: After mainstream media downplayed crime rates through much of 2025, CBC now reports home invasions in the GTA, are actually on the rise in 2026.

Fearful residents say ""it feels like a city under siege.""

Police admit the release of violent repeat offenders is the primary cause. 🇨🇦 #cdnpoli",,,,1,0,0,1,2026-05-14T16:09:01Z,NA,NA,NA,,,,,
at://did:plc:rfmwyjmsk7lltgh3bngo6blb/app.bsky.feed.post/3mlt7b5f6mk2e,bafyreiebcqz5obhudmppwekyqlza55enpvkvdeq3odvu6amuemwd4tpjlm,izonelayer.click,Pankil Richards,"Honda #Canada Suspends $15B Zero-Emission Vehicle (ZEV) Plant Development In #Alliston #Ontario Indefinitely.

That story again: FCUK! ZEV-ZEV …back to ZOOM-ZOOM, VROOM-VROOM. Also… In!definitely! (probably).

#ZEV #ZOOM #VROOM #VROOM
#CDNpoli #ONpoli #Elbows 🇨🇦 ?",,,,0,0,1,0,2026-05-14T16:08:23Z,NA,NA,NA,,,,,
at://did:plc:unzp2ogxuniwapj6z5si7pz6/app.bsky.feed.post/3mlt76cbrnk22,bafyreia6qj24iww7fi6u4jlvi2245nvsoyqoziwuxwwmqpk6mo6jkvnt7q,meowshell.bsky.social,Meowshell,#NeverVoteConservative #NeverPoilievre #cdnpoli,,,,0,0,0,0,2026-05-14T16:06:51Z,NA,NA,NA,,,,,
at://did:plc:4xqt7t2zph634drigtdxdmro/app.bsky.feed.post/3mlt74qbtfs2z,bafyreibh45o6nvheuw46xkqjnecpx7lyg4eziy5cmklmwufh6ox2mg7umu,journodale.bsky.social,Dale Smith,"For the Thursday crowd, my Loonie Politics column: Pharmacare's pending demise is a lesson in looking for easy wins #cdnpoli",,,,0,1,2,0,2026-05-14T16:05:55Z,NA,NA,NA,,,,,
at://did:plc:sgkn3mngslzbvvhy6xlpphoh/app.bsky.feed.post/3mlt72uhlkc2b,bafyreib7snof2ano6kphsexokx3udarqcjffutz5rm3itk534omi2kyyxq,cleanenergycanada.org,Clean Energy Canada,"⚡️While today's national electricity strategy highlights the strengths of Canada’s existing system, it ""overstates the role of natural gas and understates the long-term energy security and affordability benefits of clean energy,"" says @evanpivnick.bsky.social. 

Response👇 #cdnpoli",,,,0,3,5,0,2026-05-14T16:04:54Z,NA,NA,NA,,,,,
at://did:plc:tsnl57oooc2eelirafqdetul/app.bsky.feed.post/3mlt72sfais2t,bafyreigsrk4mrnpgmqvtuwi27i3gocskqe4daqn646kdzbnvzccwzbxkhm,lesundini.bsky.social,🍁lesundini,"I wasn't surprised to find that around the world it's mixed.  e.g. Some of the best airports or ports are privatized, some are government owned and run, some are government owned but privately run.
   So it really is a 'best bang for your buck' decision.
#cdnpoli #canada",,,,0,0,3,0,2026-05-14T16:04:51Z,at://did:plc:sx63pewpws4drhtd5ygj6irv/app.bsky.feed.post/3mlt3lkfvkk2a,at://did:plc:sx63pewpws4drhtd5ygj6irv/app.bsky.feed.post/3mlt3lkfvkk2a,NA,,,,,
at://did:plc:eaeuyrvdlqvjgznelgcdimct/app.bsky.feed.post/3mlt6zjemls2a,bafyreihmbpth2m35wnuraw4lu4ikl3vtkpe6hv5u4kr526agfqneiul4oa,madhat59kenwood.bsky.social,Ken Wood part owner of 🇨🇦,But she and her govt have shown theyre separatists period. They dont want to get out of jail. #abpoli #cdnpoli,,,,0,0,0,0,2026-05-14T16:04:06Z,NA,NA,at://did:plc:htozz7cklgxvzxbzhfjm4djh/app.bsky.feed.post/3mls5jdbcp22f,,,,,
at://did:plc:abt5tpb7lqr7vopkrkwfswwq/app.bsky.feed.post/3mlt6vqi5n62j,bafyreico2dj7zxwbyjr6j42u43jptva5f5qzh5pazwbg7ekilfonp7ftfe,canadareport.org,Canada Report,"Vendasta levels up with European deal to roll out MARiO AI

Canada’s fastest news scan: 25+ headlines, no clutter, updated all day: CanadaReport.org

#cdnpoli #Canada #News #Tech #AI 
Read Original Article 🔗",,,,0,0,0,0,2026-05-14T16:02:00Z,NA,NA,NA,,,,,
at://did:plc:osg2vzhifd2tjfsvfwua7scy/app.bsky.feed.post/3mlt6m7ixn226,bafyreicucq3bddxyfmqgsjkbag2axt7zfmbebuexutsp7g4ls762iozynq,symbo1ics.bsky.social,Linotype Pilgrim,"When assessing what these actions and postures mean,

remember that the 'ai' fraud is 100% a fascist project, including its owners, its goals, and its actual effects.

Carney has always worked for capitalism and fascism, and that is the prison he is building for Canadians.
#cdnpoli",,,,0,4,4,2,2026-05-14T15:56:40Z,NA,NA,at://did:plc:kx375dszrbvqtu7o4xxxmojn/app.bsky.feed.post/3mlmrrryvrs2o,,,,,
at://did:plc:eaeuyrvdlqvjgznelgcdimct/app.bsky.feed.post/3mlt6l7qq422a,bafyreie6otp3ksf44m6by7nsdzef5ilwqntxms4opqh3yoq5mr54e3g7aa,madhat59kenwood.bsky.social,Ken Wood part owner of 🇨🇦,We need to stay strong 🇨🇦. I piss off the store manager at my local Save On weekly about too much 🇺🇲 bad labelling. Poor smuck hates seeing me. But we do what we can to get what we need. Still too many in stores not caring though. Sad. 🇨🇦💪 #cdnpoli,,,,1,5,9,0,2026-05-14T15:56:06Z,NA,NA,at://did:plc:fhs663ltkpdsbph3e7rkzqo3/app.bsky.feed.post/3mlsqkxu3o22w,,,,,
at://did:plc:znj4lppxrevean47mjt57bcn/app.bsky.feed.post/3mlt6l3yqb22d,bafyreiaawtfuy3ywdyzgzt74fljydojopdbu25rgsdc6b7dn7qe5nthqsu,cpac.ca,CPAC TV,"""If it's a referendum on separation in any province, it has to be consistent with the Clarity Act,"" says PM Carney when asked about the prospect of a referendum on Alberta separation. ""Ultimately Parliament has a role in making the judgment about the question,"" he adds.

#cdnpoli",,,,0,4,16,3,2026-05-14T15:56:05Z,NA,NA,NA,,,,,
at://did:plc:7ycfilosz2dmgcnqbh76jdol/app.bsky.feed.post/3mlt6h4fgak2w,bafyreiedue3tumg36aiovgufgbnfdg7wem226ndlcnye2mhvjcdaffitxm,coolxenu.bsky.social,Cool Xenu 8647,"BWAHAHAHAHAHAHAHAHAHAHAHAHAHA

#USA citizens are all suckers and losers who can't do anything about the ignorant criminals who rule them.

#MAGAs call this freedom.

#cdnpoli",,,,0,3,3,0,2026-05-14T15:53:49Z,NA,NA,at://did:plc:by7qmwnetcog4lr7cl66evdg/app.bsky.feed.post/3mlswlpxuyc2u,,,,,
at://did:plc:ig6dnt4tqgg7iwwtywx3bkvd/app.bsky.feed.post/3mlt6h3p6dc2x,bafyreih2ik2wawcqqcrnxl2bzxqvcyyfrvtxc6mhraqkiwyrl56kkylhxq,robduncan.bsky.social,Rob Duncan,#auspol #USPOL #USA #us #uspoli #poli #politics #cdnpoli #canada #MeidasMighty #communityovercapitalizm #america #history #anticapitalism #anticapitalist #capitalismkills #killCapitalism #capitalism #abolishcapitalism #fuckcapitalism #SocialJustice #ethics #ClassConsciousness #FalseConsciousness,,,,0,3,16,0,2026-05-14T15:53:53Z,NA,NA,NA,,,,,
at://did:plc:ii6oavwfjgy2s33lwrcbjubl/app.bsky.feed.post/3mlt6gk2ptc23,bafyreiareyzuzorwpzjlbwnl2lz7jo56yy47cfgf47w7narl4p4sks27ye,robinhood246.bsky.social,B.G. Witch 🇨🇦 🏳️‍⚧️ 🌈,"Why dont the wealthy keep paying into Social Security and 🇨🇦 Pension Plan?

Remove Payroll Tax caps.

The wealthy dont even pay their equal share, let alone a fair one. #cdnpoli @mark-carney.bsky.social",,,,1,1,2,0,2026-05-14T15:53:32Z,NA,NA,NA,,,,,
at://did:plc:jjuvaqn6aqi2224kcjmh53fh/app.bsky.feed.post/3mlt6g75qtk2t,bafyreidm74sdwlv5han6pc2wqsq6hk2iaqda52ptmgxar22v43tdfexb6q,unionmaidns.bsky.social,UnionMaidNS.bsky.social,"First the airports, now the ports, following worse environmental policy than Harper... 
Why do you still like this guy? 
Avi Lewis is looking good to me, since the Libs are now Cons. Cons are MAGA. So confusing. #canpoli #cdnpoli #privatization #ports #airports www.thestar.com/politics/fed...",,,,0,0,0,0,2026-05-14T15:53:19Z,NA,NA,NA,,,,,
at://did:plc:7ycfilosz2dmgcnqbh76jdol/app.bsky.feed.post/3mlt6dc6npk2w,bafyreidqrt2myb4fizplseaubayfem67yknxw56rhkjgjqcbytzlc76rdy,coolxenu.bsky.social,Cool Xenu 8647,"It is clear to people with open eyes that the retrograde #UCP does not care what the vast majority of Albertans want. 

Sadly, their ignorant rural base still thinks they are ""sticking it to the libs"" so they will continue voting against their own interests. 

#ableg #cdnpoli",,,,1,0,0,0,2026-05-14T15:51:40Z,at://did:plc:nrzox3ptny4auuhl77yshxnk/app.bsky.feed.post/3mlsxelookk2u,at://did:plc:64x5pkpfozsljnoqtd7f7p4q/app.bsky.feed.post/3mlrzoc346c2q,NA,,,,,
at://did:plc:2utsyuufaetvgcyein4w276f/app.bsky.feed.post/3mlt64uoi7k2a,bafyreiagk2udapmeec5ml526vdlmsado3arsa4odo6kovcidwhxsv55p3a,jemphatically.bsky.social,JEmphatically,"Here’s my update on how a Canadian celebrity investor has shaken a US state facing a drought and water crisis. 

www.theenergymix.com/opposition-m...

#AIdatacentres #AIDataCenters #technology #ableg #cdnpoli #WonderValleyAlberta #Stratos #WonderValleyUtah #GreatSaltLake #drought #water",,,,1,0,2,0,2026-05-14T15:48:08Z,at://did:plc:2utsyuufaetvgcyein4w276f/app.bsky.feed.post/3mlt64uofbs2a,at://did:plc:2utsyuufaetvgcyein4w276f/app.bsky.feed.post/3mlt64uo4ik2a,NA,,,,,
at://did:plc:znj4lppxrevean47mjt57bcn/app.bsky.feed.post/3mlt64u5jak2d,bafyreibcmphu552iug3y6kle3omj7sy2kopgodorogdt6yoo7a7v5ky7da,cpac.ca,CPAC TV,"""The path to affordability is electrification. The path to competitiveness is electrification. The path to net zero is electrification,"" says PM Carney, unveiling a clean electricity strategy that aims to double the capacity of the country's electricity grid by 2050.
 
#cdnpoli",,,,0,5,13,2,2026-05-14T15:48:06Z,NA,NA,NA,,,,,
at://did:plc:bwnpn6d4ewofwpy56xooo3kb/app.bsky.feed.post/3mlt62sk7j22h,bafyreihssn2usd6kelq24lpbnk5i7gaax5sggfvtdje4czm5k4dw2ohgx4,stevev68.bsky.social,Steve Valeriote,"We all know a fellow Canadian who still travels south.  I respect their freedom to do what they want, and I hope they respect my freedom to think less of them.  #cdnpoli",,,,0,0,8,0,2026-05-14T15:46:56Z,NA,NA,NA,,,,,
at://did:plc:eaeuyrvdlqvjgznelgcdimct/app.bsky.feed.post/3mlt5w4trks2p,bafyreifgk6fg7ihzyxpwga2h2wthchu345pfadwu6c2b7xr5cumhshifya,madhat59kenwood.bsky.social,Ken Wood part owner of 🇨🇦,Thats expect from Guilbeault. His cred on the environment has been solid. But whst you ignored is he himself knows right now we need a balance. He doesnt like it but times are different right now. #cdnpoli,,,,0,0,0,0,2026-05-14T15:44:18Z,at://did:plc:7clmz2hekkwvdy5xwo5vqtk2/app.bsky.feed.post/3mlt55eqyhm2m,at://did:plc:7clmz2hekkwvdy5xwo5vqtk2/app.bsky.feed.post/3mlt55eqyhm2m,NA,,,,,
at://did:plc:equnfwllowvznqknrp7kuoyw/app.bsky.feed.post/3mlt5v2toa22x,bafyreifybannydbeflextlbxjakyb5xsqikabfd3ol2hytbyxwb4cfzouy,peterd56.bsky.social,Peter Dudley 🇨🇦,Don’t do it @mark-carney.bsky.social #cdnpoli,,,,0,0,0,0,2026-05-14T15:43:44Z,NA,NA,at://did:plc:nl34p4zyo4pdam4qlefmltcc/app.bsky.feed.post/3mlszk2p5qk25,,,,,
at://did:plc:7ycfilosz2dmgcnqbh76jdol/app.bsky.feed.post/3mlt5u6w3is2w,bafyreifoyqqndgbso5x4ztfj54mr6reukz54o2nhsh6hn2hlx5yhgp7lwy,coolxenu.bsky.social,Cool Xenu 8647,"McMahon proves her lack of intelligence every time she opens her mouth. IOW, exemplary #MAGA.

#USA citizens are finished.

#cdnpoli:  this is what #StephenHarper's #ConservativePartyOfCanada wants to do to you.",,,,0,0,2,0,2026-05-14T15:43:14Z,at://did:plc:as2d3pyjaxmuxnmfkdzz564h/app.bsky.feed.post/3mlt5envj7k25,at://did:plc:as2d3pyjaxmuxnmfkdzz564h/app.bsky.feed.post/3mlt5envj7k25,NA,,,,,
at://did:plc:eaeuyrvdlqvjgznelgcdimct/app.bsky.feed.post/3mlt5scrgn22p,bafyreifdhfkcabjrabhgep65bpdgn3jlqcplrzcn2zpu63cpd7n7dmqou4,madhat59kenwood.bsky.social,Ken Wood part owner of 🇨🇦,"👏👏👏hear hear 👍 O&G the biggest grift business going make massive profits, pay very little for licenses & pay nothing in royalties AND THEN get the govt to provide further subsidies. Gravy train or what. #abpoli #cdnpoli",,,,0,0,1,0,2026-05-14T15:42:10Z,NA,NA,at://did:plc:o5kimrjnx4fkngdotlt4fst4/app.bsky.feed.post/3mlt3uiyy622w,,,,,
at://did:plc:tsnl57oooc2eelirafqdetul/app.bsky.feed.post/3mlt5rnpfcc2t,bafyreigavpv46ioxsa4bdvwgfsfh7ej7ql2klwc5kdvf3nxiucksw5baum,lesundini.bsky.social,🍁lesundini,"""the economy"" is not a physical thing.  Building certain physical things may help improve the economy and  tearing down some things may help also.
#cdnpoli",,,,1,0,0,0,2026-05-14T15:41:50Z,at://did:plc:e724oscunmbwwwuo2for5azy/app.bsky.feed.post/3mlt5kifbxk2u,at://did:plc:sx63pewpws4drhtd5ygj6irv/app.bsky.feed.post/3mlt3lkfvkk2a,NA,,,,,
at://did:plc:7ycfilosz2dmgcnqbh76jdol/app.bsky.feed.post/3mlt5p6exsk2w,bafyreicxin5focnykdohu34l355nx3faaf2yclydhnrtmt5qdiuwdmbiei,coolxenu.bsky.social,Cool Xenu 8647,"#Israel's ruling #Zionist terrorists confirm that they train dogs to sexually abuse Gazan children.

#cdnpoli 

www.timesofisrael.com/from-rutgers...",,,,0,1,0,0,2026-05-14T15:40:26Z,NA,NA,NA,,,,,
at://did:plc:54ipdamobg3tuma23dnzvfxh/app.bsky.feed.post/3mlt5okgdcz24,bafyreidn445g6kyqgc3doycwgnppvdrhzz5e4ppcn2sgvvx2llav7skpky,crankycartoons.bsky.social,Cranky Canuck,Doug Ford watching Smith and the separatists getting curb-stomped while considering his own poor choices. #cdnpoli,,,,1,3,12,0,2026-05-14T15:40:05Z,NA,NA,NA,,,,,
at://did:plc:43fith5mnhgvqiafxbp3jq6m/app.bsky.feed.post/3mlt5nmknas2d,bafyreie7cgv2j4kaq7hykxvcter362f25iw3vey5jyblnbbbksnnwgsa3i,greencalvin.bsky.social,Calvin Beauchesne,I know hate is a strong word but I really hate Mark Carney www.cbc.ca/news/politic... #cdnpoli,,,,0,0,0,0,2026-05-14T15:40:12Z,NA,NA,NA,,,,,
at://did:plc:eaeuyrvdlqvjgznelgcdimct/app.bsky.feed.post/3mlt5kspt4c2p,bafyreicmwz65u4yjgivu47rwl3ookjckcan7icwwzec6xa3bwylab2izte,madhat59kenwood.bsky.social,Ken Wood part owner of 🇨🇦,Great news 🪶 #bcpoli #cdnpoli,,,,0,0,0,0,2026-05-14T15:37:59Z,NA,NA,at://did:plc:wcbklqh2lyspt3oypwvrudl7/app.bsky.feed.post/3mlszrvsaxz22,,,,,
at://did:plc:mv6loxcddhj3i6pzfvzicc36/app.bsky.feed.post/3mlt5hjgomc2n,bafyreieuhsdfuyjaalbyf3b4pdttlhmizvaz24ewsil3dutx7mdiv7mo5e,dennisjkoch.bsky.social,"Dennis ""dejay"" Koch","Alberta Judge Throws Out Separation Petition

Real Talk Ryan Jespersen

#Alberta #abpoli #ableg #YEG #YYC #AlbertaUCP #cdnpoli

www.youtube.com/live/_loH1p0...",,,,0,0,1,0,2026-05-14T15:36:10Z,NA,NA,NA,,,,,
at://did:plc:re7tflvczjceanwkco2bseqb/app.bsky.feed.post/3mlt5fw4oo22b,bafyreigycvdrfxixwnbag6gl7gsys24mqspiss3lhzbecgciv3tlsqcbfe,bella-andme.bsky.social,Sherry Lee,"No words about Erika. 
That’s not true. I have many. 
#abpoli #cdnpoli",,,,0,0,1,0,2026-05-14T15:35:15Z,NA,NA,at://did:plc:g3hevxjurpxzwkybfe4ghhr6/app.bsky.feed.post/3mlrp3xk2zs2t,,,,,
at://did:plc:re7tflvczjceanwkco2bseqb/app.bsky.feed.post/3mlt5bmmqss2b,bafyreidquzhtvow4a2kpraphqsw7hjcc5y3lj2guy22aqyl75tetnjqduy,bella-andme.bsky.social,Sherry Lee,"This too 👇👇👇
#cdnpoli #abpoli",,,,0,1,3,0,2026-05-14T15:32:52Z,NA,NA,at://did:plc:4euncr44a5aflpbcbjhvjvdo/app.bsky.feed.post/3mlsydycizk2h,,,,,
at://did:plc:abt5tpb7lqr7vopkrkwfswwq/app.bsky.feed.post/3mlt56xjyrv2z,bafyreidpeztyhoupgs62jxw2rxt66xezyexyp7lzgzoekmtzchf4oqucsa,canadareport.org,Canada Report,"The Hypersonic Test Bottleneck Is Real — And Five Companies Are Building the Infrastructure to Fix It

Canada’s fastest news scan: 25+ headlines, no clutter, updated all day: CanadaReport.org

#cdnpoli #Canada #News #Business #Economy 
Read Original Article 🔗",,,,0,0,0,0,2026-05-14T15:31:22Z,NA,NA,NA,,,,,
at://did:plc:re7tflvczjceanwkco2bseqb/app.bsky.feed.post/3mlt55owumk2b,bafyreieg6jb6gosdevd4mitqrgsbbunf7p7t2onrauprkkeairn5f5d7km,bella-andme.bsky.social,Sherry Lee,"This. 👇👇👇
#cdnpoli",,,,0,0,1,0,2026-05-14T15:30:39Z,NA,NA,at://did:plc:4euncr44a5aflpbcbjhvjvdo/app.bsky.feed.post/3mlt3vguajk2h,,,,,
at://did:plc:pedpziwws5vkocuq76mokn7c/app.bsky.feed.post/3mlt55n6eys2b,bafyreihqpbtc4jouyd6ktgj4elcyq4tteydhjzzxn2hsb74ezqcx5ti57e,deepgreendesign.bsky.social,Deep Green Design,"Will you be employing in situ carbon capture systems?

Subterranean systems attenuate the biosphere that deliver clean water.

#Design #CdnPoli",,,,0,0,0,0,2026-05-14T15:30:38Z,at://did:plc:kx375dszrbvqtu7o4xxxmojn/app.bsky.feed.post/3mlt4wz3zw225,at://did:plc:kx375dszrbvqtu7o4xxxmojn/app.bsky.feed.post/3mlt4wz3zw225,NA,,,,,
at://did:plc:bbnve3u34qpmusulfzkei3p2/app.bsky.feed.post/3mlt4twdafs2b,bafyreierdsi2xotuyvkyissomlqa2625cvqpxfjm4cp7yajowhu7xlh2ne,fluxliner.bsky.social,Flux Liner,"Fuck Danielle Smith regarding the Judges Decision.  She should stay in her Fucking lane.
#Alberta #Canada #cdnpoli",,,,0,0,2,0,2026-05-14T15:25:11Z,at://did:plc:4ownlsrdmnvwgzmcdi2bof6s/app.bsky.feed.post/3mlsf5yudlc2o,at://did:plc:4ownlsrdmnvwgzmcdi2bof6s/app.bsky.feed.post/3mlsf5yudlc2o,NA,,,,,
at://did:plc:txafoo2ajgebkemlpv3pwo6d/app.bsky.feed.post/3mlt4trhnvc2h,bafyreibwafqxrcddkixxlgwjo2yxgro7r75ni3mqtrhrmzugqciuyynwtm,lawscribes.bsky.social,Legal Affairs Canada,#Alberta #referendum law and Duty to Consult: Athabasca Chipewyan FN v Alberta (Chief Electoral Officer) 2026 ABKB 375. Note: Chief Electoral Officer (CEO) is officer of legislature not Crown. Read p141+ PDF is best. www.canlii.org/en/ab/abkb/d... #democracy #indigenous #constitution #cdnpoli,,,,2,2,1,0,2026-05-14T15:25:12Z,NA,NA,NA,,,,,
at://did:plc:egl4mfr2njrr2br4vhya7yrf/app.bsky.feed.post/3mlt4repqzk2m,bafyreidtqhnsbzx7w7wrfx6i2hxfx43fasw3btvri2yyefdkg5sz7l4p5a,judy-bug.bsky.social,judy 🇨🇦,"Republicans & Conservatives receive assistance from JCCF, ARC, Heritage Foundation, Atlas Network, Koch Network, IDU, Federalist Society, PostMedia, Rebel Media & Evangelical Churches. 

It threatens our 🇨🇦 democracy.

#cdnpoli #uspoli #abpoli #onpoli #UCP #CPC #Project2025 #NeverVoteConservative",,,,0,0,2,0,2026-05-14T15:23:50Z,at://did:plc:tnbl4ywsro47zks34x6we4mk/app.bsky.feed.post/3mlsb2lfkys27,at://did:plc:tnbl4ywsro47zks34x6we4mk/app.bsky.feed.post/3mlsb2lfkys27,NA,,,,,
at://did:plc:na2jsglptzqzh3a2diupef7f/app.bsky.feed.post/3mlt4pvjqpk2z,bafyreid6du3q5n4ig4qjmle2yszsej7uhteqn435qloyuabhlysa7n5zfi,martithrall.bsky.social,Marty Fontaine 🇨🇦,"Lobbyists get BILLIONS of dollars. We have to fight every fucking day to not lose what healthcare and education we have!

News Flash Cons. A second pipeline will do NOTHING for you, the regular person. Trickle Down is a LIE!

Demand better!

#martyfontaine #PipeDream #cdnpoli #Alberta #ableg",,,,0,1,4,0,2026-05-14T15:22:56Z,NA,NA,NA,,,,,
at://did:plc:ypbo2mq6dqcct43gt2sam6el/app.bsky.feed.post/3mlt4lrk2yd2q,bafyreicdbvrelr6vw4ilgwdek2n3wguolzwcjhjbnrjd426b3ckx6zroxq,ipolitics.bsky.social,iPolitics,Major Projects… Major Regulations #cdnpoli #ipolitics,,,,0,0,0,0,2026-05-14T15:20:38Z,NA,NA,NA,,,,,
at://did:plc:bwnpn6d4ewofwpy56xooo3kb/app.bsky.feed.post/3mlt44kkgq22t,bafyreiapffasxhl6yhmhhxwizrwqabxfvhyobwsm6xfdftob26ipfuhuya,stevev68.bsky.social,Steve Valeriote,"All the MAGA losers in America chirping at Canada for a couple trade deals with ""communist China"" now suddenly lauding Trump's embarrassing ass kissing routine in Beijing.  Astounding how they have no compass or foundational thoughts of their own, simply parrot the cult leader.  Stooges. #cdnpoli",,,,0,1,4,0,2026-05-14T15:12:08Z,NA,NA,NA,,,,,
at://did:plc:j4gu6wzm6rr3vcvtfszxuizc/app.bsky.feed.post/3mlt43botxc2p,bafyreifuzf7opewzuzwvk5cisvnnx44buiyjai3otprajih3en5muea5ha,canuckfella.bsky.social,CanuckFella,"#Alberta separatist scheme exposed, the court quashes the separatist petition process pending appeal, and Dani calls the ruling ""anti-democratic"". The PlanetD podcasters explain why it is democratic and how it upholds #Cdn constitutional law #Cdnpoli
youtu.be/pvQIPcc2Wfw?...",,,,0,1,2,0,2026-05-14T15:11:26Z,NA,NA,NA,,,,,
at://did:plc:lanvmgthztbuwa3ieqcrzsys/app.bsky.feed.post/3mlt3x5sozs2f,bafyreiauolaqdidqx5fdx6ytm7u64naoidcwfr2wgscalb7nlhk2cc4z2y,hab3261.bsky.social,Hazel B. 🇨🇦,"Expert & decider of everything. In her world, she’s the smartest one in the room  #abpoli #ableg #cdnpoli",,,,3,3,12,0,2026-05-14T15:09:08Z,NA,NA,NA,,,,,
at://did:plc:54e5yjwti3paq4wmvgvwbhcp/app.bsky.feed.post/3mlt3ses7js2e,bafyreibp5c5zz2tkgjec2hxv7nnxug34uzhpdloa2semftzb5wyraymkie,lisawedmann.bsky.social,Lisa,"No, enough. What he's talking about is giving the finance & tech bros our assets, that we've paid for, so they can grow their businesses, make more money & charge us more. That's all this is. #cdnpoli",,,,0,0,0,0,2026-05-14T15:06:26Z,NA,NA,at://did:plc:4euncr44a5aflpbcbjhvjvdo/app.bsky.feed.post/3mlt3dtdcss2h,,,,,
at://did:plc:migpri6ukqvsbz7j7iy7hdxu/app.bsky.feed.post/3mlt3qf6abb24,bafyreibl5rxh3hfdtsgiyrrog5jhbepvu7pyzikd4eq3ic5yec3o6jy2ou,breakfastscotch.bsky.social,Breakfast Scotch National,"Alberta Man Who Owns 14 ‘Fuck Trudeau’ Flags Calls Court Decision ‘Divisive’ | Read More: tinyurl.com/bdcphnej 

#NEWS | #BSN | #CANADA | #ALBERTA | #AB | #DANIELLESMITH | #CDNPOLI | #ABPOLI | #UCP | #NDP | #LIBERALS | #CONSERVATIVES | #FIRSTNATIONS | #FOREVERCANADA",,,,0,0,5,0,2026-05-14T15:05:20Z,NA,NA,NA,,,,,
at://did:plc:abt5tpb7lqr7vopkrkwfswwq/app.bsky.feed.post/3mlt3jucqlk2j,bafyreihhu373ufpbm5khtjlxdn5nrkkku3lpyhs2yovtv44akoggucopnq,canadareport.org,Canada Report,"Ce qu’on suit ce jeudi | Enfants, Canadien, Victoire

Canada’s fastest news scan: 25+ headlines, no clutter, updated all day: CanadaReport.org

#cdnpoli #Canada #News 
Read Original Article 🔗",,,,0,0,0,0,2026-05-14T15:01:40Z,NA,NA,NA,,,,,
at://did:plc:l2ycnbx3yrvz4tgyhey3lztg/app.bsky.feed.post/3mlt3gwi22h22,bafyreifefr4q7ftqgh6jufobnfrdvocfzzskvratnysodzikj7d3c5ycsu,blakehamiltonca.bsky.social,Blake Hamilton,"First-Past-The-Post Fail League❗️
Canada Federal Edition 🇨🇦🗳️!

Today’s champion:

Aslam Rana
MP for Hamilton Centre

Won with only 37.6% of total voter ballots cast

Multi-Member #ProportionalRepresentation please! Like and share if you agree!￼
#cdnpoli #ElectoralReform #MakeVotesMatter",,,,0,0,0,0,2026-05-14T15:00:05Z,NA,NA,NA,,,,,
at://did:plc:54e5yjwti3paq4wmvgvwbhcp/app.bsky.feed.post/3mlt3fce26k2z,bafyreietmdyobppgb72zjkitgjhd3chjees35cntskgwfzn3h3wcapb6c4,lisawedmann.bsky.social,Lisa,Now the news that Signal may move out of Canada. Today would be a good day for any Libs MP's who still claim to be progressive to speak out against this. Looking at you @nateforontario.bsky.social & @karinagould.bsky.social. #cdnpoli,,,,0,1,2,0,2026-05-14T14:59:07Z,NA,NA,at://did:plc:o3wys2sczetxtmyv7fn7xzva/app.bsky.feed.post/3mlss4mx43k2n,,,,,
at://did:plc:wklzxhaz2wrelcuy3xucw3jp/app.bsky.feed.post/3mlt35xvf7s24,bafyreics2ed24ld64x3wgc7cfe36pwvnlang22qjtixb4mo2cpvb65jh2y,thatgenxwidower.bsky.social,L Bennett 🇨🇦 🇪🇺🇺🇦✌🏻#TeamCanada #ElbowsUp,"The only good news here is that it will be open to public consultation. Keep an eye out for the consultation period and be heard, I know I will. I want to see a major push on renewable energy. #cdnpoli #environment #cleanenergy 

www.cbc.ca/news/politic...",,,,2,2,8,0,2026-05-14T14:55:01Z,NA,NA,NA,,,,,
at://did:plc:gv3qn6f23vvn4v4fxu7flbbb/app.bsky.feed.post/3mlt355z5cs2v,bafyreids5ioyj52hnftvgyac5vvezwkr744xfrjllydwkwt4w2if4zs3bq,jackhill.bsky.social,Jack Hill,"Ford wants to privatize water & waste water

The public bears the burden of debt & investors get the profits

All Conservatives Govt’s will want to follow - sell our assets to friends. Who benefits? Safety?Walkerton crisis?

 #ontooli #cdnpoli #ableg",,,,0,1,1,0,2026-05-14T14:54:36Z,NA,NA,NA,,,,,
at://did:plc:ly26j5p7exctv7c4cdmu6etc/app.bsky.feed.post/3mlt2tvdra22a,bafyreibojqn3l5l7oafopusc3h3xlqk4bxmmsqynogrwicduclxyqt6nwa,janniemcjanjan.bsky.social,JannieMcJJ,"Or change the law to let them ignore judges' rulings, as #Ontario's  anti-democratic Trump-wannabe,  #GovernorFord does.
#FOI
#MAGAcons
#ABleg
#ABpoli
#cdnpoli",,,,0,0,0,0,2026-05-14T14:49:22Z,at://did:plc:64joqlaoxjulwwepcmnedbka/app.bsky.feed.post/3mlroz7ea7c2j,at://did:plc:4euncr44a5aflpbcbjhvjvdo/app.bsky.feed.post/3mlrhxfsfop2i,NA,,,,,
at://did:plc:cv5ftftk6v376ww7ufn4qrbc/app.bsky.feed.post/3mlt2rme7wc2q,bafyreiaiaarwzmurgstcecsuyxnjjwhxrkqipsoclurevt2j4v4dtdalcq,wildernews.bsky.social,Wilderness Committee,"If planning years-long fossil fuel projects in 2026 feels wrong... that's because it is. #CDNpoli
Prime Minister Carney's cuts to nature and climate sure sting when you know where the money is going: major construction projects for fossil fuel corps.
Take action: Wildernesscommittee.org/BankOnNature",,,,1,5,6,0,2026-05-14T14:48:07Z,NA,NA,NA,,,,,
at://did:plc:x2ge66dlb4pw7ssk2lhte536/app.bsky.feed.post/3mlt2nd6j7s2f,bafyreibs573xhdndklurveyavi7udxtxzixccjqem4mt4lheeldj2lrqty,saskboy.bsky.social,Saskboy from Saskatchewan,The complete petition www.ourcommons.ca/petitions/en/Petition/Details?Petition=451-00940 #cdnpoli #skpoli #climatecrisis,,,,0,0,0,0,2026-05-14T14:45:43Z,at://did:plc:x2ge66dlb4pw7ssk2lhte536/app.bsky.feed.post/3mlt2mipbvc2f,at://did:plc:nf7vik3by3wlpuroj32wyqa7/app.bsky.feed.post/3mlrkflf6is2k,NA,,,,,
at://did:plc:ahotp7sps7lpernv4i3ayltm/app.bsky.feed.post/3mlt2m2odk2x2,bafyreih5ync3efmiqliy57i6ti3opkntjlsr5mb4lofgjcpntz2hxmto6e,boris.cosocial.ca.ap.brid.gy,Boris Mann,"Bill C-22 is quite clearly a bad bill that the Canadian government is digging in it's heels on.

Michael Geist @mgeist covers the latest, which is Signal @signalapp saying they will pull out of Canada if it passes (there is a requirement of retaining metadata for a year -- e.g. phone numbers […]",,,,1,10,0,1,2026-05-14T14:45:17Z,NA,NA,NA,,,,,
at://did:plc:emj4i4g6izepjcgufqtr54xt/app.bsky.feed.post/3mlt2gqkikk2x,bafyreighp4vkx4nyocvk5abmdketjfjnm3jof7wf5nichoa62zw25xwyvu,tican.bsky.social,TICAN,"Announcing Talent Innovation Canada, a new federally funded national not-for-profit that strengthens Canada’s innovation economy by embedding graduate talent in high-growth firms to accelerate breakthrough technologies, expand IP & enhance global competitiveness. tinyurl.com/yssu9r8c #CIW26 #CDNpoli",,,,0,0,2,1,2026-05-14T14:42:04Z,NA,NA,NA,,,,,
at://did:plc:tlkakpjayncxubstzzd4dwdt/app.bsky.feed.post/3mlt2ch4qzc24,bafyreihrlqzdfdvbql4svdbggpz55bw6ybqfs53wdogk2gvfbiznl2x7da,cyborgk9.bsky.social,Cyborg K9 🌹,"How about a willingness to drop fossil fuels entirely??? :/

#cdnpoli",,,,0,0,0,0,2026-05-14T14:39:38Z,at://did:plc:tlkakpjayncxubstzzd4dwdt/app.bsky.feed.post/3mlszuu5g3224,at://did:plc:tlkakpjayncxubstzzd4dwdt/app.bsky.feed.post/3mlszuu5g3224,NA,,,,,
at://did:plc:4jhds6khpgmfkova5vetcm5h/app.bsky.feed.post/3mlszyi476s2v,bafyreigqitegjiupfqlzznzo3okqt24kdc4jxwko7infmi4si6ngjjxeui,drunkondespair.bsky.social,NA,"#Rape by dog. Another #MarkCarney shared in value. #cdnpoli

t.me/thecradlemed...",,,,0,1,1,0,2026-05-14T14:34:03Z,NA,NA,NA,,,,,
at://did:plc:tlkakpjayncxubstzzd4dwdt/app.bsky.feed.post/3mlszuu5g3224,bafyreidlxz56r3tpxgieop3u3cjdc5vdjopw3vkqooz4fnasx3nbgl2t6m,cyborgk9.bsky.social,Cyborg K9 🌹,"This sounded good until I read ""Realising these savings will require a willingness to use a wide range of energy – including natural gas"".

NO. FFS.

#ClimateCrisis #cdnpoli",,,,1,1,2,0,2026-05-14T14:32:05Z,NA,NA,at://did:plc:kx375dszrbvqtu7o4xxxmojn/app.bsky.feed.post/3mlszarsl6s2r,,,,,
at://did:plc:abt5tpb7lqr7vopkrkwfswwq/app.bsky.feed.post/3mlsztsw2fr27,bafyreiewlyoixjfs3fzgcm74qyykcckdiskyf5mfaolxfqao5xvbiykkl4,canadareport.org,Canada Report,"S&S Activewear Announces ApparelSoft IQ, a Machine Learning–Powered Intelligence Layer 17 Years in the Making

Canada’s fastest news scan: 25+ headlines, no clutter, updated all day: CanadaReport.org

#cdnpoli #Canada #News #Business #Economy 
Read Original Article 🔗",,,,0,0,0,0,2026-05-14T14:31:26Z,NA,NA,NA,,,,,
at://did:plc:o4mcm6yemhpda265gloaa7je/app.bsky.feed.post/3mlszmnytis2f,bafyreieluegmwxut62wahgns52fo5oz2opgzxt6ju3oj7gwrujbmoqtnoa,kairoscanada.bsky.social,,"Thank you MP James Maloney for meeting with #TurnDebtintoHope volunteers/staff to learn more about the sovereign #debtcrisis & it's impact on #globalsecurity & #humanrights. We are grateful for your interest, questions and very helpful advice!  
#DebtJustice #CanadianLeadership #cdnpoli",,,,0,1,1,0,2026-05-14T14:27:29Z,NA,NA,NA,,,,,
at://did:plc:deej5pakczvmljahhvrridlp/app.bsky.feed.post/3mlszmb5s6k2h,bafyreicgayphbmoicgvobeyjpgkxirbqustm45xrs6q7vyuqbffqvlxzmq,pat112.bsky.social,Pat,"Canadian businesses are looking elsewhere. 

The self-imposed travel ban  has extended to

 high-tech, financial and industrial centres,

signalling that cross-border business and trade patterns have 

fundamentally shifted over the last year.

#Cdnpoli #Uspoli #Trade

www.cbc.ca/news/politic...",,,,0,4,6,0,2026-05-14T14:27:17Z,NA,NA,NA,,,,,
at://did:plc:nl34p4zyo4pdam4qlefmltcc/app.bsky.feed.post/3mlszk2p5qk25,bafyreic2wq2fjb6xk35w7f6cf6gbzv6r2odviwnhoon4xf4dlfmpesaatu,jemotluk.bsky.social,James 🇨🇦,Stripping Canada down and selling off the parts to bulk up a slush fund for billionaires. Canada strong? Or DOGE North? #cdnpoli,,,,0,0,1,2,2026-05-14T14:26:01Z,NA,NA,NA,,,,,
at://did:plc:5hma2vzdervbigdd7gmfg6ph/app.bsky.feed.post/3mlszfvmob22w,bafyreihwz2qtf7ip2zsvxputkp7osdid63f4k5skz5praiwdxtjnhsqfjy,ellenteapot.ca,ellen teapot 🇨🇦🏳️‍⚧️,“Standard cost-sharing mechanisms” is how you know he’s a central banker by trade (laudatory) #cdnpoli,,,,0,1,3,0,2026-05-14T14:23:40Z,at://did:plc:5hma2vzdervbigdd7gmfg6ph/app.bsky.feed.post/3mlszehlues2w,at://did:plc:5hma2vzdervbigdd7gmfg6ph/app.bsky.feed.post/3mlgpgl2gb22f,NA,,,,,
at://did:plc:xem6ong7n3vuco364pevzcfu/app.bsky.feed.post/3mlszfjw7tk2p,bafyreicarjhhlc4ophse6nm5goexvue2a4kunt3gwurz2oyfkmdzccjlda,ourclimatejourney.bsky.social,Our Climate Journey,"🏡 Check to see what incentives for climate-proofing your home are available in your area.

Source: www.newswire.ca/news-release...

#cdnpoli #greensky",,,,0,1,1,0,2026-05-14T14:23:34Z,NA,NA,NA,,,,,
at://did:plc:gjvopermmtyg6j2kjf5nnmje/app.bsky.feed.post/3mlsz7v3aak2a,bafyreiekbdpyr6nbgjbkvt5caygldb4ja4w3qnoolngvtoipswognqwjea,johnbowker.bsky.social,John Bowker,"""In 2013, when it was revealed in the Edward Snowden leaks that the NSA had built backdoors into telecommunication systems to collect precisely this kind of metadata, that was an earth-shattering revelation"" #cdnpoli",,,,0,2,2,0,2026-05-14T14:20:17Z,NA,NA,at://did:plc:o3wys2sczetxtmyv7fn7xzva/app.bsky.feed.post/3mlss4mx43k2n,,,,,
at://did:plc:4ownlsrdmnvwgzmcdi2bof6s/app.bsky.feed.post/3mlsz622is222,bafyreigiv6otdn64mzlmj5gqd2lyn5x7cbgdehwcmmkrt3gtpbqoeassx4,peipolitical.bsky.social,PEIPolitical 🇨🇦,"Stop acting like assholes and carrying your ""American Arrogance"" to another country. Obey their laws! #cdnpoli",,,,3,8,26,1,2026-05-14T14:19:18Z,NA,NA,NA,,,,,
at://did:plc:4ownlsrdmnvwgzmcdi2bof6s/app.bsky.feed.post/3mlsz2fw6w222,bafyreifplrhl3d53cyvmcm3axvds26eli57moza4e4l5mhhe76pqeqpzuq,peipolitical.bsky.social,PEIPolitical 🇨🇦,"China’s Xi warns Trump that differences over Taiwan could lead to conflict.
Weak Little Marco later said U.S. policy toward Taiwan was “unchanged” but warned that it would be “a terrible mistake” for China to take Taiwan by force. #cdnpoli 
apnews.com/article/trum...",,,,1,3,5,0,2026-05-14T14:17:16Z,NA,NA,NA,,,,,
at://did:plc:nl34p4zyo4pdam4qlefmltcc/app.bsky.feed.post/3mlsz27tock25,bafyreiddz674kcimatbh2k3uwb54rb2sqlgjdezirhylq2hkruthbktehe,jemotluk.bsky.social,James 🇨🇦,"""They are trying to do an end run around the Specie at Risk Act and at the same time, they’re trying to tell the public how much they’re investing in Canada’s nature.” #cdnpoli",,,,0,1,1,0,2026-05-14T14:17:09Z,NA,NA,NA,,,,,
at://did:plc:mgmhq5daplfs52ztiocmae74/app.bsky.feed.post/3mlsyypzsas2y,bafyreiav3rrps63xphftrwpcin3fzbnlc23uwjp5en6o6smsbibmkb7mei,o-tawdry.bsky.social,Bridget McGrath 🇨🇦,"Woolwich allows uber-wealthy couple to ignore the Ontario Building Code.

People secretly construct an assembly occupancy building and use it for years. No permits. No inspections. 

The Building Code is there to protect ALL of us. No one is above the Code! 

No 'fun pass'. 
FINES!

#onpoli #cdnpoli",,,,0,3,2,0,2026-05-14T14:16:18Z,NA,NA,at://did:plc:v3djzxt7v7licp4qfbrsaptm/app.bsky.feed.post/3mlsnzytddu27,,,,,
at://did:plc:go6lnimas6bzfthjvcaulmya/app.bsky.feed.post/3mlsyy75bes2m,bafyreifa7ogp3tcpk3nwj7dlwzcnn6tu2xcb54qmti2avdkykariavam4q,jbnewt.bsky.social,Jackson Newt,"Why did the #Liberal Trudeau Government spend taxpayers $ enticing them . The #Liberals endeavoured to “Brainwash” shove EV’s down the throats of Canadians . Norway is not Canada 🇨🇦 , they are advanced in EV’s , Healthcare and the People are Wonderful. This is clearly a Liberal Oops 😬 #Cdnpoli",,,,2,0,0,0,2026-05-14T14:15:54Z,at://did:plc:ddfrv3lsb7usfitjcrly5hmg/app.bsky.feed.post/3mlsw4jhij22s,at://did:plc:go6lnimas6bzfthjvcaulmya/app.bsky.feed.post/3mlst3liy4k2j,NA,,,,,
at://did:plc:4ownlsrdmnvwgzmcdi2bof6s/app.bsky.feed.post/3mlsyndfoek22,bafyreibb6fkrfptgruwclkj2rk3xgayew5wemaurdtkjk4pusgfujesoxe,peipolitical.bsky.social,PEIPolitical 🇨🇦,Ass kissing MAGA Oligarch Trumpers in Beijing. #cdnpoli,,,,10,11,13,1,2026-05-14T14:09:56Z,NA,NA,NA,,,,,
at://did:plc:fo6wpgp6wp3ptllfxvth7svj/app.bsky.feed.post/3mlsyim2ykc2v,bafyreic2ahmhpjisadp3dn6biswr2oqkifkgp6f5chd75sflqrzm2hngea,thegentyyc.bsky.social,TheGentYYC,Every day with this guy. Every day. #cdnpoli #MarkCarney,,,,0,0,0,0,2026-05-14T14:07:17Z,NA,NA,at://did:plc:w5pxbmkjntxfw6mt4emennhv/app.bsky.feed.post/3mlra6j6nwc2u,,,,,
at://did:plc:4ownlsrdmnvwgzmcdi2bof6s/app.bsky.feed.post/3mlsy7ob5kk2n,bafyreigrqpz2xgynczw2aqzuaeomgmi7qnpr2zufvq5722inphlaexknpa,peipolitical.bsky.social,PEIPolitical 🇨🇦,"I'm sure all the Nurses on this Island really, really appreciate this phony lip service as they continue to be screwed over and have no nursing contract for over a year. 
Statement by Maga Minister Deagle on National Nursing Week. #cdnpoli @CoryDeaglePEI 
www.princeedwardisland.ca/en/news/stat...",,,,2,3,1,0,2026-05-14T14:02:17Z,NA,NA,NA,,,,,
at://did:plc:abt5tpb7lqr7vopkrkwfswwq/app.bsky.feed.post/3mlsy6hgcpr22,bafyreieboxk7ob75uorx3kol777avi2ymb2ucizef2u6nspjy4bcovkdrm,canadareport.org,Canada Report,"Circonscription de Richmond | L’ancien maire de Sherbrooke Bernard Sévigny se lance pour le PQ

Canada’s fastest news scan: 25+ headlines, no clutter, updated all day: CanadaReport.org

#cdnpoli #Canada #News 
Read Original Article 🔗",,,,0,0,0,0,2026-05-14T14:01:36Z,NA,NA,NA,,,,,
at://did:plc:7ycfilosz2dmgcnqbh76jdol/app.bsky.feed.post/3mlsy2fgbxc2k,bafyreidy5odgmpf77v2ngul46haiqsotj2sxhtvclcdlupngjc37p4yk7a,coolxenu.bsky.social,Cool Xenu 8647,"Shirly Gunt Read doesn't do facts, just whining.

#ableg #cdnpoli",,,,0,0,0,0,2026-05-14T13:59:19Z,at://did:plc:mmgnqabq6g25osv63j36uncq/app.bsky.feed.post/3mlsxz3amis22,at://did:plc:mmgnqabq6g25osv63j36uncq/app.bsky.feed.post/3mlsxvdof2c22,NA,,,,,
at://did:plc:7ycfilosz2dmgcnqbh76jdol/app.bsky.feed.post/3mlsxvrmdkk2k,bafyreig72wa27aawe7iagvtjm4twowf5okcekugreelmi5ixfun7jx3jyu,coolxenu.bsky.social,Cool Xenu 8647,"They are likely proud of this accomplishment.

#cdnpoli",,,,0,0,0,0,2026-05-14T13:56:44Z,at://did:plc:6hnkpvshsxjgot5figjyardd/app.bsky.feed.post/3mlqpshdqk225,at://did:plc:6hnkpvshsxjgot5figjyardd/app.bsky.feed.post/3mlqpshdqk225,NA,,,,,
at://did:plc:jeuzjfwsgn62xfoe7qo4jul5/app.bsky.feed.post/3mlsxsdwe7s2b,bafyreiaiufw54rcbrwtcbakc5afihvdzteotr3srem333cjnzfrty7napm,bigclimate.bsky.social,Bentley ****TALK CLIMATE****,#MarkCarney #cdnpoli #ClimateChange #EnergyTransition bsky.app/profile/bigc...,,,,0,0,0,0,2026-05-14T13:54:50Z,at://did:plc:jeuzjfwsgn62xfoe7qo4jul5/app.bsky.feed.post/3mlsxly3qlk2b,at://did:plc:jeuzjfwsgn62xfoe7qo4jul5/app.bsky.feed.post/3mlswzyge7k2v,at://did:plc:jeuzjfwsgn62xfoe7qo4jul5/app.bsky.feed.post/3mlsxhhzr2k2v,,,,,
at://did:plc:7ycfilosz2dmgcnqbh76jdol/app.bsky.feed.post/3mlsxquo4mk2k,bafyreihb6mkzylddesdhdf2b3njo54xivnhb6wfqd2rwd3mnrr2aiaauui,coolxenu.bsky.social,Cool Xenu 8647,"Rural Albertans are so easy to manipulate. Their utter lack of self awareness serves their political masters well.

#ableg #cdnpoli",,,,0,0,0,0,2026-05-14T13:54:00Z,at://did:plc:2yl5xkfo4cxep6p7gjvxjr3w/app.bsky.feed.post/3mlssu366nk26,at://did:plc:2yl5xkfo4cxep6p7gjvxjr3w/app.bsky.feed.post/3mlssu366nk26,NA,,,,,
at://did:plc:eoouaeqa2taou3aqacpjuaq4/app.bsky.feed.post/3mlsxqfhdhs2f,bafyreibfcgvtdtegqrqbrtbnfdvvv22dgaf7vmrfnv4pggy27x5rwxu3qu,alexgoatcher.bsky.social,Alex Goatcher,Vote for Carney to stop the Conservatives! #cdnpoli,,,,0,0,0,0,2026-05-14T13:53:45Z,NA,NA,at://did:plc:sxywaaocdrjp7aywbhsqpjn7/app.bsky.feed.post/3mlstphrrzc2s,,,,,
at://did:plc:jeuzjfwsgn62xfoe7qo4jul5/app.bsky.feed.post/3mlsxly3qlk2b,bafyreihpkd5rhsrtmi6gtsmgkhaoiljgzcmml3prskp2oh4vi5jl53czpu,bigclimate.bsky.social,Bentley ****TALK CLIMATE****,#MarkCarney #cdnpoli #ClimateChange #EnergyTransition bsky.app/profile/bigc...,,,,1,2,3,0,2026-05-14T13:51:16Z,at://did:plc:jeuzjfwsgn62xfoe7qo4jul5/app.bsky.feed.post/3mlswzyge7k2v,at://did:plc:jeuzjfwsgn62xfoe7qo4jul5/app.bsky.feed.post/3mlswzyge7k2v,at://did:plc:jeuzjfwsgn62xfoe7qo4jul5/app.bsky.feed.post/3mlry7gvmsk2k,,,,,
at://did:plc:4ownlsrdmnvwgzmcdi2bof6s/app.bsky.feed.post/3mlsxl7ynrs2n,bafyreiedr3alvmbss7pqvwa4gb75hpqx66wnwmavgkco2cxtuvum3prlea,peipolitical.bsky.social,PEIPolitical 🇨🇦,"GREEN PARTY BILL TARGETING ELECTRICITY RATES AND MARITIME ELECTRIC VOTED DOWN by CON GOVT.
A proposed Green Party bill aimed at making PEI electricity system more affordable and increasing accountability for Maritime Electric was voted down by the PC majority government this week. #cdnpoli #peipoli",,,,0,3,4,0,2026-05-14T13:50:54Z,NA,NA,NA,,,,,
at://did:plc:ypbo2mq6dqcct43gt2sam6el/app.bsky.feed.post/3mlsxkryvaj2j,bafyreibbbkvx4mnyefi7d2crq7cdnkkn7w3ljgunlkn6fiiawgkohp3shy,ipolitics.bsky.social,iPolitics,"Poll suggests politics, geography and trust play roles in vaccine hesitancy #cdnpoli #ipolitics",,,,0,0,0,0,2026-05-14T13:50:36Z,NA,NA,NA,,,,,
at://did:plc:jeuzjfwsgn62xfoe7qo4jul5/app.bsky.feed.post/3mlsxk37ewk2b,bafyreif3eu25f7gamfy2xfnuvpolianyp4meayz5z366byw44grjxzs3ie,bigclimate.bsky.social,Bentley ****TALK CLIMATE****,"And I'll just leave this here... 
#MarkCarney #cdnpoli #ClimateChange #EnergyTransition bsky.app/profile/bigc...",,,,0,0,0,0,2026-05-14T13:50:13Z,at://did:plc:jeuzjfwsgn62xfoe7qo4jul5/app.bsky.feed.post/3mlsxhhzr2k2v,at://did:plc:jeuzjfwsgn62xfoe7qo4jul5/app.bsky.feed.post/3mlsxhhzr2k2v,at://did:plc:jeuzjfwsgn62xfoe7qo4jul5/app.bsky.feed.post/3mlry7gvmsk2k,,,,,
at://did:plc:w5pxbmkjntxfw6mt4emennhv/app.bsky.feed.post/3mlsxjxorg22h,bafyreidek5cx6ogstzj26hug2knvkgrgvz2v5objl7jydaww52g655hdhu,thestar.com,Toronto Star,"Just in from @althiaraj.bsky.social: The Carney government’s proposal to legally allow projects  — such as ports and pipelines — to go ahead could jeopardize the existence of the endangered southern resident killer whale population, sources told the Star Wednesday. #cdnpoli",,,,2,22,32,6,2026-05-14T13:50:09Z,NA,NA,NA,,,,,
at://did:plc:tf4plrd2n34mudgi6gpvyki7/app.bsky.feed.post/3mlsxhn65sc2y,bafyreiaitjckq7ocr63vawpevdrejcqkmuonufvpjkwit53efgnxq2jlgi,eclecticblogs.bsky.social,Martin Male 🇨🇦,"Tomorrow Carney is expected to announce a major pipeline deal with Smith. He should make it clear: no separation on the docket or no deal. Why should the rest of Canada invest in a province keeping the exit door propped open?
🇨🇦 #cdnpoli #Alberta #AlbertaSeparation #DanielleSmith #MarkCarney",,,,2,7,14,0,2026-05-14T13:48:50Z,NA,NA,NA,,,,,
at://did:plc:jeuzjfwsgn62xfoe7qo4jul5/app.bsky.feed.post/3mlsxhhzr2k2v,bafyreif52pdt4flq62o5lxx2b6kbepnek4lspeu5ggl3mhse7gi5zox76u,bigclimate.bsky.social,Bentley ****TALK CLIMATE****,Is this PM going to do something real on #ClimatePolicy other than just taking an axe to it or are these just more pretty words? I have my doubts and #MarkCarney has more than earned those doubts. #cdnpoli #EnergyTransition #ClimateChange,,,,1,4,7,1,2026-05-14T13:48:47Z,NA,NA,NA,,,,,
at://did:plc:rs2txu4b7pc7qyvlf2xko23u/app.bsky.feed.post/3mlsxh2fl2c2b,bafyreifcdgkj5dnkzpqqz6pmad234rc6ey72v2jhigckt6ehpu3aggjmnm,normsworld.bsky.social,Norm Di Pasquale🇨🇦,"Excellent analysis of the island airport jet proposal by UofT Professor Emeritus of Management Sandford Borins, including the fact that Pearson can ultimately handle 100 million passengers! With Pearson’s LIFT, Why Expand Billy Bishop? www.sandfordborins.com/2026/05/14/w... #topoli #onpoli #cdnpoli",,,,3,13,19,1,2026-05-14T13:48:31Z,NA,NA,NA,,,,,
at://did:plc:tf4plrd2n34mudgi6gpvyki7/app.bsky.feed.post/3mlsxfxv4bk2y,bafyreictmj7n6mvjta4minl4bzyh7elypaxsgaemde5qqwwuyhitdyq3r4,eclecticblogs.bsky.social,Martin Male 🇨🇦,"Danielle Smith says she's not a separatist and wants Alberta in Canada. Yet her government is appealing yesterday's court ruling that killed the separation petition, calling it 'anti-democratic.'
Pick a lane, PremierSmith!!
🇨🇦 #cdnpoli #Alberta #AlbertaSeparation #DanielleSmith",,,,1,0,7,0,2026-05-14T13:47:55Z,NA,NA,NA,,,,,
at://did:plc:xzgwn3nornr6v6cdd2fqsdru/app.bsky.feed.post/3mlsxejglw22e,bafyreibe3ym7p7awhni5644poiqmbqzdvwt4jpnlcbxcpfpaj3zku7n6ui,mikemontreal.bsky.social,Montreal Mike🇨🇦,"There’s no jobs. 
No homes. 
Hospitals are overloaded. 
Sorry folks, but you gotta refugee elsewhere.   Canada can’t take you.  🤷‍♂️
#cdnpoli

www.cbc.ca/news/canada/...",,,,0,0,0,1,2026-05-14T13:47:07Z,NA,NA,NA,,,,,
at://did:plc:jeuzjfwsgn62xfoe7qo4jul5/app.bsky.feed.post/3mlswzyge7k2v,bafyreiadacky72kvjvovb7bgjzvxuwcfpmu2z4w6pinuvrjzi4ax3py5ra,bigclimate.bsky.social,Bentley ****TALK CLIMATE****,You have no idea how much I want to cheer for a Canadian federal government seeking to WIN the #EnergyTransition (or maybe you do) but at this phase I have REAL doubts about the sincerity of this PM in this regard. #cdnpoli #MarkCarney,,,,1,5,20,1,2026-05-14T13:41:13Z,NA,NA,at://did:plc:kx375dszrbvqtu7o4xxxmojn/app.bsky.feed.post/3mlrbrzqjx22g,,,,,
at://did:plc:vhtdipk22mle3gfhsklhpdej/app.bsky.feed.post/3mlswtqsh542q,bafyreibze2vzlzm4ojbqihch5nzwvuiyu3d4txvv2byixueytfcuya4xvq,cubanx.bsky.social,CubanX,"Everyone in the world knows who you are talking about without saying any names.  😆
edit: forgot the damn picture.  🙄 
#Trump #Billionaires #EpsteinClass #IsraelFirst #Imperialism 
#news #usa #economy #trade #cdnpoli ...
#democracy #gop #fascists #fascism

👉 Vote 'em Out!
",,,,0,0,0,0,2026-05-14T13:37:44Z,NA,NA,NA,,,,,
at://did:plc:ypbo2mq6dqcct43gt2sam6el/app.bsky.feed.post/3mlswt3qolw2j,bafyreihcs7nxbvmtyaiacncxiyfu2mc3w32bupn5gqbopabic2grqtv5cq,ipolitics.bsky.social,iPolitics,Honda indefinitely suspends Canadian EV plant plan #cdnpoli #ipolitics,,,,0,0,0,0,2026-05-14T13:37:21Z,NA,NA,NA,,,,,
at://did:plc:in6t5b6l3wnfwkcuqji57ttg/app.bsky.feed.post/3mlswsyl5kk2i,bafyreicnmqmh3xgwkimgivxompbeibhxzln5fldabj3inrxliy5nttcc6e,ccfr-ccdaf.bsky.social,Canadian Coalition for Firearm Rights,"Despite feds saying our borders are secure, this fmr. police chief says it's not true. #cdnpoli

Mass auto thefts continue, exploiting youth as young as 15, all to buy illegal guns for 🇨🇦 streets.

""We're bleeding private property & subsidizing gang violence.""

WATCH: www.facebook.com/share/v/18CH...",,,,0,0,0,0,2026-05-14T13:37:21Z,NA,NA,NA,,,,,
at://did:plc:nhgslmw4oksenz3syopglabc/app.bsky.feed.post/3mlswrwpgts2q,bafyreibrnk7qwzy5rbmenevpd247zti67jkiutctegx46ryocm6uixzd6q,kathleenogradyca.bsky.social,Kathleen O'Grady 🇨🇦,"A must-read #disability #cdnpoli #onpoli 

There have to be other ways than this either/or approach. 

Many kids with disability who become adults still need some essential supports but they don't need all of their rights taken away either. 

And the costs are ridiculous for those that need this.",,,,0,2,3,0,2026-05-14T13:36:43Z,NA,NA,at://did:plc:qkwj4hstt5ez4jecdqjpcly2/app.bsky.feed.post/3mlqodzahyc2b,,,,,
at://did:plc:re7tflvczjceanwkco2bseqb/app.bsky.feed.post/3mlswmevolc2a,bafyreihvfzzhooojaudy6fg5omiuppojh4puygm24cxa27dscf5cmexkne,bella-andme.bsky.social,Sherry Lee,"Mr. Slogan Shouter who ran to Alberta to ""backroom deal"" himself a seat, so silent on this issue but so very vocal about everything else in this country. Why oh why could that be? 
#abpoli #cdnpoli",,,,0,0,0,0,2026-05-14T13:33:37Z,at://did:plc:lrflbqjebmyqw6o62gxjks6l/app.bsky.feed.post/3mlsw6ced4c2k,at://did:plc:lrflbqjebmyqw6o62gxjks6l/app.bsky.feed.post/3mlsw6ced4c2k,NA,,,,,
at://did:plc:abt5tpb7lqr7vopkrkwfswwq/app.bsky.feed.post/3mlswim2v6h2d,bafyreiadumtscnw4hzn2wbgmzsezmzn3ttk35r57icqph3yvmmik4ipt3i,canadareport.org,Canada Report,"Fogo de Chão Accelerates Global Growth with New Lease Agreement for Ipanema Beach in Rio de Janeiro, Brazil

Canada’s fastest news scan: 25+ headlines, no clutter, updated all day: CanadaReport.org

#cdnpoli #Canada #News #Business #Economy 
Read Original Article 🔗",,,,0,0,0,0,2026-05-14T13:31:29Z,NA,NA,NA,,,,,
at://did:plc:lin2g3h6fvle3fdrs5nqmkiy/app.bsky.feed.post/3mlsw7yzyek2z,bafyreibs37ljgegpnr5gobmo5cw3abwkmtc4xw5m7yx5tzlrycxeuaxfki,canadiancontent.bsky.social,Not That Kind Of Canadian,"Elbows up Canada.

#cdnpoli

www.cbc.ca/news/politic...",,,,0,0,0,0,2026-05-14T13:26:44Z,NA,NA,NA,,,,,
at://did:plc:lin2g3h6fvle3fdrs5nqmkiy/app.bsky.feed.post/3mlsw4qbj322z,bafyreieayhmcldzppv76zyv6ypumztoha7rmqyf7uglhmul2gqskku7qni,canadiancontent.bsky.social,Not That Kind Of Canadian,"So do enough people in AB care enough to do something about their lawless government?

I am starting to worry.

#cdnpoli

www.cbc.ca/news/canada/...",,,,0,0,1,0,2026-05-14T13:24:54Z,NA,NA,NA,,,,,
at://did:plc:wklzxhaz2wrelcuy3xucw3jp/app.bsky.feed.post/3mlsvt7snlk24,bafyreidrpay64tp2au5gjzawgeyutpv5s6uwblkaea3usxy2wzifyzhbai,thatgenxwidower.bsky.social,L Bennett 🇨🇦 🇪🇺🇺🇦✌🏻#TeamCanada #ElbowsUp,"Smith says, ""We think that this decision is incorrect in law and anti-democratic, and we will be appealing it as a result."" 
When she says 'anti-democratic', her interpretation of democracy doesn't include the rule of law. AKA Mob Rule #cdnpoli #abpoli 

www.cbc.ca/news/canada/...",,,,1,6,14,1,2026-05-14T13:19:31Z,NA,NA,NA,,,,,
at://did:plc:vnbmyyysx3snbr542m7a3bbi/app.bsky.feed.post/3mlsvdav6xs2c,bafyreiaknzjqfheckpymbkc5btebhzsl27f66ucvbsrrru2dnxdufurgnq,chillywhillynl.bsky.social,Keith Fillier,Hey @vocmnews.bsky.social time to improve your @bsky.app contributions. It's a great platform. #nlpoli #cdnpoli,,,,0,0,1,0,2026-05-14T13:10:37Z,NA,NA,NA,,,,,
at://did:plc:prhg7e4i6rmbpzhxgb4vdc36/app.bsky.feed.post/3mlsvapqp3c2n,bafyreialxm3jvduzw2vhxe53mlbv5xlggnypmynhbvvglildw63vofwh4m,solarab.bsky.social,Tom Moffatt,"Data centers are cutting power to homes, driving homeowners to solar and batteries #uspoli #cdnpoli #abpoli   electrek.co/2026/05/13/d...",,,,0,2,2,0,2026-05-14T13:09:13Z,NA,NA,NA,,,,,
at://did:plc:abt5tpb7lqr7vopkrkwfswwq/app.bsky.feed.post/3mlsuszinzj2j,bafyreiezjtqeu4tm23p33pgkwi7jxghjyohdny2mlrxzjb4yrdfl3ps6wm,canadareport.org,Canada Report,"Le Canada aura accès à un télescope géant

Canada’s fastest news scan: 25+ headlines, no clutter, updated all day: CanadaReport.org

#cdnpoli #Canada #News 
Read Original Article 🔗",,,,0,0,0,0,2026-05-14T13:01:31Z,NA,NA,NA,,,,,
at://did:plc:jvbp4nezylu5n44nkjnimsxf/app.bsky.feed.post/3mlsuecaf6s2m,bafyreiha7seonsgvifrrad3due6kwkngp7mprzdtq44l465gbz6dbfsj3a,davidakin.bsky.social,davidakin,"▶️ Energy & electricity.  ▶️ Illegal petition. ▶️ China focus.
The 🇨🇦 #cdnpoli 📰 Roundup for THU MAY 14
davidakin.substack.com/p/david-akin...",,,,0,1,3,0,2026-05-14T12:53:19Z,NA,NA,NA,,,,,
at://did:plc:go6lnimas6bzfthjvcaulmya/app.bsky.feed.post/3mlsu5r6g3k2u,bafyreifhwd4w5uj7vcta5ggt4j7eu34vj2fumepnuhnq7o5n3xqwh6kgem,jbnewt.bsky.social,Jackson Newt,"The Minister of Finance just hired external CONSULTANTS  for $12,000 to write a speech about reducing the use of external consultants by 20%. It’s True , the #Carney #Liberal deceit and lies continue . #Cdnpoli #Budget #Canada",,,,0,0,0,0,2026-05-14T12:49:29Z,NA,NA,NA,,,,,
at://did:plc:pedpziwws5vkocuq76mokn7c/app.bsky.feed.post/3mlsu5j7ls22w,bafyreie2v7q5zmzxpv7e72o2wsfosbm4y5wfjhiufefoatwteokvrw6pjy,deepgreendesign.bsky.social,Deep Green Design,"Trump in China… 😵‍💫

Xi just needs to make Donny look like an idiot, no deal required, or lock USA into a long-term dumb deal.

#CdnPoli",,,,0,0,0,0,2026-05-14T12:49:30Z,NA,NA,NA,,,,,
at://did:plc:x2z7xw2dhl4anjbuxt3pj3nc/app.bsky.feed.post/3mlstqwh73c27,bafyreiffrsmgbulxdkilvpf3tifoue3ukladjen7phtjr2wmriihpub7ze,cartogeek.bsky.social,cartogeek,"elbows down?

Sobeys, Loblaw under fire for maple washing, as Sobeys ditches maple leaf symbol in stores:

Federal regulator has identified 127 cases of maple washing by retailers since the start of 2025

www.cbc.ca/news/investi... #cdnpoli",,,,1,0,2,0,2026-05-14T12:42:28Z,NA,NA,NA,,,,,
at://did:plc:4ownlsrdmnvwgzmcdi2bof6s/app.bsky.feed.post/3mlstjmwk3c2n,bafyreidefymc3ypi3kngabnc4i6dr5v445uwfuljypjwn4mmz3htxko4ty,peipolitical.bsky.social,PEIPolitical 🇨🇦,"What's the deal with 6% fat milk, newly on the market in Ontario? #cdnpoli www.ctvnews.ca/lifestyle/ar...",,,,0,2,3,1,2026-05-14T12:38:24Z,NA,NA,NA,,,,,
at://did:plc:taj2zzm53ypc45lb25vfslts/app.bsky.feed.post/3mlstjhbyqc2i,bafyreih42hfqhbgb25s5vfeojza674iwlrtlmhadklpuu4hbeq2e6trgim,clairebeauchampmd.bsky.social,Claire Beauchamp MD 🇨🇦,"@coreyhogan.ca @mark-carney.bsky.social @mattjeneroux.bsky.social @eleanorolszewski.bsky.social 
Don’t you dare let Smith slither into a pipeline without her ‘releasing’ renewable energy in this province.
#abpoli #cdnpoli",,,,0,2,2,0,2026-05-14T12:38:17Z,NA,NA,at://did:plc:tnbl4ywsro47zks34x6we4mk/app.bsky.feed.post/3mlsb2lfkys27,,,,,
at://did:plc:pcg3cxhfuf5hi6abfd7sfxnc/app.bsky.feed.post/3mlstieimsk2f,bafyreidhny27q3artqfvtsufabjw2tyksocleysjmjejfra5s4wjtaiiku,sporb.bsky.social,Bill,"Next time they go, we could have working elections back here in Canada. 

Just like Mr. Pearson and the flag, @mark-carney.bsky.social  and good Canadian, intelligent electoral reform!

If you don't do this, we all will really know who you are, sir.  #sorry #cdnpoli",,,,0,0,0,0,2026-05-14T12:37:39Z,at://did:plc:kx375dszrbvqtu7o4xxxmojn/app.bsky.feed.post/3mlr7sseih22g,at://did:plc:kx375dszrbvqtu7o4xxxmojn/app.bsky.feed.post/3mlr7sseih22g,NA,,,,,
at://did:plc:prhg7e4i6rmbpzhxgb4vdc36/app.bsky.feed.post/3mlst5xbwqs22,bafyreihlkhmofv3q6aozlwdhsowyzsntaph5suxusuehsudpumcfxoaz6a,solarab.bsky.social,Tom Moffatt,Carney government to delay industrial carbon pricing until 2070 #cdnpoli #ClimateCrisis         www.thestar.com/politics/fed...,,,,2,1,2,0,2026-05-14T12:31:52Z,NA,NA,NA,,,,,
at://did:plc:abt5tpb7lqr7vopkrkwfswwq/app.bsky.feed.post/3mlst5ac2fv2p,bafyreiean6ykk7ellv45sqoi6ho66pi34c3lrhbv4dap3vf53vtodsqgoi,canadareport.org,Canada Report,"Posthaste: Canadian travel to the U.S. rises for the first time since Trump 2.0. So is the boycott thawing?

Canada’s fastest news scan: 25+ headlines, no clutter, updated all day: CanadaReport.org

#cdnpoli #Canada #News #Business #Economy 
Read Original Article 🔗",,,,0,0,1,0,2026-05-14T12:31:26Z,NA,NA,NA,,,,,
at://did:plc:go6lnimas6bzfthjvcaulmya/app.bsky.feed.post/3mlst3liy4k2j,bafyreiay5eryw764mwkmywoppv6pzvmdb4utafhdqz3wwo4emd2bsavioe,jbnewt.bsky.social,Jackson Newt,"Well another failure for the #Liberal Government. Where are Ministers Joly and Champagne now . They took the accolades and bows for this historic Canadian deal with #Honda . Hiding in the corners , what an embarrassment #EV #Ottawa #cdnpoli globalnews.ca/news/1117713...",,,,1,0,0,0,2026-05-14T12:30:19Z,NA,NA,NA,,,,,
at://did:plc:x2fori67bggzcj2a6c7sj6ur/app.bsky.feed.post/3mlsstgnotk2s,bafyreifhv2yfegjauoeulfhybedtrcwub2t5msvrf7vetnxyjbucazqbh4,jimmydp01.bsky.social,J Payne,"Danielle Smith, what is that dumb look you're selling?

#bcpoli #cdnpoli

#ableg edmontonjournal.com",,,,0,0,2,0,2026-05-14T12:26:00Z,NA,NA,NA,,,,,
at://did:plc:sywtwkbhpdibiprqvv7epcto/app.bsky.feed.post/3mlssr77njc2c,bafyreidtj6s2uxqroslxka2y6a5ezut7z32dgths6oegi4nadavm447vkq,elliott4mp.bsky.social,"Derek Elliott, Libertarian","PPC or Liberal? Ottawa Wins, You Lose. Why Freedom Means Saying ""No"" to the Feds.
#cdnpoli #politics #libertarian #canada #ppc 
youtube.com/shorts/rrS6V...",,,,0,0,1,0,2026-05-14T12:24:44Z,NA,NA,NA,,,,,
at://did:plc:4jhds6khpgmfkova5vetcm5h/app.bsky.feed.post/3mlssk7dilk2p,bafyreic7t7xdb2w67rhlsk5s74l3rolxnu2nzbrkuadfoz5sx7vcr6lnpe,drunkondespair.bsky.social,NA,"The @liberalparty.bsky.social of #MarkCarney wants you to be fearful of #China and #Russia while they allow the genocide regime indiscriminately killing women and children to spread disinformation at the highest levels. #cdnpoli

t.me/thecradlemed...",,,,0,0,2,0,2026-05-14T12:20:48Z,NA,NA,NA,,,,,
at://did:plc:x2fori67bggzcj2a6c7sj6ur/app.bsky.feed.post/3mlssk5axok22,bafyreiai6e3pn2thhkhksl43vzzyawisbecwbmgkp4mhpxnkex5bgvspvm,jimmydp01.bsky.social,J Payne,"#bcpoli #cdnpoli

www.cbc.ca/news/canada/...",,,,0,0,0,0,2026-05-14T12:20:47Z,at://did:plc:x2fori67bggzcj2a6c7sj6ur/app.bsky.feed.post/3mlss4gwnv222,at://did:plc:x2fori67bggzcj2a6c7sj6ur/app.bsky.feed.post/3mlss4gwnv222,NA,,,,,
at://did:plc:67mpqdmuvarollmm2lqcz6ac/app.bsky.feed.post/3mlssjvjqkc2e,bafyreigw3cffxnxzeyiueqr7vtutouhil4lyqggzstsltj3l2ad7xab4fi,coldcollective.bsky.social,4restKC,"We have the same power folks. 

#cdnpoli #abpoli #ableg",,,,0,2,2,0,2026-05-14T12:20:38Z,NA,NA,at://did:plc:pjk4ayxl4svqpgabvwavyicd/app.bsky.feed.post/3mlqyqzsefc2r,,,,,
at://did:plc:76e4qryfph6q4wmz3li6v2l6/app.bsky.feed.post/3mlsscq62gk2k,bafyreiencw35cwz455xnujocjiqra44hhml5k7pjskmqz2do2ra67oqcey,stacescases2.bsky.social,StacesCases2 🇨🇦 📎,"On today's episode, OShow's #LauraBabcock and @meidascanada.ca host @charlieangus104.bsky.social talk about the global dumpster fire and the MAGA threat to #Canada. 🇨🇦 #Cdnpoli #ABpoli #Ableg
youtu.be/iOgHBzgECHc?...",,,,0,3,4,0,2026-05-14T12:16:43Z,NA,NA,NA,,,,,
at://did:plc:x2fori67bggzcj2a6c7sj6ur/app.bsky.feed.post/3mlss7qxrxk22,bafyreif25chyndpd7t5nej5un6ozk7njakmcvrsxhopsizkzvmoxe3mwo4,jimmydp01.bsky.social,J Payne,"The Queen of Stupid's Minion belows;

#bcpoli #cdnpoli #ableg 

www.ctvnews.ca/calgary/arti...",,,,1,0,0,0,2026-05-14T12:14:59Z,NA,NA,NA,,,,,
at://did:plc:x2fori67bggzcj2a6c7sj6ur/app.bsky.feed.post/3mlss4gwnv222,bafyreiasmbylfhdywdxzhn27y3js3i2gfiyht5zmzlvyqbalo4teaf3whi,jimmydp01.bsky.social,J Payne,"ROFL 🤣 

DANIELLE SMITH ALBERTA UCP 

The Queen of Stupid ...

#bcpoli #cdnpoli #ableg 

www.ctvnews.ca/edmonton/art...",,,,1,0,1,0,2026-05-14T12:13:07Z,NA,NA,NA,,,,,
at://did:plc:4xqt7t2zph634drigtdxdmro/app.bsky.feed.post/3mlsrswdvfk2z,bafyreib563wpuf7gvdoowhiupzb2uvh6jsosfg7eylcojm3mjyooaausva,journodale.bsky.social,Dale Smith,"Roundup post: Quashing a petition, neutering the carbon price #cdnpoli",,,,0,1,2,0,2026-05-14T12:07:48Z,NA,NA,NA,,,,,
at://did:plc:4jhds6khpgmfkova5vetcm5h/app.bsky.feed.post/3mlsrmlkfdk2e,bafyreigkckuxoagnw2gqmbgeys2uawcp52o3blqkcaszdzcwvz3kah5iwq,drunkondespair.bsky.social,NA,"Targeting and killing #EMS workers. Another #MarkCarney shared value. #cdnpoli

t.me/MiddleEastEy...",,,,0,0,0,0,2026-05-14T12:04:14Z,NA,NA,NA,,,,,
at://did:plc:bfypaxsdpfcj4i2t5qkeu3eh/app.bsky.feed.post/3mlsrhyp4f223,bafyreig7vk3tnsds5hyrjqiot5v6c5oqstumyenjqv4qsmif37ux3lb2ee,conorcurtis.bsky.social,Conor Curtis,"Electricity strategy release today:

A) Timing is meant to help cover up a complete capitulation on climate policy under the pipeline MOU: bsky.app/profile/jfle...

Undermining green jobs: www.theenergymix.com/ottawa-alber...

Appeasement that's a warning re standing up to the U.S. as well. #CDNpoli",,,,2,10,19,5,2026-05-14T12:01:43Z,NA,NA,NA,,,,,
at://did:plc:abt5tpb7lqr7vopkrkwfswwq/app.bsky.feed.post/3mlsrhlohuc2p,bafyreigkx4ag5v5zrvgapdhven7vpwicgjiybbhz7qc7kgrbuz3ueiohii,canadareport.org,Canada Report,"Can Ottawa become Photonic Valley?

Canada’s fastest news scan: 25+ headlines, no clutter, updated all day: CanadaReport.org

#cdnpoli #Canada #News #Tech #AI 
Read Original Article 🔗",,,,0,0,0,0,2026-05-14T12:01:27Z,NA,NA,NA,,,,,
at://did:plc:x2fori67bggzcj2a6c7sj6ur/app.bsky.feed.post/3mlsrckdscc2s,bafyreiagpo2na3ipvvts3fuwlserh24xildismzb3ymi7gzpw6jivqo7ai,jimmydp01.bsky.social,J Payne,":)

#bcpoli #cdnpoli

www.latimes.com/business/sto...",,,,0,0,0,0,2026-05-14T11:58:39Z,NA,NA,NA,,,,,
at://did:plc:rgk6xquxjkufq2un4heudl3o/app.bsky.feed.post/3mlsrbjqhlc2j,bafyreifzod6viy6hlvr7geoojujpsyjrf42nk6l3lp3nhjhe7ghhn37rgq,stephenjwt.bsky.social,Stephen Thomas,"Amending the clean electricity regulations to allow more gas on the grid would be a betrayal, and counter to the whole damn point of having clean electricity regulations. 

#cdnpoli #energysky #naturalgas #renewables #climate

www.cbc.ca/news/politic...",,,,1,2,3,0,2026-05-14T11:58:05Z,NA,NA,NA,,,,,
at://did:plc:4c2eayeaiwryhoftnznatth3/app.bsky.feed.post/3mlsr6jyydc25,bafyreicjqnv4iw5bjwlpf26yzv6cq6ffa47c2tk7l7syhyu7q4e3fltjiu,shiftaction.bsky.social,Shift: Action for Pension Wealth & Planet Health,"Last summer, nearly 1,000 Canadians spoke up on fossil fuel entanglements at Canada’s largest pension plans. Since our June 2025 report Entrenched Interests was released, 3 new board members have been appointed to the Canada Pension Plan — none tied to fossil fuels. Public pressure works. #cdnpoli",,,,0,2,3,0,2026-05-14T11:56:25Z,NA,NA,NA,,,,,
at://did:plc:nv2vrhwcd6a3m6rgiodwhjwp/app.bsky.feed.post/3mlsqnw6hkk2h,bafyreih3dom5pilkjuwxvhgcmjkww4tpfny5nbbxi32m4vawugtd6azvli,wadegmale.bsky.social,Continue The Fuckery🏳️‍🌈🇨🇦,"""Expert & decider of everything. In her world, she’s the smartest one in the room""

If she was a door stop 🛑 

 #abpoli #ableg #cdnpoli",,,,0,1,4,0,2026-05-14T15:15:24Z,at://did:plc:lanvmgthztbuwa3ieqcrzsys/app.bsky.feed.post/3mlt3x5sozs2f,at://did:plc:lanvmgthztbuwa3ieqcrzsys/app.bsky.feed.post/3mlt3x5sozs2f,NA,,,,,
at://did:plc:gngvpsp4l6uzcl7fs55ds5cj/app.bsky.feed.post/3mlsqkdm4vf22,bafyreiecyook4rbv4x2p7newnjmd3ywl4ro4pghpocxxf4ql6m6gczdyz4,davidcoletto.bsky.social,David Coletto,"A key finding in our latest #cdnpoli poll:

55% of Canadians say the Carney government represents a genuine break from the Trudeau years.

45% say it is essentially a continuation.

That distinction helps explain the current Liberal advantage.

abacusdata.ca/canadian-po...",,,,1,0,3,0,2026-05-14T11:45:05Z,NA,NA,NA,,,,,
at://did:plc:cm2ghbjq62pbw7r3rsnshje5/app.bsky.feed.post/3mlsqd6shds2c,bafyreifgz5jeypgbog7trinobco5ojcsvpcltm3r3fnjmqr33wjubegzum,gensqueeze.bsky.social,Generation Squeeze,The hard truth behind Canada's broken generational system. (2024 CREA and StatsCan data adjusted for inflation) Want change? Join us: www.gensqueeze.ca/join #cdnpoli #Canada,,,,0,0,1,0,2026-05-14T11:41:06Z,NA,NA,NA,,,,,
at://did:plc:x2fori67bggzcj2a6c7sj6ur/app.bsky.feed.post/3mlsqccmlxs2w,bafyreieukkht2bo74k6nxkd3lslnhtfgeehw6euougnbm65xwvi2yelihi,jimmydp01.bsky.social,J Payne,"Canada show your generosity and  ❤️ 

#Elbowsup for the great People of Gaza Palestine who are facing the unfathomable and could use a hand up by supporting this very important initiative;

#Gaza #Palestine 
#Cdnpoli #BCPoli

www.gofundme.com/f/support-be...",,,,0,0,0,0,2026-05-14T11:40:37Z,NA,NA,NA,,,,,
at://did:plc:wtfyxlm5wsbah4nvod66xyq7/app.bsky.feed.post/3mlspwuvxls2m,bafyreihwcshwy4mgnbtl6qjd26f6ywaya43bewalw5pfe6dsw4ayugpsri,politozi.bsky.social,Politozi-Global,"🇺🇦 #WeStandWithUkraine
🇺🇦 #StandWithUkraine
#VolodymyrZelenskyy #Ukraine #Zelenskyy #USApol #USpol #UKpol #AUSpol #France #VladimirPutin #Putin #Russia #EUpol #CDNpoli #UN",,,,0,0,0,0,2026-05-14T11:34:14Z,NA,NA,at://did:plc:6y3honhec2jch2ryrbuyx5a5/app.bsky.feed.post/3mlsozji53c2f,,,,,
at://did:plc:wtfyxlm5wsbah4nvod66xyq7/app.bsky.feed.post/3mlsptaztgs2m,bafyreiapx76fkttctkqlbkzdtf5oq2ztizivnhh37lvo2cyamsqabhe7o4,politozi.bsky.social,Politozi-Global,"🇮🇱 #BOYCOTTIsrael 🇮🇱
🇵🇸 #StateOfPalestine #Palestine #IsraeliWarCrimes #IsaacHerzog #BenGvir #TheKnesset #IsraelKatz #BenjaminNetanyahu #Netanyahu #Genocide #USpol #IsraeliGenocide #IDF #USApol #UKpol #AUSpol #CDNpoli #ICC #UN #EU #EUpol #Israel #Gaza #WestBank #Lebanon",,,,0,0,0,0,2026-05-14T11:32:12Z,NA,NA,at://did:plc:xsh34cedw24utiu66rnyjawq/app.bsky.feed.post/3mlspdbiqvc2w,,,,,
at://did:plc:o6lxux56hsmj73evjtpdygfc/app.bsky.feed.post/3mlspt2cpnk2v,bafyreibep5i7fqsd6qwkrqxoqqfp6cra65eisdicl2qwueje5reb3bdulq,scottyhertz.bsky.social,Scotty Hertz,Open Sources #Guelph 5pm #CFRU (.ca) 93.3fm spotlight on Sexual Violence Prevention Month with Lola Graham from the Ontario chapter of Survivors 4 Justice Reform and (5.30p) Waterloo MPP Catherine Fife #onpoli #cdnpoli opensourcesguelph.com/2026/05/14/o...,,,,0,0,1,0,2026-05-14T11:32:14Z,NA,NA,NA,,,,,
at://did:plc:abt5tpb7lqr7vopkrkwfswwq/app.bsky.feed.post/3mlsprzkffh27,bafyreia56whgxguskidvdemjycth4lhzqvem776zhpwtqvoiynuoa52jby,canadareport.org,Canada Report,"Profound to Showcase TULSA-PRO®, the TULSA Procedure™ and the Future of iMRI at AUA2026

Canada’s fastest news scan: 25+ headlines, no clutter, updated all day: CanadaReport.org

#cdnpoli #Canada #News #Business #Economy 
Read Original Article 🔗",,,,0,0,0,0,2026-05-14T11:31:29Z,NA,NA,NA,,,,,
at://did:plc:4ownlsrdmnvwgzmcdi2bof6s/app.bsky.feed.post/3mlspqjimrc2n,bafyreidraxbhnnr5cbpdgb6altsmv3eslpc3n3tqxmuw55qjrgkuspa6du,peipolitical.bsky.social,PEIPolitical 🇨🇦,"🔥🔥🔥 “Building a new oil pipeline to the west coast of Canada is consistent with the teachings of Jesus, Alberta Premier Danielle Smith told a gathering of Christian leaders and organizations from across the province last week.”
#cdnpoli 
www.desmog.com/2026/05/13/o...",,,,10,6,16,4,2026-05-14T11:30:41Z,NA,NA,NA,,,,,
at://did:plc:wtfyxlm5wsbah4nvod66xyq7/app.bsky.feed.post/3mlsppqityk2m,bafyreifx2iawe3cfwpcvgb7jzickkfw4cnyyixhlrjrgdytlq5onb7swu4,politozi.bsky.social,Politozi-Global,"🇺🇦 #WeStandWithUkraine
🇺🇦 #StandWithUkraine
#VolodymyrZelenskyy #Ukraine #Zelenskyy #USApol #USpol #UKpol #AUSpol #France #VladimirPutin #Putin #Russia #EUpol #CDNpoli #UN",,,,0,0,0,0,2026-05-14T11:30:14Z,NA,NA,at://did:plc:6dncjiyu42adb2irwodoskfz/app.bsky.feed.post/3mlspfq462k2n,,,,,
at://did:plc:wtfyxlm5wsbah4nvod66xyq7/app.bsky.feed.post/3mlspnusvtc2m,bafyreiecr6qqyjstztou25yyxjsqo7js7tqt4rw6pyarjxey372aodqera,politozi.bsky.social,Politozi-Global,"🇮🇱 #BOYCOTTIsrael 🇮🇱
🇵🇸 #StateOfPalestine #Palestine #IsraeliWarCrimes #IsaacHerzog #BenGvir #TheKnesset #IsraelKatz #BenjaminNetanyahu #Netanyahu #Genocide #USpol #IsraeliGenocide #IDF #USApol #UKpol #AUSpol #CDNpoli #ICC #UN #EU #EUpol #Israel #Gaza #WestBank #Lebanon",,,,0,0,0,0,2026-05-14T11:29:11Z,NA,NA,at://did:plc:m2ssie63g23r32lvpxumgjau/app.bsky.feed.post/3mlsgnsialk25,,,,,
at://did:plc:rlcoxketrj26yu5hgn3izwaz/app.bsky.feed.post/3mlspirddoc27,bafyreig5s6y6tdvahixmarrtb47fbsyvjq6c74meo6r3r6ceupkj4j3xnu,janfromthebruce.bsky.social,JanFromTheBruce 🍁,"Every day I am going to post this (permission from Del Schilling).

Will you join me?

Over 5700+ Missing & Murdered Indigenous Women & Girls

#MMIWG #cdnpoli",,,,0,16,23,0,2026-05-14T11:26:17Z,NA,NA,NA,,,,,
at://did:plc:4ownlsrdmnvwgzmcdi2bof6s/app.bsky.feed.post/3mlsokf6dfc26,bafyreih6j3g7l66vyrcplnj2njl3cqogzxoorzdzodakn6ty6ijglmrjn4,peipolitical.bsky.social,PEIPolitical 🇨🇦,NEW: Carney Doubles Down on War on Drugs With Mail-Seizure Powers. #cdnpoli   www.readthemaple.com/carney-doubl...,,,,1,4,6,0,2026-05-14T11:09:21Z,NA,NA,NA,,,,,
at://did:plc:kqqydztpv6lrkmynvlo7zsru/app.bsky.feed.post/3mlsocwue5c2k,bafyreifsddjoerhklgtbl2ueeibu6yefjcuyiijtt6xgpithotbknsew3i,kaicable.bsky.social,"Kai, a very old GenX 🇨🇦","Is this the new SRO slumlord special of the very near future?

#bcpoli #vanpoli #cdnpoli #canada

www.castanet.net/news/Metro-V...",,,,0,0,1,0,2026-05-14T11:05:12Z,NA,NA,NA,,,,,
at://did:plc:abt5tpb7lqr7vopkrkwfswwq/app.bsky.feed.post/3mlsocfyrgz2b,bafyreig2onogc5gg5ybsatill2zo3f4irtc3bmfqujf2bje3jflt46qyam,canadareport.org,Canada Report,"🇨🇦 Morning Briefing — May 14  
Tensions rise as federal and provincial governments clash over resource management.  
• Financial distress looms for resource companies.  
• Smart...

Read: canadareport.org/briefing-2026-05-14-morning.html
#cdnpoli",,,,0,0,0,0,2026-05-14T11:04:51Z,NA,NA,NA,,,,,
at://did:plc:h2spa3l463coxycuy6iiov2l/app.bsky.feed.post/3mlsobkbjws2q,bafyreiaftpwrxupf7kc26pgkk7hnhv3gwjg57unemtoe3esx36zzv2mimy,shewandersferal.bsky.social,Allison Moon 🌙  🍁,"Saying “No #AI because fresh water!” is fucking stupid

That’s as dumb as saying you don’t want cancer therapy because it hurts

Yeah: the #World is #weaponising #AI, whether you like it or not
THEREFORE #Canadians have to lock our #digitaldoors, like we have #BorderControls

🍁 #CANpoli 🍁 #CDNpoli 🍁",,,,1,1,2,0,2026-05-14T11:04:25Z,at://did:plc:h2spa3l463coxycuy6iiov2l/app.bsky.feed.post/3mlsobkb3c22q,at://did:plc:h2spa3l463coxycuy6iiov2l/app.bsky.feed.post/3mlsobkb3c22q,at://did:plc:h2spa3l463coxycuy6iiov2l/app.bsky.feed.post/3mlsnv44jzk2q,,,,,
at://did:plc:q53ibv7ujf27tbhk7ar76tfz/app.bsky.feed.post/3mlsnlc4kuk2x,bafyreigyokt7iar3qx4qzjhgpvexxwdh4ecstsymjaltss2z2rz4r2pria,marc55.bsky.social,Marc 🍁,"You're on your own people.

Greed insists on it.
#cdnpoli",,,,2,3,7,1,2026-05-14T10:51:57Z,NA,NA,at://did:plc:v3eup4rzroyniw2x7bmsdzgt/app.bsky.feed.post/3mlsn62hxds2w,,,,,
at://did:plc:q53ibv7ujf27tbhk7ar76tfz/app.bsky.feed.post/3mlsngxgs3c2x,bafyreif7el5hghlrzxmt6oqg72lbgnow5onawm6p5tkgjzcb5vqzknh55q,marc55.bsky.social,Marc 🍁,"And on the other side of the country, Dani say's pipelines are Heavenly. Jesus H Christ approved.
*smfh*
#cdnpoli",,,,0,4,3,0,2026-05-14T10:49:31Z,NA,NA,at://did:plc:kx375dszrbvqtu7o4xxxmojn/app.bsky.feed.post/3mlrbrzqjx22g,,,,,
at://did:plc:abt5tpb7lqr7vopkrkwfswwq/app.bsky.feed.post/3mlsmgpwq3m2t,bafyreidbha4qi3pnoppgwsqjzxz5ql66piahidcfcr46ihfr6zrmefboky,canadareport.org,Canada Report,"With stock markets near record highs, why would an investor worry?

Canada’s fastest news scan: 25+ headlines, no clutter, updated all day: CanadaReport.org

#cdnpoli #Canada #News #Business #Economy 
Read Original Article 🔗",,,,0,0,0,0,2026-05-14T10:31:29Z,NA,NA,NA,,,,,
at://did:plc:kcezbn5qz64o7tmmnqhnuulr/app.bsky.feed.post/3mlsmec2xws26,bafyreica53gqpgzofj7vvsutwoeh4fu5xhrwxy7vraed3hzqzxowgdp76y,garlicbreath644.bsky.social,Christy Kelly-Bisson,"It really feels like the Carney Government is a private equity firm that is asset-stripping Canada as an investment scheme.
#CDNpoli",,,,0,0,3,0,2026-05-14T10:30:07Z,NA,NA,at://did:plc:w5pxbmkjntxfw6mt4emennhv/app.bsky.feed.post/3mlra6j6nwc2u,,,,,
at://did:plc:h2spa3l463coxycuy6iiov2l/app.bsky.feed.post/3mlslj5xnhk2q,bafyreigsy6dhuhs6edlno5inuzfoaz7bmjgvharaz3kuuengvjldpw53lq,shewandersferal.bsky.social,Allison Moon 🌙  🍁,"#DonbasDanielle is relying on #WhiteSupremacy, #racism & #ManifestDestiny to fulfill her requirements to #BRICS & the #WhiteHouse

🍁 #CANpoli 🍁 #CDNpoli 🍁  #CanadaSky 🌌 #Alberta

@lisab0923.bsky.social 
@charlieangus104.bsky.social 
@arlenedickinson.bsky.social",,,,1,2,3,0,2026-05-14T10:15:00Z,at://did:plc:4ownlsrdmnvwgzmcdi2bof6s/app.bsky.feed.post/3mlsfgn3e7k2o,at://did:plc:4ownlsrdmnvwgzmcdi2bof6s/app.bsky.feed.post/3mlsfgn3e7k2o,NA,,,,,
at://did:plc:ypbo2mq6dqcct43gt2sam6el/app.bsky.feed.post/3mlskxxa2ee2x,bafyreidnnbzdryrsfrxlw6lur3u4lz26swlc7gxwvlvhdpfe3v7emyfg6a,ipolitics.bsky.social,iPolitics,"Carney set to unveil ‘new agenda’ for ‘clean, affordable energy’ #cdnpoli #ipolitics",,,,0,0,1,0,2026-05-14T10:05:19Z,NA,NA,NA,,,,,
at://did:plc:abt5tpb7lqr7vopkrkwfswwq/app.bsky.feed.post/3mlskqwtufc2z,bafyreihedk5us3vmn5kfnxfje7vffgyk2dl24qczh2q6npgqp4b576j2fy,canadareport.org,Canada Report,"Canada won’t pursue national semiconductor strategy, AI minister says

Canada’s fastest news scan: 25+ headlines, no clutter, updated all day: CanadaReport.org

#cdnpoli #Canada #News #Tech #AI 
Read Original Article 🔗",,,,0,0,0,0,2026-05-14T10:01:24Z,NA,NA,NA,,,,,
at://did:plc:4ownlsrdmnvwgzmcdi2bof6s/app.bsky.feed.post/3mlsk43nsmc2s,bafyreid33fruaazpltfsocqv4duz2ftsnmzayhs6czr2gh2urqqmo7bq6a,peipolitical.bsky.social,PEIPolitical 🇨🇦,The numbers speak for themselves. #cdnpoli,,,,1,4,13,0,2026-05-14T09:49:46Z,NA,NA,NA,,,,,
at://did:plc:4ownlsrdmnvwgzmcdi2bof6s/app.bsky.feed.post/3mlsjyfrtic2s,bafyreihxl6hv6b4hydeluvn4p3okh2c6pxjhojw2wt3iniiscba5gwjlwq,peipolitical.bsky.social,PEIPolitical 🇨🇦,"The battle of two foreign owned coffee chains in Canada!
Who's going to end up on top? #cdnpoli",,,,8,5,11,0,2026-05-14T09:47:43Z,NA,NA,NA,,,,,
at://did:plc:abt5tpb7lqr7vopkrkwfswwq/app.bsky.feed.post/3mlsj3cyvwf22,bafyreigpojiv53er5gsilqdfbvlfnl76hgygn5venv42f3yklqth7pj3sm,canadareport.org,Canada Report,"Sofis Partners with Arcadea Group

Canada’s fastest news scan: 25+ headlines, no clutter, updated all day: CanadaReport.org

#cdnpoli #Canada #News #Business #Economy 
Read Original Article 🔗",,,,0,0,0,0,2026-05-14T09:31:25Z,NA,NA,NA,,,,,
at://did:plc:4ownlsrdmnvwgzmcdi2bof6s/app.bsky.feed.post/3mlsim5sljk2s,bafyreievckvy7dzpvzqaiw6bwoar53jura643uxz7ovvz22zfk5ro7dwsi,peipolitical.bsky.social,PEIPolitical 🇨🇦,"Province risks losing huge Netflix series filming in P.E.I., Opposition says. #cdnpoli 
www.cbc.ca/news/canada/...",,,,0,2,2,0,2026-05-14T09:22:58Z,NA,NA,NA,,,,,
at://did:plc:abt5tpb7lqr7vopkrkwfswwq/app.bsky.feed.post/3mlshfvyoae2k,bafyreif4fvmta3q2sskqtqlfznsxbiuqjqf2yjodv6xo46hulzuryws4ga,canadareport.org,Canada Report,"Alberta | Une juge rejette une requête des séparatistes

Canada’s fastest news scan: 25+ headlines, no clutter, updated all day: CanadaReport.org

#cdnpoli #Canada #News #abpoli 
Read Original Article 🔗",,,,0,0,0,0,2026-05-14T09:01:32Z,NA,NA,NA,,,,,
at://did:plc:4ownlsrdmnvwgzmcdi2bof6s/app.bsky.feed.post/3mlshfn4g6k2o,bafyreic5ka27eqora3otn4bhpvkmskmj4btgltkvzcrwnmnjutskmkfb4i,peipolitical.bsky.social,PEIPolitical 🇨🇦,"Neguse: Where is this company headquartered? 
Noem: I don’t know. #cdnpoli",,,,0,11,26,0,2026-05-14T09:01:24Z,NA,NA,NA,,,,,
at://did:plc:4ownlsrdmnvwgzmcdi2bof6s/app.bsky.feed.post/3mlsgzo7kf22o,bafyreig3oap4q2d2ny33mzgcwmybhp26xxbn3y4bbxontin7noy55vq2ui,peipolitical.bsky.social,PEIPolitical 🇨🇦,Alberta's Deputy Chief Electoral Officer says thousands of people may have accessed voter data. #cdnpoli,,,,1,12,17,2,2026-05-14T08:54:43Z,NA,NA,NA,,,,,
at://did:plc:4ownlsrdmnvwgzmcdi2bof6s/app.bsky.feed.post/3mlsgui5rek2o,bafyreidtzsk2qblszvds6u5tapp3tmvyxqfjbdhozof5fvbzshuyvrik6e,peipolitical.bsky.social,PEIPolitical 🇨🇦,"Trump attempts his juvenile power move, tug-of-war handshake, with president Xi. #cdnpoli",,,,1,6,20,2,2026-05-14T08:51:49Z,NA,NA,NA,,,,,
at://did:plc:7lk2ea67pioh2e7tqj5n7whh/app.bsky.feed.post/3mlsgq7iaak23,bafyreihvywfq4vzrisbcxs4nmrfikuhfapwkti3uwfmfai4kr6j5yt7gtq,samspade1941.bsky.social,Samuel Spade,"""Over the last decade, China has passed a series of national security and intelligence laws that oblige Chinese companies to co-operate with the government when asked."" 

1 ⁄

#cdnpoli #ukpol #auspol #uspol",,,,1,0,1,0,2026-05-14T08:49:25Z,NA,NA,at://did:plc:7lk2ea67pioh2e7tqj5n7whh/app.bsky.feed.post/3mlsf353pvk23,,,,,
at://did:plc:4ownlsrdmnvwgzmcdi2bof6s/app.bsky.feed.post/3mlsgppoink2o,bafyreiff6hjd6gneqqielobceg2d4k5pl526f7h5ndlzrk5bjo4ztvd5s4,peipolitical.bsky.social,PEIPolitical 🇨🇦,"Kennedy: Who did Epstein traffic these young women to? 
Kash Patel : There is no credible information that he trafficked to other individuals.  
So Ghislaine Maxwell is in prison for trafficking young girls to no one? #cdnpoli",,,,7,32,56,2,2026-05-14T08:49:09Z,NA,NA,NA,,,,,
at://did:plc:4ownlsrdmnvwgzmcdi2bof6s/app.bsky.feed.post/3mlsglu37cs2o,bafyreievii25jzbqyaqhlbunefbjz2opghuyxxkodnl5srku3phhm2h6pq,peipolitical.bsky.social,PEIPolitical 🇨🇦,"""Taxpayers are footing a whopping $1 billion bill for Trump's ballroom. Your budget cuts the National Park Service by $1 billion. If you put this $1 billion towards our national parks instead of Trump's ballroom, that would benefit every single American."" #cdnpoli",,,,1,2,18,1,2026-05-14T08:46:59Z,NA,NA,NA,,,,,
at://did:plc:4ownlsrdmnvwgzmcdi2bof6s/app.bsky.feed.post/3mlsghenl5k2o,bafyreib5nbvumn5egkd5m2gzjaet5hjfuv4uwfedr7bn2kcutjejkotyce,peipolitical.bsky.social,PEIPolitical 🇨🇦,"Trump : ""Xi’s been really nice to me. China doesn’t challenge us at all.""
China literally challenged him. They told their oil refineries to ignore Trump’s sanctions and keep buying Iranian oil. 🤣
#cdnpoli",,,,0,7,20,1,2026-05-14T08:44:29Z,NA,NA,NA,,,,,
at://did:plc:4ownlsrdmnvwgzmcdi2bof6s/app.bsky.feed.post/3mlsgbe7qek2o,bafyreib66ga3xyngk75wkphzamgwg73eypbt423fkba4rctg7gewaskwue,peipolitical.bsky.social,PEIPolitical 🇨🇦,"Smith says that while her government supports Alberta staying in Canada, she will be appealing a court decision that quashed a possible separatist petition/referendum. #cdnpoli",,,,7,10,14,2,2026-05-14T08:41:06Z,NA,NA,NA,,,,,
at://did:plc:4ownlsrdmnvwgzmcdi2bof6s/app.bsky.feed.post/3mlsg2g4zdc2o,bafyreihei4rw5yg6xjrknaqf2b3flolgcy7q7737chseztue3hqlzanm6u,peipolitical.bsky.social,PEIPolitical 🇨🇦,"Voters in South Carolina are sick and tired of Lindsey Graham and have been lining up to make sure that he won’t be re-elected under any circumstances especially after his speech about making Americans pay for Trump’s Ballroom.
#cdnpoli",,,,2,15,41,0,2026-05-14T08:37:14Z,NA,NA,NA,,,,,
at://did:plc:ig6dnt4tqgg7iwwtywx3bkvd/app.bsky.feed.post/3mlsfyrhwi22k,bafyreicjw7ies5f7yzjew3py6gkfmbusmvamxpa3lgxlliox23jvi5p5ue,robduncan.bsky.social,Rob Duncan,"www.youtube.com/watch?v=_3i5...

#pedopresident #Pedogarchy #Pedophocracy #25thAmendment #TraitorTrump #USPOL #USA #uspoli #poli #politics #cdnpoli #canada #auspol #MeidasMighty #america #history #RemoveTrump #DonaldTrump #antifa #AntiTrump #fascistfelon #FightOligarchy #DefundBillionaires #TrumPedo",,,,0,2,5,0,2026-05-14T08:36:21Z,NA,NA,NA,,,,,
at://did:plc:h2spa3l463coxycuy6iiov2l/app.bsky.feed.post/3mlsfxro27k2p,bafyreicxiufsoj6en45ozc6jr5g2rwnln4ejav6nu7grtyi3uhouh6zyry,shewandersferal.bsky.social,Allison Moon 🌙  🍁,"Saying ‘the #Law is settled’ is like saying #Tories obey the Law or #TrumpNeverLies…

#GOPwannabe #UCP | #Tories don’t care about #TheRightThing: they care about tantrums for themselves

🍁 #CANpoli 🍁 #CDNpoli 🍁  #CanadaSky 🌌 #Alberta #sedition",,,,0,0,2,0,2026-05-14T08:35:47Z,NA,NA,NA,,,,,
at://did:plc:4ownlsrdmnvwgzmcdi2bof6s/app.bsky.feed.post/3mlsfufs2ds2o,bafyreifh37ezp6fq3fejnmbef6x7f5snhtiiiwc3x3pskj5po37pmsykh4,peipolitical.bsky.social,PEIPolitical 🇨🇦,"""I kept my identity protected as Jane Doe. I Woke up one day with my name mentioned over 500 times,while the rich and powerful remain protected by redactions. My name was exposed to the world. Now reporters from across the globe contact me. I cannot live without looking over my shoulder."" #cdnpoli",,,,4,26,84,2,2026-05-14T08:33:52Z,NA,NA,NA,,,,,
at://did:plc:abt5tpb7lqr7vopkrkwfswwq/app.bsky.feed.post/3mlsfpugehf27,bafyreiaranw3bl2fajhf5k7kcrxb3jcetkxgnffnjkmnsnkagg3tq5t4xi,canadareport.org,Canada Report,"AI Bond Binge Overwhelms Wall Street, Pushes Alphabet Abroad

Canada’s fastest news scan: 25+ headlines, no clutter, updated all day: CanadaReport.org

#cdnpoli #Canada #News #Business #Economy 
Read Original Article 🔗",,,,0,1,1,0,2026-05-14T08:31:19Z,NA,NA,NA,,,,,
at://did:plc:4ownlsrdmnvwgzmcdi2bof6s/app.bsky.feed.post/3mlsfnshup22o,bafyreicj6fvempavqndjdt5wreh7u5ugoyuhfbiucjwls54hnraf5k52ea,peipolitical.bsky.social,PEIPolitical 🇨🇦,What do you make of Trump saying that he doesn’t think about Americans’ financial situation? #cdnpoli,,,,1,3,4,0,2026-05-14T08:30:11Z,NA,NA,NA,,,,,
at://did:plc:4ownlsrdmnvwgzmcdi2bof6s/app.bsky.feed.post/3mlsfgn3e7k2o,bafyreie4kc4e64tekglwx6l6myhdthm2yoacsyykajf4jd7dggby5imtuy,peipolitical.bsky.social,PEIPolitical 🇨🇦,"Jason Markusoff on an Alberta judge quashing a petition for a separation referendum: ""They had a duty to consult First Nations. They didn't consult before issuing this petition. Therefore this petition, the 300k signature petition that had been presented just last week it's been quashed."" #cdnpoli",,,,11,53,172,3,2026-05-14T08:26:10Z,NA,NA,NA,,,,,
at://did:plc:4ownlsrdmnvwgzmcdi2bof6s/app.bsky.feed.post/3mlsf5yudlc2o,bafyreidjs7jb5nnz2h5ee2zlqofk7rgcv6cgbl77qqtwiyv6dfm2kljknu,peipolitical.bsky.social,PEIPolitical 🇨🇦,"Chief Allan Adam on Danielle Smith calling Alberta judge's decision 'undemocratic': ""It's a good win for Canada, it's a good win for Albertans. It is a democratic process because that's what the Constitution is there for."" #cdnpoli",,,,6,50,142,2,2026-05-14T08:21:21Z,NA,NA,NA,,,,,
at://did:plc:7lk2ea67pioh2e7tqj5n7whh/app.bsky.feed.post/3mlsf353pvk23,bafyreiai5uqqcwn52wfavc6ixnmq5p5asy6fnas646hxulwgk553vjmtai,samspade1941.bsky.social,Samuel Spade,"The arrogance to lecture Canada on how to conduct relations w China when the US wants to sign massive deals w the Chinese govt too.

And as for Chinese cars, well US car companies+tech companies all spy on Canadians too.

They must think we're stupid.

#cdnpoli

www.cbc.ca/news/politic...",,,,0,0,2,1,2026-05-14T08:19:45Z,NA,NA,NA,,,,,
at://did:plc:4ownlsrdmnvwgzmcdi2bof6s/app.bsky.feed.post/3mlseziyajk2o,bafyreigriwahe5asvezga7ucvjwqqwqo56sx3qr7le3gx72sozo4t3mc3a,peipolitical.bsky.social,PEIPolitical 🇨🇦,CNN split screen of Trump saying he doesn’t think about Americans’ financial situation and Vance claiming that Trump didn’t say that. #cdnpoli,,,,1,12,25,1,2026-05-14T08:18:50Z,NA,NA,NA,,,,,
at://did:plc:4ownlsrdmnvwgzmcdi2bof6s/app.bsky.feed.post/3mlsetddgxs2o,bafyreibexuhp6bi5eadchoe3g4xp4t32f23dzqu6yhsbhkwvnearbvtnxa,peipolitical.bsky.social,PEIPolitical 🇨🇦,"Jordan Leichnitz: ""You can't expect Albertans to fairly vote on this question when it's clear that the forces in favour of separation are cheating."" #cdnpoli",,,,2,25,69,4,2026-05-14T08:15:23Z,NA,NA,NA,,,,,
at://did:plc:bvwbv33u3kecx3322dciiwtq/app.bsky.feed.post/3mlsept74sc2d,bafyreidvln5lf72rjoadjraicyvyappcyayyap5xfip5esayi6ngp6t37u,reckoning-ball.bsky.social,,"DANIELLE SMITH premier of Alberta and fellow UCP at a Christian summit for profit with leaders of faith groups, Action4Canada, home schooling groups and quoted the Bible as support for her pipeline. LaGrange (anti-trans bigot) said she was called by God #cdnpoli

www.desmog.com/2026/05/13/o...",,,,0,1,1,1,2026-05-14T08:13:23Z,NA,NA,NA,,,,,
at://did:plc:4ownlsrdmnvwgzmcdi2bof6s/app.bsky.feed.post/3mlsegfukcc2o,bafyreibooc2eqe3jhkshdyauuesxjm6wizkz53gwo3d2pznomojmsdoloq,peipolitical.bsky.social,PEIPolitical 🇨🇦,"Jordan Leichnitz reacts to Danielle Smith calling Alberta judge's decision 'undemocratic': ""She may not like it, she may wish to appeal it, and that's well within her government's rights, but it's not undemocratic. And her choice there is to run down the very system itself."" #cdnpoli",,,,1,5,20,0,2026-05-14T08:08:09Z,NA,NA,NA,,,,,
at://did:plc:abt5tpb7lqr7vopkrkwfswwq/app.bsky.feed.post/3mlse2jklh427,bafyreibrx6ojg4bsksq2tqmpunwzxkf2liygnz26tmh7iwq6frgw3iolcq,canadareport.org,Canada Report,"Approche nationale sur l’électricité | Carney veut doubler l’offre d’électricité au Canada d’ici 2050

Canada’s fastest news scan: 25+ headlines, no clutter, updated all day: CanadaReport.org

#cdnpoli #Canada #News 
Read Original Article 🔗",,,,0,0,0,0,2026-05-14T08:01:29Z,NA,NA,NA,,,,,
at://did:plc:xzgwn3nornr6v6cdd2fqsdru/app.bsky.feed.post/3mlscvapiac2e,bafyreiaudc6rrnafujzkjoyvyv62ov6fc2oslhl7k4zg6fgjwvjk7r4ejy,mikemontreal.bsky.social,Montreal Mike🇨🇦,"I’m giving up hope.  Instead of asking others for resources maybe people in my situation should be allowed to have MAID.   If you can’t survive who benefits from you being alive?  The corporate overlords.   They need cogs or the whole system breaks.  #cdnpoli

gofund.me/211eeec73",,,,1,7,3,0,2026-05-14T07:40:39Z,NA,NA,NA,,,,,
at://did:plc:5ptpcuyywdkuqydnfzn3xchs/app.bsky.feed.post/3mlscun35s22i,bafyreifauvl32khmqgxyawgstuejpsnzpjvvajmuv66n3lyiwenyert3lq,kodilkro.bsky.social,Kro,"Eilmeldung: Signal, die führende Messaging-App für Datenschutz, kündigt an, sich komplett aus Kanada zurückzuziehen, sollte sie ohne grundlegende Änderungen in #BillC22 einbezogen werden.

Das sollte uns endgültig alarmieren: Wir können entweder Datenschutz oder C22 haben, nicht beides! #cdnpoli",,,,0,4,12,0,2026-05-14T07:40:17Z,NA,NA,at://did:plc:ihpcyjtog7wgvpt42kq66sks/app.bsky.feed.post/3mlrm7gsk2s2m,,,,,
at://did:plc:ig6dnt4tqgg7iwwtywx3bkvd/app.bsky.feed.post/3mlscn53bwk2k,bafyreif3u2il443e62ft2yeptk3ljj6xfqmc4ozrmukazzdrzpkjqcj6r4,robduncan.bsky.social,Rob Duncan,#pedopresident #Pedogarchy #Pedophocracy #25thAmendment #TraitorTrump #USPOL #USA #us #uspoli #poli #politics #cdnpoli #canada #auspol #MeidasMighty #america #history #RemoveTrump #DonaldTrump #Trump #TRUMP #FuckTrump #antifa #AntiTrump #fascistfelon #FightOligarchy #DefundBillionaires #TrumPedo,,,,0,3,22,0,2026-05-14T07:36:09Z,NA,NA,NA,,,,,
at://did:plc:ig6dnt4tqgg7iwwtywx3bkvd/app.bsky.feed.post/3mlsclddov22k,bafyreiega4taw36z52vxdlm65dsoiesu6zi2ry5buhbvm3any3jncmq4iq,robduncan.bsky.social,Rob Duncan,#auspol #USPOL #USA #us #uspoli #poli #politics #cdnpoli #canada #MeidasMighty #america #communityovercapitalizm #history #Ethics #SocialJustice #LongerTables #DemocraticSocialist #Ecosocialism #Socialist #socialism #LeftIsBest #ClassConsciousness #FalseConsciousness #abolishcapitalism #HumanRights,,,,0,0,6,0,2026-05-14T07:35:10Z,NA,NA,NA,,,,,
at://did:plc:ig6dnt4tqgg7iwwtywx3bkvd/app.bsky.feed.post/3mlschz7qxk2k,bafyreifzrppnarzjinbdu7y2ymvb3wsorszfnxfcqerdfnhyhzxcoezrnm,robduncan.bsky.social,Rob Duncan,#auspol #USPOL #USA #us #uspoli #poli #politics #cdnpoli #canada #MeidasMighty #america #communityovercapitalizm #history #Ethics #SocialJustice #LongerTables #DemocraticSocialist #Ecosocialism #Socialist #socialism #LeftIsBest #ClassConsciousness #FalseConsciousness #abolishcapitalism #HumanRights,,,,0,1,7,0,2026-05-14T07:33:19Z,NA,NA,NA,,,,,
at://did:plc:abt5tpb7lqr7vopkrkwfswwq/app.bsky.feed.post/3mlscex5hxp2t,bafyreibgqosnn3nefpvikk2ssxgk5qlcj24kmk2ywofuu4mzp23xvh23da,canadareport.org,Canada Report,"Seoul Apartment Price Gains Pick Up Pace, Adding Pressure on BOK

Canada’s fastest news scan: 25+ headlines, no clutter, updated all day: CanadaReport.org

#cdnpoli #Canada #News #Business #Economy 
Read Original Article 🔗",,,,1,0,0,0,2026-05-14T07:31:32Z,NA,NA,NA,,,,,
at://did:plc:yccy7nb7muuzqspev4ws44br/app.bsky.feed.post/3mlsbzxddg222,bafyreifnl6waeojam4q5eamrrfnedexnnbndrqsjub5n47mobooib3yw4a,pkalisvaart.bsky.social,Peter Kalisvaart,#cdnpoli #hypocrite #harperite,,,,0,1,1,0,2026-05-14T07:25:23Z,NA,NA,at://did:plc:w5pxbmkjntxfw6mt4emennhv/app.bsky.feed.post/3mlra6j6nwc2u,,,,,
at://did:plc:x6ecc3rko5rsaa6f2xyokalv/app.bsky.feed.post/3mlsbvznpz22k,bafyreia4mxryfiopob6hpoejqv2x43dqt267d4i7fo7ivjbalw6ppn72xu,omnidion.bsky.social,Errol Musk (PV),"Canada CANNOT and must NEVER accept influence ops like this: www.theguardian.com/world/2026/m...

If we need to rework CUSMA, so be it. 

#cdnpoli",,,,0,0,2,0,2026-05-14T07:23:12Z,NA,NA,NA,,,,,
at://did:plc:fogppnpnk6hbgiwpvn2j4a5b/app.bsky.feed.post/3mlsbu77ak227,bafyreihe5o45eprpy76pb3gp3ahwl4y2rezm5ruivkafy57bqze3q6nlla,dylanneild.ca,Dylan Neild 🇨🇦,"This can't be more clear. C-22, as written, is a privacy disaster. The ""lawful access provisions"" in this bill will only make law-abiding Canadians less safe. Shame on @mark-carney.bsky.social and @liberalca.bsky.social for this. Canada deserves better, smarter policy. #cdnpoli",,,,0,0,3,0,2026-05-14T07:22:11Z,NA,NA,at://did:plc:ihpcyjtog7wgvpt42kq66sks/app.bsky.feed.post/3mlrm7gsk2s2m,,,,,
at://did:plc:ig6dnt4tqgg7iwwtywx3bkvd/app.bsky.feed.post/3mlsavytqrs2k,bafyreigvb5dlqysqf4tlatoz375b2vgmvafme3bndw47ryrrgp36qsfvcq,robduncan.bsky.social,Rob Duncan,#auspol #USPOL #USA #us #uspoli #poli #politics #cdnpoli #canada #MeidasMighty #communityovercapitalizm #america #history #anticapitalism #anticapitalist #capitalismkills #killCapitalism #capitalism #abolishcapitalism #fuckcapitalism #SocialJustice #ethics #ClassConsciousness #FalseConsciousness,,,,0,2,8,0,2026-05-14T07:05:19Z,NA,NA,NA,,,,,
at://did:plc:ig6dnt4tqgg7iwwtywx3bkvd/app.bsky.feed.post/3mlsatfqh4s2k,bafyreidocikcovuvzq6aounobzvq3xo4eefqz4gxsa5kjm3mhgr3xu2yty,robduncan.bsky.social,Rob Duncan,"Can you say, ""TOO FUCKING LATE,"" girls and boys?

Thanks, capitalism. 😉

www.youtube.com/watch?v=Ln8H...

#ClimateEmergency #Renewables #auspol #USPOL #USA #uspoli #poli #politics #cdnpoli #ClimateJustice #Klimapolitik #ClimateActionNow #ClimateChange #BCClimateAction #capitalism #FalseConsciousness",,,,0,8,14,0,2026-05-14T07:03:54Z,NA,NA,NA,,,,,
at://did:plc:lanvmgthztbuwa3ieqcrzsys/app.bsky.feed.post/3mlsapzlrw22v,bafyreib753ttarjzpnj5elcr26n74atg7orlhqs3tljq4pcxvthhfxs22a,hab3261.bsky.social,Hazel B. 🇨🇦,"""But while Ms. Smith is wily, glib and determined, she’s not exactly smart.""  #abpoli #ableg #cdnpoli",,,,3,13,26,1,2026-05-14T07:01:56Z,NA,NA,at://did:plc:htozz7cklgxvzxbzhfjm4djh/app.bsky.feed.post/3mls5jdbcp22f,,,,,
at://did:plc:abt5tpb7lqr7vopkrkwfswwq/app.bsky.feed.post/3mlsapejn4727,bafyreibzfg7iasbeeb645nx24tsuohgbteux23weduu3caktxiheiat5tm,canadareport.org,Canada Report,"Chars de combat | Ottawa sollicite l’industrie pour moderniser son parc vieillissant

Canada’s fastest news scan: 25+ headlines, no clutter, updated all day: CanadaReport.org

#cdnpoli #Canada #News 
Read Original Article 🔗",,,,0,0,0,0,2026-05-14T07:01:34Z,NA,NA,NA,,,,,
at://did:plc:abt5tpb7lqr7vopkrkwfswwq/app.bsky.feed.post/3mls6zkx5mg2p,bafyreigrfuirs5zgdyx2sc2egalgbtstv2inn3e2kxsfqqiib6ru5uefqe,canadareport.org,Canada Report,"Duterte Ally Sought Over Drug War Escapes After Senate Gunfire

Canada’s fastest news scan: 25+ headlines, no clutter, updated all day: CanadaReport.org

#cdnpoli #Canada #News #Business #Economy 
Read Original Article 🔗",,,,0,0,0,0,2026-05-14T06:31:29Z,NA,NA,NA,,,,,
at://did:plc:abt5tpb7lqr7vopkrkwfswwq/app.bsky.feed.post/3mls5e7nhp52b,bafyreihw7auujfsrnuglydtbvadq3uuidxbpxa62cp43zx4ooy5e623gra,canadareport.org,Canada Report,"Collision mortelle dans Côte-des-Neiges | La police lance un appel à la population en lien avec un véhicule recherché

Canada’s fastest news scan: 25+ headlines, no clutter, updated all day: CanadaReport.org

#cdnpoli #Canada #News 
Read Original Article 🔗",,,,0,1,1,0,2026-05-14T06:01:39Z,NA,NA,NA,,,,,
at://did:plc:kqqydztpv6lrkmynvlo7zsru/app.bsky.feed.post/3mls5aaiskk2k,bafyreicmbqa45pklgbn6yauc2ufae7dbgfs7p6oofkptvk53sgzvxrwjea,kaicable.bsky.social,"Kai, a very old GenX 🇨🇦","Davos 2026: Taking off the Mask.

Transatlantic power elites align policy frameworks before implementing them through national governments.

It’s the first green light for more austerity, mobilization, and the normalization of amoral realism.

Excellent read.

#cdnpoli #canada

shorturl.at/CeQeq",,,,1,0,2,0,2026-05-14T05:59:29Z,NA,NA,NA,,,,,
at://did:plc:mv6loxcddhj3i6pzfvzicc36/app.bsky.feed.post/3mls4v34atc2g,bafyreigkqttotei2mvfgdyoo43so63z7q2zedxtad3z2ej52nbvqqpbxnq,dennisjkoch.bsky.social,"Dennis ""dejay"" Koch","Latest

#Alberta #abpoli #ableg #YEG #YYC #AlbertaUCP #cdnpoli",,,,0,0,3,0,2026-05-14T05:53:10Z,NA,NA,at://did:plc:t4qjao6o2xfwavfc5ewwvosg/app.bsky.feed.post/3mls2xctiq22r,,,,,
at://did:plc:mxwat262eoge7yvn6dm2z72v/app.bsky.feed.post/3mls4teduns2c,bafyreibsruretebmadzuym6he3kx75r7imytnpqmamiklkwzap4hygbpi4,forourkidsalberta.bsky.social,For Our Kids - Alberta,"Let's prioritize the #health and well-being of our families, our children, & future generations. 

Join @ecojusticecanada.bsky.social and @stand.earth 
in demanding that PM Carney phase out thermal coal exports and work with 🇨🇦's ports to promote more sustainable, economy-boosting exports. #cdnpoli",,,,0,3,7,0,2026-05-14T05:52:56Z,NA,NA,at://did:plc:q75yt4qbj6hbcxdfwleknao7/app.bsky.feed.post/3mloyx4fqis2p,,,,,
at://did:plc:tpwd24e6mghzodfxxgt4jbem/app.bsky.feed.post/3mls4pzd6ss2p,bafyreiefizc2r2d5wa5nzhj4czhviqu77h3lvr3v6rcq5wz2unzslhiz5e,alouzon.bsky.social,alouzon 🍁  🇨🇦 🏳️‍🌈 🇺🇦,"@mark-carney.bsky.social need I remind you?
CANADA IS NOT FOR SALE
This includes our ports and airports.

#Canada #CanadaSky #CanPoli #CdnPoli",,,,0,0,0,0,2026-05-14T05:50:21Z,NA,NA,at://did:plc:w5pxbmkjntxfw6mt4emennhv/app.bsky.feed.post/3mlra6j6nwc2u,,,,,
at://did:plc:wevcdritf4vyoj736jwre3qe/app.bsky.feed.post/3mls4obrzoc2o,bafyreihguckct2lzztcasyyym4py52rks3e3ghcxf6hzziolkmmy7oevyy,nrvscrcts.bsky.social,David William,"""'This decision should close the chapter on the suggestion of an independence referendum. The court has spoken – and so have the First Nations,' chief Allan Adam said."" #abpoli #cdnpoli",,,,0,5,9,1,2026-05-14T05:49:24Z,NA,NA,NA,,,,,
at://did:plc:k5zp2oxoeyf7fsvj2ijmcbve/app.bsky.feed.post/3mls3yhzvoc2m,bafyreicidmq3gkdaslbm6qpays5ddpypdxgcovawnt6aznrguqjdnm4g7i,laurenshirleyj.bsky.social,LaurenSJ,An understatement...timbit Trump is ill-advised and misguided #cdnpoli,,,,0,1,1,0,2026-05-14T05:37:10Z,NA,NA,at://did:plc:6hnkpvshsxjgot5figjyardd/app.bsky.feed.post/3mle5vnqags2l,,,,,
at://did:plc:abt5tpb7lqr7vopkrkwfswwq/app.bsky.feed.post/3mls3nxlpvh2t,bafyreib5c7frsgndephqdkc733llkndkht77l2dyqwtzjmcy2mjaxk6f3y,canadareport.org,Canada Report,"Copper Retreats From Record Close as Purchases in China Slow

Canada’s fastest news scan: 25+ headlines, no clutter, updated all day: CanadaReport.org

#cdnpoli #Canada #News #Business #Economy 
Read Original Article 🔗",,,,0,0,0,0,2026-05-14T05:31:18Z,NA,NA,NA,,,,,
at://did:plc:k5zp2oxoeyf7fsvj2ijmcbve/app.bsky.feed.post/3mls3koef7k2m,bafyreif7ebug7wcifgpej6iaii62vhrrf3tubekc3e7k3v7zonsnvkrhuq,laurenshirleyj.bsky.social,LaurenSJ,"What did they think would happen? The time for violating Treaty rights and constitutional rights is over. Alberta is reckoning with reality, that land is not theirs to take away #cdnpoli",,,,0,0,0,0,2026-05-14T05:29:28Z,NA,NA,NA,,,,,
at://did:plc:t4qjao6o2xfwavfc5ewwvosg/app.bsky.feed.post/3mls2xctiq22r,bafyreif46s7jnssk2535aqh2qbfmv23mq4igibkcp4nctvse6knptccfyi,pqpolitics.bsky.social,Pete Quily,"For now, nobody outside the separatist organizers actually knows how many valid signatures were collected as part of the Stay Free Alberta petition.

 Elections Alberta has not been allowed to certify the totals. 

drjaredwesley.substack.com/p/premier-sm... #ableg #cdnpoli",,,,2,1,4,2,2026-05-14T05:18:39Z,NA,NA,NA,,,,,
at://did:plc:mv6loxcddhj3i6pzfvzicc36/app.bsky.feed.post/3mls2bgmchc2v,bafyreidhth5cufbrqjtesipks3ixhk6fn34opvrhisbopiey3ecpz523by,dennisjkoch.bsky.social,"Dennis ""dejay"" Koch","Petition to the House of Commons in Parliament assembled

e-7319 (Foreign affairs)

Keep ICE out of Canada

#Canada #ICE #cdnpoli #abpoli #ableg #BC #Vancouver #vanpoli #vancity #TOpoli #Toronto #YEG #YYC #ICE

Closed for signature
July 29, 2026, at 2:19 p.m. (EDT)

www.ourcommons.ca/petitions/en...",,,,0,0,2,0,2026-05-14T05:06:25Z,NA,NA,NA,,,,,
at://did:plc:d4pjo6ehblrviy625go6uodj/app.bsky.feed.post/3mls25mdcn22k,bafyreif7nxpxz6nbd3v7sx2jexwage6cju7rf2q2avoez34idfq3sky36y,tindizzy.bsky.social,Dizzy ★,"Of course they did. 

These duplicitous creeps assert they should just because they can. They don’t care if it’s right or wrong. They have no moral compass, respect for folks privacy or rights, decency and even less scruples.

#AbLeg #AbPoli 
#CanPoli #CdnPoli",,,,0,6,6,0,2026-05-14T05:04:16Z,NA,NA,at://did:plc:qdmo5cgxb2dkxo6vvti5fl6d/app.bsky.feed.post/3mlrmyyrav226,,,,,
at://did:plc:ns5rka7i5qh46y62273itffn/app.bsky.feed.post/3mls24ixqoc2a,bafyreibxhuf54pyf4xxxphexyq5q5ewdnfm42erotexgkpgio2ysijo5da,mickmcmack.bsky.social,MickMcMack 🇨🇦🎤🏒,"And I for one, don't believe that 300,000 signed that separatist petition anyway without something fishy going on. #abpoli #ableg #cdnpoli",,,,2,3,10,0,2026-05-14T05:03:39Z,NA,NA,at://did:plc:rsvzkqxa2xdojwmjljqzs4ik/app.bsky.feed.post/3mlrikwf7ms2u,,,,,
at://did:plc:abt5tpb7lqr7vopkrkwfswwq/app.bsky.feed.post/3mlrzyq7s252d,bafyreicabtoqvyorkt6ics2chiistmbkvfgrkbvgfsjm3ejklc47omqpny,canadareport.org,Canada Report,"Ce qu’il faut savoir ce mercredi | Loi de Clare, DSN et Canadien

Canada’s fastest news scan: 25+ headlines, no clutter, updated all day: CanadaReport.org

#cdnpoli #Canada #News 
Read Original Article 🔗",,,,0,0,0,0,2026-05-14T05:01:32Z,NA,NA,NA,,,,,
at://did:plc:64x5pkpfozsljnoqtd7f7p4q/app.bsky.feed.post/3mlrzoc346c2q,bafyreihry4tlq7zzoo3jtoki22dvhuqic6dkbncejkaxnmkgnx4njupg3y,nigelb.bsky.social,NigelBankes,"The Smith govt makes a habit of trying to resurrect the dead.

Whether that be a dead coal project - Grassy Mountain - declared dead by a joint review panel & the courts.

Or a dead petition. the APP (Sylvestre) petition - declared dead by a decision of Justice Colin Feasby.

#abpol #cdnpoli",,,,1,9,24,0,2026-05-14T04:55:43Z,NA,NA,at://did:plc:xf4ihm42zpykhhnyuoioz6zu/app.bsky.feed.post/3mlred6jta22f,,,,,
at://did:plc:jrqe6sdwkd3vd26h6mrzbf3q/app.bsky.feed.post/3mlrywqbtcs2s,bafyreib7qewlry5vv256rt6ln77s3xa4245ttzklrp6powq77npvd2bovm,valehn.bsky.social,🇨🇦,#cdnpoli,,,,0,0,0,0,2026-05-14T04:42:31Z,NA,NA,at://did:plc:arj3jr5gmnihrhjo7cnrmmch/app.bsky.feed.post/3mlr5tpyync2d,,,,,
at://did:plc:jrqe6sdwkd3vd26h6mrzbf3q/app.bsky.feed.post/3mlryqmumrk2s,bafyreiagfbxcmhlei6bjsyws7jtu2y7l4fhpyax4dco22u7v7au5ezsivy,valehn.bsky.social,🇨🇦,"Albertan Separatists dream!

#cdnpoli",,,,0,0,0,0,2026-05-14T04:39:07Z,NA,NA,at://did:plc:tnpbfmojyrss2yhks4vaggln/app.bsky.feed.post/3mlqq4spa2s2l,,,,,
at://did:plc:mv6loxcddhj3i6pzfvzicc36/app.bsky.feed.post/3mlryouompu2y,bafyreiask6e25stkhhou4ty3kzb5zn4d2smbzlhyvslt2pqlu2guuezuj4,dennisjkoch.bsky.social,"Dennis ""dejay"" Koch"," Infantino Said A $33,000 Ticket Was Necessary And Hotels Are Already Proving Him Wrong

Guard The Leaf

#FIFA just charged $33,000 for a single World Cup 2026 ticket and then explained it was actually protecting regular fans from scalpers.

#USA #Trump #uspoli #Canada #cdnpoli

youtu.be/7OF8hY8EE74",,,,0,0,0,0,2026-05-14T04:38:08Z,NA,NA,NA,,,,,
at://did:plc:r64wzjtkimyq4vkiddzuu6no/app.bsky.feed.post/3mlryhnepcs22,bafyreie2krdjtaq66xbw6xy5upfdow5dxlaavpd5ofmjpipgoptsqrztva,bcwildfirewkly.bsky.social,BC Wildfire Weekly - Wildfires + More,"“If you or someone you know is thinking about suicide, call or text 9-8-8. Support is available 24 hours a day, 7 days a week.” www.canada.ca/en/public-he... - Government of Canada

FR: www.canada.ca/fr/sante-pub...

#BCPoli #CDNPoli #MentalHealth #YVR

2/2",,,,0,0,1,0,2026-05-14T04:34:05Z,at://did:plc:r64wzjtkimyq4vkiddzuu6no/app.bsky.feed.post/3mlrydznlcs22,at://did:plc:r64wzjtkimyq4vkiddzuu6no/app.bsky.feed.post/3mlrydznlcs22,NA,,,,,
at://did:plc:na2jsglptzqzh3a2diupef7f/app.bsky.feed.post/3mlryf3oqtc2t,bafyreiamfwqqpd4zvxjqbeogtpztzsq5rb2rrgehxvtorvatn6zrim6vda,martithrall.bsky.social,Marty Fontaine 🇨🇦,"One would think you'd need balls to justify building a ballroom.

#martyfontaine #Trump #Ballroom #USA #politics #cdnpoli",,,,0,0,0,0,2026-05-14T04:32:39Z,NA,NA,NA,,,,,
at://did:plc:abt5tpb7lqr7vopkrkwfswwq/app.bsky.feed.post/3mlrycvsbak2t,bafyreihmtqyxstyz3p3gkg4i5fgj2t3fhax6ii44gyjlwepjkhqlugws4i,canadareport.org,Canada Report,"Freehold Royalties Announces Results from Annual Meeting of Shareholders

Canada’s fastest news scan: 25+ headlines, no clutter, updated all day: CanadaReport.org

#cdnpoli #Canada #News #Business #Economy 
Read Original Article 🔗",,,,0,0,0,0,2026-05-14T04:31:26Z,NA,NA,NA,,,,,
at://did:plc:xzgwn3nornr6v6cdd2fqsdru/app.bsky.feed.post/3mlrya4h6ac2q,bafyreichbfab664wziutsf2w7gkhomr3x3hbuajygvr7v632jxf6wja65e,mikemontreal.bsky.social,Montreal Mike🇨🇦,#cdnpoli #givingThursday #help,,,,0,0,0,0,2026-05-14T04:29:52Z,NA,NA,at://did:plc:xzgwn3nornr6v6cdd2fqsdru/app.bsky.feed.post/3mlr36z6f2227,,,,,
at://did:plc:jeuzjfwsgn62xfoe7qo4jul5/app.bsky.feed.post/3mlry7gvmsk2k,bafyreibbodawnel7arsyhrbn22dawgww7bx7ijcq5g6e6xw3jqwup6viqi,bigclimate.bsky.social,Bentley ****TALK CLIMATE****,Call me a cynic but it's interesting these two things happened on the same day #cdnpoli #ClimateChange #MarkCarney #EnergyTransition,,,,2,5,5,2,2026-05-14T04:29:32Z,NA,NA,NA,,,,,
at://did:plc:jrqe6sdwkd3vd26h6mrzbf3q/app.bsky.feed.post/3mlry4sg62s2s,bafyreiaimwzzev5njk7lt76vhrays73btm4tumdzumkpo3ujgpmbavf5ve,valehn.bsky.social,🇨🇦,"What is antidemocratic is her dissmissal of forever Canadian petition and her constant changing laws to push the separatist minoroty agenda which is fed by non Canadians.

We need a foreign interferemce investigation into Smith herself.

#cdnpoli",,,,0,0,0,0,2026-05-14T04:28:01Z,at://did:plc:w3miivoaldds6rqccvwjnvnc/app.bsky.feed.post/3mlrcdwaag223,at://did:plc:w3miivoaldds6rqccvwjnvnc/app.bsky.feed.post/3mlrcdwaag223,NA,,,,,
at://did:plc:r64wzjtkimyq4vkiddzuu6no/app.bsky.feed.post/3mlrxzlvimk22,bafyreichsdw6wfxo4m7b6365vhxxoyrhy5peqb3eg7wfmfgnknd52v6uiq,bcwildfirewkly.bsky.social,BC Wildfire Weekly - Wildfires + More,"ICYMI: “Hantavirus: More Canadians in isolation after cruise exposure” ca.news.yahoo.com/hantavirus-m... - @yahoocanada.bsky.social 

#CDNPoli #Hantavirus #MVHondius",,,,0,2,3,0,2026-05-14T04:26:15Z,NA,NA,NA,,,,,
at://did:plc:mv6loxcddhj3i6pzfvzicc36/app.bsky.feed.post/3mlrxzgr5tc2y,bafyreia3emnap34lvoski3wsts22olyf57slwz3rbwsbowkounbghcdzuq,dennisjkoch.bsky.social,"Dennis ""dejay"" Koch",#USA #Trump #uspoli #China #EU #UK #Australia #Japan #Canada #cdnpoli #Business #Stocks #Investing 💤💤,,,,0,0,0,0,2026-05-14T04:26:08Z,NA,NA,at://did:plc:hhleck4pj4cl2dpuuncpzlg7/app.bsky.feed.post/3mlrs7wunc22m,,,,,
at://did:plc:fszweexdvfdj6wuc6zbvwkf7/app.bsky.feed.post/3mlrxqvlv4s27,bafyreigc4zbnr3j4n5ngfvn6ucdw3rbxyp7nl2ot4rscbmuhghp2x5l6im,its.small.patatas.ca,patatas,"seems bad idk #CdnPoli

www.theglobeandmail.com/politics/art...",,,,0,2,1,0,2026-05-14T04:21:24Z,NA,NA,NA,,,,,
at://did:plc:e4hga752rh5x3zlazclrr7tv/app.bsky.feed.post/3mlrxqavvjs2o,bafyreihk3y6hy7c6jufqmmcaieik7ujdplkytgp2a65aj6eo7k7tsf6nrm,shane555.bsky.social,Shane🇨🇦,"#cdnpoli trying to break encryption.

“Tech companies, including Apple, and the Canadian Chamber of Commerce have warned the lawful access regime proposed by the bill could weaken or break encryption.”
From ⤵️⤵️",,,,0,1,2,1,2026-05-14T04:14:33Z,NA,NA,at://did:plc:e4hga752rh5x3zlazclrr7tv/app.bsky.feed.post/3mlrxih3agk2o,,,,,
at://did:plc:mv6loxcddhj3i6pzfvzicc36/app.bsky.feed.post/3mlrxb7a2ek2y,bafyreihbyg6yh7fwbk6cwj7zkcskb53upwrcjnyhxdiouilqcc2sh3yzdm,dennisjkoch.bsky.social,"Dennis ""dejay"" Koch","Did Americans Do This To Their Own Businesses By Voting For Trump?

Guard The Leaf

Someone emailed me asking if I'm being too hard on US businesses. Fair question. Let me show you what I found.

#USA #Trump #uspoli #Canada #cdnpoli #UK #business

youtu.be/ChUjV97GF68",,,,0,0,1,0,2026-05-14T04:12:36Z,NA,NA,NA,,,,,
at://did:plc:bwbkup3y5ybncue2vgxymzlt/app.bsky.feed.post/3mlrwqsaoc22r,bafyreiap5hkauj6vjocemdooxb4fupkonxdvqcde2mivyveylbpedphzty,brookechang.bsky.social,Brooke Chang 🇨🇦,"Flippancy of my last post aside, Alberta's First Nations were the ones who stepped up and made the case for blocking this stupid separation petition. They deserve our thanks for it. #abpoli #canpoli #cdnpoli",,,,0,1,6,0,2026-05-14T04:03:25Z,NA,NA,NA,,,,,
at://did:plc:abt5tpb7lqr7vopkrkwfswwq/app.bsky.feed.post/3mlrwnhe45d2b,bafyreiewc4wucszuwgnbqszqqqa2p5rsu4qfelnw2ueqk7pr5mfz3fcr3i,canadareport.org,Canada Report,"Contrats liés à l’IA | Ottawa a dépensé plus de 800 millions depuis 2023

Canada’s fastest news scan: 25+ headlines, no clutter, updated all day: CanadaReport.org

#cdnpoli #Canada #News 
Read Original Article 🔗",,,,0,0,0,0,2026-05-14T04:01:33Z,NA,NA,NA,,,,,
at://did:plc:mv6loxcddhj3i6pzfvzicc36/app.bsky.feed.post/3mlrwa5v5l22y,bafyreiguhkj4wmhktk3l74p6z5eks6gqbpj3aml5vmmziparfbmyllrcni,dennisjkoch.bsky.social,"Dennis ""dejay"" Koch"," Will the judge's ruling temper separatist sentiment?

@ctvnewsedmonton.bsky.social

The Front Bench discusses a judge's ruling against the Alberta separation petition and whether the MOU can help unify the province.

#abpoli #ableg #YEG #YYC #cdnpoli #Alberta #AlbertaUCP

youtu.be/xHO3ww1G548",,,,1,3,2,0,2026-05-14T03:54:07Z,NA,NA,NA,,,,,
at://did:plc:mv6loxcddhj3i6pzfvzicc36/app.bsky.feed.post/3mlrw2nvnks2y,bafyreigys3oh4tcchuqexik3lfketuwrxplytsajaxyi6gscd5bx2hkmdi,dennisjkoch.bsky.social,"Dennis ""dejay"" Koch"," 'We will be appealing it': Alberta Premier Smith on overturning of separation petition

@ctvnewsedmonton.bsky.social

#abpoli #ableg #YEG #YYC #cdnpoli #Alberta #AlbertaUCP #DanielleSmith

youtu.be/ueU8cxSQkOI",,,,0,1,1,0,2026-05-14T03:51:04Z,NA,NA,NA,,,,,
at://did:plc:x2ge66dlb4pw7ssk2lhte536/app.bsky.feed.post/3mlrw2niio22v,bafyreiazgyjlrdzhkhfwvodilsau3ziujzrj2v7jwbrpdq644uwlsqhgua,saskboy.bsky.social,Saskboy from Saskatchewan,"Carney, like Trudeau, does less for renewable energy construction in Regina than I have. 
bsky.app/profile/sask... #cdnpoli",,,,0,1,2,0,2026-05-14T03:51:05Z,at://did:plc:bfypaxsdpfcj4i2t5qkeu3eh/app.bsky.feed.post/3mlr4x6yqps26,at://did:plc:bfypaxsdpfcj4i2t5qkeu3eh/app.bsky.feed.post/3mlr4wcdwtc26,at://did:plc:x2ge66dlb4pw7ssk2lhte536/app.bsky.feed.post/3mlrgh2skhc2f,,,,,
at://did:plc:mv6loxcddhj3i6pzfvzicc36/app.bsky.feed.post/3mlrvstzrfk2y,bafyreido72bhbskikp22pv24lzuqb66o4tpmbhb7nigivep3o64lcyon2m,dennisjkoch.bsky.social,"Dennis ""dejay"" Koch","Danielle Smith rejects Alberta judge’s ruling against separation petition as ‘anti-democratic’

@globalnews.ca

#abpoli #ableg #YEG #YYC #cdnpoli #Alberta #AlbertaUCP

youtu.be/7WOJ0tzaczA",,,,0,1,2,0,2026-05-14T03:46:41Z,NA,NA,NA,,,,,
at://did:plc:4xqt7t2zph634drigtdxdmro/app.bsky.feed.post/3mlrvnqtzp22q,bafyreih4ktmg2quf3bgwnkzb53xzdzxicy43etxo72yxq2mnbolnm6wuhy,journodale.bsky.social,Dale Smith,"For the late/west coast crowd, my latest for @cba-nationalmag.bsky.social on Bill S-2, and the government slow-walking the amendments the Senate made to the second-generation cut-off #cdnpoli #cdnlaw",,,,0,1,2,0,2026-05-14T03:43:49Z,NA,NA,NA,,,,,
at://did:plc:mv6loxcddhj3i6pzfvzicc36/app.bsky.feed.post/3mlrvnfe4b22y,bafyreifosjemh44ajf3auoespnefr7sdy4hy24ljahpcgu5p7c3nfo7gnq,dennisjkoch.bsky.social,"Dennis ""dejay"" Koch","Why an Alberta judge threw out a 300,000-signature separation petition | Power & Politics - CBC News

#abpoli #ableg #YEG #YYC #Alberta #cdnpoli #AlbertaUCP

youtu.be/Lk9BseIi5FU",,,,0,2,5,0,2026-05-14T03:43:38Z,NA,NA,NA,,,,,
at://did:plc:bwbkup3y5ybncue2vgxymzlt/app.bsky.feed.post/3mlrvmy3mbk2z,bafyreigj5nq73widxhsi6ckygrpore2yqucvhgzbfmzomgxbmakb2mzm4m,brookechang.bsky.social,Brooke Chang 🇨🇦,Oh no. How sad. youtu.be/Lk9BseIi5FU #abpoli #canpoli #cdnpoli,,,,0,0,0,0,2026-05-14T03:43:22Z,NA,NA,NA,,,,,
at://did:plc:x2ge66dlb4pw7ssk2lhte536/app.bsky.feed.post/3mlrvfwienk2v,bafyreidvbzpbhjzqkvora5yndpu3zneja6x27d7j6evv2zesxwyt3bud7e,saskboy.bsky.social,Saskboy from Saskatchewan,"Until you can fairly say you're doing more than John from Regina, you really can't say your government is trying to build renewable energy in Canada, can you?

#cdnpoli",,,,2,2,5,0,2026-05-14T03:39:27Z,at://did:plc:x2ge66dlb4pw7ssk2lhte536/app.bsky.feed.post/3mlrgh2skhc2f,at://did:plc:kx375dszrbvqtu7o4xxxmojn/app.bsky.feed.post/3mlrbrzqjx22g,NA,,,,,
at://did:plc:abt5tpb7lqr7vopkrkwfswwq/app.bsky.feed.post/3mlruxqn3sf2k,bafyreia5gcprkkzwoff6kzndmtcyk62dl4yrkbgmarzst3hnjdcpo7ijwm,canadareport.org,Canada Report,"Atlas Energy Reports First Quarter 2026 Financial Results

Canada’s fastest news scan: 25+ headlines, no clutter, updated all day: CanadaReport.org

#cdnpoli #Canada #News #Business #Economy 
Read Original Article 🔗",,,,0,0,0,0,2026-05-14T03:31:30Z,NA,NA,NA,,,,,
at://did:plc:mwagtmvsxuqlgte5iqk3fndm/app.bsky.feed.post/3mlruk6jjb22o,bafyreidnjdhm3byu4os3wmzg5igykvjpd6rkjxtt76yi4uvj23q4eo5hlq,lalegault.bsky.social,LA Legault ⚜️🤌🏻,Income inequality in Canada 🇨🇦 is at the highest rate ever recorded and is growing exponentially. #cdnpoli,,,,0,2,4,0,2026-05-14T03:24:00Z,NA,NA,NA,,,,,
at://did:plc:4xqt7t2zph634drigtdxdmro/app.bsky.feed.post/3mlrui4eqwk2q,bafyreihwop3dpqynyzzmvsqdwb3sv2yyyi5wf5gqvhn2flaxsrmfbn3gwi,journodale.bsky.social,Dale Smith,"For the late/west coast crowd, my Loonie Politics column on how a desire for a quick win meant a pharmacare programme that was patchwork, haphazard, and is on its way to being smothered in the crib #cdnpoli",,,,0,1,2,0,2026-05-14T03:22:46Z,NA,NA,NA,,,,,
at://did:plc:cjsmjgdrpg7wqwbjrevriueo/app.bsky.feed.post/3mlrufrewyc2w,bafyreicsjgk6uwym5ijkjwikd67fs72yp6lfuyi25a3i7ex356ovblaura,cindylee.bsky.social,Cindy Lee 🇨🇦,"Don't let these grifters, racists, misogynists, & religious wingnuts entrench themselves here. 
#cdnpoli",,,,0,0,2,0,2026-05-14T03:21:28Z,NA,NA,NA,,,,,
at://did:plc:4xqt7t2zph634drigtdxdmro/app.bsky.feed.post/3mlrtsk3kgs2q,bafyreibvhvqxgr6iqxvorvxdxr3y2ocfpuzq34fy5mgt7f3isfyqnqlohm,journodale.bsky.social,Dale Smith,"Now in wide release, my latest YouTube episode on how ordinary Albertans can take back the UCP from the separatists #cdnpoli",,,,1,1,3,0,2026-05-14T03:10:46Z,NA,NA,NA,,,,,
at://did:plc:x2fori67bggzcj2a6c7sj6ur/app.bsky.feed.post/3mlrtopmo5c26,bafyreibyqfjimn5elibj3ben2y7clkwooxl3ctrv7uj3ebmuxeu6ntwvzq,jimmydp01.bsky.social,J Payne,"#bcpoli #cdnpoli

#Gaza #Palestine",,,,0,0,0,0,2026-05-14T03:08:33Z,NA,NA,at://did:plc:ozqfbkuco2bb2twq777q5x4a/app.bsky.feed.post/3mlrtfoea3k24,,,,,
at://did:plc:fqjwp2xq43jehxrmwwxebewq/app.bsky.feed.post/3mlrtlrgkxs2j,bafyreieikvrgtzivzhg6i6pljzwlrgb77pwik6i6t55ftwt5dweps62vfe,emeraldilse65.bsky.social,🇨🇦Summer_breeze🇲🇸🇨🇦,"Dumbass Danielle Smith, the duty to consult matters. You're a separatist... stop wasting Albertans taxes. Res judicata.
Judge overturns Elections Alberta’s approval of separation referendum petition
#dutytoconsult
#respectfirstnations
#ABpoli
#Cdnpoli
#noreferendum
www.cbc.ca/news/canada/...",,,,0,1,3,0,2026-05-14T03:06:57Z,NA,NA,NA,,,,,
at://did:plc:eaeuyrvdlqvjgznelgcdimct/app.bsky.feed.post/3mlrtlbjxlc2z,bafyreibwrdzy7ibyrqborpnqr7uzdcbbefkltomsebdfl5pm6mrhddioj4,madhat59kenwood.bsky.social,Ken Wood part owner of 🇨🇦,"Priceless. 
Just to be clear, as a 🇨🇦'n let me say 🇨🇦 HATES Kevin O'Leary. #cdnpoli #uspoli",,,,0,1,1,0,2026-05-14T03:06:37Z,NA,NA,at://did:plc:vfkb75eb5kostphhcmsti3fo/app.bsky.feed.post/3mlrdz6bjw22r,,,,,
at://did:plc:abt5tpb7lqr7vopkrkwfswwq/app.bsky.feed.post/3mlrtcak7gt2z,bafyreigpbkcw4vxwpegtbq4psd3rbui4s7dy6ih34x3ergl3vyx77hi3ha,canadareport.org,Canada Report,"Programme de sélection des travailleurs qualifiés | Québec accélère le traitement des dossiers des travailleurs étran...

Canada’s fastest news scan: 25+ headlines, no clutter, updated all day: CanadaReport.org

#cdnpoli #Canada #News 
Read Original Article 🔗",,,,0,0,0,0,2026-05-14T03:01:35Z,NA,NA,NA,,,,,
at://did:plc:egmtp6eyrg4wlquz276stxta/app.bsky.feed.post/3mlrt42mbd22y,bafyreiedtneso62ai7cj7ujozxvwlvyupcyhxzqq4tf5oj6k3yppyeftem,sirfish.bsky.social,Ryan S.,"Incapable of taking the gift the courts have handed her and running with it, Danielle Smith will spend public tax dollars appealing the court decision quashing the separatists petition on behalf of her seditionist pals. Albertans, turf the UCP.
edmontonjournal.com/news/politic...
#ableg #cdnpoli",,,,0,5,8,1,2026-05-14T02:58:09Z,NA,NA,NA,,,,,
at://did:plc:jeuzjfwsgn62xfoe7qo4jul5/app.bsky.feed.post/3mlrt26pbl22z,bafyreibq4ahpj63rz2mnhjh7azqf736w535rev235g3q3xo37kjucrlohq,bigclimate.bsky.social,Bentley ****TALK CLIMATE****,Well what do I say? I'm glad to hear it? It's about time? Do you actually mean it? #cdnpoli #MarkCarney bsky.app/profile/bigc...,,,,0,1,0,0,2026-05-14T02:57:06Z,at://did:plc:kx375dszrbvqtu7o4xxxmojn/app.bsky.feed.post/3mlrbrzqjx22g,at://did:plc:kx375dszrbvqtu7o4xxxmojn/app.bsky.feed.post/3mlrbrzqjx22g,at://did:plc:jeuzjfwsgn62xfoe7qo4jul5/app.bsky.feed.post/3mlheyn2qrk2b,,,,,
at://did:plc:fo6wpgp6wp3ptllfxvth7svj/app.bsky.feed.post/3mlrsj52ocs2z,bafyreigncanhmwbrgq3i6rfn6itrqfj4xyo2jlvhwarwryn62qykq2xzre,thegentyyc.bsky.social,TheGentYYC,Evidently I'm the first to ever use the #SeparatistDanielleSmith hashtag on #Bluesky. I'd like that to change. Dramatically. It should follow her everywhere she ever goes for the rest of her days in this province #abpoli #cdnpoli #Alberta #AlbertaSepartists #AlbertaSeparatism #DanielleSmith,,,,0,3,6,0,2026-05-14T02:47:32Z,NA,NA,at://did:plc:fo6wpgp6wp3ptllfxvth7svj/app.bsky.feed.post/3mlroq6mt3227,,,,,
at://did:plc:oprhya4c3rd3prfyypchbd2l/app.bsky.feed.post/3mlrsih7r3c27,bafyreigrw2dbc457tfj5fo64ihfiud4gbewghcavy3pvkno64au54to7oa,ruthmkb.bsky.social,ruthko,"What's the difference between these two pictures?

#Mood #ArtemisII #cdnpoli #uspoli",,,,0,1,9,0,2026-05-14T02:47:14Z,NA,NA,NA,,,,,
at://did:plc:unzp2ogxuniwapj6z5si7pz6/app.bsky.feed.post/3mlrsd3c6cc26,bafyreibmercsyljfxdjg6fsxw5vfswr2bsrk7v7ynajkzsh5vlpe3jzgqe,meowshell.bsky.social,Meowshell,open.substack.com/pub/drjaredw... #ableg #cdnpoli #UCP #Alberta,,,,0,2,1,0,2026-05-14T02:44:11Z,NA,NA,NA,,,,,
at://did:plc:76jyrns4xobe54ooggvj3seq/app.bsky.feed.post/3mlrs3qcjfc25,bafyreietk577zavszl5y37ugqun5ohhtnzkgkrlyucrgorvfwgkyagimia,kikkiplanet.bsky.social,Kikki Planet,"With all of the ‘Berta seppies news flooding our feeds, I feel like we are ignoring the best thing to come out of this big news day: 

Jason Markusoff’s hair. 

oh. 
mygod. 

Behold the glory. 

#ableg #cdnpoli",,,,25,10,129,1,2026-05-14T02:40:12Z,NA,NA,NA,,,,,
at://did:plc:ifi6xqgbojwquosnkvzx3gna/app.bsky.feed.post/3mlrrmxj6ps2u,bafyreifalstvgk3wapjeyr5zhrske7kg6igtmfwcmuxfui2lcmadg6w52q,leftcoasttreefrog.bsky.social,Left Coast Tree Frog 🕊️,"Manitoba’s nursing regulator apologizes for discrimination against Indigenous Peoples.
#cdnpoli #manitoba
globalnews.ca/news/1184870...",,,,0,1,1,0,2026-05-14T02:31:47Z,NA,NA,NA,,,,,
at://did:plc:abt5tpb7lqr7vopkrkwfswwq/app.bsky.feed.post/3mlrrm4mxwv22,bafyreibyzutrnoe77g4b3fifb4sva7uduqdhvxfv57b7xxmnp3kuhlcrq4,canadareport.org,Canada Report,"Crown Point Announces Filing of Preliminary Prospectus for Rights Offering

Canada’s fastest news scan: 25+ headlines, no clutter, updated all day: CanadaReport.org

#cdnpoli #Canada #News #Business #Economy 
Read Original Article 🔗",,,,0,0,0,0,2026-05-14T02:31:18Z,NA,NA,NA,,,,,
at://did:plc:dcwpqenn6hnutxjctcacbf5v/app.bsky.feed.post/3mlrr77e5zc26,bafyreie3abx34ksn63beoslxbycecefvnzayqu6nnrk6j5b6bojulijf4m,idontrememoir.bsky.social,Claire Elyse Brosseau,Merci @iciradiocanada.bsky.social et Nadine Yousif. #AMM #MAID MI-SUMC #CdnPoli #DroitsÉgaux M'écoutez-vous @mark-carney.bsky.social ?,,,,0,0,2,0,2026-05-14T02:24:06Z,NA,NA,NA,,,,,
at://did:plc:mv6loxcddhj3i6pzfvzicc36/app.bsky.feed.post/3mlrqypjths2y,bafyreidozkhx7j3mz7vxsoypkqddpedkdd3h3z2fk2zlbkdji4ahk6g5iq,dennisjkoch.bsky.social,"Dennis ""dejay"" Koch","Canada’s stable, unified democracy at risk from Alberta’s rededicated MAGA disruptors

#abpoli #DanielleSmith #cdnpoli #YEG #YYC #AlbertaUCP #ableg #Canada #USA #Trump #uspoli

www.hilltimes.com/2026/05/13/c...",,,,0,1,1,0,2026-05-14T02:20:29Z,NA,NA,NA,,,,,
at://did:plc:eaeuyrvdlqvjgznelgcdimct/app.bsky.feed.post/3mlrqopmrjs2z,bafyreid4freri53dxmezaz57grvzow3hhbnd75ppzbliwn475ouepxwshy,madhat59kenwood.bsky.social,Ken Wood part owner of 🇨🇦,👍 #abpoli #cdnpoli,,,,0,1,9,0,2026-05-14T02:14:51Z,NA,NA,at://did:plc:4euncr44a5aflpbcbjhvjvdo/app.bsky.feed.post/3mlrikcmloe2i,,,,,
at://did:plc:eaeuyrvdlqvjgznelgcdimct/app.bsky.feed.post/3mlrqnofws22z,bafyreichjttd7elezqgsgmi6zol2d4jsoqheqbdgtri5rvttbzhzkiqqda,madhat59kenwood.bsky.social,Ken Wood part owner of 🇨🇦,She is a separatist as is the UCP. #abpoli #cdnpoli,,,,0,0,1,0,2026-05-14T02:14:16Z,NA,NA,at://did:plc:rsvzkqxa2xdojwmjljqzs4ik/app.bsky.feed.post/3mlrikwf7ms2u,,,,,
at://did:plc:x2fori67bggzcj2a6c7sj6ur/app.bsky.feed.post/3mlrqnln5xs2w,bafyreifyxsfdkthqddh35wfkv3val7dubpt5ma7m4rcf62yr54mnaz6dyu,jimmydp01.bsky.social,J Payne,"Canada show your generosity and  ❤️ 

#Elbowsup for the great People of Gaza Palestine who are facing the unfathomable and could use a hand up by supporting this very important initiative;

#Gaza #Palestine 
#Cdnpoli #BCPoli

www.gofundme.com/f/support-be...",,,,0,0,2,0,2026-05-14T02:14:16Z,NA,NA,NA,,,,,
at://did:plc:mv6loxcddhj3i6pzfvzicc36/app.bsky.feed.post/3mlrqfey33c2r,bafyreib3o5fxjiyvfbcryroucaubki6ks7k74yxuycbotv52p6bqqopp2q,dennisjkoch.bsky.social,"Dennis ""dejay"" Koch","#ClimateChange #SuperElNino

#ElNino #USA #uspoli #Canada #cdnpoli #EU #UK #Australia",,,,0,0,0,0,2026-05-14T02:09:39Z,NA,NA,at://did:plc:w747amvpf4v6yhfbovy7i4cc/app.bsky.feed.post/3mlp7wq6k6c2e,,,,,
at://did:plc:ge5udue4yerirtxx3ogmxl6f/app.bsky.feed.post/3mlrq7rr3kc2g,bafyreihes7jeg3667yetbohzi7iso7thxfxdgc5pj4h53qjvspoimjc3j4,misselle1212.bsky.social,Miss Elle 🇨🇦,"@mark-carney.bsky.social 
Have you discussed this with the owners of Canada? I’m pretty sure we would not be pleased.

Canada is NOT for sale, remember?

#cdnpoli
#Canada🇨🇦",,,,0,2,5,0,2026-05-14T02:06:31Z,NA,NA,at://did:plc:w5pxbmkjntxfw6mt4emennhv/app.bsky.feed.post/3mlra6j6nwc2u,,,,,
at://did:plc:mv6loxcddhj3i6pzfvzicc36/app.bsky.feed.post/3mlrq7pumy22y,bafyreicv6cklbgreeycwag2ftmswv2ill2hytzyxv67c3aegiqikradiu4,dennisjkoch.bsky.social,"Dennis ""dejay"" Koch","LIVE NOW

Richard Dolan: US Govt UFO Files Release #1

FADE TO BLACK Radio w/ Jimmy Church

Richard Dolan joins us to discuss the historic first wave of US Government UFO documents that were released on Friday, May 8, 2026!

#UAP #USA #cdnpoli #uspoli #Canada #YEG

www.youtube.com/live/qrRSApb...",,,,0,1,0,0,2026-05-14T02:06:30Z,NA,NA,NA,,,,,
at://did:plc:abt5tpb7lqr7vopkrkwfswwq/app.bsky.feed.post/3mlrpwuztku2z,bafyreifntcajis4d4qxaswrnpwo4i4vq2ondg3ktmjg7ntowef27julpvy,canadareport.org,Canada Report,"Laïcité dans les écoles | Un nombre « marginal » d’employés ont quitté, dit Sonia LeBel

Canada’s fastest news scan: 25+ headlines, no clutter, updated all day: CanadaReport.org

#cdnpoli #Canada #News 
Read Original Article 🔗",,,,0,0,0,0,2026-05-14T02:01:33Z,NA,NA,NA,,,,,
at://did:plc:mv6loxcddhj3i6pzfvzicc36/app.bsky.feed.post/3mlrpwioxb22r,bafyreiguiqf3tok6x4pfunb4nv5qkmqgb4jne35r2e5aoct7nfsyy3udwa,dennisjkoch.bsky.social,"Dennis ""dejay"" Koch",#abpoli #ableg #cdnpoli #Alberta #YEG #YYC #AlbertaUCP,,,,0,5,4,0,2026-05-14T02:01:19Z,NA,NA,at://did:plc:glyff4jgfxzgs5hwq2wqfpu2/app.bsky.feed.post/3mlqgyafrtc2o,,,,,
at://did:plc:mv6loxcddhj3i6pzfvzicc36/app.bsky.feed.post/3mlrppilhxc2r,bafyreicwtzcfpzy5x437imcb7eeavaxs5eo3vlowy4m4qx42kvd3b6cg74,dennisjkoch.bsky.social,"Dennis ""dejay"" Koch","David Parker - Danielle Smith supports him.

Is any one even paying attention and going 2 + 2 = ?

#abpoli #ableg #cdnpoli #Alberta #YEG #YYC #albertaUCP",,,,0,5,5,0,2026-05-14T01:57:24Z,NA,NA,at://did:plc:a2da5ecx3bhvfbpzix6zhyfp/app.bsky.feed.post/3mlqqsept6226,,,,,
at://did:plc:fuak6asmyzr6r34f6er6z4ju/app.bsky.feed.post/3mlrpm4blqs25,bafyreic2otuugwdl7xr333rcu22kwg534l3cyaips7eampt3mluye3f4ui,jansplanet.bsky.social,Janet 🇨🇦,"Thousands, from where? Who built the database? Who are the 21 with full copies?

‘A spokesperson for the agency…said Wednesday it's looking into the possibility that the group didn't provide a complete list, as ordered by a judge.

She said thousands may have accessed the database’

#AbPoli #CdnPoli",,,,1,5,16,2,2026-05-14T01:55:31Z,NA,NA,at://did:plc:qdmo5cgxb2dkxo6vvti5fl6d/app.bsky.feed.post/3mlrmyyrav226,,,,,
at://did:plc:xzgwn3nornr6v6cdd2fqsdru/app.bsky.feed.post/3mlrphvj2rk2e,bafyreigvipqa4kxrr372mvxsel54r7bdghydqp5gwafrtx2vqzovy6qt6m,mikemontreal.bsky.social,Montreal Mike🇨🇦,"This “settler” and descendant of settlers who helped establish Canada can’t change the past but I will always have the backs of the First Nations/Indigeous people on upholding and improving the promises we made to them and deals we signed.  Always. 🪶🪶❤️
Justice for ALL. 
#cdnpoli",,,,1,1,11,0,2026-05-14T01:53:09Z,NA,NA,NA,,,,,
at://did:plc:hivm6y4q5qdeib7a57mlduzg/app.bsky.feed.post/3mlrpfsbuv22b,bafyreihorwhobjp253kqo7ztjhhyza7r56bog7ldtlaf43zgp77axvy3kq,resad.bsky.social,Theresa 🇨🇦,"I am amazed that Smith so fervently wants the sep’s petition signers to be heard while simultaneously ignoring the 400,000 Forever-Canadian signers. Almost half a million of us are just too inconvenient to acknowledge. We don’t fit her carefully crafted narrative. #ABPoli #ABLeg #CdnPoli",,,,0,0,0,0,2026-05-14T01:52:00Z,at://did:plc:bwl5g3dqazhrda6hq4dzeqi7/app.bsky.feed.post/3mlrgv6sdbk2j,at://did:plc:bwl5g3dqazhrda6hq4dzeqi7/app.bsky.feed.post/3mlrgv6sdbk2j,NA,,,,,
at://did:plc:xzgwn3nornr6v6cdd2fqsdru/app.bsky.feed.post/3mlrp7qlsyk2e,bafyreigoyghrp2s4vmpzp3c3a44im2ykzsb2b2lltxnktxf4echiefsi7m,mikemontreal.bsky.social,Montreal Mike🇨🇦,"My deepest congratulations to the Treaty First Nations people of Alberta on having a judge rightfully recognize that treaties are law and separation cannot happen without the blessing of Treaty First Nations.  Reconciliation includes upholding promises/treaties made. 🫶🪶
#cdnpoli #alberta",,,,1,10,48,0,2026-05-14T01:48:36Z,NA,NA,NA,,,,,
at://did:plc:hivm6y4q5qdeib7a57mlduzg/app.bsky.feed.post/3mlrp5wnmz22b,bafyreiegp3ijxv7raoaehmvzlkt267orzqrx4rkl5oszrk6llowklluxdy,resad.bsky.social,Theresa 🇨🇦,"“So here we are, stuck on a bus on the Highway to Hell, wondering if there’s a court that’s going to put down a spike strip in front of the bus to puncture its tires. Because that’s the only way we’re stopping!” #ABLeg #CdnPoli",,,,0,2,1,0,2026-05-14T01:47:35Z,NA,NA,at://did:plc:ykvfxsnswr6rcwdbwocwqajt/app.bsky.feed.post/3mlrhzfzh7s2g,,,,,
at://did:plc:mwagtmvsxuqlgte5iqk3fndm/app.bsky.feed.post/3mlrozuu3wc2o,bafyreic7ti2prlufee3lh54xtiecjl7o2yff6fcl77qdnqvlax2ppeq23a,lalegault.bsky.social,LA Legault ⚜️🤌🏻,"Conservatives are having meaningful discussions about housing and I think that is another issue we can agree on. I do not endorse their other views but this is a common issue we can fight for. 
#cdnpoli",,,,1,1,1,0,2026-05-14T01:45:24Z,NA,NA,NA,,,,,
at://did:plc:rs2txu4b7pc7qyvlf2xko23u/app.bsky.feed.post/3mlroywoap22a,bafyreihwx2jfkzhhvpeaflujlp5c3itt2d4xf5y7srqxsbdqkn3lx6av4a,normsworld.bsky.social,Norm Di Pasquale🇨🇦,"“Stopping this jet scheme should be a no-brainer. It wouldn’t require complicated or costly strategies or consultation processes on the part of the federal government. All it would take is Ottawa saying that it doesn’t support the move. End of story.”
www.thestar.com/opinion/cont... #cdnpoli",,,,0,11,29,0,2026-05-14T01:44:48Z,NA,NA,NA,,,,,
at://did:plc:fuak6asmyzr6r34f6er6z4ju/app.bsky.feed.post/3mlrotz5wns25,bafyreig3piijlqtwo4b3635qlsblsgydvwjezy4dywwppw44xk5qjhbqey,jansplanet.bsky.social,Janet 🇨🇦,"Burning our future, for shit we don’t need.

“relative to rates in 2025…electricity is projected to be 20% higher in 2030 and 95% higher in 2040”

#NoFossilFuelledDataCentres #ClimateActionNow #SkPoli #AbPoli #CdnPoli #StopCarney",,,,0,2,4,0,2026-05-14T01:42:05Z,NA,NA,at://did:plc:nf7vik3by3wlpuroj32wyqa7/app.bsky.feed.post/3mlrkq3kqos2k,,,,,
at://did:plc:hivm6y4q5qdeib7a57mlduzg/app.bsky.feed.post/3mlrosec4xk2b,bafyreig7bqgmsmvomgpu7nilqisiixrpphmqfznsbsk7xeas6xd3ycuhde,resad.bsky.social,Theresa 🇨🇦,Chief Allan Adam. Keep safe. Things are about to get rocky and now they have all our addresses. #ABPoli #ABLeg #CdnPoli,,,,0,2,3,0,2026-05-14T01:41:07Z,NA,NA,at://did:plc:42qbbzen5o6ggsqvvhvp2jnv/app.bsky.feed.post/3mlrj2ywbhk25,,,,,
at://did:plc:fo6wpgp6wp3ptllfxvth7svj/app.bsky.feed.post/3mlroq6mt3227,bafyreibkwez2vtv6xpstsf7tsaqwaglz6mlaoa276zjg4f5db3la6s3nym,thegentyyc.bsky.social,TheGentYYC,From here on in I will only refer to to this lying scourge upon our province and the entire country as the #SeparatistDanielleSmith and I encourage all Canadians and especially all Albertan-Canadians to do the same. #abpoli #cdnpoli,,,,2,11,20,2,2026-05-14T01:39:54Z,NA,NA,at://did:plc:cp4y7ilqrd35tyisti3y5o2u/app.bsky.feed.post/3mlrm2mekj22q,,,,,
at://did:plc:lin2g3h6fvle3fdrs5nqmkiy/app.bsky.feed.post/3mlroprxkd22q,bafyreif7nznktoqffgjuljrhs5fhif3uxq6jcz5x4ceke63mi3axkbtbmq,canadiancontent.bsky.social,Not That Kind Of Canadian,"Long delayed...

Only in office for a year.

And a busy year at that.

#cdnpoli",,,,0,0,0,0,2026-05-14T01:39:41Z,at://did:plc:3l6h5tayy6vycige2igmorv4/app.bsky.feed.post/3mlrl6x56wc2f,at://did:plc:3l6h5tayy6vycige2igmorv4/app.bsky.feed.post/3mlrl6x56wc2f,NA,,,,,
at://did:plc:h2ombnlbxvio3gqtmomxzzrn/app.bsky.feed.post/3mlromenpns26,bafyreific3sryutnirhlihd223voeywxrluldiljdmf6u2qjlu5lthsyum,penelopejmorrow.bsky.social,Penelope Morrow ,"That’s a hard no #PrimeMinisterMarkCarney!

Our ports are an integral part of #Canada, not a trashed car at the wreckers waiting to be salvaged for spare parts. 

#cdnpoli",,,,0,0,1,0,2026-05-14T01:37:46Z,at://did:plc:nyhnflzpiytm3ydacqbdqnqt/app.bsky.feed.post/3mlrnsj4dec2x,at://did:plc:nyhnflzpiytm3ydacqbdqnqt/app.bsky.feed.post/3mlrnsj4dec2x,NA,,,,,
at://did:plc:d4pjo6ehblrviy625go6uodj/app.bsky.feed.post/3mlrod4wt5s2e,bafyreicsqyfrytvx67vvy4m37zwulu3ln4qvq6qf2hvsqehevqrlr7t6cu,tindizzy.bsky.social,Dizzy ★,"It would seem apparent ‘natural law’ would advise a small and provincial minority could not and should not dictate the fates of 40.5 MILLION people.

#AbLeg #AbPoli 
#CanPoli #CdnPoli 

en.wikipedia.org/wiki/Natural...",,,,0,4,3,0,2026-05-14T01:32:38Z,NA,NA,NA,,,,,
at://did:plc:abt5tpb7lqr7vopkrkwfswwq/app.bsky.feed.post/3mlrob6yjyc2j,bafyreidgrej6vaehtdscu75jnlnnrydnf4mduiqkk5pq7kxl2sp35jjeky,canadareport.org,Canada Report,"Simpro Group Launches Lightning: A Purpose-Built, AI-Native Operating Platform for the Field Service Trades

Canada’s fastest news scan: 25+ headlines, no clutter, updated all day: CanadaReport.org

#cdnpoli #Canada #News #Business #Economy 
Read Original Article 🔗",,,,1,0,0,0,2026-05-14T01:31:31Z,NA,NA,NA,,,,,
at://did:plc:xrkq2l4ks7idct4evbitjh5v/app.bsky.feed.post/3mlro2zqpzk2h,bafyreib34fk4gujcm2x3gbawmid4ucyiyyts5panhizuipjfa2fx46h2qy,robertohenriquez.bsky.social,Roberto Henriquez,"Tell us you support separation without telling us you support separation. 

She's a meme. Danielle Smith is a walking meme on this file.  

#cdnpoli #abpoli",,,,0,0,0,0,2026-05-14T01:28:05Z,NA,NA,NA,,,,,
at://did:plc:eaeuyrvdlqvjgznelgcdimct/app.bsky.feed.post/3mlrnej32fc2s,bafyreiainafuvlvnrjxvd4r2xkf7br6qrqsth5hq4mzsc6lskht5hyfqqy,madhat59kenwood.bsky.social,Ken Wood part owner of 🇨🇦,@slotkin.senate.gov dont see you speaking out on the clowns son in 🇨🇳 trying to get a crypto deal with a 🇨🇳 company that is known to be  🇨🇳 army company. Since ur so concerned with countries getting sucked into 🇨🇳 trade & spying. Pretty quiet Senator. #uspoli #cdnpoli,,,,0,1,2,0,2026-05-14T01:15:28Z,NA,NA,NA,,,,,
at://did:plc:d4pjo6ehblrviy625go6uodj/app.bsky.feed.post/3mlrncp4ctc2i,bafyreifrzbhve35fqijc2w3g4vbrwmyalvmrxtkwlorv4btz6c6huh2ihe,tindizzy.bsky.social,Dizzy ★,"We’ve known since the WRP’s inception. 

#AbLeg #AbPoli
#CanPoli #CdnPoli",,,,0,1,4,0,2026-05-14T01:14:28Z,NA,NA,at://did:plc:nv2vrhwcd6a3m6rgiodwhjwp/app.bsky.feed.post/3mlr5hqr4ck2n,,,,,
at://did:plc:d4pjo6ehblrviy625go6uodj/app.bsky.feed.post/3mlrnapzr3c2i,bafyreifaszw4ezs2pmij6rnxo7kwxgyzccmu6g4qfmx6awxu3koqstzcm4,tindizzy.bsky.social,Dizzy ★,"It’s the whole reason she got into politics and started the WRP in the first place. 

We warned folks this would happen if she got anywhere near power. 

#AbLeg #AbPoli 
#CanPoli #CdnPoli",,,,1,3,8,0,2026-05-14T01:13:21Z,NA,NA,at://did:plc:rsvzkqxa2xdojwmjljqzs4ik/app.bsky.feed.post/3mlrikwf7ms2u,,,,,
at://did:plc:istu2catmtwuynu7jlh6buzl/app.bsky.feed.post/3mlrn3lzjps2w,bafyreifqf2isprwky64ggszaioamv7wioyc7t3uqzgsqichxdvz53gjz7e,elcanaco.bsky.social,elcanaco.bsky.social,"Somebody teach CBC headline writers grammar... and math.

(""In March, more than 4 British Columbians died daily of toxic drugs"")

(And 4.4 is not ""just over 4"")

(Also, they could have just said ""135 British Columbians died of toxic drugs in March"")

#cdnpoli #bcpoli

www.cbc.ca/news/canada/...",,,,0,0,3,0,2026-05-14T01:10:30Z,NA,NA,NA,,,,,
at://did:plc:xzgwn3nornr6v6cdd2fqsdru/app.bsky.feed.post/3mlrmutohn22x,bafyreie64srvnf62m2spuoy2g5l6iqshfn6zmi3vxi4smu4vvyvn2yvpja,mikemontreal.bsky.social,Montreal Mike🇨🇦,"Some stuff I posted/shared just over a year ago that got me attacked by the separatists in Alberta as being wrong because the “i**ians don’t own sh*t” etc.  
🤷‍♂️🤷‍♂️ I told them so.  
#cdnpoli #abpoli",,,,3,3,11,0,2026-05-14T01:06:45Z,NA,NA,NA,,,,,
at://did:plc:i2grq5k4gqwyilcjuftzluyx/app.bsky.feed.post/3mlrmtbb2q22u,bafyreielua47gre3eznqv4fqocglzo7rwjbi3wrngngbaqryxsbch4cuba,voscovery.bsky.social,Richard Price 🇨🇦,"It’s remarkable to me this many people don’t understand the reality of our current carbon tax, National Industrial Carbon tax changes, the MOU and the coming CBAM but are so absolutely certain they do. Carney has pulled off a huge win. #cdnpoli #cbc 

youtu.be/tFBsxxfaJ2M?...",,,,0,0,1,0,2026-05-14T01:05:51Z,NA,NA,NA,,,,,
at://did:plc:ebtnhtvy7hwdtvnotyhg5b3l/app.bsky.feed.post/3mlrmsgsvlc24,bafyreiaxwae65pbfbglokr3y47aj4tvzqmq2hydlgizag52v6ivqkat23i,dianave.bsky.social,,#CarbonCapture is such a scam. #cdnpoli #fossilfuels www.youtube.com/watch?v=OlHT...,,,,0,1,1,0,2026-05-14T01:05:24Z,NA,NA,NA,,,,,
at://did:plc:abt5tpb7lqr7vopkrkwfswwq/app.bsky.feed.post/3mlrmlhibx42t,bafyreihysop5tbfolktniz57t3f4jbcxnv7tvcbbaddn6gt5vazyqikxhm,canadareport.org,Canada Report,"Prolongement de la ligne bleue | Le tunnelier entrera finalement en action

Canada’s fastest news scan: 25+ headlines, no clutter, updated all day: CanadaReport.org

#cdnpoli #Canada #News 
Read Original Article 🔗",,,,0,0,0,0,2026-05-14T01:01:28Z,NA,NA,NA,,,,,
at://did:plc:gv3qn6f23vvn4v4fxu7flbbb/app.bsky.feed.post/3mlrmk5f5rk2v,bafyreias3e3nxqlywuio4er72g4trbcthma3oju5rjdaxxwhhjbp7ejlpq,jackhill.bsky.social,Jack Hill,"Albertans’ majority voices cring in the wilderness.

All @ABDanielleSmith needed to say was the court has spoken!

But - taxpayers now paying lawyers more $$$

Not a libertarian but doing anything to hold onto her job from minority extremist

#adleg #yyc #yeg #cdnpoli #UCP #ABNDP",,,,0,0,2,0,2026-05-14T01:00:44Z,NA,NA,NA,,,,,
at://did:plc:bujeectawchc5qecn4bwilnd/app.bsky.feed.post/3mlrmckby6k2g,bafyreibwalji7wo7r5jlpgkxoj55curzlfzjjx6k4n5heultfjvce65oom,matwright.bsky.social,Mat Wright,"This is big...

#CDNpoli 

www.theglobeandmail.com/politics/art...",,,,0,3,1,1,2026-05-14T00:56:33Z,NA,NA,NA,,,,,
at://did:plc:xzgwn3nornr6v6cdd2fqsdru/app.bsky.feed.post/3mlrmahi4322x,bafyreiclqoabozkby65nmqcbqkcjcalrjr6imfcr7yestg7oiwgv4jerfy,mikemontreal.bsky.social,Montreal Mike🇨🇦,"From the very beginning I was told to f**k off when I said treaties make this whole thing invalid.  They grifted millions…etc anyway. 
Only to get to exactly what I said would happen.  Treaties are law. 
#cdnpoli #abpoli

www.cbc.ca/news/canada/...",,,,4,3,20,0,2026-05-14T00:55:20Z,NA,NA,NA,,,,,
at://did:plc:fo6wpgp6wp3ptllfxvth7svj/app.bsky.feed.post/3mlrm7pp4j22t,bafyreiaafy4haixfmnevtf3zfmb2q6wbulkn2b226e6asziw6pnasozzeu,thegentyyc.bsky.social,TheGentYYC,#BigOil Banker says words #cdnpoli #MarkCarney,,,,0,0,0,0,2026-05-14T00:54:54Z,NA,NA,at://did:plc:kx375dszrbvqtu7o4xxxmojn/app.bsky.feed.post/3mlqvevtaoc2m,,,,,
at://did:plc:ihpcyjtog7wgvpt42kq66sks/app.bsky.feed.post/3mlrm7gsk2s2m,bafyreif2a3uxshi5xx4fw56ndgfvjprupso3fukxnlwxpb5pw7trm4hxea,openmedia.org,OpenMedia,"BREAKING: Signal, the #1 privacy protecting messaging app, is saying they will pull out of 🇨🇦 ENTIRELY if they're scoped into #BillC22 without large changes. 

This should be our final alarm bell:.We can have privacy or we can have C22, not both!  #cdnpoli

www.theglobeandmail.com/politics/art...",,,,1,140,205,18,2026-05-14T00:54:47Z,NA,NA,NA,,,,,
at://did:plc:untehckw7zfxotntwflrwz2v/app.bsky.feed.post/3mlrm3fsbl226,bafyreiheekpmozh3unfezbd4swun6ezh6quqrfp42a5h5jqiiz52v62wdq,unpubmedia.bsky.social,Unpublished.ca,We don’t consider you Canadian either #Rath. Feel free to emigrate to the #US. Judge gives #Alberta seperatists the heave ho > www.bbc.com/news/article... #cdnpoli #cdnnews,,,,0,2,7,0,2026-05-14T00:52:49Z,NA,NA,NA,,,,,
at://did:plc:ifi6xqgbojwquosnkvzx3gna/app.bsky.feed.post/3mlrlrggwzc22,bafyreiecyit2xjxa2wzcbhuwt7dzgj6mog5mm4f4pxxqeoaevisncfj3mu,leftcoasttreefrog.bsky.social,Left Coast Tree Frog 🕊️,"Once upon a time: 60 Minutes was considered serious viewing for serious people.   It’s regrettable that 60 Minutes been reduced to a war propaganda machine, by hosting a murderous thug.  Netanyahu should to be in front of the ICC, NOT on 60 minutes.
#cdnpoli
bsky.app/profile/yair...",,,,0,0,0,0,2026-05-14T00:46:54Z,at://did:plc:ifi6xqgbojwquosnkvzx3gna/app.bsky.feed.post/3mlrkfpdoe222,at://did:plc:554uh3zchoid3tyseo2mfml5/app.bsky.feed.post/3mlrj6spyys2c,at://did:plc:zkolo4y7hpfos5kyn53kj73n/app.bsky.feed.post/3mlndi7mxf22c,,,,,
at://did:plc:noxqynsz6drhzjqck5argotx/app.bsky.feed.post/3mlrljoo3f22m,bafyreifhd2zxbd7zatbk3srpjwt622esptcyptizn5nzv7ofddsh3yqzi4,wittur.bsky.social,BW,"Respect the #Treaties. Danielle Smith needs to respect this decision too. #Cdnpoli. Also, just a reminder that the people who petitioned to STAY in Canadian outnumber the traitors by about 3-1.",,,,0,3,8,0,2026-05-14T00:42:33Z,NA,NA,at://did:plc:a2kjkdp4rs6sbx56dmk2hern/app.bsky.feed.post/3mlrjjhzaik2g,,,,,
at://did:plc:76e4qryfph6q4wmz3li6v2l6/app.bsky.feed.post/3mlrldtet7c2k,bafyreiav5i3gscshqbbvml4mb34xqg6vmvij4pschkua66ddaylklvdayi,stacescases2.bsky.social,StacesCases2 🇨🇦 📎,"@lisab0923.bsky.social speaks about today's events, and advises that you take today, MAYBE tomorrow to gloat and have a chuckle! Then it's back to work! Speak to your friends, family and neighbors on the fence, keep an eye on the horizon, they're going to try MORE 🇨🇦 #Cdnpoli
youtu.be/5EowE3D_Kyc?...",,,,0,1,1,0,2026-05-14T00:39:19Z,NA,NA,NA,,,,,
at://did:plc:abt5tpb7lqr7vopkrkwfswwq/app.bsky.feed.post/3mlrkvxmbs42z,bafyreihp5iohfcjqkyrdtdzt2ou5purwdwsnmg5nrrqxbksu3mjw7fiyfa,canadareport.org,Canada Report,"G Mining Ventures Reports First Quarter 2026 Results

Canada’s fastest news scan: 25+ headlines, no clutter, updated all day: CanadaReport.org

#cdnpoli #Canada #News #Business #Economy 
Read Original Article 🔗",,,,0,0,0,0,2026-05-14T00:31:33Z,NA,NA,NA,,,,,
at://did:plc:eaeuyrvdlqvjgznelgcdimct/app.bsky.feed.post/3mlrkjqskmk2t,bafyreiemqvvcasofuuganqrx6dyhgxwuan2eotkvaqvd6jy2tyjbo6a3zm,madhat59kenwood.bsky.social,Ken Wood part owner of 🇨🇦,I do like Mr. Powers. Yes hes a conservative but Id love to sit have a beer with him. Hes never lost into partisan ideology. Conservative party when it was Progressive Conservative you could sit and debare policy over a beer. I miss those days. #cdnpoli,,,,0,0,3,0,2026-05-14T00:24:42Z,NA,NA,at://did:plc:4euncr44a5aflpbcbjhvjvdo/app.bsky.feed.post/3mlrhxfsfop2i,,,,,
at://did:plc:eaeuyrvdlqvjgznelgcdimct/app.bsky.feed.post/3mlrketx4kc2t,bafyreihsmlsgdlp75rhxk3mio3oul5tspq7tbdzqtps7chvtj2h6qu5pdq,madhat59kenwood.bsky.social,Ken Wood part owner of 🇨🇦,👏👏👏 #abpoli #cdnpoli,,,,0,0,4,0,2026-05-14T00:21:59Z,NA,NA,at://did:plc:kt6t5jwy3zsvcerhus6pwjlz/app.bsky.feed.post/3mlrk5l5lrs2r,,,,,
at://did:plc:xvhfw6ch4oy4yez2kbu5wrhl/app.bsky.feed.post/3mlrke5kltk2p,bafyreif335amq5kederl27gvnlxpdnwwsbs7qir5ajrtd4gdfvarnegd5i,linzi-the-artist.bsky.social,Lindsay Brambles🇨🇦,#DanielleSmith says the ruling against the separatists' petition question is anti-democratic; it's not. The Constitution & laws are upheld by judges who are part of the Justice system fundamental to our democracy. Constantly challenging them as she does undermines democracy. #cdnpoli #Canada #abpoli,,,,1,2,6,0,2026-05-14T00:21:36Z,NA,NA,NA,,,,,
at://did:plc:vmadboxvq3e4b6otvqp4krux/app.bsky.feed.post/3mlrkdvmiy22w,bafyreifnujhxpujahpqmgwn64v5ymy52dgnqc5yimv4q7l5msxc2h337t4,alisonborealis.bsky.social,alison says reinstate Link!,"Solidarity and gratitude to the Athabasca Chipewyan First Nation and all the hard work their legal team did.

Here's the release: acfn.com/submission-o...
#ableg #abpoli #cdnpoli #ymm",,,,0,14,38,1,2026-05-14T00:21:31Z,NA,NA,NA,,,,,
at://did:plc:b7yl72cikfforgnt2lxh2zbr/app.bsky.feed.post/3mlrk5a5pzc2r,bafyreifh2emsbvic2bmi4uqu7aiwnqukxm3e53iy6r26mmrfbjdtgy6uji,ijustwant2bfree.bsky.social,NA,#cdnpoli #cdnnews #cdnsecurity #MarkCarney,,,,0,0,1,0,2026-05-14T00:17:45Z,NA,NA,NA,,,,,
at://did:plc:v3eup4rzroyniw2x7bmsdzgt/app.bsky.feed.post/3mlrjzjlzlc2n,bafyreihgjs4xtahmbew6hwsx5aabvxiq4j4putaqsesbfw6klnvp3ipoii,spudislander45.bsky.social,Spudislander45 🇨🇦❤️🌎💪🫡,"This is the type of nation building projects we need in #Canada.

#environmental #cdnpoli #Renewables#GreenEnergy",,,,0,2,3,0,2026-05-14T00:15:40Z,NA,NA,NA,,,,,
at://did:plc:rtczszdhggqmi237zc7syz56/app.bsky.feed.post/3mlrjz5uqs224,bafyreiamltu5oaldxdqvo2zorwuo44vpkfnjsbe3kyg5wdoy3kqcj4bn4u,letshearit.bsky.social,Jimmy,"It is no longer a ""boycott"".
 Habit Now! #Cdnpoli #Canada #ElbowsUp #CanadaStrong #PMMarkCarney youtu.be/c0PepcIAI3c?...",,,,0,0,0,0,2026-05-14T00:15:30Z,NA,NA,NA,,,,,
at://did:plc:osg2vzhifd2tjfsvfwua7scy/app.bsky.feed.post/3mlrjkiviek2m,bafyreigb4p7pleluzz46wed6vvxp7nftkjcnrkx4inhfroak4nn7shxn2q,symbo1ics.bsky.social,Linotype Pilgrim,"ok, so, once again asking, 

why? How is this good for Canada or Canadians?

#cdnpoli",,,,2,0,8,0,2026-05-14T00:07:14Z,NA,NA,at://did:plc:w5pxbmkjntxfw6mt4emennhv/app.bsky.feed.post/3mlra6j6nwc2u,,,,,
at://did:plc:a2kjkdp4rs6sbx56dmk2hern/app.bsky.feed.post/3mlrjjhzaik2g,bafyreidnokreqykgrzg5x2u6urhx4ysc4sctdxrfbbhwyvuqbb4tmxhv5y,rzaichkowski.bsky.social,Robert Zaichkowski,"Good news for national unity (and bad news for Danielle Smith)! An Alberta judge has thrown out a 300,000-signature petition calling on the province to separate from Canada because the province failed to consult with First Nations peoples. #cdnpoli #ABpoli #ElbowsUp www.youtube.com/watch?v=Lk9B...",,,,2,5,18,1,2026-05-14T00:06:44Z,NA,NA,NA,,,,,
at://did:plc:ykvfxsnswr6rcwdbwocwqajt/app.bsky.feed.post/3mlrjgvebt22p,bafyreic3phdej23u4rhis5q3g7iwf4rlhs7f3osexfhrvww6jdy7rjh464,anniegirl.bsky.social,Ann Petersen-Kane,"It's not over. Danielle Smith called the ruling ""undemocratic"" so this is not over. The UCP routinely rewrites the rules when they lose. It's not over. We need to get ready for whatever tricks they pull next. #abpoli #ableg #cdnpoli",,,,4,6,15,0,2026-05-14T00:05:12Z,NA,NA,at://did:plc:3l6h5tayy6vycige2igmorv4/app.bsky.feed.post/3mlraryozj22o,,,,,
at://did:plc:mv6loxcddhj3i6pzfvzicc36/app.bsky.feed.post/3mlrjazgs6k2y,bafyreidybswtk7g6wj7kgfj4ysie6tr4lv5ynh2r5lawpp5eh2sbpucty4,dennisjkoch.bsky.social,"Dennis ""dejay"" Koch","Danielle Smith vows to appeal Alberta court decision overruling separatist petition

Alberta's premier will face pressure to add her own Western independence question to upcoming referendum after Court of King's Bench ruling

#abpoli #ableg #cdnpoli #YEG #YYC

nationalpost.com/news/canada/...",,,,1,2,1,1,2026-05-14T00:01:58Z,NA,NA,NA,,,,,
at://did:plc:abt5tpb7lqr7vopkrkwfswwq/app.bsky.feed.post/3mlrjag7l5e2p,bafyreig2dyybnz2aijbytkmzzslyuyfvccm34lp3hgmwcnj4zawhmwu5lq,canadareport.org,Canada Report,"Santé de l’estuaire et du golfe du Saint-Laurent | Léger répit malgré un réchauffement qui se poursuit

Canada’s fastest news scan: 25+ headlines, no clutter, updated all day: CanadaReport.org

#cdnpoli #Canada #News 
Read Original Article 🔗",,,,0,0,0,0,2026-05-14T00:01:36Z,NA,NA,NA,,,,,
at://did:plc:w7yhpanniwt2sweiorkvec7j/app.bsky.feed.post/3mlrj6evlrk2b,bafyreibt3tretql23wrw5vsd6zpaimx65my67mabt3n72jtta2642okki4,luciecatnip.bsky.social,Lucie🐈‍⬛Catnip ,"Their voices have been heard and they've been overwhelmingly rejected by the majority of the population, First Nations, and the courts. 

That is not going to change.

#abpoli #cdnpoli",,,,1,3,12,0,2026-05-14T00:00:28Z,NA,NA,at://did:plc:zx22gibu7dgptgazrbteulkl/app.bsky.feed.post/3mlrcaf4ggk2e,,,,,
at://did:plc:k6a35s56ijvrb4zjkq4ojll5/app.bsky.feed.post/3mlrj5xcrmb2b,bafyreigv5dwvxi7rfxm6xpynij7khjhgh2x6idkcu47s3ib6pubhv3dq5i,toptags.bsky.social,Trending Hashtags,"🔥 BlueSky trending hashtags (30m) #16-30:

#birds #cdnpoli #dogsofbluesky #anthro #cats #dog #gamedev #ableg #ff14 #wnba #crew96 #nude #proudblue #rctid #illustration

👇 #1-15 trending hashtags",,,,0,1,3,0,2026-05-14T00:00:13Z,NA,NA,at://did:plc:z22iojvb45xno3nblfy6fcwg/app.bsky.feed.post/3mlrj5wyxa723,,,,,
at://did:plc:z22iojvb45xno3nblfy6fcwg/app.bsky.feed.post/3mlrj5vxttt2b,bafyreibjw63ghmyvomwwd2qgw7qompns5xjzborx5sp6zer756d7jvkfv4,trendtags.bsky.social,Trending Tags (Beta),"🚀 BlueSky trending hashtags (15m):

#nsfw #pugtalk #furry #art #furryart #oc #humpday #dogsofbluesky #ass #abpoli #cdnpoli #proudblue #crew96 #aewdynamite #photography",,,,0,0,1,1,2026-05-14T00:00:12Z,NA,NA,NA,,,,,
at://did:plc:mv6loxcddhj3i6pzfvzicc36/app.bsky.feed.post/3mlrj53w2zk2y,bafyreia2ikzctmalyiyxjf2f4e4h4bq7baa5twosdtddj76t24zb3kqkeu,dennisjkoch.bsky.social,"Dennis ""dejay"" Koch"," Do separatist leaders think the law doesn't apply to them?

@ctvnewsedmonton.bsky.social

Elections Alberta says the leader of the Centurion Project separatist group is not complying with its investigation

#abpoli #ableg #cdnpoli #YEG #YYC #AlbertaUCP #Alberta

youtu.be/n7mytR6daEM",,,,1,0,2,1,2026-05-13T23:59:46Z,NA,NA,NA,,,,,
at://did:plc:67mpqdmuvarollmm2lqcz6ac/app.bsky.feed.post/3mlrj4tel322f,bafyreiehwn6yrekjf62cjqf6q3pca7ttwle4qehegiljjen3hairlv7hc4,coldcollective.bsky.social,4restKC,"""Thousands""

Thousands MAY HAVE received our voter registration. 

I try to keep in mind that lack of education affects us all and that people are products of their environment. 

But right now.. I want separatists in re-education camps.

#cdnpoli #abpoli",,,,0,0,1,0,2026-05-13T23:59:35Z,NA,NA,NA,,,,,
at://did:plc:42qbbzen5o6ggsqvvhvp2jnv/app.bsky.feed.post/3mlrj2ywbhk25,bafyreidhznsnzuweczkf3yukcrglzjtuh7g7wr3twsjp2mhayp6r3qweqm,vdogg333.bsky.social,Vdogg333,youtu.be/Lk9BseIi5FU?... NO SEPARATION SHOULD BE ALLOWED!! #cdnpoli #polqc #Vancouver #bcpoli #vanpoli #onpoli #topoli #Montreal #Toronto #Calgary #Edmonton #abpoli #ableg #SurreyBC #Brampton,,,,0,0,0,1,2026-05-13T23:58:35Z,NA,NA,NA,,,,,
at://did:plc:mv6loxcddhj3i6pzfvzicc36/app.bsky.feed.post/3mlrixzo5gc2y,bafyreig6hgyufrlw25vpwtrk7ejz4ep3viemhhqqo2ih3chixncvwpitl4,dennisjkoch.bsky.social,"Dennis ""dejay"" Koch","Future of Alberta separation petition unclear as judge rules in favour of First Nations' challenge

Alberta will appeal decision, Premier Danielle Smith says

#abpoli #ableg #cdnpoli #Alberta #YEG #YYC #AlbertaUCP

www.cbc.ca/news/canada/...",,,,0,2,3,0,2026-05-13T23:56:56Z,NA,NA,NA,,,,,
at://did:plc:w7yhpanniwt2sweiorkvec7j/app.bsky.feed.post/3mlriu4xq2s2b,bafyreihxc47rhgnkrmtevgtuozgdg5y3xhmt63uq33t5nemjmikusish5i,luciecatnip.bsky.social,Lucie🐈‍⬛Catnip ,"Let's not forget that Danielle Smith is Canada's Donald Trump.

#abpoli #cdnpoli",,,,0,2,7,0,2026-05-13T23:54:44Z,NA,NA,at://did:plc:4euncr44a5aflpbcbjhvjvdo/app.bsky.feed.post/3mlrhxfsfop2i,,,,,
at://did:plc:mv6loxcddhj3i6pzfvzicc36/app.bsky.feed.post/3mlriu4x6ic2y,bafyreigcpmn3f6wrtnmomxtnkdyy3itzf7djpa6bqaqwvjdpf2kwjio2jm,dennisjkoch.bsky.social,"Dennis ""dejay"" Koch","An Alberta judge has quashed a separatist petition, saying the provincial government had a duty to consult with First Nations.

#abpoli #ableg #Alberta #cdnpoli #YEG #YYC #AlbertaUCP

globalnews.ca/news/1184816...",,,,0,1,2,0,2026-05-13T23:54:45Z,NA,NA,NA,,,,,
at://did:plc:v3eup4rzroyniw2x7bmsdzgt/app.bsky.feed.post/3mlritpe6ks2n,bafyreic3ixp7xdpdmx2ekv7w2p5ieznrnz3le7rcwrhyiptggdvriugbjq,spudislander45.bsky.social,Spudislander45 🇨🇦❤️🌎💪🫡,"#AnneApplebaum has spent decades studying how #democracies collapse, how #authoritarian systems rise, and why the warning signs are often ignored until it’s too late. 

She reveals why #America is entering a dangerous new phase, and what happens next! #cdnpoli #USApoli #Canpoli",,,,1,4,4,1,2026-05-13T23:54:30Z,NA,NA,NA,,,,,
at://did:plc:7hy5iuitgvm7g4eqruidn2mm/app.bsky.feed.post/3mlris56bvc2j,bafyreic7qonmpwoeeyp5h3zv3uiuiefqygru4cgqsyvcuburyvhdvkvpcy,whistlerheidi.bsky.social,Whistler Heidi🇨🇦,"""It’s rare 4 a Canadian politician to explicitly link oil/gas expansion to the Bible.There's long been an undercurrent of Christian theology surrounding Alberta’s oil patch, explained Darren Dochuk, a history prof & author of Anointed With Oil: How Christianity & Crude Made Modern America."" #cdnpoli",,,,0,0,1,0,2026-05-13T23:53:37Z,NA,NA,at://did:plc:serlxfuuco5zwtgjbezfqib5/app.bsky.feed.post/3mlr56f3utk2i,,,,,
at://did:plc:ykvfxsnswr6rcwdbwocwqajt/app.bsky.feed.post/3mlrila4nh22g,bafyreig7a3qxjn3lboc7daiyzpio56eovrsar3f7527drnlcuuzwppk5zy,anniegirl.bsky.social,Ann Petersen-Kane,Pretending the courts are not a legitimate check in our check/balance system is exactly why the rule of law is close to meaningless in the US right now. We don't need this kind of dangerous bullshit in Canada. But that's Alberta. That's the UCP. That's who Smith is.  #abpoli #cdnpoli,,,,3,18,51,0,2026-05-13T23:49:44Z,NA,NA,at://did:plc:4euncr44a5aflpbcbjhvjvdo/app.bsky.feed.post/3mlrhxfsfop2i,,,,,
at://did:plc:rsvzkqxa2xdojwmjljqzs4ik/app.bsky.feed.post/3mlrikwf7ms2u,bafyreibw7kgv4tjot5nfk7o7rnrkqky2v6naomija6t2qyutl7msoqkv24,thebreakdownab.bsky.social,The Breakdown AB,"""This referendum is dead. For the premier to spend taxpayer time and money to resurrect it, would prove what we’ve always known: she’s a separatist.""

Official statement from the NDP.

#abpoli #ableg #cdnpoli",,,,16,172,523,15,2026-05-13T23:49:36Z,NA,NA,NA,,,,,
at://did:plc:gowvqmwlhl6g22icvw6nysxm/app.bsky.feed.post/3mlrihjrjx22a,bafyreia2jun4izfqfydz7htg4sg5rrvy7dnt33qsdoumyfcoiw3h5d5qxa,futureproof25.bsky.social,FutureProofCanada🇨🇦🇨🇦,"Not according to this...

albertawatch.ca/en

#abpoli #cdnpoli",,,,0,0,0,0,2026-05-13T23:47:41Z,at://did:plc:nsrwnwq2vhmh2nfp2j6guyo5/app.bsky.feed.post/3mlo3ezswrc2p,at://did:plc:oqxoq7btbkztewuzmallzuvo/app.bsky.feed.post/3mlnvcpxkrs2m,NA,,,,,
at://did:plc:gowvqmwlhl6g22icvw6nysxm/app.bsky.feed.post/3mlrifz6vvk2a,bafyreiamrjqa6slmxfzk55yuqcttfg34v7r2v772rtyeg5hh7lqn7wa5zu,futureproof25.bsky.social,FutureProofCanada🇨🇦🇨🇦,"Is your #Alberta MLA a separatist? 

#abpoli #cdnpoli

albertawatch.ca/en",,,,0,0,0,0,2026-05-13T23:46:51Z,at://did:plc:oqxoq7btbkztewuzmallzuvo/app.bsky.feed.post/3mlnvcpxkrs2m,at://did:plc:oqxoq7btbkztewuzmallzuvo/app.bsky.feed.post/3mlnvcpxkrs2m,NA,,,,,
at://did:plc:ggfyzhhunmx7gkinazgpbsgt/app.bsky.feed.post/3mlrifukoqc2m,bafyreib7vnxyyubfwh7xdtmb3xfga2eseykkdotzpl6whjcpehln675474,stubblejumper.bsky.social,Stubblejumper,"Danielle Smith is following the Trumpian authoritarian anti-democratic playbook here—
 ‘lock step, goose-step’. 
#abpoli #ableg #cdnpoli 
#canada",,,,1,0,4,0,2026-05-13T23:46:46Z,NA,NA,at://did:plc:zx22gibu7dgptgazrbteulkl/app.bsky.feed.post/3mlrcaf4ggk2e,,,,,
at://did:plc:qfy6l3p4tkgnbdt6ku424y6k/app.bsky.feed.post/3mlrifsdckk24,bafyreico3mwnqwroa4yqjuptgi5rgi25hsv6g6u24d6l57mep4e55yie2q,tlevans.bsky.social,TLEvans 🇨🇦,"Good news! 

#ALBpoli #CDNpoli 

youtube.com/watch?v=Lk9B...",,,,0,0,0,0,2026-05-13T23:46:44Z,NA,NA,NA,,,,,
at://did:plc:ykvfxsnswr6rcwdbwocwqajt/app.bsky.feed.post/3mlrib5sol22g,bafyreiayvdoauhrp464v755nd4vnutr5rsj2g2l7rj4zjtynp5aetxepwm,anniegirl.bsky.social,Ann Petersen-Kane,More asset stripping. #cdnpoli,,,,5,3,11,0,2026-05-13T23:44:06Z,NA,NA,at://did:plc:w5pxbmkjntxfw6mt4emennhv/app.bsky.feed.post/3mlra6j6nwc2u,,,,,
at://did:plc:j7utihfwyjgg2ll3ftxmufg4/app.bsky.feed.post/3mlri7o3x422r,bafyreibymnfsmv2et4ppgkmfyyhdttqqabccwh5sagyyqs5ojnkt35y5rq,andrewvarsanyi.com,Andrew Varsanyi,"If they trusted sources other than their Russian-sponsored YouTube channels, I don't think Alberta separatists would even mind knowing they are being influenced by Russians. 

That's what forty years of Conservative Party garbage has done to my lovely home province.

#Alberta #cdnpoli #canada",,,,0,0,0,0,2026-05-13T23:43:18Z,NA,NA,NA,,,,,
at://did:plc:ykvfxsnswr6rcwdbwocwqajt/app.bsky.feed.post/3mlrhzfzh7s2g,bafyreihwo4hnx2fixs5ahnsp2fbikbtzcteduhytqpcd3tttw6s6mhksnm,anniegirl.bsky.social,Ann Petersen-Kane,"I think this is a fair assessment of the separatist bullshit in #abpoli right now. Smith could end it this week, but she isn't going to to do that. #ableg #cdnpoli 

On the Highway to Hell 
open.substack.com/pub/lisayoun...",,,,0,7,13,1,2026-05-13T23:39:48Z,NA,NA,NA,,,,,
at://did:plc:tqzcr6qj5tl5yihgdlllr2pl/app.bsky.feed.post/3mlrhz63hc22g,bafyreig4r6ttucp5wijtfxcpfyvpwdbyuxqumv3g7lre6tir2liagldnqm,manitobbes.bsky.social,Hobbes,"I don’t recall the last time I’ve seen a federal #NDP leader hitting the road as hard and as visible as @avilewis.ca right after winning the leadership race.

#cdnpoli",,,,0,0,2,0,2026-05-13T23:36:12Z,NA,NA,NA,,,,,
at://did:plc:3wgcbhllcnfyabxbhvcp4mco/app.bsky.feed.post/3mlrhuxqtms24,bafyreiejwvupccpqikhhireyarcnywe6sydxmg7df54majysvdzqbfwx3m,finnsfolly.bsky.social,🇨🇦,"Danielle Smith is not standing up for democracy; she is standing with the separatists! Call an election! Albertans have had enough of this!
#abpoli #cdnpoli",,,,2,2,7,0,2026-05-13T23:37:19Z,NA,NA,NA,,,,,
at://did:plc:b7tjp4yaqcy2crro6sumg5zy/app.bsky.feed.post/3mlrhqs4opk2k,bafyreicdpjpmrscxb3xrwqdkbh4wzv72gvq7lunaefbabcrxkubolvl4my,nandanainthegarden.bsky.social,Nandana,"So the #UCP is too #bureaucratic too #big & #sluggish  to pivot & #PROFIT from this LAST HUGE O&G #boom. Like they've done with the BIGGEST PAYOUTS FROM #O&G #EVER over this last term. #UCPFAILURE #UCPStupidity #abpoli #ableg #cdnpoli #ConservativesAreIdiots
#Farright 

substack.com/@markhamhisl...",,,,0,1,1,0,2026-05-13T23:34:59Z,NA,NA,NA,,,,,
at://did:plc:m4fghdpodfpche2rzxlmaikm/app.bsky.feed.post/3mlrhp4efv22i,bafyreigzgnhkg65hkmu42alg47fos6b2fjhlhryc6wnbt776oqisr7oumm,cjtoronto.bsky.social,CJTO🍁🏳️‍🌈,"Can we please stop pretending that Governor Smith is not a separatist? 

#cdnpoli",,,,0,1,5,0,2026-05-13T23:34:05Z,NA,NA,at://did:plc:zx22gibu7dgptgazrbteulkl/app.bsky.feed.post/3mlrcaf4ggk2e,,,,,
at://did:plc:eaeuyrvdlqvjgznelgcdimct/app.bsky.feed.post/3mlrhoqoaas2t,bafyreibcbmks4zvqvwn23j2ntfwb6pehkou7cfohyzt7oarwvzkxxpjcom,madhat59kenwood.bsky.social,Ken Wood part owner of 🇨🇦,"I dont think he does. IMO, the 🇨🇦 Supreme Court would hold up the rights of treaties. To do otherwise would throw out legality of all treaties thats disasterous. Alberta needed to consult FN forget this is only for projects. Seperation would ignore FN treaties thats not on 3 founding nations #cdnpoli",,,,0,0,2,0,2026-05-13T23:33:49Z,NA,NA,at://did:plc:4euncr44a5aflpbcbjhvjvdo/app.bsky.feed.post/3mlrdtb372b2i,,,,,
at://did:plc:aoy54lmno5k2deofeptqzxhg/app.bsky.feed.post/3mlrhmwp2222k,bafyreib5zpy2qi2arcbc47x4pk2nqzrq77xbsiql44nzw2kt64hjhtyi6e,realmatthopkins.bsky.social,RealMattHopkins,"Has Jason Kenney ever apologized for his role in stoking the fires of extreme, right-wing politics in Canada? No. No he has not. And that is why he is the last person who should be taken seriously on this, or any other, topic. #ABpoli #CDNpoli www.cbc.ca/news/canada/...",,,,1,2,6,0,2026-05-13T23:32:50Z,NA,NA,NA,,,,,
at://did:plc:istu2catmtwuynu7jlh6buzl/app.bsky.feed.post/3mlrhkpgu7s2m,bafyreigy7hotlkxo36qytfxhiau7igx626jzo3kkzlkzojq3d6nahs42xm,elcanaco.bsky.social,elcanaco.bsky.social,"Of course, Smith is going to appeal the ruling.

But she's definitely not on the side of the separatists. Definitely not. She definitely wants Alberta to remain part of Canada. Definitely.

#cdnpoli #abpoli #yeg #yyc",,,,1,2,6,0,2026-05-13T23:31:34Z,NA,NA,at://did:plc:serlxfuuco5zwtgjbezfqib5/app.bsky.feed.post/3mlrccjsr4c2z,,,,,
at://did:plc:abt5tpb7lqr7vopkrkwfswwq/app.bsky.feed.post/3mlrhkpfycu2j,bafyreifvar5vj3c2yxpeprk5wljq6mijguwsxxrwbnzktzzekbwxlltlgm,canadareport.org,Canada Report,"Dream Unlimited Corp. Reports First Quarter Results

Canada’s fastest news scan: 25+ headlines, no clutter, updated all day: CanadaReport.org

#cdnpoli #Canada #News #Business #Economy 
Read Original Article 🔗",,,,0,0,0,0,2026-05-13T23:31:35Z,NA,NA,NA,,,,,
at://did:plc:aoy54lmno5k2deofeptqzxhg/app.bsky.feed.post/3mlrhkcte4c2k,bafyreidy5knxdptqlicnra73aa4lsvxik3rcgpiim4r45hevmmpgekavn4,realmatthopkins.bsky.social,RealMattHopkins,"No surprise that Danielle Smith, the Premier who is very clearly a separatist in league with Donald Trump, has already announced she will appeal the decision of the Court. #ABpoli #CDNpoli www.cbc.ca/news/canada/...",,,,1,0,4,0,2026-05-13T23:31:22Z,NA,NA,NA,,,,,
at://did:plc:aoy54lmno5k2deofeptqzxhg/app.bsky.feed.post/3mlrhigkhis2k,bafyreihqsgfc2wvc2vnworo4fzilpwnfdhvgojtiov5g5sxouflnw2yzdi,realmatthopkins.bsky.social,RealMattHopkins,"If the BC Conservatives were a serious party, they would be immediately moving to disqualify Kerry Findlay. What a vile, disgusting thing for her to suggest. This is gross even for the Conservatives. #BCpoli #CDNpoli www.piquenewsmagazine.com/economy-law-...",,,,0,0,0,0,2026-05-13T23:30:19Z,NA,NA,NA,,,,,
at://did:plc:ldvnqrqk3hghqcu5qj53uahf/app.bsky.feed.post/3mlrhgw35vk2j,bafyreigvf4esppez2udglm6p5k7rm4ydvxh3wug6kbkxbcfxumhoscey6i,micropainter.bsky.social,Leeta 🇨🇦,"Danielle Smith could still appeal, change legislation, or just put the separatist question on a referendum.

Albertans can act:
Write to Premier@gov.ab.ca / call 780-427-2251 to demand she scraps the separatist referendum since the petition is now quashed.

#Alberta #ableg #abpoli #cdnpoli #yyc #yeg",,,,1,1,6,1,2026-05-13T23:29:27Z,NA,NA,at://did:plc:vvjwukbyx45mcvbsyhgfui3i/app.bsky.feed.post/3mlrcd7j7rc24,,,,,
at://did:plc:istu2catmtwuynu7jlh6buzl/app.bsky.feed.post/3mlrhbgs7l22m,bafyreifkaql4dpklylsjh5rphikc37msfi7gdfnfgo7tsxxwilt3nfavja,elcanaco.bsky.social,elcanaco.bsky.social,"A major difference between Canada and the US is our literary themes.

Canadian literature involves physical, cultural, emotional, and/or personal struggle, often in relation to a harsh environment, our pushy neighbour to the south, adapting to new surroundings, or other causes of struggle.

#cdnpoli",,,,0,0,1,0,2026-05-13T23:26:24Z,NA,NA,at://did:plc:74bxp3hjkkeaiyavxgw5hazy/app.bsky.feed.post/3mlqf5uzxck26,,,,,
at://did:plc:dcwpqenn6hnutxjctcacbf5v/app.bsky.feed.post/3mlrh5jty7k26,bafyreidognh64n2bqhby52w5relbf2fa7yeokykoxxgisu4me27ggt75be,idontrememoir.bsky.social,Claire Elyse Brosseau,"If you want to march for life, how about you march right in to a shelter, a food bank, a clothing bank, blood bank, answer the phone for MSF, check-in on the elderly, sign-up for welcome refugee programs. Make yourself useful. If you want to march for life, help people LIVE. #CdnPoli #MAID MI-SUMC",,,,0,3,5,0,2026-05-13T23:24:12Z,NA,NA,NA,,,,,
at://did:plc:ll3deqpmkeuqvrqauwtmv4oq/app.bsky.feed.post/3mlrgyuw3gc2j,bafyreif2g4dddwuzpq3gkm5ewmyszslgqljlcoriqzpgx4lyuhg3gcidxq,damappples.bsky.social,Is He Dead Yet 🇨🇦🇺🇸🇬🇧,"“failed to consider an earlier court decision that said separation would violate Indigenous people's treaty rights.”

This entire debacle needs to be the end for Danielle Smith #CanadaStrong #cdnPoli

www.cbc.ca/news/canada/...",,,,1,2,6,0,2026-05-13T23:21:39Z,NA,NA,NA,,,,,
at://did:plc:62dvag4x5a64dre4bju3nj6z/app.bsky.feed.post/3mlrgwjydv225,bafyreiainxg35zi3h6k4axsqwvrv6wimthbesl7ce2coeh3dkgs233bquy,cmusician.bsky.social,Carolyn Hudson,"Raynolds also suggested it will be difficult not to weaken the future carbon price for other provinces if Ottawa waters it down for Alberta: “We have a govt that has effectively walked away from just about every meaningful policy to reduce greenhouse gas emissions."" #cdnpoli #ableg #ClimateChange",,,,1,0,1,0,2026-05-13T23:20:17Z,at://did:plc:62dvag4x5a64dre4bju3nj6z/app.bsky.feed.post/3mlrgsr2iwc25,at://did:plc:62dvag4x5a64dre4bju3nj6z/app.bsky.feed.post/3mlqwe4j5yk25,NA,,,,,
at://did:plc:x2ge66dlb4pw7ssk2lhte536/app.bsky.feed.post/3mlrgpvgxe22f,bafyreiher6no3sr3zvddylimzgcu2kzn7v4krayo2lsznv7bkypbqagboe,saskboy.bsky.social,Saskboy from Saskatchewan,"x.com/globalnews/s... in 2 days, you'll just undo the announcement from today. 2-faced Carney.

#cdnpoli",,,,2,0,1,0,2026-05-13T23:16:35Z,at://did:plc:x2ge66dlb4pw7ssk2lhte536/app.bsky.feed.post/3mlrgiufvr22f,at://did:plc:kx375dszrbvqtu7o4xxxmojn/app.bsky.feed.post/3mlr2hmlke226,NA,,,,,
at://did:plc:aup43vyegw7pvuu7fq6a5dfc/app.bsky.feed.post/3mlrgokzfx22s,bafyreiaa2rb6ki5pc7ncrafoyl373meuoz4p4oiimhr67dajy5pels2nua,walterverse.bsky.social,Walter 🇨🇦 (ウォールター),"Just a shoutout to Good Leaf Farms in Guelph Ontario for their Canadian microgreen products (also in AB and QC), Vision Greens in Welland, and Haven Greens in King City for red leaf green leaf salad mix!  We are surrounded by local abundance!  (and state of the art greenhouses) 🍁🌿🥗 #cdnpoli #onpoli",,,,0,3,6,0,2026-05-13T23:15:50Z,NA,NA,NA,,,,,
at://did:plc:istu2catmtwuynu7jlh6buzl/app.bsky.feed.post/3mlrglancck2m,bafyreicf7th5wjvzasgim5enz52tkarureaqwnpernneowm5hlcb3laco4,elcanaco.bsky.social,elcanaco.bsky.social,"On the plus side for us in BC, we get 23 days between a short, mild winter (rather than a long, harsh winter) and the start of wildfires.

The downside is that the wildfires start earlier in BC than the rest of Canada and last for more months. 🤷🏽‍♂️

#cdnpoli #bcpoli #BCwildfire",,,,1,0,3,0,2026-05-13T23:13:58Z,NA,NA,at://did:plc:4z7le4gy5xiioq2l7ptdhps7/app.bsky.feed.post/3mlrbz67j4k25,,,,,
at://did:plc:r2qm5vzmsns46l4n6e6rjh2a/app.bsky.feed.post/3mlrgixiqts2n,bafyreibyorh5qciv7yr62jw5piaj7f3d4esmo5awbrl5p7tevco4oj26ae,brucedc77.bsky.social,Bruce D. Cowherd   🇨🇦,"Justice Shaina Leonard Quashes Alberta Separation Petition In Favour Of First Nations.
The Judge Said The Petition Should Never Have Been Issued. 
#cdnpoli #Canada 🇨🇦 #CanadaSky 
#abpoli #Alberta",,,,1,9,31,0,2026-05-13T23:12:43Z,NA,NA,NA,,,,,
at://did:plc:x2ge66dlb4pw7ssk2lhte536/app.bsky.feed.post/3mlrgiufvr22f,bafyreig6irixu6ixng4vm253ym4l5lpk4gpxmhkpk4ox67w2as3b5jm4ry,saskboy.bsky.social,Saskboy from Saskatchewan,"bsky.app/profile/mark... OK cool, except you were just bragging about making a deal for more fossil fuels with Smith the traitor.

#cdnpoli",,,,1,0,7,0,2026-05-13T23:12:38Z,at://did:plc:kx375dszrbvqtu7o4xxxmojn/app.bsky.feed.post/3mlr2hmlke226,at://did:plc:kx375dszrbvqtu7o4xxxmojn/app.bsky.feed.post/3mlr2hmlke226,at://did:plc:kx375dszrbvqtu7o4xxxmojn/app.bsky.feed.post/3mlrbrzqjx22g,,,,,
at://did:plc:ldvnqrqk3hghqcu5qj53uahf/app.bsky.feed.post/3mlrgikmmek2s,bafyreig3uquuljdcvsv4o23ewdskydjtpzux6ihgi5tqn2atap4jhfgope,micropainter.bsky.social,Leeta 🇨🇦,"Danielle Smith could still appeal, change legislation, or just put the separatist question on the referendum anyway.

Write to Premier@gov.ab.ca and call 780-427-2251 to demand she scraps the referendum since the separatist petition is now null & void.

#Alberta #ableg #abpoli #yyc #yeg #cdnpoli",,,,1,7,11,1,2026-05-13T23:12:28Z,NA,NA,at://did:plc:rsvzkqxa2xdojwmjljqzs4ik/app.bsky.feed.post/3mlr3i7juuk2s,,,,,
at://did:plc:d4pjo6ehblrviy625go6uodj/app.bsky.feed.post/3mlrgar4pyk2i,bafyreicib2bnivwfxaydrbh4o5i5kz7zlxwjp2zhdrbzcad74wjgra56wu,tindizzy.bsky.social,Dizzy ★,"That’s what happens when you elect a leader who has no experience in government.

*nods*

Yeah. Just like 47.

You need a policy wonk like PMJT, but I digress. 

#CanPoli #CdnPoli",,,,0,2,3,0,2026-05-13T23:08:07Z,NA,NA,at://did:plc:te462bca74usoq54377m3mcl/app.bsky.feed.post/3mf7tta3d7s2c,,,,,
at://did:plc:76jyrns4xobe54ooggvj3seq/app.bsky.feed.post/3mlrg5olsgs27,bafyreifln6tjwsq3yhb6oga4z24mlhgbzuxyuwzmn5wtpilmvng3jhkdzm,kikkiplanet.bsky.social,Kikki Planet,"The seppies have her cornered. If she doesn’t do everything she can to put the question to a referendum, they are coming for her job. And she knows it. 

Everything she is spewing right now is in effort of self preservation, not good governance. #ableg #cdnpoli",,,,2,3,15,0,2026-05-13T23:06:23Z,at://did:plc:m7fyge4gdjxgtshv5nvkn3u4/app.bsky.feed.post/3mlrefoa2nk27,at://did:plc:76jyrns4xobe54ooggvj3seq/app.bsky.feed.post/3mlr5vsxl5c2s,NA,,,,,
at://did:plc:v3eup4rzroyniw2x7bmsdzgt/app.bsky.feed.post/3mlrg54drxk2n,bafyreial4nb6goy7do4hz4q3c7srdy5db7gdupigm7ntgvewdzznlnxvvi,spudislander45.bsky.social,Spudislander45 🇨🇦❤️🌎💪🫡,"Let’s all push for RCMP investigation to be expedited?

Keep the pressure on Alberta/Canada
#cdnpoli #abpoli",,,,0,5,17,0,2026-05-13T23:06:05Z,NA,NA,NA,,,,,
at://did:plc:7lueeglwmok6fmza7rfsnwpw/app.bsky.feed.post/3mlrfxxzegk2e,bafyreicfgvgn23t2kcp43zkryeqaudh6tzgmy6bi55tsyoy5okn5qd7wbu,jennyyeremiy.bsky.social,"Jenny Yeremiy, P. Geoph 🪶🌿🇵🇸🇳🇬🇱🇧🇨🇦","Yes, Alberta is on the front lines of the fight for Canada’s sovereignty, time to break free from our US fossil fuel chains. ⛓️‍💥 

Fighting for Alberta is fighting for Canada. #CanadaIsAlberta #AlbertaIsCanada #abpoli #uspoli #cdnpoli #fightfordemocracyIRL 
youtu.be/Mv3lvAvWWDA?...",,,,0,1,6,0,2026-05-13T23:03:13Z,at://did:plc:7lueeglwmok6fmza7rfsnwpw/app.bsky.feed.post/3mlrfxxodvc2e,at://did:plc:7lueeglwmok6fmza7rfsnwpw/app.bsky.feed.post/3mlrfxxodvc2e,NA,,,,,
at://did:plc:v3eup4rzroyniw2x7bmsdzgt/app.bsky.feed.post/3mlrfvdvskc2n,bafyreiadiq4qtjeyrjqxq42yt3theuosaxokld6l4jxhuwc5irt6y2y7qe,spudislander45.bsky.social,Spudislander45 🇨🇦❤️🌎💪🫡,"#TuckerCarlson gets roasted on #SNL 

The people who become popular in the US media make me wonder….💭 #USAPOLI #cdnpoli #canpoli",,,,0,2,3,0,2026-05-13T23:01:44Z,NA,NA,NA,,,,,
at://did:plc:abt5tpb7lqr7vopkrkwfswwq/app.bsky.feed.post/3mlrfv7ee742j,bafyreiacxbv2ryjzkceyvkozb5dhki54swhvtrkvphqg2d7sv7x67cyms4,canadareport.org,Canada Report,"Création d’un institut de l’espace | L’astronaute Mark Pathy donne 15 m $ à l’université Concordia

Canada’s fastest news scan: 25+ headlines, no clutter, updated all day: CanadaReport.org

#cdnpoli #Canada #News 
Read Original Article 🔗",,,,0,0,0,0,2026-05-13T23:01:39Z,NA,NA,NA,,,,,
at://did:plc:zkx5ssoe4pq7pfmckyqumax5/app.bsky.feed.post/3mlrfv4y7q226,bafyreigd43h7yvvwung6osgfjx65yxpit77lxpyohfvbmchhyfcai2rpbq,traveling4life.bsky.social,Traveler,Unbelievable! #cdnpoli,,,,0,0,0,0,2026-05-13T23:01:36Z,NA,NA,at://did:plc:pi6p2ujo7ph2o2ztsomzazi6/app.bsky.feed.post/3mlqec437fs23,,,,,
at://did:plc:76e4qryfph6q4wmz3li6v2l6/app.bsky.feed.post/3mlrfthcnss23,bafyreig7honqw3j4tb6ymwg3jaoboe72tg5xtjqd7qfl73dlmqrs4x3d3u,stacescases2.bsky.social,StacesCases2 🇨🇦 📎,"YES!! The #Alberta Courts stopped the question before it ever reached the ballot.

No consultation. No legitimacy. No referendum. 

Now comes the whining, the false victim hood and claims of persecution and calls to their golden god Trump to save them
🇨🇦 #Cdnpoli #ABpoli #ABleg #SeparatistsFail",,,,0,0,1,0,2026-05-13T23:00:42Z,NA,NA,NA,,,,,
at://did:plc:vra4zxnkszgpiic23dwltxny/app.bsky.feed.post/3mlrfqdkfny52,bafyreih7qry24rz7hhk53nksd5bpdzsst5mu7x4anjmjsthaype2ls53nq,harold.mastodon.social.ap.brid.gy,Harold Jarche,"David Coon, Green Party Leader:

""Sisson could be far more sustainable if it were developed with dry stack storage for the tailings, rather than submerging them under a massive ... artificial water body behind a huge dam. But it's more expensive to do that, so it makes it less competitive to do […]",,,,0,0,0,0,2026-05-13T22:59:03Z,NA,NA,NA,,,,,
at://did:plc:t4qjao6o2xfwavfc5ewwvosg/app.bsky.feed.post/3mlrfper3722q,bafyreifjknazmxh3l7u4lbwdh5b2n5b3ert4t72un37kunvinnxpkqdoiu,pqpolitics.bsky.social,Pete Quily,"""Drivers looking out the windshield can miss seeing up to 50% of what’s around them when talking on any kind of a cell phone""

Hands-free devices offer no safety benefit when driving. 

Do not eliminate cognitive distraction. 

Ban all phones for drivers

www.nsc.org/Portals/0/Do... #bcpoli #cdnpoli",,,,0,0,0,0,2026-05-13T22:58:28Z,NA,NA,NA,,,,,
at://did:plc:t4qjao6o2xfwavfc5ewwvosg/app.bsky.feed.post/3mlrfjjlxtc2q,bafyreigvbs5elas3kgp5p27zo7glbzc7ju5pchphuzrk4wy6in6l7cm6de,pqpolitics.bsky.social,Pete Quily,"""Activity in area of the brain that processes moving images decreases by 1/3rd when listening to a phone"" 

Hands-free devices offer no safety benefit when driving 

Hands-free devices do not eliminate cognitive distraction 

Ban all phones for drivers

www.nsc.org/Portals/0/Do... #bcpoli #cdnpoli",,,,0,0,0,0,2026-05-13T22:55:13Z,NA,NA,NA,,,,,
at://did:plc:hrpipqpkbpnqys5efjiwv6wr/app.bsky.feed.post/3mlrfh5ml5c24,bafyreib7aaj6e4kxfvjwd7k5xtbwg3yq5djh6gvvyjeh2jrpzoqvdgv2va,susanfromontario.bsky.social,Susan Mitchell,"#cdnpoli
www.cp24.com/news/canada/...",,,,0,0,4,0,2026-05-13T22:53:48Z,NA,NA,NA,,,,,
at://did:plc:egl4mfr2njrr2br4vhya7yrf/app.bsky.feed.post/3mlrfg3jf6c2m,bafyreibazobtkojjhibfsqqziyaw3rt6kil7wa6taz46qdksmcs5lh2jnq,judy-bug.bsky.social,judy 🇨🇦,"Fascism is growing globally. 

The IDU (Harper/Poilievre), JCCF (John Carpay), ARC (Jordan Peterson), #Moonies #PlymouthBrethren #OpusDei #HeritageFdn, #AtlasNetwork #KochNetwork #FederalistSociety & Evangelical orgs in 🇨🇦 have been funding #Conservative for many years.

#cdnpoli #ableg #UCP #Alberta",,,,1,2,2,0,2026-05-13T22:53:11Z,at://did:plc:serlxfuuco5zwtgjbezfqib5/app.bsky.feed.post/3mlr56f3utk2i,at://did:plc:serlxfuuco5zwtgjbezfqib5/app.bsky.feed.post/3mlr56f3utk2i,NA,,,,,
at://did:plc:rsvzkqxa2xdojwmjljqzs4ik/app.bsky.feed.post/3mlrfei5pjc2k,bafyreign2p34jpyis3vlptxszi2et2sllkvjfprglnqgcbjyt32zvfqzum,thebreakdownab.bsky.social,The Breakdown AB,"The Athabasca Chipewyan First Nation has issued a statement on their legal action ending the separatist referendum that was just submitted.

#abpoli #ableg #cdnpoli",,,,6,83,233,8,2026-05-13T22:52:20Z,NA,NA,NA,,,,,
at://did:plc:re7tflvczjceanwkco2bseqb/app.bsky.feed.post/3mlrfaavuck2l,bafyreicofkv5m2kz4j22aagtdtcjchpsutauovqdamdpshiukuui2bcmp4,bella-andme.bsky.social,Sherry Lee,"@jkalles.bsky.social having a Habs message hanging in the background of his “Power & Politics” Power Rankings segment is chef’s kiss. Canadian solidarity.
#pnpcbc #cdnpoli #gohabsgo",,,,0,0,1,0,2026-05-13T22:49:56Z,NA,NA,NA,,,,,
at://did:plc:egl4mfr2njrr2br4vhya7yrf/app.bsky.feed.post/3mlrf4vbrek2m,bafyreibwfpyyioiile6rm3msjupa7dz3jx6a4664rragee2vyyggowdcz4,judy-bug.bsky.social,judy 🇨🇦,"The IDU (Harper/Poilievre), JCCF (John Carpay), ARC (Jordan Peterson), #Moonies #PlymouthBrethren #OpusDei #HeritageFdn, #AtlasNetwork #KochNetwork #FederalistSociety & Evangelical orgs in 🇨🇦 have been funding #Conservative politicians for many years.

#cdnpoli #abpoli #Canada #CPC #UCP #CanadaSky",,,,1,0,1,0,2026-05-13T22:48:03Z,at://did:plc:i5jff2sikigjklnj3am7xvqf/app.bsky.feed.post/3mlrcs2zzbc2m,at://did:plc:i5jff2sikigjklnj3am7xvqf/app.bsky.feed.post/3mlrcs2zzbc2m,NA,,,,,
at://did:plc:t4qjao6o2xfwavfc5ewwvosg/app.bsky.feed.post/3mlrf2ej6dk2q,bafyreib2qeeu6uaienn7magpdcdq3ff5nb3lnvpxazdiysqqgdbvvmknqm,pqpolitics.bsky.social,Pete Quily,"""Hands free phones are just as dangerous as hand held phones. 

Hands-free devices offer no safety benefit when driving

Hands-free devices do not eliminate cognitive distraction"" 

Ban all phone use for drivers

National Safety Council White Paper 2012

www.nsc.org/Portals/0/Do... #bcpoli #cdnpoli",,,,0,0,0,0,2026-05-13T22:46:43Z,NA,NA,NA,,,,,
at://did:plc:d4pjo6ehblrviy625go6uodj/app.bsky.feed.post/3mlrevtca6s2i,bafyreighoizezoot3ewotcqfzvllcpr7mlxm2s4tc4wc4cxcc5mllovzpi,tindizzy.bsky.social,Dizzy ★,"What’s next? Eliminating everyone and anyone who was instrumental in this case and judgement.

Plus? Putting the boots to the rest of us ‘easy target nobodies’.

You just watch.

#AbLeg #AbPoli 
#CanPoli #CdnPoli",,,,0,1,2,0,2026-05-13T22:44:06Z,NA,NA,at://did:plc:usdnoxajlxolee66opilsvcr/app.bsky.feed.post/3mlrco5oznw22,,,,,
at://did:plc:ifi6xqgbojwquosnkvzx3gna/app.bsky.feed.post/3mlreqbamx22d,bafyreicmzt7vadzr6ghpb5yl6d5wryldye7c34jlglrlc4fuhxqympxyvq,leftcoasttreefrog.bsky.social,Left Coast Tree Frog 🕊️,"Funeral held for Lebanese paramedics killed in Israeli attack.
Mourners gathered at the funeral of the two paramedics killed by an Israeli strike while on a rescue mission. Lebanon’s health ministry accused Israel of deliberately targeting medical workers
#cdnpoli
www.aljazeera.com/video/newsfe...",,,,0,0,2,0,2026-05-13T22:41:00Z,NA,NA,NA,,,,,
at://did:plc:q5zroikqfmpsiaab34af7xom/app.bsky.feed.post/3mlrehchkwk2f,bafyreichm456sfdkqlzn5456fupr3q3xmz66tf572r3x4m3qllyc2jzena,ryanjespersen.bsky.social,Ryan Jespersen,"""We need nation-building, not nation-burning projects."" Former Toronto mayor David Miller and Jasper Mayor Richard Ireland lay out a blueprint to building Canadian communities for 2050. Thoughts?

👀 FULL: rtrj.info/051326ElbowsUp

🎧 FULL: rtrj.info/051326 #cdnpoli #Jasper #RealTalkRJ",,,,2,4,4,0,2026-05-13T22:35:59Z,NA,NA,NA,,,,,
at://did:plc:v3eup4rzroyniw2x7bmsdzgt/app.bsky.feed.post/3mlregrx6q22n,bafyreiemzamoajmgxoojrmvopmsfdoqfih6w6rzospuvkc5htyoynkfzie,spudislander45.bsky.social,Spudislander45 🇨🇦❤️🌎💪🫡,"Former #Canadian Minister of the #Environment and #ClimateChange, #CatherineMcKenna worries that Canadians won’t trust the process of govt if the process is NOT respected. #cdnpoli #climateAction",,,,0,0,1,0,2026-05-13T22:35:41Z,NA,NA,at://did:plc:4g5jp4ev7p6duqaniisjtubs/app.bsky.feed.post/3mlozt2tzlk2e,,,,,
at://did:plc:7hy5iuitgvm7g4eqruidn2mm/app.bsky.feed.post/3mlreglzej22j,bafyreicywocafyf3xa66bvadzbpkojfe7hci77r2iej46qozmubwpdilau,whistlerheidi.bsky.social,Whistler Heidi🇨🇦,"I strongly agree, but question how a new pipeline fits into the Prime Minister's ethos? I understand that there will always be a market for fossil fuels, but expanding that energy market seems counterproductive to a more sustainable Canada. #cdnpoli 🇨🇦",,,,0,0,1,0,2026-05-13T22:35:35Z,NA,NA,at://did:plc:kx375dszrbvqtu7o4xxxmojn/app.bsky.feed.post/3mlrbrzqjx22g,,,,,
at://did:plc:ii6oavwfjgy2s33lwrcbjubl/app.bsky.feed.post/3mlre7q2dic22,bafyreiabcdvxdxpmhz4yv7nleqwppkdtxdk3lyqwptvn66yqoo4dia4fne,robinhood246.bsky.social,B.G. Witch 🇨🇦 🏳️‍⚧️ 🌈,"This MFer hates human life 🤦🏻‍♀️

I was worried about Pierre, the dumb oligarch patsy, so I voted for the banker.

But Mark's somehow the worse Robber Baron. #votendp #cdnpoli @mark-carney.bsky.social @liberalca.bsky.social",,,,1,2,4,0,2026-05-13T22:31:52Z,NA,NA,at://did:plc:w5pxbmkjntxfw6mt4emennhv/app.bsky.feed.post/3mlra6j6nwc2u,,,,,
at://did:plc:abt5tpb7lqr7vopkrkwfswwq/app.bsky.feed.post/3mlre76kcep2z,bafyreide5f3qrw2in47hgfcl35hiqjxcgogky3oarpykpz44vwrycvk2wu,canadareport.org,Canada Report,"Certarus Expands into Utah with New CNG Supply Hub, Secures 60 MW Data Center Award

Canada’s fastest news scan: 25+ headlines, no clutter, updated all day: CanadaReport.org

#cdnpoli #Canada #News #Business #Economy 
Read Original Article 🔗",,,,0,0,1,0,2026-05-13T22:31:26Z,NA,NA,NA,,,,,
at://did:plc:w7yhpanniwt2sweiorkvec7j/app.bsky.feed.post/3mlre4qdrjs2x,bafyreia6tfbj37l7kswpkq3mfil2ylntwn5ifxtaswng4bqljuyeej3awm,luciecatnip.bsky.social,Lucie🐈‍⬛Catnip ,"What?

#cdnpoli

www.thestar.com/politics/fed...",,,,2,0,4,1,2026-05-13T22:30:07Z,NA,NA,NA,,,,,
at://did:plc:d4pjo6ehblrviy625go6uodj/app.bsky.feed.post/3mlre2flzfk2i,bafyreifdgo6ieq4qzjo5acr4zpsatcyxes4b7vuj7ztca4ca5mk2wk6yi4,tindizzy.bsky.social,Dizzy ★,"What she means is once they get marching orders from the Dark Money handlers who own them. 

#AbLeg #AbPoli
#CanPoli #CdnPoli",,,,2,2,11,1,2026-05-13T22:28:48Z,NA,NA,NA,,,,,
at://did:plc:v3eup4rzroyniw2x7bmsdzgt/app.bsky.feed.post/3mlrdlnkkfk2n,bafyreief7bbwoaxqwoivop6wczshvr5w6hkrxw3k6emknqiauarvxfuh5q,spudislander45.bsky.social,Spudislander45 🇨🇦❤️🌎💪🫡,"BC using wind farms to power additional 350,000 homes and use energy to keep prices down for all customers 

#BCpoli #Windfarm #Energy #cdnpoli #CLimateMattera",,,,0,6,15,1,2026-05-13T22:20:32Z,NA,NA,NA,,,,,
at://did:plc:eaeuyrvdlqvjgznelgcdimct/app.bsky.feed.post/3mlrdlljkd22m,bafyreiapmoxuitmx73hszwgz4fkby7v3gxfoaiqt2td23q7v27wn7wryfu,madhat59kenwood.bsky.social,Ken Wood part owner of 🇨🇦,"I wish people would fully read, research before going all negative...stupid me if they did that wouldnt support their narrative or ideology. #cdnpoli",,,,1,1,1,0,2026-05-13T22:20:28Z,NA,NA,at://did:plc:tkfg6eimgd36nkcagcayhmvv/app.bsky.feed.post/3mlrcd4os7k23,,,,,
at://did:plc:w7yhpanniwt2sweiorkvec7j/app.bsky.feed.post/3mlrdjwdsbc2x,bafyreibsmhua44pdocaudjp7fcdflpr6q4ykw4ijjimrdpwixy6ozlu4zi,luciecatnip.bsky.social,Lucie🐈‍⬛Catnip ,"🚨 A judge has quashed Elections Alberta's approval of the separatists' petition.

The UCP government is appealing the decision.

#abpoli #cdnpoli

www.cbc.ca/news/canada/...",,,,2,3,5,0,2026-05-13T22:19:34Z,NA,NA,NA,,,,,
at://did:plc:eaeuyrvdlqvjgznelgcdimct/app.bsky.feed.post/3mlrdigj3ts2m,bafyreic4zvofvjbx6fu4gcximmabtjt57uwqnpzqwt2zgutyxbt2rxd7ha,madhat59kenwood.bsky.social,Ken Wood part owner of 🇨🇦,More good news for 🇨🇦 and Canada Space. #cdnpoli,,,,2,0,0,0,2026-05-13T22:18:42Z,NA,NA,at://did:plc:p6vt6l7g7vuqofxioaat23yd/app.bsky.feed.post/3mlqpkvrfh22i,,,,,
at://did:plc:eaeuyrvdlqvjgznelgcdimct/app.bsky.feed.post/3mlrdey2pb22m,bafyreihf3mc2kmtcddmhxhazlvb26aqp5xwwi4aqadahr5zcaaqjpvjxyq,madhat59kenwood.bsky.social,Ken Wood part owner of 🇨🇦,"#Smith continues extorting 🇨🇦, is a seperatist working against 🇨🇦 and the the 🌍 all for greed & power. Im a major supporter of the PM and will remain so. I just wish he wouldnt buckle to a 🇨🇦 traitor. #cdnpoli",,,,0,0,0,0,2026-05-13T22:16:46Z,NA,NA,at://did:plc:4euncr44a5aflpbcbjhvjvdo/app.bsky.feed.post/3mlr2qhty3v2n,,,,,
at://did:plc:k6a35s56ijvrb4zjkq4ojll5/app.bsky.feed.post/3mlrdc3sxel2l,bafyreibl74jkqnylnr77o43urf7npqsmxhh6ensjeko2kgezw64nn7n2u4,toptags.bsky.social,Trending Hashtags,"🚀 BlueSky trending hashtags (15m) #16-30:

#porn #gay #pokemon #gayporn #trending #gamedev #nsfwsky #vtuber #cdnpoli #青空ごはん部 #worldnews #furrynsfw #auspol #twink #femboy

👇 #1-15 trending hashtags",,,,0,1,3,0,2026-05-13T22:15:10Z,NA,NA,at://did:plc:z22iojvb45xno3nblfy6fcwg/app.bsky.feed.post/3mlrdc2vvqs2x,,,,,
at://did:plc:eaeuyrvdlqvjgznelgcdimct/app.bsky.feed.post/3mlrd3yx4dc2m,bafyreidkf3yocdrzrzhlh222gehqshjb22ctf6cbxixl3yhgzdbuvyjabu,madhat59kenwood.bsky.social,Ken Wood part owner of 🇨🇦,Great question Aaron #cdnpoli,,,,0,0,0,0,2026-05-13T22:11:45Z,at://did:plc:yge3sr4i2ffsta2unrjbriy6/app.bsky.feed.post/3mlrcslbm7s2z,at://did:plc:yge3sr4i2ffsta2unrjbriy6/app.bsky.feed.post/3mlrcslbm7s2z,NA,,,,,
at://did:plc:mwagtmvsxuqlgte5iqk3fndm/app.bsky.feed.post/3mlrd3mf5zk2o,bafyreidceoqpxx5si6jp5k6pycltjnrtoz4gfvcssvwt7zg7xinromeofm,lalegault.bsky.social,LA Legault ⚜️🤌🏻,"Airports and Seaports are supply-chain sovereignty infrastructure. The desire for Carney to sell them speaks volumes about his actual intentions. 
#cdnpoli",,,,0,2,6,1,2026-05-13T22:11:36Z,NA,NA,NA,,,,,
at://did:plc:eaeuyrvdlqvjgznelgcdimct/app.bsky.feed.post/3mlrd33p6522m,bafyreibndb3uez4duhokexdy5bvszb7sleex7usxddbtgfmmz7mtb5gf44,madhat59kenwood.bsky.social,Ken Wood part owner of 🇨🇦,"#Smith IS a seperatist, period. Nobody can change my mind on that now after a court of law throws out the referendum & she defiantly makes the comments she has in the face of this. #DanielSmith is a seperatist & her govt is as well. To me its clear. Actions speak volumes. #abpoli #cdnpoli",,,,1,2,13,1,2026-05-13T22:11:14Z,NA,NA,at://did:plc:kt6t5jwy3zsvcerhus6pwjlz/app.bsky.feed.post/3mlrcsu4lv22o,,,,,
at://did:plc:w4xgktzvnu4xyy37xlgp3xki/app.bsky.feed.post/3mlrcttac6s23,bafyreihdh3f6zvqj67pbb37kgrjsp52spnoszirsy5nv42heaznhxgpvo4,cindylee2102.bsky.social,Lil Cin 🇨🇦,I hope the seppie appeal and the GOA appeal are tied up in the courts indefinitely 😂 #abpoli #ableg #cdnpoli,,,,1,0,4,0,2026-05-13T22:07:11Z,NA,NA,NA,,,,,
at://did:plc:sywtwkbhpdibiprqvv7epcto/app.bsky.feed.post/3mlrcsft3b22p,bafyreigzcredafogi7yee2nds4a7n3njs5y6qhmql772tiyiesif6md43i,elliott4mp.bsky.social,"Derek Elliott, Libertarian","Conservatives talk a big game about firing gatekeepers, but they just want to be the ones holding the keys. Replacing a Liberal gatekeeper with a Conservative one doesn't give you freedom. It just gives you a different boss.
Watch the full clip: www.youtube.com/shorts/tz7je...
#cdnpoli #Libertarian",,,,0,0,0,0,2026-05-13T22:06:29Z,NA,NA,NA,,,,,
at://did:plc:eaeuyrvdlqvjgznelgcdimct/app.bsky.feed.post/3mlrcqrgwk22x,bafyreiesuqafs5lfkmjlg5aebfvb6iketcyziesuzpkfv3qsgbbf37jqqm,madhat59kenwood.bsky.social,Ken Wood part owner of 🇨🇦,#Smith saying Duty to Consult is in her opinion only is for specific projects and judge ruling unconstitutional. WTF So ignoring Treaty Rights is constitutional & democratic? Id say this is throwing gas on to the fire and dangerous. Duty to Consult is NOT  just for 'projects'  #cdnpoli #abpoli 🪶,,,,2,3,9,0,2026-05-13T22:05:28Z,NA,NA,NA,,,,,
at://did:plc:re7tflvczjceanwkco2bseqb/app.bsky.feed.post/3mlrcpp2css22,bafyreihdxnpuc27c4eootuoyhbmv7cz2scsk6r5k6wtufn5n2ynmcfbmse,bella-andme.bsky.social,Sherry Lee,"Geez yes Tim Powers - Rene Levesque was much smoother and more savvy than Danielle Smith. She’s amateur hour. 
#pnpcbc #cdnpoli",,,,0,0,2,0,2026-05-13T22:04:53Z,NA,NA,NA,,,,,
at://did:plc:pizr3tyqsxwuxprk3pvx2yv3/app.bsky.feed.post/3mlrco6xlkk2d,bafyreifrbaa56qbwyqe43iuzwe57pnageqdr2rsi6cvttu7mwpwvykubaa,canuck666.bsky.social,Max,"Well, look at that!

ottawa.citynews.ca/2026/05/13/j...

#Canada #cdnpoli #ONpoli #ABpoli",,,,0,1,3,0,2026-05-13T22:04:05Z,NA,NA,NA,,,,,
at://did:plc:bbnve3u34qpmusulfzkei3p2/app.bsky.feed.post/3mlrcmvyw5k26,bafyreifevgahytdi54ewpjr5zjylw3q7sw6exjaouu3z7qrk27u5ge5hey,fluxliner.bsky.social,Flux Liner,"#Alberta #Canada #cdnpoli
*Honk Honk*  F*CK Alberta Separatists.

www.cbc.ca/news/canada/...",,,,0,0,2,0,2026-05-13T22:03:21Z,NA,NA,NA,,,,,
at://did:plc:d4pjo6ehblrviy625go6uodj/app.bsky.feed.post/3mlrcmecyrk2i,bafyreihlhelbld6bcgz2pdygupxxcdwew437q2fp657oxzpxzlnmrzj76y,tindizzy.bsky.social,Dizzy ★,"Now, why on earth would a supposedly non-separatist government appeal this decision unless they were actually separatists, had no respect for the rule of law and were pandering to a divisive, radical minority?

#AbLeg #AbPoli
#CanPoli #CdnPoli",,,,1,5,13,0,2026-05-13T22:03:01Z,NA,NA,at://did:plc:n4pqhwrikpixyolryheangut/app.bsky.feed.post/3mlrcgvm7is2c,,,,,
at://did:plc:abt5tpb7lqr7vopkrkwfswwq/app.bsky.feed.post/3mlrcjxinmu2b,bafyreic5hc32knwkqe3xoej3jxxmkmqesukshqxyk7jsr6nmx6xgsodzv4,canadareport.org,Canada Report,"Dossier santé numérique à l’hôpital Jean-Talon | « On devient de plus en plus efficaces »

Canada’s fastest news scan: 25+ headlines, no clutter, updated all day: CanadaReport.org

#cdnpoli #Canada #News 
Read Original Article 🔗",,,,0,0,0,0,2026-05-13T22:01:40Z,NA,NA,NA,,,,,
at://did:plc:k6a35s56ijvrb4zjkq4ojll5/app.bsky.feed.post/3mlrchcqx4b2v,bafyreigrydsdborqoxi72qj4hg22zjtl766p546nud4so3h72x73nvtiui,toptags.bsky.social,Trending Hashtags,"🚀 BlueSky trending hashtags (15m) #16-30:

#go3spoilers #milf #furryart #cdnpoli #porn #bb28 #goon #realnsfw #shortstack #musicchallenge #digitalart #nsfwsky #gayporn #gay #newsnight

👇 #1-15 trending hashtags",,,,0,0,2,0,2026-05-13T22:00:11Z,NA,NA,at://did:plc:z22iojvb45xno3nblfy6fcwg/app.bsky.feed.post/3mlrchcgz632b,,,,,
at://did:plc:re7tflvczjceanwkco2bseqb/app.bsky.feed.post/3mlrceownf22w,bafyreiaid7r7dve6wwi6ajm5qlvv5zubwmkim5hdgofjiguglswo6oabmm,bella-andme.bsky.social,Sherry Lee,"So, Danielle Smith challenging & appealing a judge’s ruling about separatism - in my opinion she’s a two faced traitor to Canada. 
#abpoli #cdnpoli",,,,0,4,9,1,2026-05-13T21:58:43Z,NA,NA,NA,,,,,
at://did:plc:deej5pakczvmljahhvrridlp/app.bsky.feed.post/3mlrccsqdrs2u,bafyreidkhjwmgfb5tm4ywo6ppnwey7skvlxcowc2pwxxu5p6em2utpnjdm,pat112.bsky.social,Pat,"Future of Alberta separation petition unclear as judge rules in favour of First Nations' challenge

Justice finds Crown didn’t meet duty to consult

#Cdnpoli #Abpoli
www.cbc.ca/news/canada/...",,,,0,1,1,0,2026-05-13T21:57:42Z,NA,NA,NA,,,,,
at://did:plc:ymwhxwa3ordpuub3dzln3pbq/app.bsky.feed.post/3mlrcazfprk2r,bafyreifg7hadag6ijbe4earblukfxfqvlalkajke5hoavjxj7pv7fy6sii,uppityaf.bsky.social,🪶∞ Uppity𓂃✶,"She is human detritus, & I'm not so sure about the human component...
#DanielleSmithIsUnfitToLead #ableg #abpoli #cdnpoli",,,,0,5,5,0,2026-05-13T21:56:43Z,at://did:plc:pi6p2ujo7ph2o2ztsomzazi6/app.bsky.feed.post/3mlqec437fs23,at://did:plc:pi6p2ujo7ph2o2ztsomzazi6/app.bsky.feed.post/3mlqec437fs23,NA,,,,,
at://did:plc:re7tflvczjceanwkco2bseqb/app.bsky.feed.post/3mlrc56zocc2w,bafyreidymju3iobqaejkvuwlsttuy6jmdy6mimq7acjk4gwhpigse7s7w4,bella-andme.bsky.social,Sherry Lee,"I can’t recall a Wednesday night Power Panel that gripped my interest with the depth & strength like tonight’s discussion about Alberta with Carlene Variyan, Jordan Leichnitz, Charelle Evelyn & Tim Powers. Great commentary & passionate (especially Jordan!) opinions. 
#pnpcbc #cdnpoli",,,,0,0,2,0,2026-05-13T21:54:32Z,NA,NA,NA,,,,,
at://did:plc:te462bca74usoq54377m3mcl/app.bsky.feed.post/3mlrbypwny22f,bafyreibebj6df6qb4zztxzvha7gzodbjsdefu5yy22vb5mtfyp4cgd2sde,204queenb0574.bsky.social,🍁 Christine 🍁,Canadians may want to note that Stephen Schwarzman is behind Ksi Lisms LNG project and is one of the three companies currently vying to buy Shell's stake in LNG Canada. That would mean an American owns all of our new LNG projects. Why is Carney enriching Americans with our money? #cdnpoli #canadasky,,,,2,5,5,0,2026-05-13T21:52:02Z,NA,NA,at://did:plc:gvda6fem6r7selm4gzjjww4a/app.bsky.feed.post/3mlqjhfvxfk2b,,,,,
at://did:plc:76jyrns4xobe54ooggvj3seq/app.bsky.feed.post/3mlrbwv7qy227,bafyreifp5qecqi66gugfwqml2csg36rugnjhgqrm5qbh4xkmbrzilduhke,kikkiplanet.bsky.social,Kikki Planet,"""This is a big deal. The government cannot have a separatist referendum this fall, period. They cannot do it without defying the law, without defying the courts, and without knowingly doing something that is illegal."" - Naheed Nenshi, leader of Alberta’s official opposition. 

#ableg #cdnpoli",,,,13,74,218,1,2026-05-13T21:51:00Z,NA,NA,NA,,,,,
at://did:plc:ifi6xqgbojwquosnkvzx3gna/app.bsky.feed.post/3mlrbrxnt6k2x,bafyreihzsxdvpcmud5diopw4e6izgl3eqpksksyfql65nknow63m7g3l4a,leftcoasttreefrog.bsky.social,Left Coast Tree Frog 🕊️,"FBI insiders: Kash Patel is 'padding the stats'to boost his record of arrests.
In a Senate hearing on Tuesday, the FBI director dodged questions about his behavior and leadership, instead pointing to arrest data that current and former agents say is manipulated.
#cdnpoli
www.ms.now/news/fbi-ins...",,,,0,1,1,0,2026-05-13T21:48:16Z,NA,NA,NA,,,,,
at://did:plc:2wxkdwpu5v66xkue5ti62y6u/app.bsky.feed.post/3mlrbrmiwbs2g,bafyreibxbv2y4gt2erynamrmv5db5hzyusk76x2ofy3smpgtyhxh3eu75i,senatorpaulasimons.bsky.social,Senator Paula Simons 🇨🇦,Meanwhile - a quick primer on the duty to consult and the honour of the Crown. www.rcaanc-cirnac.gc.ca/eng/13318325... #ableg #cdnpoli,,,,2,5,17,0,2026-05-13T21:48:03Z,at://did:plc:2wxkdwpu5v66xkue5ti62y6u/app.bsky.feed.post/3mlrboe7amk2g,at://did:plc:2wxkdwpu5v66xkue5ti62y6u/app.bsky.feed.post/3mlrboe6xtc2g,NA,,,,,
at://did:plc:ifi6xqgbojwquosnkvzx3gna/app.bsky.feed.post/3mlrbnpsiwc2j,bafyreifrspelzef3p4nmiv4xdzh6x7lfy3fizweg5sotv2jqw4pbt2qpga,leftcoasttreefrog.bsky.social,Left Coast Tree Frog 🕊️,"Energy minister Dix says four new windfarms will power B.C.’s energy sovereignty.
#bcpoli #cdnpoli
www.winnipegfreepress.com/business/202...",,,,0,0,2,0,2026-05-13T21:45:54Z,NA,NA,NA,,,,,
at://did:plc:74ci3qe4fp4tzdjqjk7bf7np/app.bsky.feed.post/3mlrbn4oprk2y,bafyreicn3nuxtrnpmhbsfokgusiafzrohzuf3wn73flayfsanocacgvcya,handigirlgigi.bsky.social,Wendy B. 🇨🇦 Part owner of Canada. Proud Antifa.,"We need to get these fake Jesus toting politicians the hell out of Canada.
#cdnpoli",,,,0,0,0,0,2026-05-13T21:45:32Z,NA,NA,at://did:plc:serlxfuuco5zwtgjbezfqib5/app.bsky.feed.post/3mlr56f3utk2i,,,,,
at://did:plc:v3eup4rzroyniw2x7bmsdzgt/app.bsky.feed.post/3mlrbf7n7ns2n,bafyreigrnashp5hoohotmumneys7y7jl7owmpplj3pxqqn3nbxuhsur3u4,spudislander45.bsky.social,Spudislander45 🇨🇦❤️🌎💪🫡,"🤔Govt come and go.  This is going to cause mistrust of the process and bind these projects up in litigation as communities, groups and govt seek legal decisions.  They won’t move forward faster.   

Harper tried this and projects were bogged down in litigation. 

#climateaction #cdnpoli",,,,4,9,12,0,2026-05-13T21:41:08Z,NA,NA,NA,,,,,
at://did:plc:d4pjo6ehblrviy625go6uodj/app.bsky.feed.post/3mlrbelg2oc2i,bafyreib5xfdoc7xhrt3dsj5mputfrrvttobr54tgc5zdotyixdi5ictf4m,tindizzy.bsky.social,Dizzy ★,"Sure doesn’t instil a lotta confidence in our checks and balances, systems of government and oversight the petition was illegally authorized, though.

#AbLeg #AbPoli 
#CanPoli #CdnPoli",,,,2,2,6,0,2026-05-13T21:40:46Z,NA,NA,at://did:plc:ytocixg42b7yd2xgcffog4ag/app.bsky.feed.post/3mlr4nqel6225,,,,,
at://did:plc:eaeuyrvdlqvjgznelgcdimct/app.bsky.feed.post/3mlrbb5spd22k,bafyreiczocqzvesygs5hiibp75qhb2r724vsf6sfjx4ztz5xmcjbd7l4ai,madhat59kenwood.bsky.social,Ken Wood part owner of 🇨🇦,My mother got the long form. Its a very good long form census. We should all have recieved the long form. No short forms should be sent IMO. #cdnpoli,,,,0,0,5,0,2026-05-13T21:38:51Z,at://did:plc:fc2lcla5v53m5lhtahfhclij/app.bsky.feed.post/3mlr5h2vnbh2a,at://did:plc:fc2lcla5v53m5lhtahfhclij/app.bsky.feed.post/3mlr5h2vnbh2a,NA,,,,,
at://did:plc:ifi6xqgbojwquosnkvzx3gna/app.bsky.feed.post/3mlrb7w4cy22y,bafyreihlued7fol6jbpmbnjwb3jsymw4b3rbwkabpye4fucvwdsaolvike,leftcoasttreefrog.bsky.social,Left Coast Tree Frog 🕊️,"The President May Settle His Own Lawsuit With Your Money:
The DOJ—led by Trump’s former personal defense attorney—is reportedly negotiating a $10 billion payout for Trump from the IRS.
The point of Trump’s game is always the grift —pony up Americans🤗
#cdnpoli
www.motherjones.com/politics/202...",,,,2,1,2,1,2026-05-13T21:38:10Z,NA,NA,NA,,,,,
at://did:plc:ymwhxwa3ordpuub3dzln3pbq/app.bsky.feed.post/3mlrb6nmdcc2r,bafyreigeghyhobqqqezlkh23rc7kvpwqceb5qjogasow25yfhz4kd7lf4y,uppityaf.bsky.social,🪶∞ Uppity𓂃✶,"Oh FFS, she is preposterous. What a low down dirty piece of 💩.

#DanielleSmithIsUnfitToLead #ableg #abpoli #cdnpoli",,,,0,0,0,0,2026-05-13T21:37:27Z,at://did:plc:3vbrxetphbjma5h4zcmsrlia/app.bsky.feed.post/3mlqpwuja4c26,at://did:plc:3vbrxetphbjma5h4zcmsrlia/app.bsky.feed.post/3mlqpwuja4c26,NA,,,,,
at://did:plc:w4xgktzvnu4xyy37xlgp3xki/app.bsky.feed.post/3mlrb57skys2d,bafyreicjkh7fuvmjucup3mxhgohbbquuvxdr4qdw5xszqylnjweebvqpj4,cindylee2102.bsky.social,Lil Cin 🇨🇦,David Parker and Cameron Davies need to be arrested NOW! #abpoli #ableg #cdnpoli #databreach,,,,3,17,28,1,2026-05-13T21:36:39Z,NA,NA,at://did:plc:4euncr44a5aflpbcbjhvjvdo/app.bsky.feed.post/3mlratibs4q2i,,,,,
at://did:plc:abt5tpb7lqr7vopkrkwfswwq/app.bsky.feed.post/3mlrau4yhfa2k,bafyreihs2zt2xsmmczl3mxytagv2caivcr4ljbwkhactgc7fbiktldabvq,canadareport.org,Canada Report,"Slate Grocery REIT Announces Voting Results from 2026 Annual and Special Meeting of Unitholders

Canada’s fastest news scan: 25+ headlines, no clutter, updated all day: CanadaReport.org

#cdnpoli #Canada #News #Business #Economy 
Read Original Article 🔗",,,,0,0,0,0,2026-05-13T21:31:34Z,NA,NA,NA,,,,,
at://did:plc:re7tflvczjceanwkco2bseqb/app.bsky.feed.post/3mlrapvr3jc2o,bafyreibtn7rxc5j22pd5s5mk2a54ci6qbqgfux3jylum637wcuyz2hpz4e,bella-andme.bsky.social,Sherry Lee,"David Cochrane asking Ontario Finance Minister Peter Bethlenfalvy why not Ottawa for the host city for the Defence Bank - regardless of his fulsome response - seems to me it’s because Doug Ford said “no”. 😉 I’m sure Ford would like it in his own backyard. 
#pnpcbc #cdnpoli #onpoli",,,,0,0,2,0,2026-05-13T21:29:12Z,NA,NA,NA,,,,,
at://did:plc:2aqybdhkgskcgdhm5gh3coqw/app.bsky.feed.post/3mlraijhe7a23,bafyreihjt5thbdwkgzca3ooaftwch6toju2eqxabipmzhdpn3rjhef22lm,kautious.com,Kautious,"Alberta court quashes independence petition approval
Court of King’s Bench ruling followed First Nations challenge citing Treaty rights/consultation; analysts say Cabinet referendum path may remain.
Matters for Smith, June 10/Oct.19 timelines, appeal risk. #abpoli #cdnpoli",,,,1,0,1,0,2026-05-13T21:25:05Z,NA,NA,NA,,,,,
at://did:plc:te462bca74usoq54377m3mcl/app.bsky.feed.post/3mlrad2oags2f,bafyreiaxvmglwpm7ha3bjc3zfol6kg5shdgnsta42yjng55dy5ws47pa5m,204queenb0574.bsky.social,🍁 Christine 🍁,This is outrageous! #cdnpoli #canadasky,,,,0,0,0,0,2026-05-13T21:22:03Z,NA,NA,NA,,,,,
at://did:plc:67mpqdmuvarollmm2lqcz6ac/app.bsky.feed.post/3mlracyshe22x,bafyreic5vpth6aprrvmrclu66nq5kdx3wllrpkhh33k5q6yypfnfnhzt4a,coldcollective.bsky.social,4restKC,"CBC are corporate slime.

#cdnpoli

youtu.be/Kf-dTAwRb5U?...",,,,0,0,0,0,2026-05-13T21:21:59Z,NA,NA,NA,,,,,
at://did:plc:ifi6xqgbojwquosnkvzx3gna/app.bsky.feed.post/3mlracb2nus2m,bafyreialmy7tefiiuip6m6ys5k4ibraohvyoujw5v4xrvnnrpcymcegxce,leftcoasttreefrog.bsky.social,Left Coast Tree Frog 🕊️,"Quebec proposes law allowing people to obtain conjugal violence history of partners.
Legislation inspired by Gabie Renaud, a Quebec woman killed last September.
#qcpoli #cdnpoli
www.cbc.ca/news/canada/...",,,,0,2,1,0,2026-05-13T21:21:35Z,NA,NA,NA,,,,,
at://did:plc:eaeuyrvdlqvjgznelgcdimct/app.bsky.feed.post/3mlra5tlhr22k,bafyreibgrslnhlquth3x55ptpexknyl56qihxf22ipkkmhgd4xbkv6ihrm,madhat59kenwood.bsky.social,Ken Wood part owner of 🇨🇦,100% agree. 🇺🇲politicians are tone deaf when it comes to 🇨🇦 and 🇨🇦's anger every single time they stck their nose into our countries sovereignty. @slotkin.senate.gov you have massive work to do in 🇺🇲 stick to it. Your POTUS clown is in 🇨🇳 now to strike trade deals. #uspoli #cdnpoli,,,,0,0,1,0,2026-05-13T21:19:05Z,NA,NA,at://did:plc:nqg2b6zm3r75puid6je5ljhv/app.bsky.feed.post/3mlkvmfxkdk24,,,,,
at://did:plc:ypbo2mq6dqcct43gt2sam6el/app.bsky.feed.post/3mlr7ynmvuz2j,bafyreifze7oo76y5sieymzgcufqpdgrvgndybe5qxm3i6qmitlvlboefhu,ipolitics.bsky.social,iPolitics,Experts warn of risk and potentially costly trade-offs in Carney’s reform plan #cdnpoli #ipolitics,,,,0,1,2,0,2026-05-13T21:16:12Z,NA,NA,NA,,,,,
at://did:plc:42d3ygndtzzh2hzltcdqarw2/app.bsky.feed.post/3mlr7vwiqlc2q,bafyreia72v2rs25oat6bda3qsq7c24tm57xjjrxk3tacgblbja5sfexw2m,megs.bsky.social,Megs 🇨🇦🏳️‍⚧️⚓,"Alberta provincial judge tosses Elections Alberta approval of separation petition. Boo hoo, so sad. #cdnpoli",,,,0,0,4,0,2026-05-13T21:14:42Z,NA,NA,NA,,,,,
at://did:plc:v3eup4rzroyniw2x7bmsdzgt/app.bsky.feed.post/3mlr7r2rnls2n,bafyreidhckyfwxzogblo7igpwvd5ver5iongilq5mrrqao6kro6mb6kb7q,spudislander45.bsky.social,Spudislander45 🇨🇦❤️🌎💪🫡,"TOP NEWS FOR #CANADA AND FOR #ALBERTA‼️❤️❤️❤️

….ERROR IN LAW… 

“failed in its duty to consult with applicants Athabasca Chipewyan First Nation, Blood Tribe, Piikani Nation, and Siksika Nation.”
 #cdnpoli #ABPOLI #CANADASTRONG #SeparatistPetition",,,,0,0,13,0,2026-05-13T21:11:58Z,NA,NA,NA,,,,,
at://did:plc:scijaby6du6jgxawtsawmsqo/app.bsky.feed.post/3mlr7pmz6cs25,bafyreidh7wqfgmrd35bnlvw5yxlgm3i4ii22propuj4w3xig3hu3smfjea,infiniteworlds.bsky.social,4 Seasons Total Landscaping,"Thank you Blood Tribe! 🪶Thank you Chipewan FN! 🪶
#abpoli #cdnpoli #ableg",,,,0,1,5,0,2026-05-13T21:11:09Z,NA,NA,at://did:plc:eheb3fp5ayjufkb6j46eg2qw/app.bsky.feed.post/3mlr4mb7eak2i,,,,,
at://did:plc:4xqt7t2zph634drigtdxdmro/app.bsky.feed.post/3mlr7oxttj22q,bafyreidvnanjopxcp3lcn2m23fg4tz4sh766vsewershquzxhkgg6wjevu,journodale.bsky.social,Dale Smith,New column from me at Loonie Politics: Pharmacare's pending demise is a lesson in looking for easy wins #cdnpoli,,,,0,3,3,0,2026-05-13T21:10:47Z,NA,NA,NA,,,,,
at://did:plc:uxj5ihyuzrgxmuvjeanl57ys/app.bsky.feed.post/3mlr7muyrzmv2,bafyreigklxirts64xjkeruw3pjz5x7ztnbiluyembehdlmv4up5hkdclfe,chris.mstdn.chrisalemany.ca.ap.brid.gy,Chris Alemany🇺🇦🇨🇦🇪🇸,"addendum for the “Carney is better than PP crowd”

OK... Yes, Carney is better than PP.

However, he is worse than Harper (according to multiple reports now)

That means the current hierarchy is:

Harper
Carney
Poillievre.

The *only* option for […] 

[Original post on mstdn.chrisalemany.ca]",,,,0,4,1,0,2026-05-13T21:13:34Z,at://did:plc:uxj5ihyuzrgxmuvjeanl57ys/app.bsky.feed.post/3mlr46zgk6bj2,at://did:plc:uxj5ihyuzrgxmuvjeanl57ys/app.bsky.feed.post/3mlr46zgk6bj2,NA,,,,,
at://did:plc:scijaby6du6jgxawtsawmsqo/app.bsky.feed.post/3mlr7jeiajc25,bafyreia6q75z5bjtiuo2t4nxfl46sftsaifvv6cdlblrypnea5lztxnssi,infiniteworlds.bsky.social,4 Seasons Total Landscaping,#abpoli #ableg #cdnpoli #ABseperation,,,,0,1,5,0,2026-05-13T21:07:39Z,NA,NA,at://did:plc:rsvzkqxa2xdojwmjljqzs4ik/app.bsky.feed.post/3mlr3i7juuk2s,,,,,
at://did:plc:v3eup4rzroyniw2x7bmsdzgt/app.bsky.feed.post/3mlr7gxnxi22n,bafyreifnv4zxzhmiezaorssm6xd36ai66stmm54s3suqa67fjuesenag24,spudislander45.bsky.social,Spudislander45 🇨🇦❤️🌎💪🫡,If #NATO is lucky they can join #Ukraine. #cdnpoli,,,,0,1,6,0,2026-05-13T21:06:19Z,NA,NA,NA,,,,,
at://did:plc:abt5tpb7lqr7vopkrkwfswwq/app.bsky.feed.post/3mlr76ms4vu2b,bafyreibmcfr3dkcagolbcrbqccwyckvnomvhostijwlyowzanmn4lttxgm,canadareport.org,Canada Report,"Malgré une légère baisse de population | Le poids du Québec dans le Canada se maintient

Canada’s fastest news scan: 25+ headlines, no clutter, updated all day: CanadaReport.org

#cdnpoli #Canada #News 
Read Original Article 🔗",,,,0,0,0,0,2026-05-13T21:01:39Z,NA,NA,NA,,,,,
at://did:plc:k6a35s56ijvrb4zjkq4ojll5/app.bsky.feed.post/3mlr742htz52j,bafyreibm6cjvuulkbzyazim6b4avhp3dtllxx2llrw4r24xbranaq27x6u,toptags.bsky.social,Trending Hashtags,"🚀 BlueSky trending hashtags (15m) #16-30:

#aiart #aiイラスト #abdl #gay #sexy #gooner #musicchallenge #onlyfans #ass #nsfwsky #ocsky #cdnpoli #goonsky #boobs #humpday

👇 #1-15 trending hashtags",,,,0,0,0,0,2026-05-13T21:00:12Z,NA,NA,at://did:plc:z22iojvb45xno3nblfy6fcwg/app.bsky.feed.post/3mlr7426b2x2m,,,,,
at://did:plc:rkyu6mb3uieyk6nel54xwisl/app.bsky.feed.post/3mlr72puty22y,bafyreig3h4rdljjccpe3xc3duvjfz7kj2u4htc6a4gxb524eurwwgallfa,smikooman.bsky.social,Doug Johnson 🇨🇦,"Alberta Referendum Process Halted
The court determined that the Alberta government failed to fulfil its mandatory constitutional duty to consult with First Nations. The legal victory completely stops the citizen-led petition spearheaded by the separatist group Stay Free Alberta. #CdnPoli 🇨🇦 #ABpoli",,,,1,1,10,0,2026-05-13T20:59:28Z,at://did:plc:rkyu6mb3uieyk6nel54xwisl/app.bsky.feed.post/3mlgrw2rvhk22,at://did:plc:rkyu6mb3uieyk6nel54xwisl/app.bsky.feed.post/3mlgrw2rvhk22,at://did:plc:zx22gibu7dgptgazrbteulkl/app.bsky.feed.post/3mlr3ys4gds2b,,,,,
at://did:plc:unzp2ogxuniwapj6z5si7pz6/app.bsky.feed.post/3mlr6yyhltk2u,bafyreiafvjbqhp6o7uver3crl35ooqnjfov7s2y3yrhpqqbyeat5ofevhu,meowshell.bsky.social,Meowshell,open.substack.com/pub/wesleywa... #QC #PQ #Quebec #CdnPoli #ABLeg #Alberta #Canada,,,,0,0,0,0,2026-05-13T20:58:31Z,NA,NA,NA,,,,,
at://did:plc:7clspctikalivcrzqthdk3pp/app.bsky.feed.post/3mlr6xkut6c2e,bafyreieqvavmsrlfjlvolxs2hewcqwtbyc5kuee4uyinibae3ghmumaly4,sammyhamburger.bsky.social,Sammy Hamburger 🇨🇦,#abpoli #cdnpoli,,,,0,1,3,0,2026-05-13T20:57:42Z,at://did:plc:oqxoq7btbkztewuzmallzuvo/app.bsky.feed.post/3mlr6tfzha223,at://did:plc:oqxoq7btbkztewuzmallzuvo/app.bsky.feed.post/3mlr6tfzha223,NA,,,,,
at://did:plc:jeuzjfwsgn62xfoe7qo4jul5/app.bsky.feed.post/3mlr6nambss2c,bafyreifkv5nd6nputoi76arct6hcrirerhedctj73jride554ff5bokjpe,bigclimate.bsky.social,Bentley ****TALK CLIMATE****,"At the risk of stating the obvious... 
#abpoli #cdnpoli #ClimateChange bsky.app/profile/bigc...",,,,0,4,6,0,2026-05-13T20:51:57Z,at://did:plc:rsvzkqxa2xdojwmjljqzs4ik/app.bsky.feed.post/3mlqrtcczv22e,at://did:plc:rsvzkqxa2xdojwmjljqzs4ik/app.bsky.feed.post/3mlqrtcczv22e,at://did:plc:jeuzjfwsgn62xfoe7qo4jul5/app.bsky.feed.post/3mlr67ls7xk2c,,,,,
at://did:plc:j4gu6wzm6rr3vcvtfszxuizc/app.bsky.feed.post/3mlr6imdsl223,bafyreidfe2usq2w64fbrf627cygy7exxlarshn2zlcp675lzmqg22g727m,canuckfella.bsky.social,CanuckFella,"#Cdnpoli #Alberta #separatistreferendum
#Canada",,,,0,1,5,0,2026-05-13T20:49:20Z,NA,NA,at://did:plc:zx22gibu7dgptgazrbteulkl/app.bsky.feed.post/3mlr3ys4gds2b,,,,,
at://did:plc:52x4hgh43acag3ecs2qi57tr/app.bsky.feed.post/3mlr6gq3pe22s,bafyreidorn3ftadfyy6cccfmsivu3ednrzwgimnehyoii6ofqttv3ysnu4,albertagirl67.bsky.social,albertagirl67 🇨🇦🇺🇦👊🐧🔥,#abpoli #cdnpoli,,,,0,0,3,0,2026-05-13T20:48:16Z,NA,NA,at://did:plc:e3uwo6d5sg6x3rolvj6v7bwp/app.bsky.feed.post/3mlr5ubraac2z,,,,,
at://did:plc:pj6ys6sdgulv2csgh47asm7z/app.bsky.feed.post/3mlr6fdgxms2o,bafyreidhrzvys2a7swaooqzmmjtavs22qxxnawmbrxnxlkqqiqglw3pgze,renmccormacksghost.bsky.social,WBB - Cernunnos,The elbows up crowd across Canada need get their Bobby Clarke hockey sticks out and start breaking ankles regarding Environmental catastrophe AI data centres across #Canada . In  a hurry. #Cdnpoli,,,,0,3,4,0,2026-05-13T20:47:31Z,NA,NA,NA,,,,,
at://did:plc:55f556gizq63ibchaqwkgtjd/app.bsky.feed.post/3mlr6eiy4yk23,bafyreifh5sldyt4ktqpt725rmkpwcfoed2455cqi6srcga76c22pmnrmse,pdawkins.bsky.social,Paul Dawkins 🍉,"Treaty rights are not to be disregarded or trampled at whim, yet some of the worst people imaginable backing this ""petition"" don't care.

This ruling should bring an end to this separatist nonsense, which may as well be a foreign psyop. Enough is enough. Wake up, Alberta. #cdnpoli",,,,0,2,4,0,2026-05-13T20:47:04Z,NA,NA,at://did:plc:noyq7zmgfffrwhsvgu7awofe/app.bsky.feed.post/3mlr53z7yhc25,,,,,
at://did:plc:ekew4wtc2m4ctroumek7kr4l/app.bsky.feed.post/3mlr6djkzvs2r,bafyreiaroakdkw66zlllyjbg3gkvb46ql6l7td6b7rdl62jhr7zmvjfg2e,schmutzie.com,Schmutzie.,The Alberta separatists are going to be maaad. Excellent. #AbPoli #CanPoli #CdnPoli,,,,3,1,25,1,2026-05-13T20:46:29Z,NA,NA,at://did:plc:dxwfkbamfijm5ix73nsj4ddl/app.bsky.feed.post/3mlr5tdxesc2d,,,,,
at://did:plc:jeuzjfwsgn62xfoe7qo4jul5/app.bsky.feed.post/3mlr67ls7xk2c,bafyreic5w2jbetaqwm7ds2xhtkendemzy3jvtfebmjhpo67ldst2em4i6y,bigclimate.bsky.social,Bentley ****TALK CLIMATE****,"Given all the smoke, fire, danger, greed and lies I kinda think pipelines align more with the *other* place, just sayin
#abpoli #cdnpoli #ClimateChange",,,,1,9,16,1,2026-05-13T20:44:23Z,NA,NA,NA,,,,,
at://did:plc:76jyrns4xobe54ooggvj3seq/app.bsky.feed.post/3mlr5vsxl5c2s,bafyreid5aj2svldjq6jcjceo7wyhhp2jpdg77m6cjz5jq2yw6yb7rfv7pq,kikkiplanet.bsky.social,Kikki Planet,"Oh they are really gonna start the whiny baby howling now. 

#cdnpoli #ableg 
apple.news/Adu0pFroFTBi...",,,,16,25,143,1,2026-05-13T20:38:51Z,NA,NA,NA,,,,,
at://did:plc:faf6egc2k27washdzaugjizu/app.bsky.feed.post/3mlr5uc5htk2v,bafyreieq67ofyvhxhd4hv2lcvk5bwmgnqrkqbjahfvgbnt7qf7oou2vxaq,kylepkjp.bsky.social,KylePKJP,"Oh, Jesus Fucking Christ! #cdnpoli #uspoli",,,,0,0,0,0,2026-05-13T20:37:59Z,NA,NA,at://did:plc:4ownlsrdmnvwgzmcdi2bof6s/app.bsky.feed.post/3mlqt3ervzk2t,,,,,
at://did:plc:cotdccb2x4rhir44fokzmszk/app.bsky.feed.post/3mlr5sp72yc2f,bafyreibgvmkgvfd5vuk564hs6c7d6uod5hbj3nqhs2gs42btvkfyb6sjte,cmcalgary.bsky.social,cm 🇨🇦,"An Alberta judge has quashed a separatist petition, saying the provincial government had a duty to consult with First Nations.

Justice Shaina Leonard says the petition should never have been issued.

#Alberta #abpoli #Canada #cdnpoli",,,,9,23,83,7,2026-05-13T20:37:06Z,NA,NA,NA,,,,,
at://did:plc:eaeuyrvdlqvjgznelgcdimct/app.bsky.feed.post/3mlr5mj5l6k2o,bafyreih6i5esknrmk3j655fjmsx6pln3y56bqkp6fturagzwfe7mzryjta,madhat59kenwood.bsky.social,Ken Wood part owner of 🇨🇦,One and the same. #cdnpoli,,,,0,0,2,0,2026-05-13T20:33:37Z,at://did:plc:zh5dfrgucq2td5ngz2wtlzle/app.bsky.feed.post/3mlr4oyd2cc23,at://did:plc:zh5dfrgucq2td5ngz2wtlzle/app.bsky.feed.post/3mlr4oyd2cc23,NA,,,,,
at://did:plc:jeuzjfwsgn62xfoe7qo4jul5/app.bsky.feed.post/3mlr5lhk3622c,bafyreiaoyw4c5fccaqh5jaz3ubl4crcpm2amxx5ra3zjfs5pxgmiixggee,bigclimate.bsky.social,Bentley ****TALK CLIMATE****,Significantly weak #cdnpoli #MarkCarney #ClimateChange,,,,0,1,1,0,2026-05-13T20:33:06Z,NA,NA,at://did:plc:w5pxbmkjntxfw6mt4emennhv/app.bsky.feed.post/3mlqvkw2oes2u,,,,,
at://did:plc:4xqt7t2zph634drigtdxdmro/app.bsky.feed.post/3mlr5jkjiqk2q,bafyreigcar4jkqwemqrnjmbeqhk7gesy4qozl2vsffzgkk5aw4vm33g3hm,journodale.bsky.social,Dale Smith,"For the Wednesday crowd, my latest for @cba-nationalmag.bsky.social: The never-ending effort to expand First Nations status #cdnpoli #cdnlaw",,,,0,1,1,0,2026-05-13T20:31:58Z,NA,NA,NA,,,,,
at://did:plc:abt5tpb7lqr7vopkrkwfswwq/app.bsky.feed.post/3mlr5ik6cme2b,bafyreiheosaqejfaf3xajujh67w7asvt6atgqgjiaoacyl7wzoo3ptz3ey,canadareport.org,Canada Report,"The OSBCU Calls for Real Investment After Ford Government’s Deeply Inadequate Education Funding Announcement

Canada’s fastest news scan: 25+ headlines, no clutter, updated all day: CanadaReport.org

#cdnpoli #Canada #News #Business #Economy #onpoli 
Read Original Article 🔗",,,,0,1,1,0,2026-05-13T20:31:24Z,NA,NA,NA,,,,,
at://did:plc:h3y7rhw6ao6nk5mmuskplxco/app.bsky.feed.post/3mlr5cyirbc2b,bafyreifprhozg3jszfw7mo5vofdsearupndked23cdgegskeho3msfqpru,brainiackim.bsky.social,Brainiac Kim 🇨🇦,Just got notice that they're laying off me and my team off. No severance package for the Term employees. #cdnpoli,,,,0,0,1,0,2026-05-13T20:28:17Z,NA,NA,NA,,,,,
at://did:plc:eaeuyrvdlqvjgznelgcdimct/app.bsky.feed.post/3mlr5cp4hvc2o,bafyreihqszvmj6644ihajanj6kil3f2gnxrhrgy2mmnuw72bbfnnnr67vy,madhat59kenwood.bsky.social,Ken Wood part owner of 🇨🇦,BREAKING 🚨: this might be big #abpoli #cdnpoli,,,,1,2,9,0,2026-05-13T20:28:07Z,NA,NA,at://did:plc:zx22gibu7dgptgazrbteulkl/app.bsky.feed.post/3mlr3ys4gds2b,,,,,
at://did:plc:ypbo2mq6dqcct43gt2sam6el/app.bsky.feed.post/3mlr5bal4iu2y,bafyreiaawwfq7x3rocijbio3m5qtdiz57orjnn7er2egfytbzxyzbv4wjy,ipolitics.bsky.social,iPolitics,Shooting for the stars #cdnpoli #ipolitics,,,,0,0,0,1,2026-05-13T20:27:19Z,NA,NA,NA,,,,,
at://did:plc:ykvfxsnswr6rcwdbwocwqajt/app.bsky.feed.post/3mlr5atshks23,bafyreibt5bbbbcr6kje3ilf66a4m744o6557xfveclqpses6zf3bdmrdre,anniegirl.bsky.social,Ann Petersen-Kane,"Separatists have lost this round, but they still have our personal data, and David Parker is still saying he can do as he pleases with it.

But also, Danielle Smith is simply going to write her own separatists referendum for Oct, so nothing has changed really. #abpoli #ableg #cdnpoli",,,,1,10,24,0,2026-05-13T20:27:05Z,NA,NA,at://did:plc:eheb3fp5ayjufkb6j46eg2qw/app.bsky.feed.post/3mlr4mb7eak2i,,,,,
at://did:plc:eaeuyrvdlqvjgznelgcdimct/app.bsky.feed.post/3mlr5alzlp22o,bafyreidodpqtmjnywdfu3atrbewkqmf2md67piaaoocstchr4xfuiu3kwa,madhat59kenwood.bsky.social,Ken Wood part owner of 🇨🇦,🤣 good on Theo #cdnpoli 👇,,,,0,0,1,0,2026-05-13T20:26:57Z,NA,NA,at://did:plc:erwcofx42b24pekytwhgwsk3/app.bsky.feed.post/3mlr46wdtqs2t,,,,,
at://did:plc:2jfr7qhenekca6f6qtjgwdr4/app.bsky.feed.post/3mlr573qp6c2x,bafyreihpbm4ewqhchjl2zwmgtow2rica6cvdnmxanptwbwfvpqzcoq6a4a,calgaryclimatehub.ca,Calgary Climate Hub,#CostOfClimate #ClimateChange #yyc #abpoli #cdnpoli #CanadaSky #ClimateSky #EnergyTransition #Electrostates #Petrostates #China #Iran #America,,,,0,3,2,0,2026-05-13T20:26:08Z,NA,NA,NA,,,,,
at://did:plc:3j6g2ike2stnamog7fzizqle/app.bsky.feed.post/3mlr56tqluc2l,bafyreibksa4ephowch6y2mna2uct3bjf37ign5prycul7flbkcnjvctgf4,craigsaunders.bsky.social,Craig Saunders ,"This is a very important decision. People need to realize that treaty rights are real.

#cdnpoli",,,,0,5,9,1,2026-05-13T20:25:58Z,NA,NA,at://did:plc:noyq7zmgfffrwhsvgu7awofe/app.bsky.feed.post/3mlr53z7yhc25,,,,,
at://did:plc:j4rrqqwlgedatyuhbcposqz2/app.bsky.feed.post/3mlr53frrd22l,bafyreictcnpkplwkdbtyxagp4iqeodoqor3cnvh2qel5egsrpphutekcxe,danonthelam.bsky.social,Dan Johnson,"The reason why Danielle Smith and the #corruptUCP are staying quiet about the data breach is because they have the right to remain silent as anything they say may and can be used in a court of law.

#ableg #abpoli #cdnpoli #christofascism",,,,1,6,13,0,2026-05-13T20:24:04Z,NA,NA,NA,,,,,
at://did:plc:7ycfilosz2dmgcnqbh76jdol/app.bsky.feed.post/3mlr4w26phc24,bafyreihu4cirjuxuaibz3itquct3wg2ak6xupnkgiathg7u6jgl3w63jg4,coolxenu.bsky.social,Cool Xenu 8647,"I think this is caused by the narrow mindedness of most rural voters.

When supporters are attacked merely for showing a candidate's sign, then something is seriously wrong.

And what is seriously wrong is the proud ignorance and rampant racism of rural Albertans

#ableg #cdnpoli",,,,1,0,0,0,2026-05-13T20:21:03Z,at://did:plc:f3fugbaf3nzkbqasasceerr4/app.bsky.feed.post/3mlozr53fn22n,at://did:plc:7ycfilosz2dmgcnqbh76jdol/app.bsky.feed.post/3mlnxtzdclk2w,NA,,,,,
at://did:plc:ypbo2mq6dqcct43gt2sam6el/app.bsky.feed.post/3mlr4r7qkpe2s,bafyreigdl73mh6rfg732k6ykh35hulmo2ih22dcq6gjgc242feb4n2xdi4,ipolitics.bsky.social,iPolitics,"Wellington Advocacy welcomes Patrick Weeks, Burson brings on Brian Pearl, Allan O’Dette now at Sussex Strategy Group #cdnpoli #ipolitics",,,,0,0,0,0,2026-05-13T20:18:21Z,NA,NA,NA,,,,,
at://did:plc:7ycfilosz2dmgcnqbh76jdol/app.bsky.feed.post/3mlr4qy22ds24,bafyreifx46xeqbj4r3nul56q7iyxkbgwoevezskhgv6njx4cgr7wwlxbdy,coolxenu.bsky.social,Cool Xenu 8647,"I lived in Edmonton for 40+ years and can also confirm the facts.

Many Albertans complain about the stereotypes the rest of Canada sees in Alberta, but Albertan's lack of self awareness prevents them from realizing they ARE those stereotypes.

#cdnpoli #ableg",,,,0,1,2,0,2026-05-13T20:18:13Z,at://did:plc:fo6wpgp6wp3ptllfxvth7svj/app.bsky.feed.post/3mlqj5zqifk2e,at://did:plc:fo6wpgp6wp3ptllfxvth7svj/app.bsky.feed.post/3mlqhehw43c2e,NA,,,,,
at://did:plc:ako65x53epqewjh4ozu7wjs2/app.bsky.feed.post/3mlr4quapjs2b,bafyreienoej6nzyyu7ugkkxmaubk5tl27453o5lr5k7szczljb3t2nxn2a,centristhumanist.bsky.social,Anaximander's Elbows Up Tardigrade Brigade 🍁🇨🇦🇺🇦🇬🇱,"Explain to me like I'm five years old why Canada needs to host the World Cup?! 
#cdnpoli",,,,0,0,2,0,2026-05-13T20:18:09Z,NA,NA,at://did:plc:g72r2bhbs6xcdyyuaw5qnghc/app.bsky.feed.post/3mlr3y45l522l,,,,,
at://did:plc:7ycfilosz2dmgcnqbh76jdol/app.bsky.feed.post/3mlr4ltvlak24,bafyreibyqtmrtdljfgavlrvcnkrkn7wfhgfsixyhugppreoszrakwz3iuy,coolxenu.bsky.social,Cool Xenu 8647,"California should secede, all the other states do is take from California.

#USA

#cdnpoli",,,,0,0,1,0,2026-05-13T20:15:21Z,at://did:plc:jgq7h24ujdk2nklwgqxqadpa/app.bsky.feed.post/3mlr3pm3ghc2j,at://did:plc:yly3aulwiwaboatf2v2pjkhc/app.bsky.feed.post/3mlqzjzi5gs2f,NA,,,,,
at://did:plc:jw3ocg24thye7i5sjjhia62e/app.bsky.feed.post/3mlr4lqests2y,bafyreifte5gwpdqzc4efjoy66aojgqp2gin4idmglbknxjzxgnqa6kilam,markhamhislop.bsky.social,Markham Hislop,"Yup, Alberta's Peeing Away Another Boom

An excerpt from my interview w/@maxfawcett of the National Observer.

You'll never guess what we're talking about.
#ableg #abpoli #cdnpoli 
youtu.be/_gCtLxgZYLA",,,,0,17,35,2,2026-05-13T20:15:18Z,NA,NA,NA,,,,,
at://did:plc:xyzlbocbcny36mjw53wuzxh4/app.bsky.feed.post/3mlr4ka4ju22b,bafyreidc3b4fwgmhsa6w3uc2hxkl4pmok6lfn7f6okrnew4qkvaiq5cdqe,jonchevreau.bsky.social,Canuckstan 🇨🇦,4 things fuelling Alberta Separatism #CanadaSky #cdnpoli #Canada #USpol thewalrus.ca/alberta-sepa...,,,,0,16,28,0,2026-05-13T20:14:28Z,NA,NA,NA,,,,,
at://did:plc:ykvfxsnswr6rcwdbwocwqajt/app.bsky.feed.post/3mlr4i3tps223,bafyreibq7n5skoeqccrjazhnmvkbecq5gzvba5zeal7zlfrrrkysqfqp3e,anniegirl.bsky.social,Ann Petersen-Kane,"Oh hey, #abpoli, fresh hell-scape incoming. Grant Hunter, Environment Minister, has asked for justification for the continuation of air sheds. Literally ""why do we need to monitor the air""? And ""can we get rid of this department?"" Just in time for wildfire season! #ableg #cdnpoli",,,,2,9,12,2,2026-05-13T20:13:13Z,NA,NA,NA,,,,,
at://did:plc:7ycfilosz2dmgcnqbh76jdol/app.bsky.feed.post/3mlr4hlakps24,bafyreigrqb2uvb5flbhhfgd5jhrrdblxhznxlbbqnl4qdgz4p3j62s5a74,coolxenu.bsky.social,Cool Xenu 8647,"Feeble drunk #DavidParker had to turn off his email because he is a coward.

#ableg #cdnpoli",,,,0,0,5,0,2026-05-13T20:12:57Z,NA,NA,at://did:plc:rsvzkqxa2xdojwmjljqzs4ik/app.bsky.feed.post/3mlr3i7juuk2s,,,,,
at://did:plc:px2esgvbnl7ransisaced6wu/app.bsky.feed.post/3mlr4fii2kk2y,bafyreidjtnmwwwl7hrwvorygozqovqj5v2camlscizdr47kg7lo7dj5sem,stevemilesnet.bsky.social,🟥‬🍁🟥‬𝓢𝓽𝓮𝓿𝓮 𝓜𝓲𝓵𝓮𝓼 𝓝𝓮𝓽🟥‬🍁🟥‬,"Part 1 of 4👍
#Instafollow #Bluesky #Politics #Democracy #Resistance #Canadasky #Canadian #cdnpoli #Boycotts #neverthe51ststate #EightySixFortySeven #nomorewar #BoycottUsCars #MarkCarney #NeverVoteConservative #American #USApoli #𝓢𝓽𝓮𝓿𝓮𝓜𝓲𝓵𝓮𝓼𝓝𝓮𝓽
youtu.be/suNokIDj7bs?...",,,,0,2,2,1,2026-05-13T20:11:49Z,NA,NA,NA,,,,,
at://did:plc:ifi6xqgbojwquosnkvzx3gna/app.bsky.feed.post/3mlr47jas5k27,bafyreiazk5qywmurhzvunjfjrlyr4kzozvyvurljpmjv6xxs3uly4tzllq,leftcoasttreefrog.bsky.social,Left Coast Tree Frog 🕊️,"Hegseth Reveals There Is No Plan To Open
Strait Of Hormuz.
Whiskey Pete's performative dodging made it crystal clear there is NO PLAN.
#cdnpoli
crooksandliars.com/2026/05/hegs...",,,,1,1,0,0,2026-05-13T20:08:28Z,NA,NA,NA,,,,,
at://did:plc:ruhwgda4uh6aaj4qe5ncapj3/app.bsky.feed.post/3mlr3tzzn222b,bafyreifmqb75aguosezdtxsyatnddguumm4waleqlk4qggsl3eheojtioi,neilforreal.bsky.social,Neil,"We're just pretending climate change isn't happening. That'll work, right? #cdnpoli",,,,2,3,6,1,2026-05-13T20:02:04Z,NA,NA,at://did:plc:w5pxbmkjntxfw6mt4emennhv/app.bsky.feed.post/3mlqvkw2oes2u,,,,,
at://did:plc:uxj5ihyuzrgxmuvjeanl57ys/app.bsky.feed.post/3mlr46zgk6bj2,bafyreiehknhcufnnae7rssll7dqgni4wajjabk2ghuxebvhovvzcxnyrre,chris.mstdn.chrisalemany.ca.ap.brid.gy,Chris Alemany🇺🇦🇨🇦🇪🇸,"One of the many things I love about Quebeccers, is they care about the environment and they also know a fraud when they see one.

Mark Carney is a fraud on the environment.

“Oui, Carney est pire qu’Harper en environment”

I don't think I need to translate the headline. :)

#Carney #CanPoli […]",,,,1,4,2,0,2026-05-13T20:12:31Z,NA,NA,NA,,,,,
at://did:plc:abt5tpb7lqr7vopkrkwfswwq/app.bsky.feed.post/3mlr3tidg532k,bafyreidrvaq6fogh7qe2bfagkd65rnohkgnfjjigzus73ze3iqatkkjef4,canadareport.org,Canada Report,"Canada to create AI and Labour Advisory Council, Solomon says

Canada’s fastest news scan: 25+ headlines, no clutter, updated all day: CanadaReport.org

#cdnpoli #Canada #News #Tech #AI 
Read Original Article 🔗",,,,0,0,0,0,2026-05-13T20:01:44Z,NA,NA,NA,,,,,
at://did:plc:taj2zzm53ypc45lb25vfslts/app.bsky.feed.post/3mlr3irnbv22u,bafyreid4h4wmhpqjm62q3rxhgiud63nr7hyfqm7dotibe4nw7kn5a7hy4m,clairebeauchampmd.bsky.social,Claire Beauchamp MD 🇨🇦,"@calgaryherald.com @donbraid.bsky.social @robbreakenridge.bsky.social 
""Holy"" shit.
#cdnpoli #abpoli
@chebert18.bsky.social",,,,0,0,3,1,2026-05-13T19:55:45Z,NA,NA,at://did:plc:3vbrxetphbjma5h4zcmsrlia/app.bsky.feed.post/3mlqpwuja4c26,,,,,
at://did:plc:rsvzkqxa2xdojwmjljqzs4ik/app.bsky.feed.post/3mlr3i7juuk2s,bafyreicgeig4t7bmbut4lse6xduqi5maqc6jk6nqhlj76zl7ep4bb4egga,thebreakdownab.bsky.social,The Breakdown AB,"BREAKING!!!!

A judge has ruled that the Elections Alberta CEO’s issuing of the separatist petition was a violation and the decision to issue that has been quashed.

The push to have an illegal petition has killed itself!

#abpoli #ableg #cdnpoli",,,,15,65,222,9,2026-05-13T19:55:29Z,NA,NA,NA,,,,,
at://did:plc:7ycfilosz2dmgcnqbh76jdol/app.bsky.feed.post/3mlr3dwwe7224,bafyreiaw4bf6g7x7yfpdyci52odpku6vuvdnnoja7ah5xjras4syl3wnua,coolxenu.bsky.social,Cool Xenu 8647,"Morons ruling over you that you all can't do a thing about.

#USA

#cdnpoli",,,,0,0,0,0,2026-05-13T19:53:03Z,at://did:plc:t6ubj2wlhc34awzcymh3qpur/app.bsky.feed.post/3mlowazfz6c24,at://did:plc:t6ubj2wlhc34awzcymh3qpur/app.bsky.feed.post/3mlowazfz6c24,NA,,,,,
at://did:plc:7ycfilosz2dmgcnqbh76jdol/app.bsky.feed.post/3mlr3536xcs24,bafyreieunmibhpp4ijbxt5ic5a547uvwr3uaft2tlggfcxrmrffttctjoi,coolxenu.bsky.social,Cool Xenu 8647,"He looks at that in the mirror every morning and says to himself, ""Yeah, I am the greatest.""

Let that sink in.

#USA #MAGA

#cdnpoli",,,,0,0,0,0,2026-05-13T19:50:41Z,at://did:plc:t6ubj2wlhc34awzcymh3qpur/app.bsky.feed.post/3mlogdcorlc2r,at://did:plc:t6ubj2wlhc34awzcymh3qpur/app.bsky.feed.post/3mlogdcorlc2r,NA,,,,,
at://did:plc:yzjmgg6uorsfs2bm6txotdx6/app.bsky.feed.post/3mlr32wxcec22,bafyreiedjt2jjuka2oiv5hsbn54b2ufn3kqpomhp72h67iigmnkkxwmzra,davenlsn.bsky.social,Dave Nelson 🇨🇦,"@thebeaverton.com  doing real reporting again 🤪 
#CanadaSky #cdnpoli #abpoli",,,,0,5,14,0,2026-05-13T19:48:04Z,NA,NA,at://did:plc:4z7le4gy5xiioq2l7ptdhps7/app.bsky.feed.post/3mlqusqvwbk2l,,,,,
at://did:plc:ako65x53epqewjh4ozu7wjs2/app.bsky.feed.post/3mlr2z7zu3c2p,bafyreigy65g26b2zuffm2jitkissk6qq7lu3zwi36xn63itnlegx53i7o4,centristhumanist.bsky.social,Anaximander's Elbows Up Tardigrade Brigade 🍁🇨🇦🇺🇦🇬🇱,"One persepective.

Primarily rocussed on comparing Carney to the worst cases - Trump and Poilievre. No examination of whether Carney has achieved any of his promises, particularly those related to lowering Canada's carbon footprint.
#cdnpoli",,,,0,0,0,0,2026-05-13T19:47:05Z,NA,NA,NA,,,,,
at://did:plc:fuak6asmyzr6r34f6er6z4ju/app.bsky.feed.post/3mlr2q7sz7s2z,bafyreibbnspgo3ppo4ncciowarndyzsogrrgawkjmw5nrs5dz4udeb6hla,jansplanet.bsky.social,Janet 🇨🇦,"‘SLCN's Application for an interlocutory injunction is denied.’

#AbPoli #CdnPoli #StopSmith #ForeverCanadian #Treaty #TRC #LandBack",,,,0,3,3,0,2026-05-13T19:42:05Z,NA,NA,NA,,,,,
at://did:plc:re7tflvczjceanwkco2bseqb/app.bsky.feed.post/3mlr2mhlj422a,bafyreicjvxuvj6w4bt7b2s2ctvpqu76f4pevcqz2icgl7j622wkhsmtqwy,bella-andme.bsky.social,Sherry Lee,"Never mind an obligation to followers or voters. That matters yes.
But what I can't get over is the misinformation and the defiant attitude Michelle Ferrari is passing on her her children. 
Children do learn what they live. That's a choice parents make.
#cdnpoli",,,,0,1,3,0,2026-05-13T19:39:55Z,NA,NA,at://did:plc:6lf4mqeuilmro75uc6jy72dd/app.bsky.feed.post/3mlqo6gaowc2x,,,,,
at://did:plc:z6mtty553vjcwqwwkjzbwpaa/app.bsky.feed.post/3mlr2mhhzrk2r,bafyreidl33hvnusfyg2nebjc7wmewhpeufroweatynfmuremwn2x6kjwge,teasready.bsky.social,tea’s ready 🏳️‍⚧️🏳️‍🌈 🇨🇦,"Time is almost up (deadline May 20) to sign this parliamentary petition to protect gender affirming health care in Canada.

The CMA says doctors trust the science. Let’s leave trans people’s medical decisions between them and their doctors, where they belong. 
#abpoli #cdnpoli",,,,0,1,1,0,2026-05-13T19:39:54Z,NA,NA,NA,,,,,
at://did:plc:eaeuyrvdlqvjgznelgcdimct/app.bsky.feed.post/3mlr2kmv2qs2k,bafyreifzbk7mdganb43iy5ynd4epyv2ylktwwf57rgm5pvqfyisxv3m3ii,madhat59kenwood.bsky.social,Ken Wood part owner of 🇨🇦,🇨🇦💪 #cdnpoli,,,,0,0,1,0,2026-05-13T19:38:52Z,NA,NA,at://did:plc:ralxrfpmgdxc7hmnvujfzjqy/app.bsky.feed.post/3mlqzwer5yk2a,,,,,
at://did:plc:ifi6xqgbojwquosnkvzx3gna/app.bsky.feed.post/3mlr2eaakyk2r,bafyreicyk6p6cbuuqgazup6lleq6bkcdabiiozfdhfu3n5xkb4ij44f6ou,leftcoasttreefrog.bsky.social,Left Coast Tree Frog 🕊️,"You were expecting better from the Zionist CBS Editor in Chief?  
Israel has been pulling the strings of America’s most senior politicians for years! A mega dose of war — genocidal
propaganda is just the latest debasement, in the long downward slide of a once fiercely independent nation.
#cdnpoli",,,,0,0,1,0,2026-05-13T19:35:18Z,at://did:plc:ifi6xqgbojwquosnkvzx3gna/app.bsky.feed.post/3mlqz5ea3vk2n,at://did:plc:ifi6xqgbojwquosnkvzx3gna/app.bsky.feed.post/3mlqz5ea3vk2n,NA,,,,,
at://did:plc:abt5tpb7lqr7vopkrkwfswwq/app.bsky.feed.post/3mlr25hklyw2z,bafyreieb2tpglehzjbsaywbgyzsrd2wtgegihxmutiozusbhvgwjixwtjy,canadareport.org,Canada Report,"IAIABC Foundations Program Now Open to Private Sector Participants

Canada’s fastest news scan: 25+ headlines, no clutter, updated all day: CanadaReport.org

#cdnpoli #Canada #News #Business #Economy #bcpoli 
Read Original Article 🔗",,,,0,0,0,0,2026-05-13T19:31:31Z,NA,NA,NA,,,,,
at://did:plc:eix3tk3r26zi2p3vyreh3k3b/app.bsky.feed.post/3mlqzrvdtls22,bafyreib4ekogig5zxdr5zfwizzi4vxwyam3e4gx3pmh7soxp275c5ekfzi,atomicker.bsky.social,NA,"Mark Carney backs down yet again.

If Carney can't even negotiate with Danielle Smith, how can he be expected to effectively represent Canada in negotiations with Donald Trump?

#Canada #CDNPoli #ClimateCrisis #ClimateBreakdown #ClimateChange #NoPipelines #ABPoli #ElbowsUp",,,,0,1,2,0,2026-05-13T19:25:05Z,NA,NA,NA,,,,,
at://did:plc:ifi6xqgbojwquosnkvzx3gna/app.bsky.feed.post/3mlqz5ea3vk2n,bafyreie4z4czps5phdtuubceojakcqj3hzrametod4ywqofegbkm22tea4,leftcoasttreefrog.bsky.social,Left Coast Tree Frog 🕊️,"Bari Weiss wants ‘MAGA-coded’ CBS News anchor for 60 Minutes shake-up in latest network overhaul.
Word of the overhaul comes after a report that Weiss personally booked Sunday's interview with PM Netanyahu and passed over 60 Minutes veteran Lesley Stahl
#cdnpoli
www.independent.co.uk/news/world/a...",,,,1,0,3,0,2026-05-13T19:13:34Z,NA,NA,NA,,,,,
at://did:plc:3rpfz7pfzaiqxqoql75cvg2f/app.bsky.feed.post/3mlqz43g5uc2u,bafyreia4xnourhoespv2o7frqobsiiopfiuhq26ge2mqulh3ldnsbvzkjq,cpbh01.bsky.social,CPBH,"Thank you to Ontario MPP Tom Rakocevic - one of the few politicians in Canada talking about quality issues with newly built homes. 

He also raises the ongoing problems with the Ontario mandatory monopoly Tarion. 

#HousingQuality #EndTarionMonopolyNOW #onpoli #Cdnpoli #NewlyBuiltHomes",,,,0,1,2,0,2026-05-13T19:12:51Z,NA,NA,NA,,,,,
at://did:plc:axedgvwqzfkji55rgx2ybzvz/app.bsky.feed.post/3mlqyx5kik22d,bafyreid6axs2crg5m7logklradxlze2kdukpyj6d27yii3dflzlzw7bisi,antigentri.bsky.social,,"#canpoli #cdnpoli
👏👏👏👏",,,,0,0,0,0,2026-05-13T19:10:06Z,at://did:plc:w5pxbmkjntxfw6mt4emennhv/app.bsky.feed.post/3mlqvkw2oes2u,at://did:plc:w5pxbmkjntxfw6mt4emennhv/app.bsky.feed.post/3mlqvkw2oes2u,NA,,,,,
at://did:plc:ifi6xqgbojwquosnkvzx3gna/app.bsky.feed.post/3mlqymbedpk2r,bafyreihd62fpc5dn7okhkdncwd2wlr5ctqzk5ffogmgijw5hvae5vtn6ti,leftcoasttreefrog.bsky.social,Left Coast Tree Frog 🕊️,"Trump's bizarre antics aren't flying anymore — and there's a reason for that.  No kidding Einstein — the man is a loon.
#cdnpoli
www.alternet.org/trump-cognit...",,,,0,0,1,0,2026-05-13T19:04:01Z,NA,NA,NA,,,,,
at://did:plc:abt5tpb7lqr7vopkrkwfswwq/app.bsky.feed.post/3mlqyjrx55n2d,bafyreifcnmeda4c7shjwoaa24eablukgitih4jii5ukqzuzyt67gqgaqbq,canadareport.org,Canada Report,"🇨🇦 PM Briefing — May 13  
Canada invests $800M in AI, boosting global competitiveness!  
• High-skilled jobs on the rise  
• Alberta's carbon pricing set for 2040  

Learn more:...

Read: canadareport.org/briefing-2026-05-13-afternoon.html
#cdnpoli",,,,0,0,0,0,2026-05-13T19:02:37Z,NA,NA,NA,,,,,
at://did:plc:ypbo2mq6dqcct43gt2sam6el/app.bsky.feed.post/3mlqyhatna62c,bafyreih5dvjfto6hxmie2n2rd4one5ccjjcwtji5idl34agvf5ajs6anlu,ipolitics.bsky.social,iPolitics,"Hansen, Artemis II crew talk about future space missions in Ottawa #cdnpoli #ipolitics",,,,0,1,1,0,2026-05-13T19:01:12Z,NA,NA,NA,,,,,
at://did:plc:eaeuyrvdlqvjgznelgcdimct/app.bsky.feed.post/3mlqy2lingc2x,bafyreibose5n6d6eufnj2l2rt2l7gxpm5aqzxxpq552nn2wgw75h6uydqm,madhat59kenwood.bsky.social,Ken Wood part owner of 🇨🇦,👍 #cdnpoli,,,,0,1,2,0,2026-05-13T18:54:06Z,NA,NA,at://did:plc:ti6jbyxaba25qtl7rgp6mbxg/app.bsky.feed.post/3mlogmln2t22k,,,,,
at://did:plc:eaeuyrvdlqvjgznelgcdimct/app.bsky.feed.post/3mlqxzi4eys2x,bafyreidejrjod5ge53j47txcue5mnemuwpteq7yyexsd3d6k3nsb2pgfnq,madhat59kenwood.bsky.social,Ken Wood part owner of 🇨🇦,Another whinny politician pointing fingers demanding more from Ottawa especially more for things under prov & local responsibilities. #cdnpoli #vanpoli,,,,1,0,0,0,2026-05-13T18:53:29Z,NA,NA,at://did:plc:6k2gorznpf4ombeqvlvqds3s/app.bsky.feed.post/3mlqm32k5jc2l,,,,,
at://did:plc:in6t5b6l3wnfwkcuqji57ttg/app.bsky.feed.post/3mlqxx5u6w22d,bafyreiczajbwr2sr6hexa4nsafm2e4j7ypaatwljsn2uqiiszazneq6gju,ccfr-ccdaf.bsky.social,Canadian Coalition for Firearm Rights,"For years, Doug Ford has spoken against the feds gun ban and confiscation scheme, but hasn’t taken a single step to block it in Ontario. “You’re focusing on the wrong group. I support law-abiding hunters and gun owners,” he said recently. 

The right words, but talk is cheap. #cdnpoli #onpoli",,,,1,0,2,0,2026-05-13T18:52:15Z,NA,NA,NA,,,,,
at://did:plc:ypbo2mq6dqcct43gt2sam6el/app.bsky.feed.post/3mlqxx5yczg2q,bafyreia4whoanigg2amw67kl6ptgz2476klc73sf2zajf7otorjpxc44x4,ipolitics.bsky.social,iPolitics,Ottawa asks defence industry for options on replacements for aging tank fleet #cdnpoli #ipolitics,,,,1,0,1,0,2026-05-13T18:52:12Z,NA,NA,NA,,,,,
at://did:plc:eaeuyrvdlqvjgznelgcdimct/app.bsky.feed.post/3mlqxwntau22x,bafyreidwgp4actflznjlkrxqrsv6zkqggzomjjvldljhba24hkzf4ujthi,madhat59kenwood.bsky.social,Ken Wood part owner of 🇨🇦,"@rebeccaleebligh.bsky.social might focus on the inability of local govts to show backbone to get things done. Also bloated wasteful Metro Van regional districts, lack of vision & off loading costs to builders to provide what local govts should inc house prices. But point fingers  #cdnpoli #vanpoli",,,,0,1,0,0,2026-05-13T18:51:55Z,NA,NA,at://did:plc:6k2gorznpf4ombeqvlvqds3s/app.bsky.feed.post/3mlqm32k5jc2l,,,,,
at://did:plc:ifi6xqgbojwquosnkvzx3gna/app.bsky.feed.post/3mlqxw25em22w,bafyreig645v6g7y4eape7gzqoaelv523nr6nmwevs5zakr4lgdsvodd774,leftcoasttreefrog.bsky.social,Left Coast Tree Frog 🕊️,"Trump’s visit to China already got off to “a rocky start,” according after the president stepped off Air Force One to be greeted not by Xi, but by lower-ranking Chinese officials, the optics of which Mary L. Trump, Trump’s niece, described as “HUMILIATING.” 🤗
#cdnpoli",,,,1,0,1,0,2026-05-13T18:51:34Z,at://did:plc:ifi6xqgbojwquosnkvzx3gna/app.bsky.feed.post/3mlqxq5sk7c2w,at://did:plc:ifi6xqgbojwquosnkvzx3gna/app.bsky.feed.post/3mlqxq5sk7c2w,NA,,,,,
at://did:plc:ifi6xqgbojwquosnkvzx3gna/app.bsky.feed.post/3mlqxq5sk7c2w,bafyreihh6omrwvpka75dayknutd4rtkzrgd6uxetqgyjpzlkssonyjn5bu,leftcoasttreefrog.bsky.social,Left Coast Tree Frog 🕊️,"CNN reporter taken aback as Chinese residents let Trump have it.  Why the surprise?  Wake up folks, the President’s name is mud everywhere, even among most Americans.
#cdnpoli
www.rawstory.com/trump-china-...",,,,1,1,8,0,2026-05-13T18:48:19Z,NA,NA,NA,,,,,
at://did:plc:7clspctikalivcrzqthdk3pp/app.bsky.feed.post/3mlqxpxu7f22e,bafyreigx3pgp6ooxuqawkj3yjmw5ijqjerfylnad2n3yz3jlt74r7qkzne,sammyhamburger.bsky.social,Sammy Hamburger 🇨🇦,#onpoli #cdnpoli,,,,1,2,3,0,2026-05-13T18:48:11Z,NA,NA,at://did:plc:wdvn5f3ak3gyta7bb4nuao7d/app.bsky.feed.post/3mlqkiz7r3z27,,,,,
at://did:plc:ii6oavwfjgy2s33lwrcbjubl/app.bsky.feed.post/3mlqxnrdrdc2v,bafyreicw5wcakjnje5m2smgrz2pyxk2b7mgz7uftcpx3un4353o2iu73ce,robinhood246.bsky.social,B.G. Witch 🇨🇦 🏳️‍⚧️ 🌈,"This is the future Market Carney wants for Canadians.

We will be peasants who set up the data centers, and then we'll thank them for stealing our water and power and jobs.

A perfect society, if youre already-wealthy #cdnpoli @mark-carney.bsky.social @liberalca.bsky.social",,,,0,1,3,0,2026-05-13T18:46:59Z,NA,NA,NA,,,,,
at://did:plc:eaeuyrvdlqvjgznelgcdimct/app.bsky.feed.post/3mlqxlwpais2x,bafyreidahbpwhjlatpasz6qjmdo45dq3epxrfd7w4vse6wk6naf72qzgzq,madhat59kenwood.bsky.social,Ken Wood part owner of 🇨🇦,Not taken as funny or a joke here in 🇨🇦 where it started. #cdnpoli #ukpoli,,,,1,0,2,0,2026-05-13T18:45:55Z,at://did:plc:kme7oeqdzuqyh2ulplcaazl6/app.bsky.feed.post/3mlqwobutt22v,at://did:plc:kme7oeqdzuqyh2ulplcaazl6/app.bsky.feed.post/3mlqwobutt22v,NA,,,,,
at://did:plc:4ftxdmxx7qjpmyo4nz4et7nx/app.bsky.feed.post/3mlqxfxsjyc2l,bafyreiddmjuzpzww2y7iaybgwev7xn76h6po2rqoruykmkfxnfm7jmflxa,progresscanada.bsky.social,Progress Canada Podcast,"As part of our 2026 Liberal Leadership Series, the Progress Canada Podcast is sitting down with every Ontario Liberal Party leadership hopeful to discuss their vision for the province. In our latest episode, we're joined by Lee Fairclough.

#onpoli #cdnpoli #olpldr #progresscanada",,,,0,0,0,0,2026-05-13T18:42:38Z,NA,NA,NA,,,,,
at://did:plc:ii6oavwfjgy2s33lwrcbjubl/app.bsky.feed.post/3mlqx2ks7i22m,bafyreicvd2aosywrjtmcgkxwabt56myqwfbgoffqcxowijkbrw6klv4t2a,robinhood246.bsky.social,B.G. Witch 🇨🇦 🏳️‍⚧️ 🌈,"Would love to see my PM orchestrate a sustainable energy revolution.

But we get handouts to megacorps and the fossil fuel sector.

Market Carney doesn't see the benefit in ""just helping people"" #cdnpoli @mark-carney.bsky.social",,,,1,3,8,0,2026-05-13T18:36:13Z,NA,NA,at://did:plc:icsgkevq6mfyuf5c357xc7dm/app.bsky.feed.post/3mlqbithb2r2t,,,,,
at://did:plc:ebnpvh2qn74h56bqgsus4fur/app.bsky.feed.post/3mlqwzo5jik2r,bafyreibegaxubvw6ify6dpmxjcx55fnbrl4nreku2czrfcnlwaxw3po23y,christyceeck.bsky.social,My IRL friends call me Chris,"If this happens it would mark ""the latest — and possibly most significant — climbdown in federal emissions-reduction policy since Justin Trudeau left office.""

Mark Carney is doing his best to broil or drown your children and grandchildren. 

What a disaster this duplicitous man is.

#CdnPoli",,,,2,12,34,5,2026-05-13T18:35:45Z,NA,NA,NA,,,,,
at://did:plc:fuak6asmyzr6r34f6er6z4ju/app.bsky.feed.post/3mlqwwy6vxk2p,bafyreidxgu6ugli5vbuuezzh4p443klky2cfxaod37m2jds2vrsmeia2hu,jansplanet.bsky.social,Janet 🇨🇦,"The Baseload myth triggers me, especially when trumpeted by Smith. Unfortunately, as you know, disinformation works.

#CoordinatedAttack #Disinformation #PetroFundedConspiracy #CdnPoli #AbPoli #FutureIsElectric #ClimateActionNow",,,,1,1,1,0,2026-05-13T18:34:14Z,at://did:plc:f45rmqrfxsgogceeitwosszx/app.bsky.feed.post/3mlqwcgcgbk2o,at://did:plc:f45rmqrfxsgogceeitwosszx/app.bsky.feed.post/3mlqwcgcgbk2o,NA,,,,,
at://did:plc:ypbo2mq6dqcct43gt2sam6el/app.bsky.feed.post/3mlqwvwajrr2c,bafyreicw6vn2db6ra7d2m42mhuknlkfkaqjdlfvgwcxugww75mhfjtmgoq,ipolitics.bsky.social,iPolitics,"Energy sector investment, exchange rate factors in possible Bank of Canada rate hikes #cdnpoli #ipolitics",,,,1,0,1,0,2026-05-13T18:33:37Z,NA,NA,NA,,,,,
at://did:plc:ykvfxsnswr6rcwdbwocwqajt/app.bsky.feed.post/3mlqwtn73hk23,bafyreiddhltd5ivt54shdo5wvdnpnga2rrsurvtzmdbiv6zplqxfzop4xu,anniegirl.bsky.social,Ann Petersen-Kane,"Last week's episode of The Boys has the character of The Deep doing a PSA about how oil pipelines are good for environment because oil is ""natural"". This is the lead up to Homelander declaring himself ""god"". Art is predicting life a bit too nose on for me atm. #abpoli #cdnpoli",,,,3,10,10,0,2026-05-13T18:32:18Z,NA,NA,at://did:plc:pi6p2ujo7ph2o2ztsomzazi6/app.bsky.feed.post/3mlqec437fs23,,,,,
at://did:plc:abt5tpb7lqr7vopkrkwfswwq/app.bsky.feed.post/3mlqwsa766s2j,bafyreigugnq3g7hnauxqi2mejndomqqkdotow2226vuby67xvso5xis6vq,canadareport.org,Canada Report,"Notice of the 2026 Annual General Meeting of the Shareholders of Theon International PLC

Canada’s fastest news scan: 25+ headlines, no clutter, updated all day: CanadaReport.org

#cdnpoli #Canada #News #Business #Economy 
Read Original Article 🔗",,,,0,0,0,0,2026-05-13T18:31:33Z,NA,NA,NA,,,,,
at://did:plc:puohdnmnxm5habzhbjdwdmqb/app.bsky.feed.post/3mlqwpribxn2h,bafyreibhh3tk7sblyqd43qfn6qmffz57bhov2nkfzldtksnwyivzytsg7q,animal-justice.bsky.social,Animal Justice,"BREAKING: Early Monday morning, truckloads of horses were crammed into crates & flown from Edmonton to Japan for slaughter. They endured a dangerous & terrifying journey without food, water, or rest 🐴💔

Urge the Canadian government to BAN this cruelty: https://bit.ly/48XNTwM #CdnPoli",,,,3,13,16,2,2026-05-13T18:30:11Z,NA,NA,NA,,,,,
at://did:plc:nibu4sqcfd7upw7kxgb5nt5g/app.bsky.feed.post/3mlqwfl6oxk2j,bafyreid5jkixnsbnokor3fpt5vpbfpiiafo2xryflv24skkwojkrlrsgzy,dave1agar.bsky.social,dave1agar,"Abacus Data: The Carney government’s approval has hit a new high.

57% approve
28% disapprove

The Liberals also lead the Conservatives by 10 points nationally.

#cdnpoli",,,,0,0,1,0,2026-05-13T18:24:28Z,NA,NA,NA,,,,,
at://did:plc:62dvag4x5a64dre4bju3nj6z/app.bsky.feed.post/3mlqwe4j5yk25,bafyreidja7pmyuzmdp4ucdnzyvi4pikmpcpx2i7jbi742selzsx2bcs74m,cmusician.bsky.social,Carolyn Hudson,"Citing media reports about the coming deal on the industrial carbon price, the organization Environmental Defence called the changes the “final nail in Canada’s climate action coffin.” www.thestar.com/politics/fed... via @thestar.com #cdnpoli #ClimateChange",,,,1,0,0,0,2026-05-13T18:23:42Z,NA,NA,NA,,,,,
at://did:plc:r64wzjtkimyq4vkiddzuu6no/app.bsky.feed.post/3mlqwbposys2u,bafyreia7kmlawaoz2a6z62a6aas532grm752fr24mrypgsjaj6ygrud3vy,bcwildfirewkly.bsky.social,BC Wildfire Weekly - Wildfires + More,"“Helicopter experiences lightning strike and loss of control over North Pender Island, British Columbia” www.tsb.gc.ca/eng/medias-m... - Transportation Safety Board of Canada

FR: www.tsb.gc.ca/fra/medias-m...

#BCPoli #CDNPoli #GulfIslands #NorthPenderIsland",,,,0,1,1,0,2026-05-13T18:22:18Z,NA,NA,NA,,,,,
at://did:plc:re7tflvczjceanwkco2bseqb/app.bsky.feed.post/3mlqw2miz7k2o,bafyreidaawfcewt4htfvrtyt54tyxoku6sr755oe2g3bwfxtlan6a6chbu,bella-andme.bsky.social,Sherry Lee,"Interesting conversation, excellent listen.
#cdnpoli #abpoli",,,,0,0,1,0,2026-05-13T18:18:21Z,NA,NA,at://did:plc:irpq4mghmydxwpecwn3xoun6/app.bsky.feed.post/3mlqtdvckl225,,,,,
at://did:plc:ztg7s6zljk4yy3vj3az4vc4k/app.bsky.feed.post/3mlqvwewzrs2h,bafyreihvjlnjlaa52focfyzjerzfjthlk4fjxa5dx7ujvbssxqsvu2iq5y,earthangel777.bsky.social,EarthAngel777,"Imagine a world where ALL humans were respected & treated well. Where we ALL would be abundant, civilized, moral & harmonious. Provided ALL that we needed so we wouldn't even need money. It's a Good World Order #gwo! = It would Lift us ALL up! #VenusProject #RBE & Technology
#topoli #onpoli #cdnpoli",,,,0,1,0,0,2026-05-13T18:15:58Z,NA,NA,NA,,,,,
at://did:plc:ma5n7cq5oubn424zpxipovbg/app.bsky.feed.post/3mlqvonzqxk24,bafyreiaodecjaz6znn32p3b33j7yry6zder5dy4nr3ijmboag24sk7gzge,marushka-t.bsky.social,Marushka-T,#fentanyl #USborderpatrol #cdnpoli,,,,0,0,0,0,2026-05-13T18:12:04Z,NA,NA,at://did:plc:72j74jzuto62bqvug5khpj76/app.bsky.feed.post/3mlqul7r6q22t,,,,,
at://did:plc:oprhya4c3rd3prfyypchbd2l/app.bsky.feed.post/3mlqvmcbgtk2y,bafyreihqy34zyk5dowcrw27fv7rvfztaysxbfquos3xy2xxjee33ho2e3y,ruthmkb.bsky.social,ruthko,"The leaderless Ontario Liberal Party has been riding high in the polls, I felt optimism for the first time since 2018!

And then the party made this mess with the nomination election in #ScarboroughSouthWest, my 💔! 

Fix it, LPC! Fix it NOW! Doug is laughing! 

#onpoli #cdnpoli",,,,0,0,7,1,2026-05-13T18:10:20Z,NA,NA,NA,,,,,
at://did:plc:w7yhpanniwt2sweiorkvec7j/app.bsky.feed.post/3mlqvegkzms2p,bafyreic5r3r5owq5s3dlxizfgbns52bgo64tk4btwvux4kyl32dotimrvi,luciecatnip.bsky.social,Lucie🐈‍⬛Catnip ,"""Canada has a national carbon price that is supposed to apply to all provinces and territories. The headline price was supposed to rise to $170/tonne by 2030.""

Carney keeps selling out environmental protections. That's not debatable at this point.

#cdnpoli

www.cbc.ca/news/politic...",,,,0,1,7,0,2026-05-13T18:05:57Z,NA,NA,NA,,,,,
at://did:plc:ruhwgda4uh6aaj4qe5ncapj3/app.bsky.feed.post/3mlqv6vjxfk2a,bafyreiebn5wfcpwjtama3uk2wgmhejbufjrazacmnqh46o6vjhgfbwrq3i,neilforreal.bsky.social,Neil,The MAGA freaks are fully in control of Alberta. #abpoli #cdnpoli,,,,2,3,7,0,2026-05-13T18:02:50Z,NA,NA,at://did:plc:pi6p2ujo7ph2o2ztsomzazi6/app.bsky.feed.post/3mlqec437fs23,,,,,
at://did:plc:phponn5ujc7dno42lw5maxmt/app.bsky.feed.post/3mlqv4kx3jc2m,bafyreibyohskaukare5gq3julubf54376xcs647vkj2r265mwnsxl45wd4,phillipmeintzer.bsky.social,Phillip Meintzer,Mark Carnage™ #CDNPoli,,,,0,1,4,0,2026-05-13T18:01:32Z,NA,NA,at://did:plc:cdt7dpjjqodvlpzfibfhizs5/app.bsky.feed.post/3mlqv3hknac2t,,,,,
at://did:plc:abt5tpb7lqr7vopkrkwfswwq/app.bsky.feed.post/3mlqv4jyraz2p,bafyreihtm72bzx2aaxw4rqhcgxpeiopq34jmglsognalefxwzqbttzjus4,canadareport.org,Canada Report,"Why you don’t need a PhD to invest in deep tech

Canada’s fastest news scan: 25+ headlines, no clutter, updated all day: CanadaReport.org

#cdnpoli #Canada #News #Tech #AI 
Read Original Article 🔗",,,,0,0,0,0,2026-05-13T18:01:31Z,NA,NA,NA,,,,,
at://did:plc:wklzxhaz2wrelcuy3xucw3jp/app.bsky.feed.post/3mlquxs7cdk26,bafyreihpj5cxdqqvjc6nrx35c77sxhcbklc3f4bhs6of4xlaw3puohv5d4,thatgenxwidower.bsky.social,L Bennett 🇨🇦 🇪🇺🇺🇦✌🏻#TeamCanada #ElbowsUp,"It looks like the General got the memo. Turning Canada to self reliance will take time, but it's a 'must have'. #cdnpoli #defence #CanadaStrong 

montrealgazette.com/news/canada-...",,,,1,3,10,0,2026-05-13T17:58:54Z,NA,NA,NA,,,,,
at://did:plc:eaeuyrvdlqvjgznelgcdimct/app.bsky.feed.post/3mlqutv5jp22q,bafyreicfwpae7u7qpexook3w6co6q3qucfaqhy5xfjlg3f5traeaq4jcba,madhat59kenwood.bsky.social,Ken Wood part owner of 🇨🇦,of course. It should be in Vancouver. But Ottawa cant see that far. #cdnpoli,,,,1,1,2,0,2026-05-13T17:56:41Z,at://did:plc:3l6h5tayy6vycige2igmorv4/app.bsky.feed.post/3mlqsxytwok2i,at://did:plc:3l6h5tayy6vycige2igmorv4/app.bsky.feed.post/3mlqsc2y4ss2f,NA,,,,,
at://did:plc:eaeuyrvdlqvjgznelgcdimct/app.bsky.feed.post/3mlqujapuzc2q,bafyreihhk2btj4v75yy5pbwvhjt6jssoryrhwemmgb4wap3mslkqd65cbm,madhat59kenwood.bsky.social,Ken Wood part owner of 🇨🇦,At least we know the other two are satire. The govt shite is horrifically real. #abpoli #cdnpoli,,,,1,0,3,0,2026-05-13T17:50:44Z,at://did:plc:m7fyge4gdjxgtshv5nvkn3u4/app.bsky.feed.post/3mlqo4vd2dk25,at://did:plc:4xqt7t2zph634drigtdxdmro/app.bsky.feed.post/3mlqm2kfr422q,NA,,,,,
at://did:plc:eaeuyrvdlqvjgznelgcdimct/app.bsky.feed.post/3mlqugvufqk2q,bafyreihz7oytqr4rku2n3gc7gwvwoz6u65dvn6q65y5iypwperxx2ptrae,madhat59kenwood.bsky.social,Ken Wood part owner of 🇨🇦,"Worse Cheryl. Your car has its own GPS locator device in its computer. Don't need a cell phone. Any newer vehicle that has automatic updates sent to it, which is all of them have GPS. #cdnpoli",,,,0,2,5,0,2026-05-13T17:49:25Z,at://did:plc:3l6h5tayy6vycige2igmorv4/app.bsky.feed.post/3mlqtm5kam22i,at://did:plc:3l6h5tayy6vycige2igmorv4/app.bsky.feed.post/3mlqfrx6b7c25,NA,,,,,
at://did:plc:7hy5iuitgvm7g4eqruidn2mm/app.bsky.feed.post/3mlqucujr7s27,bafyreifzrt5plg7b2jgy3cjcsear4lcwrnmxafqfecccfdbn4zdr54cqbi,whistlerheidi.bsky.social,Whistler Heidi🇨🇦,"The Alberta separatists are being financed by two of Canada's most relentless enemies: Putin's Russia and Trump's United States
@pgottlieb.bsky.social #abpoli #cdnpoli",,,,0,0,0,0,2026-05-13T17:47:10Z,NA,NA,NA,,,,,
at://did:plc:67mpqdmuvarollmm2lqcz6ac/app.bsky.feed.post/3mlqu62glek2s,bafyreiasxelxlz3wjsnqnlkvv7mxrzbbjvjblkdd2yjgmafgwfg3h2xcim,coldcollective.bsky.social,4restKC,"Been saying it for years, no one listened. 

It's always Canada isn't the U.S etc etc. but if you are one of the ones that pays attention, this isn't a surprise in the slightest.

Being on the left and working in fine dining, then the trades... has been truly black pilling and eye opening.

#cdnpoli",,,,0,0,1,0,2026-05-13T17:44:30Z,NA,NA,NA,,,,,
at://did:plc:ig6dnt4tqgg7iwwtywx3bkvd/app.bsky.feed.post/3mlqtzpeynk2x,bafyreidgqrm4jtf4w2ns2p75o3onm5ckurawlz474n46hatbkwqw7gwm24,robduncan.bsky.social,Rob Duncan,"Jimmy Kimmel takes (and aces) Trump's ""cognitive test,"" the Montreal Cognitive Assessment, a test for symptoms of dementia.

Trump lies about EVERYTHING.

www.youtube.com/watch?v=X6hF...

#25thAmendment #TraitorTrump #USPOL #USA #us #uspoli #poli #cdnpoli #auspol #RemoveTrump #DonaldTrump #antifa",,,,0,4,11,0,2026-05-13T17:42:07Z,NA,NA,NA,,,,,
at://did:plc:r2qm5vzmsns46l4n6e6rjh2a/app.bsky.feed.post/3mlqtp5nmpk2o,bafyreibkchyo2vkjo3kn6zgexoj3ej5yafqdgljv2kkecmazsf5euvm4ta,brucedc77.bsky.social,Bruce D. Cowherd   🇨🇦,"As the U.S. starves it of oil, Cuba is pulling off one of the fastest solar revolutions on the planet ~ with China's help.
In 2023 China exported $3 million of solar panels to Cuba. In 2025 $117 million. 
#cdnpoli #Canada 🇨🇦 #CanadaSky #RenewableEnergy",,,,1,8,17,0,2026-05-13T17:36:10Z,NA,NA,NA,,,,,
at://did:plc:pedpziwws5vkocuq76mokn7c/app.bsky.feed.post/3mlqtlwhmnk2t,bafyreifc26bvaph7cjildn43gkqvwuwsuxizhvpux4cuom3mpxcjbl7h4y,deepgreendesign.bsky.social,Deep Green Design,"Telsa’s entered Canada’s market in 2009, this should never have happened.

Due to fires, some buildings will not allow EVs to park in underground lots. This is a result of weak safety validation.

#CdnPoli",,,,1,1,1,0,2026-05-13T17:34:20Z,at://did:plc:h7nln7hldtjluycli3hawll2/app.bsky.feed.post/3mlqmxxvqsk2h,at://did:plc:pedpziwws5vkocuq76mokn7c/app.bsky.feed.post/3mlqap3hwv224,NA,,,,,
at://did:plc:hyujkg7mrtxpqhoke4wtrs3o/app.bsky.feed.post/3mlqtjv63g222,bafyreiahiqw3cxjm3yl2czmxv4sfbqjb76gpahc3cmznyhwep42lkxcxv4,handle.invalid,CEIU-SEIC,Bargaining is heating up as the employer recently proposed an insulting wage offer. It’s in this pivotal context that we are happy to let you know our bargaining campaign is live! View here: ceiu-seic.ca/campaigns/ba... #canlab #cdnpoli,,,,0,0,0,0,2026-05-13T17:33:07Z,NA,NA,NA,,,,,
at://did:plc:abt5tpb7lqr7vopkrkwfswwq/app.bsky.feed.post/3mlqthbcbxs2j,bafyreidwk7m6tdkkaw6oza6zntxvs6z4fublaezm2wcasyklloxl2c4nue,canadareport.org,Canada Report,"Microsoft’s LinkedIn is cutting jobs in latest industry cull

Canada’s fastest news scan: 25+ headlines, no clutter, updated all day: CanadaReport.org

#cdnpoli #Canada #News #Business #Economy 
Read Original Article 🔗",,,,0,0,0,0,2026-05-13T17:31:44Z,NA,NA,NA,,,,,
at://did:plc:67mpqdmuvarollmm2lqcz6ac/app.bsky.feed.post/3mlqsttv5ec2j,bafyreiap5erwoxjwpb4bzo6khmmdr4fk3bhrusr6kpqx4qbfkdbpjeh6xa,coldcollective.bsky.social,4restKC,"If the world actually wants a sustainable AI future there is literally no way to do it without renewable energy, and including China in its development.

We still have an edge in the software dept. but when it comes to the hardware, efficiencies and infrastructure... That's all China baby

#cdnpoli",,,,0,0,3,0,2026-05-13T17:20:50Z,NA,NA,NA,,,,,
at://did:plc:re7tflvczjceanwkco2bseqb/app.bsky.feed.post/3mlqsp5ffts2t,bafyreigbvzsu7ycuqaw744z63bachsg5dt7e22ui2mzspv7ayoosdjrpne,bella-andme.bsky.social,Sherry Lee,"Obviously I must be rusty on my teachings of Jesus. I don't recall anything about oil. Wine I'm familiar with. Good grief.
#abpoli #cdnpoli",,,,0,1,2,0,2026-05-13T17:18:15Z,NA,NA,at://did:plc:pi6p2ujo7ph2o2ztsomzazi6/app.bsky.feed.post/3mlqec437fs23,,,,,
at://did:plc:nbo7sbdaqftjent7gndejypz/app.bsky.feed.post/3mlqsooz4e22y,bafyreifvdszdo7fuhe5w2kdkoso5ekfnq5yupe6hxg6c55bcqmmyv7taku,lauraba.bsky.social,Laura,"1971: CMHC launched a federal program to help low-income Canadians buy homes.  
Peak government involvement. That’s PP’s affordable era. He’d like government out of the way of the thing government built.

#Cdnpoli

youtu.be/55begrmCgE8?...",,,,0,2,3,0,2026-05-13T17:18:00Z,NA,NA,NA,,,,,
at://did:plc:deej5pakczvmljahhvrridlp/app.bsky.feed.post/3mlqsnzwjgs2l,bafyreifmbsu6x4fcvhuk4gywiugho3lbuyz3kfpv2qt2h75naojjqgunei,pat112.bsky.social,Pat,"The world would be far finer if

 Donald Trump was locked up in China 

as the War Criminal he is .

#Cdnpoli #Uspoli #China #Justice",,,,0,2,2,0,2026-05-13T17:17:37Z,NA,NA,NA,,,,,
at://did:plc:rsvzkqxa2xdojwmjljqzs4ik/app.bsky.feed.post/3mlqsmjaou226,bafyreicbyrwmlixjlmt2gj57ttngqslc6bjlnps4qwk23xzf3uzyfqwedy,thebreakdownab.bsky.social,The Breakdown AB,"“Premier Danielle Smith addresses public on current risks facing Albertans…?” 

Ok this is awesome.

#abpoli #ableg #cdnpoli 

www.youtube.com/live/H8X3BjF...",,,,13,34,75,2,2026-05-13T17:16:47Z,NA,NA,NA,,,,,
at://did:plc:bbnve3u34qpmusulfzkei3p2/app.bsky.feed.post/3mlqsjre4vk2p,bafyreiceq2eoa4qlxmuvkii6nodc54mrjfnox7vtf76t3aghulg7ypml7a,fluxliner.bsky.social,Flux Liner,"I mean,....just HOW F*CKED in the head is that?
#Alberta #Canada #cdnpoli",,,,1,1,6,0,2026-05-13T17:15:15Z,at://did:plc:rsvzkqxa2xdojwmjljqzs4ik/app.bsky.feed.post/3mlqrtcczv22e,at://did:plc:rsvzkqxa2xdojwmjljqzs4ik/app.bsky.feed.post/3mlqrtcczv22e,NA,,,,,
at://did:plc:deej5pakczvmljahhvrridlp/app.bsky.feed.post/3mlqsa4q3p22l,bafyreifdpuuxu3mn22poip4fng743ekcy5zuuuxcdozr454np46veufevy,pat112.bsky.social,Pat,"Austrian jets intercept US military planes two days in a row

The US is cruising for a bruising by attacking sovereign nations and  looking for war everywhere , except Israel and Russia

#Cdnpoli #Uspoli 
www.defensenews.com/global/europ...",,,,1,0,1,0,2026-05-13T17:09:52Z,NA,NA,NA,,,,,
at://did:plc:bbnve3u34qpmusulfzkei3p2/app.bsky.feed.post/3mlqs6k37js2p,bafyreif6fzfi5q6dn3fthrefh7nrfern2dfp5si3rewfklpfy47iyr2igu,fluxliner.bsky.social,Flux Liner,"Exactly,... the Census helps to provide Funding for the community YOU live in.  By not completing the census OR to diminish it's need to be completed should automatically VOID any persons ability to RUN for Political Office.  #Alberta #Canada #cdnpoli",,,,0,0,11,0,2026-05-13T17:08:58Z,at://did:plc:t67t5snzl6nr4767h7pzdxzc/app.bsky.feed.post/3mlqptxcwjc2f,at://did:plc:6lf4mqeuilmro75uc6jy72dd/app.bsky.feed.post/3mlqo6gaowc2x,NA,,,,,
at://did:plc:7qeaeh63caukr7xbixamq23b/app.bsky.feed.post/3mlqryp4cfs2k,bafyreigezwmeaczr3odj3a5wbr52dsrknlgkr2q5cf5qq5revhyrfhmcum,rohadi.com,Rohadi,"The leading stories in the Calgary Sun rag are TWO manufactured outrage pieces on bike-lanes. 

All during a crisis of democracy in Alberta. 

These American owned outlets are editorialized and pure drivel. All the more important to share news sources widely. It matters #yyc #yeg #cdnpoli #abpoli",,,,0,10,20,1,2026-05-13T17:05:41Z,NA,NA,NA,,,,,
at://did:plc:i2grq5k4gqwyilcjuftzluyx/app.bsky.feed.post/3mlqrvhx6o22c,bafyreicops7bnpehnjbecxfj7zphwevwpd7gh5xms2gho3epe5wogad3jm,voscovery.bsky.social,Richard Price 🇨🇦,Canada can’t allow prediction markets - but I admit I wish I could bet on when David Parker is going to jail. #alberta #cdnpoli,,,,0,0,5,0,2026-05-13T17:03:53Z,NA,NA,NA,,,,,
at://did:plc:rsvzkqxa2xdojwmjljqzs4ik/app.bsky.feed.post/3mlqrtcczv22e,bafyreidjcxi3jgmfs2ralnjxtr6wuo7tak6ejlwt6aoxv6fgyfpabouara,thebreakdownab.bsky.social,The Breakdown AB,"“Building a new oil pipeline to the west coast of Canada is consistent with the teachings of Jesus, Alberta Premier Danielle Smith told a gathering of Christian leaders and organizations from across the province last week.”

#abpoli #ableg #cdnpoli 

www.desmog.com/2026/05/13/o...",,,,120,103,224,64,2026-05-13T17:02:43Z,NA,NA,NA,,,,,
at://did:plc:abt5tpb7lqr7vopkrkwfswwq/app.bsky.feed.post/3mlqrrrf7yf27,bafyreifrkzd6jpcwgox2j4t7pxwwr6mtufmzixrhqcnf7f4z5jvy6f7et4,canadareport.org,Canada Report,"La revue de presse de Paul Arcand | Bizarre défaite du CH, Péladeau dit que la télé québécoise meurt à petit feu et T...

Canada’s fastest news scan: 25+ headlines, no clutter, updated all day: CanadaReport.org

#cdnpoli #Canada #News 
Read Original Article 🔗",,,,0,0,0,0,2026-05-13T17:01:48Z,NA,NA,NA,,,,,
at://did:plc:equnfwllowvznqknrp7kuoyw/app.bsky.feed.post/3mlqrezos3k2d,bafyreidgtbf43ttvjaclzypxk5emfp2swwsa5larverbiluxz4eksbtqru,peterd56.bsky.social,Peter Dudley 🇨🇦,Canadian biz: make a product the world wants to buy - not just one country. The elephant could roll over at anytime and crush your eggs. #cdnpoli #business,,,,0,0,3,0,2026-05-13T16:54:41Z,NA,NA,at://did:plc:deej5pakczvmljahhvrridlp/app.bsky.feed.post/3mlqnxk455c2c,,,,,
at://did:plc:eaeuyrvdlqvjgznelgcdimct/app.bsky.feed.post/3mlqr5k5g3s2f,bafyreiea2cpddgdgmckwzvisdedamvyu4y6ednn75cytd6ienhcaocrnqu,madhat59kenwood.bsky.social,Ken Wood part owner of 🇨🇦,MSM has also demonstrated to be an ech chamber of BS. Cant just name these others. MSM has not been Walter Cronkite or close to Woodward & Bernstein these past 20 yrs. #cdnpoli,,,,0,1,3,0,2026-05-13T16:50:29Z,NA,NA,at://did:plc:ormie3tjweyhnqckjlzowoxg/app.bsky.feed.post/3mlqoo3ssgs24,,,,,
at://did:plc:dzu7ntlsxj2rlxxob4ymyhwz/app.bsky.feed.post/3mlqqzhsfgs2e,bafyreicio42ty2vr25fogujazvkbstspm6jypa2arfjiteu74ishgbduai,grannycanuck.bsky.social,💪🏼🫎🛶🦫🌲💨🪨🌊,"Getting MAJOR PROJECTS Built in Canada - Discussion Paper on Proposed Legislative, Regulatory & Policy Reforms 
1. Read the proposal ⬇️
2. Prepare answers to questions outlined below www.canada.ca/en/one-canad...
3. Email your feedback to engagement@pco-bcp.gc.ca before June 8, 2026 🔚 #cdnPoli",,,,0,0,0,0,2026-05-13T16:48:14Z,NA,NA,NA,,,,,
at://did:plc:67mpqdmuvarollmm2lqcz6ac/app.bsky.feed.post/3mlqqz37kss2g,bafyreiegpjndgaypixhyjjqclcnfacupx5fpqqtxiyt6w4bytcz54glxlq,coldcollective.bsky.social,4restKC,"Gotta love when the death of innocents lead to profits for the west.

Doubt that will translate to anything meaningful for the work class. 

#cdnpoli",,,,0,2,2,0,2026-05-13T16:48:01Z,NA,NA,NA,,,,,
at://did:plc:eaeuyrvdlqvjgznelgcdimct/app.bsky.feed.post/3mlqqxlbqrs2f,bafyreieteotqddgmvku3ojmkazjewfrxuhgylzqljhtugfz4eejlz7zvjm,madhat59kenwood.bsky.social,Ken Wood part owner of 🇨🇦,Make sure #Poliviere reads this. Sure to mess up his day #cdnpoli,,,,0,2,5,0,2026-05-13T16:47:09Z,NA,NA,at://did:plc:kx375dszrbvqtu7o4xxxmojn/app.bsky.feed.post/3mlqncjpnsc2u,,,,,
at://did:plc:2yqpfmj6fkai4n722ve5lmpy/app.bsky.feed.post/3mlqqvam6xk26,bafyreiafresmhgd5oplkyfuzvsiuv7h5jkpoufxuusfhzfsgslwkujb62u,paulorlowski.bsky.social,Paul Orlowski,"So arrest this traitor/thief already! 
The RCMP has to know that laws still matter here in Canada. After all, this is not the USA! 
#Abpoli #Cdnpoli 🇨🇦",,,,0,0,2,0,2026-05-13T16:45:52Z,at://did:plc:2yqpfmj6fkai4n722ve5lmpy/app.bsky.feed.post/3mlp5oxwvk22u,at://did:plc:2yqpfmj6fkai4n722ve5lmpy/app.bsky.feed.post/3mlp5oxwvk22u,NA,,,,,
at://did:plc:ybmfpuc3dvi6uc3p7s6l3les/app.bsky.feed.post/3mlqqqusax22d,bafyreigl2cd53vsoaajvyytdsyccinj5q3nv3fdx32ca66kwwy3rq56igi,frenchteacherca.bsky.social,🇨🇦 French Teacher Canada 🇨🇦 (she/her/elle/la),"#Alberta reported lowest life satisfaction because of the fake news posted on repeat by #albertaseparatists.

If it wasn't for these fear-mongering right-wing extremists, life would actually be better in that province and across #CanadaStrong.

www.ctvnews.ca/canada/artic...

#abpoli #cdnpoli",,,,0,5,7,0,2026-05-13T16:43:27Z,NA,NA,NA,,,,,
at://did:plc:x2z7xw2dhl4anjbuxt3pj3nc/app.bsky.feed.post/3mlqqqidysk2n,bafyreib3rnavuex2nk2ghxl3skttpaas733r75azehgqvmra2e6vvwmhpm,cartogeek.bsky.social,cartogeek,"Canada's new asylum law leaves 2SLGBTQ+ claimants fearing deportation. #cdnpoli

Reform adopted in March could render thousands of existing refugee claims ineligible:

www.cbc.ca/news/canada/...",,,,0,0,0,0,2026-05-13T16:43:21Z,NA,NA,NA,,,,,
at://did:plc:g323nwoy6rzvxylyjmn243qu/app.bsky.feed.post/3mlqqoqbgzk24,bafyreiadz6ipoqiywo6qgkikiwzesuez2htxpkukjh4fqhox6vx4vertr4,electricbluesfan.bsky.social,RichardJR,"1/11 🇨🇦 WHAT DOES THE VOTER BREACH MEAN FOR MILLIONS OF ALBERTANS? 🇨🇦

Millions of Albertans had their personal data leaked through a searchable database used by a separatist group. 

The safety of voters is now under threat.

Source: CBC, News
#CdnPoli #AbLeg #AbPoli #PrivacySky #VoterBreach #Alberta",,,,2,8,12,1,2026-05-13T16:42:13Z,NA,NA,NA,,,,,
at://did:plc:eaeuyrvdlqvjgznelgcdimct/app.bsky.feed.post/3mlqqmoz4u22f,bafyreiectk5ahlqjj2iycg6uisajx6s3rkkt2oksztejbspzczyh2q7uji,madhat59kenwood.bsky.social,Ken Wood part owner of 🇨🇦,👍 100% agree. #cdnpoli,,,,0,0,3,0,2026-05-13T16:41:04Z,NA,NA,at://did:plc:cp4y7ilqrd35tyisti3y5o2u/app.bsky.feed.post/3mlqq2raygs2h,,,,,
at://did:plc:w7yhpanniwt2sweiorkvec7j/app.bsky.feed.post/3mlqqjvnf522j,bafyreifkg35bkmaldu63me4jsx5ilsvdzobmcpuiax6v7a53hsrlbbafzq,luciecatnip.bsky.social,Lucie🐈‍⬛Catnip ,"""For her part, Smith focused on the biblical imperative of extracting fossil fuels""

Pipeline Jesus approves this message.

#abpoli #cdnpoli",,,,1,6,17,2,2026-05-13T16:39:31Z,NA,NA,at://did:plc:pi6p2ujo7ph2o2ztsomzazi6/app.bsky.feed.post/3mlqec437fs23,,,,,
at://did:plc:eaeuyrvdlqvjgznelgcdimct/app.bsky.feed.post/3mlqqjtqqpc2f,bafyreibb5ghpasf2apblu4yhfbjzirxo3a5armsshc54q5belfaeqxbscy,madhat59kenwood.bsky.social,Ken Wood part owner of 🇨🇦,🤦 OMG. Bringing up the fictional BS to justify killingvthe fn planet. WTF Alberta?  #abpoli #cdnpoli,,,,0,0,1,0,2026-05-13T16:39:28Z,NA,NA,at://did:plc:pi6p2ujo7ph2o2ztsomzazi6/app.bsky.feed.post/3mlqec437fs23,,,,,
at://did:plc:ztg7s6zljk4yy3vj3az4vc4k/app.bsky.feed.post/3mlqqevdsnk2g,bafyreiaqhouvmd5btl2qd3nfmxpjwri6xqtx6mlzpfnog2eqjhqjwb6hf4,earthangel777.bsky.social,EarthAngel777,"""Global slave plantation""being built& #ConmanCarney just signed us up. I don't think so there buddy!! Canadians don't play that so fk right off! Time to SQUEAK! Civilly&peacefully! We won't go back,we will step towards ppl friendly&fair #VenusProject
#topoli #onpoli #cdnpoli
youtu.be/U2HBR6HcPPk?...",,,,0,0,0,0,2026-05-13T16:36:46Z,NA,NA,NA,,,,,
at://did:plc:wevcdritf4vyoj736jwre3qe/app.bsky.feed.post/3mlqq7rdfgk2e,bafyreiftw45utyabkiy2n42mpqt6wv5agkvk4zfp3j3nbygbwoy7bljqyi,nrvscrcts.bsky.social,David William,"""Smith said [The Parable of the Talents] refers to humankind being entrusted with resources that must be managed carefully for the benefit of other people. This 'fits with how Albertans feel about the resources that are beneath our feet,' she said."" Laughably bad theology! #abpoli #cdnpoli",,,,2,3,6,1,2026-05-13T16:33:51Z,NA,NA,at://did:plc:wqt3kw4kjiy2strovirtyndt/app.bsky.feed.post/3mlqmqvtqjk2a,,,,,
at://did:plc:abt5tpb7lqr7vopkrkwfswwq/app.bsky.feed.post/3mlqq3sy7zv2p,bafyreia67udq2hqqubrxl4cy5vnlb6vv4k7l2o4muuzsvzvqtqyfulzftu,canadareport.org,Canada Report,"CorpSync Transforms Workforce Connectivity for Braun Intertec, Delivering Seamless Contact Management Across 32 U.S. ...

Canada’s fastest news scan: 25+ headlines, no clutter, updated all day: CanadaReport.org

#cdnpoli #Canada #News #Business #Economy 
Read Original Article 🔗",,,,0,0,0,0,2026-05-13T16:31:38Z,NA,NA,NA,,,,,
at://did:plc:jw3ocg24thye7i5sjjhia62e/app.bsky.feed.post/3mlqpxpq2d22g,bafyreihki6j7uwaw6elsm6ysp5kiz3hf42wkesrhcl44ngdlpvdreirjcq,markhamhislop.bsky.social,Markham Hislop,"Middle East War Expands as Gulf States Strike Iran

As the Strait of Hormuz crisis deepens, geopolitics is beginning to override economics in global energy markets.

Big implications for Canada's oil, pipeline, LNG plans.
#ableg #bcpoli #abpoli, #cdnpoli 
youtu.be/Hzh0tfo9BRM",,,,1,5,8,0,2026-05-13T16:29:23Z,NA,NA,NA,,,,,
at://did:plc:ypbo2mq6dqcct43gt2sam6el/app.bsky.feed.post/3mlqpstarr22x,bafyreig3gt7hm4phtcf7j33voxkfghyyyttrwm5ley2kdb643icxrrk6zm,ipolitics.bsky.social,iPolitics,‘An awesome relationship’: U.S. Ambassador speaks on Canada-U.S. relation on Armed Forces Day #cdnpoli #ipolitics,,,,0,0,0,0,2026-05-13T16:26:37Z,NA,NA,NA,,,,,
at://did:plc:h2spa3l463coxycuy6iiov2l/app.bsky.feed.post/3mlqpqupxjs2u,bafyreibkoblm7vp5jnwnjn25ukvuzqv7ft5l32eov5ssa2fx7zmrvn2d5q,shewandersferal.bsky.social,Allison Moon 🌙  🍁,"#Murica now caught #stalking #global #social & #HumanHarm #researchers

🍁 #CANpoli 🍁 #CDNpoli 🍁  #CanadaSky 🌌 #StalkeryMuch⁉️ 🫪",,,,0,1,1,0,2026-05-13T16:25:31Z,NA,NA,at://did:plc:nyjm4ylfid2a7mjm6varxuiq/app.bsky.feed.post/3mlqdewhwmk2x,,,,,
at://did:plc:tlkakpjayncxubstzzd4dwdt/app.bsky.feed.post/3mlqpmw7xfk2d,bafyreia6owvc6d26axkls34t474rvwqmh2seh5se5lc2a34l5lfmku7vp4,cyborgk9.bsky.social,Cyborg K9 🌹,"Carney apologist calling him the ""most 'central' Liberal we've ever had"", and suggesting that the Liberals have been ""extreme"".

Buddy, if you think the Liberals are ""extreme left"", I don't know what to tell you. They're centrist at *best*. Neoliberal to the core.

#cdnpoli",,,,1,0,1,0,2026-05-13T16:23:20Z,NA,NA,NA,,,,,
at://did:plc:phponn5ujc7dno42lw5maxmt/app.bsky.feed.post/3mlqpknass425,bafyreih6eakyk7o7vhmyxl2uluvsp24vlcmetpj4yos3rkxy6scmjxsbn4,phillipmeintzer.bsky.social,Phillip Meintzer,"“MCFN members live in fear for their health, their families and their future.” - Mikisew Cree First Nation is suing the governments of Alberta and Canada for the cumulative impacts from decades of industrial development on its territory. www.cbc.ca/news/canada/... #CDNPoli #ABLeg #ABPoli",,,,0,3,5,0,2026-05-13T16:22:05Z,NA,NA,NA,,,,,
at://did:plc:r64wzjtkimyq4vkiddzuu6no/app.bsky.feed.post/3mlqpb3dxms2q,bafyreidakh3yvkv7ahslzofeufqizi6rsnmv5w3bztx6bvijiqcfntvqvi,bcwildfirewkly.bsky.social,BC Wildfire Weekly - Wildfires + More,"“Alberta and Ottawa reportedly inch closer to pipeline deal” vancouver.citynews.ca/video/2026/0... - @citynewsvancouver.bsky.social 

#ABLeg #CDNPoli #OilAndGas",,,,0,0,0,0,2026-05-13T16:16:43Z,NA,NA,NA,,,,,
at://did:plc:phponn5ujc7dno42lw5maxmt/app.bsky.feed.post/3mlqopok7nu25,bafyreicgj3ush35hkcd562o4p5fnk5xnqy7fu6z5zorqatpcprexozdqm4,phillipmeintzer.bsky.social,Phillip Meintzer,It felt like he was preaching for us to be subservient to his ideal version of Canada without any critical thought or reflection about the harm that Canada is capable of. [9/9] #CDNPoli #ABLeg #ABPoli #ForeverCanadian #ElbowsUp,,,,1,0,5,0,2026-05-13T16:06:57Z,at://did:plc:phponn5ujc7dno42lw5maxmt/app.bsky.feed.post/3mlqopok6om25,at://did:plc:phponn5ujc7dno42lw5maxmt/app.bsky.feed.post/3mlqopojsxk25,NA,,,,,
at://did:plc:phponn5ujc7dno42lw5maxmt/app.bsky.feed.post/3mlqopok6om25,bafyreicpqknocauvpkdux6b2fzx74dgs5j3da6bucug5nbm64mw3kswhwa,phillipmeintzer.bsky.social,Phillip Meintzer,"Overall, I just think that his desire to shut down any and all dialogue about separation (or sovereignty) isn’t that different from the authoritarian behaviour he claims to be against from Alberta’s provincial government. [8/N] #CDNPoli #ABLeg #ABPoli #ForeverCanadian #ElbowsUp",,,,1,0,2,0,2026-05-13T16:06:57Z,at://did:plc:phponn5ujc7dno42lw5maxmt/app.bsky.feed.post/3mlqopok6ol25,at://did:plc:phponn5ujc7dno42lw5maxmt/app.bsky.feed.post/3mlqopojsxk25,NA,,,,,
at://did:plc:phponn5ujc7dno42lw5maxmt/app.bsky.feed.post/3mlqopok6ok25,bafyreieptsojerkmnn4gwobd4rfp53o65alupwmcfvlm3zaay36be4ma6y,phillipmeintzer.bsky.social,Phillip Meintzer,"How do we navigate that tension without even having a discussion about sovereignty? 

We can’t just blindly be pro-Canada, because we still need a federal government (a “Canada”) that’s receptive to local needs, and respects regional autonomy. [6/N] #CDNPoli #ABLeg #ABPoli #ForeverCanadian #ElbowsUp",,,,1,0,1,0,2026-05-13T16:06:57Z,at://did:plc:phponn5ujc7dno42lw5maxmt/app.bsky.feed.post/3mlqopok5pc25,at://did:plc:phponn5ujc7dno42lw5maxmt/app.bsky.feed.post/3mlqopojsxk25,NA,,,,,
at://did:plc:phponn5ujc7dno42lw5maxmt/app.bsky.feed.post/3mlqopok5pc25,bafyreigndvpqtopaw4unxopcigft6tmwncbivsvsilmnxfivfdctribuk4,phillipmeintzer.bsky.social,Phillip Meintzer,"Let’s say that we have a federal government that’s scapegoating immigrants, funding wars, supporting genocide, ignoring Indigenous rights, giving public money to corporations, and pushing further resource extraction (which is what we currently have right now under Carney). [5/N] #CDNPoli #ABLeg",,,,1,0,2,0,2026-05-13T16:06:57Z,at://did:plc:phponn5ujc7dno42lw5maxmt/app.bsky.feed.post/3mlqopok4q225,at://did:plc:phponn5ujc7dno42lw5maxmt/app.bsky.feed.post/3mlqopojsxk25,NA,,,,,
at://did:plc:phponn5ujc7dno42lw5maxmt/app.bsky.feed.post/3mlqopok3qs25,bafyreibimgtohp5lbwmph2tncq2lvji4hlaknbvpkg2sajpgovyn357a7u,phillipmeintzer.bsky.social,Phillip Meintzer,"I don't want to argue for separation obviously. And yes, I agree that we need to make sure we win the referendum vote against the separatists. But I do think it’s important to create space for dialogue about local sovereignty. [3/N] #CDNPoli #ABLeg #ABPoli #ForeverCanadian #ElbowsUp",,,,1,0,2,0,2026-05-13T16:06:57Z,at://did:plc:phponn5ujc7dno42lw5maxmt/app.bsky.feed.post/3mlqopok2rk25,at://did:plc:phponn5ujc7dno42lw5maxmt/app.bsky.feed.post/3mlqopojsxk25,NA,,,,,
at://did:plc:phponn5ujc7dno42lw5maxmt/app.bsky.feed.post/3mlqopojsxk25,bafyreidilkiga4mwg2vicegjxxogm6rlqp7wwnlmiz4yavfcx3f7nprnxm,phillipmeintzer.bsky.social,Phillip Meintzer,"Over the weekend I attended the Public Interest Alberta conference in Edmonton, where I had the opportunity to ask a question of Thomas Lukaszuk (who championed the Forever Canadian petition last fall). 🧵 THREAD [1/N] #CDNPoli #ABLeg #ABPoli #ForeverCanadian #ElbowsUp",,,,1,5,7,0,2026-05-13T16:06:57Z,NA,NA,NA,,,,,
at://did:plc:abt5tpb7lqr7vopkrkwfswwq/app.bsky.feed.post/3mlqog6kglh2k,bafyreiauducealheintfiaofflf576i2s3jwyxfjxp54xwtyrcijia4ivu,canadareport.org,Canada Report,"Préservation des lieux de culte du Québec | SOS patrimoine religieux

Canada’s fastest news scan: 25+ headlines, no clutter, updated all day: CanadaReport.org

#cdnpoli #Canada #News 
Read Original Article 🔗",,,,0,0,0,0,2026-05-13T16:01:38Z,NA,NA,NA,,,,,
at://did:plc:qkwj4hstt5ez4jecdqjpcly2/app.bsky.feed.post/3mlqodzahyc2b,bafyreib33aytacmxkvtp5bduw7inl7poz6bi6us5ty27o2ato54wxwqrdm,quoimedia.bsky.social,QUOI Media 🇨🇦,"Parents who have supported a child with intellectual disabilities can find themselves shut out when the legal system no longer recognizes their authority, says our client, Max Shilleto, an estate planning lawyer and disability advocate in Vancouver.

#cdnpoli #disability #financialliteracy",,,,0,0,1,1,2026-05-13T16:00:28Z,NA,NA,NA,,,,,
at://did:plc:eaeuyrvdlqvjgznelgcdimct/app.bsky.feed.post/3mlqo3xntdk2c,bafyreicrrmsiix2ujwaiqdol2txekshk2cb54trwdd74aioeibwkljspvq,madhat59kenwood.bsky.social,Ken Wood part owner of 🇨🇦,More 🇺🇲 BS. #cdnpoli,,,,0,0,1,0,2026-05-13T15:55:56Z,NA,NA,at://did:plc:3l6h5tayy6vycige2igmorv4/app.bsky.feed.post/3mlqfrx6b7c25,,,,,
at://did:plc:deej5pakczvmljahhvrridlp/app.bsky.feed.post/3mlqnxk455c2c,bafyreiethohwnv6ics77c6lzkblqjelaep4bftsv3z2pm7howz7apxptz4,pat112.bsky.social,Pat,"What was is no more & will never be again. 

EDC survey findings from over 1,300 Canadian exporters & found that 

businesses that exported only to the United States have 

dropped from 62% in 2015 to just 34% in 2025 

Companies are not waiting for yesterday as Cons are

#Cdnpoli  #Uspoli #Trade",,,,0,0,0,1,2026-05-13T15:53:28Z,NA,NA,NA,,,,,
at://did:plc:eaeuyrvdlqvjgznelgcdimct/app.bsky.feed.post/3mlqnmqxkf22c,bafyreigk2xwpdtcm57d4ccgyfuka7zmuu74wwsmdcrtobqhi2ajm2s7kt4,madhat59kenwood.bsky.social,Ken Wood part owner of 🇨🇦,"Read folks, educate. Truth there is way way to much conspiracy baloney circulating now. #cdnpoli 👇",,,,0,0,0,0,2026-05-13T15:47:25Z,NA,NA,at://did:plc:kqsdfw4cj532lp7bidtdzyyz/app.bsky.feed.post/3mlqk4dz24c2y,,,,,
at://did:plc:uxj5ihyuzrgxmuvjeanl57ys/app.bsky.feed.post/3mlqnioz4aso2,bafyreib7ohuldpjpuws5uufsekpn2m7cjhvylvno2mbdgqn2el2hbunp7e,chris.mstdn.chrisalemany.ca.ap.brid.gy,Chris Alemany🇺🇦🇨🇦🇪🇸,"For the love of god, we've had transcription software for decades that will take your spoken words and transcribe them without trying to add in other stuff. Yes, sometimes they get the words wrong, but at least they're not hallucinating about topics they are not designed to understand or opine […]",,,,1,1,0,0,2026-05-13T15:45:25Z,at://did:plc:uxj5ihyuzrgxmuvjeanl57ys/app.bsky.feed.post/3mlqmy3ifvpb2,at://did:plc:uxj5ihyuzrgxmuvjeanl57ys/app.bsky.feed.post/3mlqmv2onqiz2,NA,,,,,
at://did:plc:lanvmgthztbuwa3ieqcrzsys/app.bsky.feed.post/3mlqnana5bk2s,bafyreibdij4cf5qx5d25qtq4oyjszhjweffohx3ifkwpt55vm37gj2olki,hab3261.bsky.social,Hazel B. 🇨🇦,"LaGrange said “God has called me for this time and place”, 
Other topics included banning abortion after 24 weeks in Alberta (and how to ban abortion federally) and opposing medical assistance in dying.  #ableg #abpoli #cdnpoli",,,,3,11,6,0,2026-05-13T15:40:41Z,NA,NA,at://did:plc:pi6p2ujo7ph2o2ztsomzazi6/app.bsky.feed.post/3mlqec437fs23,,,,,
at://did:plc:yiykf4gzuc7ofsnvmdmee5kz/app.bsky.feed.post/3mlqna3adik2s,bafyreicmzoioduht43tl7kziz4bqqzvzxiocswpbz4yv7ogflwhjsrzviy,hope50.bsky.social,,"Here is an easy way to tell your government ""NO"" to two tiered healthcare. You can add your words to the letter as well. Please send a paper trial so your wants as a Canadian are heard! The noisy few people are not the many. #abpoli #cdnpoli",,,,0,0,1,0,2026-05-13T15:40:21Z,at://did:plc:jkvfig2yvnfwfxolc7pvdljh/app.bsky.feed.post/3mlqifqysks26,at://did:plc:jkvfig2yvnfwfxolc7pvdljh/app.bsky.feed.post/3mlqifqysks26,NA,,,,,
at://did:plc:eaeuyrvdlqvjgznelgcdimct/app.bsky.feed.post/3mlqn7nqeas2c,bafyreibxvikawgqnacwkunjrscviejtrrofaxkgy472j6b3vgbid4susfu,madhat59kenwood.bsky.social,Ken Wood part owner of 🇨🇦,Agree. 🇨🇦 needs to stay far far away from 🇺🇲 #cdnpoli #uspoli,,,,0,1,1,0,2026-05-13T15:40:06Z,NA,NA,at://did:plc:vgu6bu72nbg4vyufuon5mdfv/app.bsky.feed.post/3mlqarkozwk2q,,,,,
at://did:plc:eaeuyrvdlqvjgznelgcdimct/app.bsky.feed.post/3mlqn3yxrws2c,bafyreihhoakjjgwxmx2asbmpahj42yrtbfhvbogjc5ktc3qlyp7lhcja54,madhat59kenwood.bsky.social,Ken Wood part owner of 🇨🇦,Beautiful location on Vanc Island. ❤️ my BC #bcpoli #cdnpoli,,,,0,0,4,0,2026-05-13T15:38:03Z,NA,NA,at://did:plc:5e6qsqjok5qbatnrtkcmn2gl/app.bsky.feed.post/3mlqkqakbk22k,,,,,
at://did:plc:deej5pakczvmljahhvrridlp/app.bsky.feed.post/3mlqn2lpgbs2c,bafyreicvexudyo33qx7mjiry3hrynbnkyopblloffzal6wo6gnbqgovy4u,pat112.bsky.social,Pat,"End 'barbaric' religious conservative right wing   conversion practices now, Brussels tells EU countries

#Cdnpoli #Uspoli #EU #LGBTQ #Prejuduce 
www.euronews.com/my-europe/20...",,,,0,0,1,0,2026-05-13T15:37:18Z,NA,NA,NA,,,,,
at://did:plc:xvhfw6ch4oy4yez2kbu5wrhl/app.bsky.feed.post/3mlqmy22hzk2e,bafyreica7agsv2sl6ciqtnt6g4lny7gjqt7jrea55hefsijyperugvpyvu,linzi-the-artist.bsky.social,Lindsay Brambles🇨🇦,"If he doesn't pay his fines and doesn't cooperate with the investigation, then he should be jailed. Of course, all the separatists & their pro-Alberta-the-next-US-state colleagues will use that to further propagandize their lies and disinformation and turn him into a martyr. #alpoli #cdnpoli #Canada",,,,0,0,1,0,2026-05-13T15:35:51Z,NA,NA,at://did:plc:xveza4vxe2cv7stal26msjgh/app.bsky.feed.post/3mlqm4yrdc22s,,,,,
at://did:plc:eaeuyrvdlqvjgznelgcdimct/app.bsky.feed.post/3mlqmxqjty22c,bafyreifhqmrxlaex3kifzmyo6cdzjo32yoikhezfmyzdpqsaphvs6x2daa,madhat59kenwood.bsky.social,Ken Wood part owner of 🇨🇦,No more BC Pipelines. We allowed one already which has too many tankers in our busy harbour. Also tired of Alberta extortion of 🇨🇦 for their increase in O&G enough. #bcpoli #cdnpoli,,,,0,0,1,0,2026-05-13T15:35:40Z,at://did:plc:3qfxhwf3rlf3ay33wkxqzj6i/app.bsky.feed.post/3mlorvgdzos2s,at://did:plc:3qfxhwf3rlf3ay33wkxqzj6i/app.bsky.feed.post/3mlorvgdzos2s,NA,,,,,
at://did:plc:deej5pakczvmljahhvrridlp/app.bsky.feed.post/3mlqmv3dtkk2c,bafyreiepylz2waptvdjkrintyuhx6qj7g7m6silsa46r4gftwhuhsq7tda,pat112.bsky.social,Pat,"NS court reserves decision in appeal of murder conviction for stomping death

I say the defense position is clearly a self serving illusion ,  deny the appeal . 

What say you ? 

#Cdnpoli #Nspoli #Justice 
www.cbc.ca/news/canada/...",,,,0,0,0,0,2026-05-13T15:34:14Z,NA,NA,NA,,,,,
at://did:plc:uxj5ihyuzrgxmuvjeanl57ys/app.bsky.feed.post/3mlqmy3ifvpb2,bafyreidkqey7sl6mc2vr3gfnewchf3ejrdux6cojjycaelnswqrypjjsam,chris.mstdn.chrisalemany.ca.ap.brid.gy,Chris Alemany🇺🇦🇨🇦🇪🇸,"“Transcripts created by 12 of the 20 programs contained incorrect information like capturing a different drug than was prescribed by the doctor.”

12 of 20 is a 60% failure rate.

Seventeen of the 20 systems missed key details about patients’ mental health issues. “

17 of 20 is a 85% failure […]",,,,1,2,0,0,2026-05-13T15:38:51Z,at://did:plc:uxj5ihyuzrgxmuvjeanl57ys/app.bsky.feed.post/3mlqmv2onqiz2,at://did:plc:uxj5ihyuzrgxmuvjeanl57ys/app.bsky.feed.post/3mlqmv2onqiz2,NA,,,,,
at://did:plc:uxj5ihyuzrgxmuvjeanl57ys/app.bsky.feed.post/3mlqmv2onqiz2,bafyreife46j4e7foq5cdijcekhhr4i6kksw7fhlwk2p7isab6dfmeqxjcm,chris.mstdn.chrisalemany.ca.ap.brid.gy,Chris Alemany🇺🇦🇨🇦🇪🇸,"*Right underneath* the massive headline from the Auditor General of Ontario warning of AI ‘hallucinations' in medical AI transcripts used by Ontario doctors, there is another article with the headline

“Artificial Intelligence shows promise in emergency […] 

[Original post on mstdn.chrisalemany.ca]",,,,1,11,0,0,2026-05-13T15:37:06Z,NA,NA,NA,,,,,
at://did:plc:abt5tpb7lqr7vopkrkwfswwq/app.bsky.feed.post/3mlqmq5npxg2k,bafyreih6vatrvzntranyjvbcq2yiu5nb3d5e2r7mnho46y5e6zqf3xjyza,canadareport.org,Canada Report,"Boomi Unveils Innovations That Power the Agentic Enterprise

Canada’s fastest news scan: 25+ headlines, no clutter, updated all day: CanadaReport.org

#cdnpoli #Canada #News #Business #Economy 
Read Original Article 🔗",,,,0,0,0,0,2026-05-13T15:31:25Z,NA,NA,NA,,,,,
at://did:plc:deej5pakczvmljahhvrridlp/app.bsky.feed.post/3mlqmk3saas2c,bafyreicc64qwwczc4mybghu3sw4tt4blkbwvdneqzgbbwp64mvxkoa3u24,pat112.bsky.social,Pat,"Brazil’s beloved instant payment system faces scrutiny from the U.S. Corporatrion for bypassing traditional credit networks like Visa and Mastercard.

The US is not a country it is a monopoly corporation run by billionaires 

#Cdnpoli #Uspoli #Brazil #Economy 
halifax.citynews.ca/2026/05/13/b...",,,,1,1,1,0,2026-05-13T15:28:11Z,NA,NA,NA,,,,,
at://did:plc:67mpqdmuvarollmm2lqcz6ac/app.bsky.feed.post/3mlqmj5bifc2g,bafyreidjo33dz5lug2p6r2orw3jxjszmdathnnzryyxmobdns5t43b22ju,coldcollective.bsky.social,4restKC,"Pretty god damn depressing.

That's it 🤷🏻‍♂️ just really really bleak. 

#cdnpoli",,,,0,0,0,0,2026-05-13T15:27:30Z,NA,NA,NA,,,,,
at://did:plc:h2spa3l463coxycuy6iiov2l/app.bsky.feed.post/3mlqmifwruc2z,bafyreia2fsp3rombg6kty5u2fnwwba7r4ofgq6hyvtqaxgvgv44heqos4u,shewandersferal.bsky.social,Allison Moon 🌙  🍁,"#Murica has no idea how pissed off #Austria is
The OTHER #UNcity & #Brussels are irate over this sovereignty violation
Bear in mind, the post-WWII #neutrality requirement for #Austriansovereignty was part of the #US, #UK & #Russian demands from #Austrians

🍁 #CANpoli 🍁 #CDNpoli 🍁
  #CanadaSky 🌌 #EU",,,,0,0,2,0,2026-05-13T15:27:08Z,at://did:plc:45byt36fgdg4ocu3usqo7hv3/app.bsky.feed.post/3mlqjbwpuuk2h,at://did:plc:45byt36fgdg4ocu3usqo7hv3/app.bsky.feed.post/3mlqjbwpuuk2h,NA,,,,,
at://did:plc:bj3wzeg7pc77ig4nghhhe5zf/app.bsky.feed.post/3mlqmfxsd7k2k,bafyreifefbc2anhaqjytpthozxjaxvptp47tfx2s7gjedig6ywlsmytebe,jimbronskill.bsky.social,Jim Bronskill,tinyurl.com/5c46xwsh #cdnpoli,,,,0,1,2,1,2026-05-13T15:25:50Z,NA,NA,NA,,,,,
at://did:plc:42qbbzen5o6ggsqvvhvp2jnv/app.bsky.feed.post/3mlqmfsuamk2h,bafyreifi4orkx4lb75rjmob7xkquyotpi5mdfip3enjvlnticsk534hirq,vdogg333.bsky.social,Vdogg333,youtu.be/7wUuJlTYB70?... #cdnpoli #polqc #Vancouver #bcpoli #vanpoli #onpoli #topoli #Montreal #Toronto #Calgary #Edmonton #abpoli #ableg #SurreyBC #Brampton,,,,0,1,3,0,2026-05-13T15:25:40Z,NA,NA,NA,,,,,
at://did:plc:equnfwllowvznqknrp7kuoyw/app.bsky.feed.post/3mlqmdo64rk2d,bafyreibjirxk75yb2llwm775zckawmlroyf6d3nmo6dsuygygdi2w4y27y,peterd56.bsky.social,Peter Dudley 🇨🇦,We need more reliable trading partners. We don’t need deeper integration with the US. No deal is better than a bad deal. #cdnpoli,,,,0,0,1,0,2026-05-13T15:24:27Z,NA,NA,at://did:plc:kx375dszrbvqtu7o4xxxmojn/app.bsky.feed.post/3mlql5b2z322q,,,,,
at://did:plc:eaeuyrvdlqvjgznelgcdimct/app.bsky.feed.post/3mlqmdabcfk2c,bafyreihq5pb4zp2b2oshjgif22oqsnxc26c5lqqijxopjkjbe5hzgigk6e,madhat59kenwood.bsky.social,Ken Wood part owner of 🇨🇦,Poor excuse of a copy of a Timmys. The 🇨🇦'n franchise group bringing them here taking a nassive risk. Why would 🇨🇦's go to a cheap version of Tims topping off our boycotting 🇺🇲. Tone deaf #cdnpoli,,,,1,0,0,0,2026-05-13T15:24:12Z,NA,NA,at://did:plc:oirsylzrt2mpfof65qszr5zf/app.bsky.feed.post/3mloxh5uhec24,,,,,
at://did:plc:r2qm5vzmsns46l4n6e6rjh2a/app.bsky.feed.post/3mlqmcvvfck2e,bafyreidfh5s7kuiviqrta4n4vvmhsolihmahqltumk2zhv4pis3bl2oxhu,brucedc77.bsky.social,Bruce D. Cowherd   🇨🇦,"Average Gas Prices Canada
Wednesday ~ May 13, 2026 
#cdnpoli #Canada 🇨🇦 #CanadaSky 
#GasBuddy",,,,1,5,6,1,2026-05-13T15:24:04Z,NA,NA,NA,,,,,
at://did:plc:k5zp2oxoeyf7fsvj2ijmcbve/app.bsky.feed.post/3mlqm772gxs2k,bafyreig6ekq6i2i2efntotxxnmdcmvkjgwvzzgpoh27527z4ehgmwh5dve,laurenshirleyj.bsky.social,LaurenSJ,"They don't want to fix their own problem so they blame Canada. Their own administration states that: ""most illicit drugs (especially fentanyl) are smuggled into the U.S. via Mexican drug cartels, with a vast majority of traffickers (roughly 86–90%) being U.S. citizens"" #cdnpoli",,,,2,4,7,0,2026-05-13T15:21:56Z,NA,NA,at://did:plc:3l6h5tayy6vycige2igmorv4/app.bsky.feed.post/3mlqfrx6b7c25,,,,,
at://did:plc:xvhfw6ch4oy4yez2kbu5wrhl/app.bsky.feed.post/3mlqm3dogzs2e,bafyreias4ley4pkcajtlvtnwqhugptskukgwnocv42o35gelb7xwza5jum,linzi-the-artist.bsky.social,Lindsay Brambles🇨🇦,"AI holds great promise while also being a serious threat, but those arguing #Canada should have no data centres here are ignoring the fact that Canadian's data will then end up being housed in the US where we'll have no control over it & where the US gov can weaponize it against us. #cdnpoli",,,,0,0,2,0,2026-05-13T15:19:47Z,NA,NA,NA,,,,,
at://did:plc:na2jsglptzqzh3a2diupef7f/app.bsky.feed.post/3mlqlvq63p222,bafyreicao6itsczht6vizbu5v4ieucull5svzfasccctf64iwxjifvmu3m,martithrall.bsky.social,Marty Fontaine 🇨🇦,"If we had any sense at all, we would be following Cuba's lead and putting MASSIVE amounts of resources into clean energy. Wind, solar, geothermal. 

Donald Trump wants oil? Let him choke on it!

#martyfontaine #cdnpoli #SMARTenergy #O&G #environment",,,,2,0,2,0,2026-05-13T15:16:39Z,NA,NA,NA,,,,,
at://did:plc:in6t5b6l3wnfwkcuqji57ttg/app.bsky.feed.post/3mlqlmjirg22o,bafyreib2h5c2s7k666k3ald6iutd3riugnobjrlusnl7ue3wnhhmzyrfii,ccfr-ccdaf.bsky.social,Canadian Coalition for Firearm Rights,"Liberal 🇨🇦 2015-2025: Trudeau/Carney race to make licensed gun owners, who obey the law, ""criminals overnight.""

Liberal 🇨🇦 2026: Repeat criminals guilty of illegal gun possession, violent home invasions, assaults... are released to run for office.

Read More: nationalpost.com/news/canada/... #cdnpoli",,,,1,0,0,0,2026-05-13T15:11:35Z,NA,NA,NA,,,,,
at://did:plc:phponn5ujc7dno42lw5maxmt/app.bsky.feed.post/3mlqlg2j7cs2a,bafyreifiu6jg2uvxfiovpuszxiyjrixop2kwzyoicxqy7rvkvuxghxqvym,phillipmeintzer.bsky.social,Phillip Meintzer,"Carney and Smith can pretend to be at odds all they want, but they're both putting corporate interests above ordinary people and the land we depend on. #ABLeg #ABPoli #CDNPoli",,,,0,4,11,0,2026-05-13T15:07:53Z,NA,NA,at://did:plc:phponn5ujc7dno42lw5maxmt/app.bsky.feed.post/3mlql36v2ns2a,,,,,
at://did:plc:6cri3nbgdxvfuwdgav73lbce/app.bsky.feed.post/3mlqlcodvls2p,bafyreif7ulqcirh5flwpq2hk5rmkhd2735hoanbcnjnntqel7tvuklyxy4,uncoverthenews.bsky.social,UncoverTheNews,"🚨 LIVE: Good mornin’ DamFam!

The Alberta List Leak gets worse, Ontario Liberals face nomination chaos, and more questions keep piling up.

We’re going IN today 🦫👇
youtube.com/watch?v=D4pb8fA0Tz

#cdnpoli #Breaking #Politics #abpoli #onpoli",,,,0,0,0,0,2026-05-13T15:06:06Z,NA,NA,NA,,,,,
at://did:plc:eetdds5bwrknroqyttnqj4my/app.bsky.feed.post/3mlql4x3dlc2h,bafyreidn34ebth4soraip2a7bqghc3kanatszsgfxt7yp3idd7ywjqqyiq,profsavage.bsky.social,Larry Savage ,"Lewis salutes the work of unions fighting for human rights internationally and highlights the importance of banning surveillance pricing by giant corporation. 

#cdnpoli #canlab #CLC2026",,,,0,0,2,0,2026-05-13T15:02:51Z,NA,NA,NA,,,,,
at://did:plc:eetdds5bwrknroqyttnqj4my/app.bsky.feed.post/3mlql3mv2ls2h,bafyreifjwb64etd2x3zjaybnplmina65dch7iy4xs6qloii7o6d3jh3dsq,profsavage.bsky.social,Larry Savage ,"Avi Lewis takes the stage at #CLC2026 and makes the case that workers and unions should be central to Canada’s economic and social response to trade policy and the affordability crisis. 

#cdnpoli #canlab",,,,0,1,9,0,2026-05-13T15:02:08Z,NA,NA,NA,,,,,
at://did:plc:phponn5ujc7dno42lw5maxmt/app.bsky.feed.post/3mlql36v2ns2a,bafyreiehs5rzf3dnx55podllvzamjs6h5m6pcdjrwxtbsmedhspovsqr7e,phillipmeintzer.bsky.social,Phillip Meintzer,"This whole MOU saga should make it obvious for everyone that Carney & Smith are on the same team (corporate profits). Under the guise of ""appeasing"" Alberta, Carney gets to push further deregulation, resource extraction & corporate handouts. www.theglobeandmail.com/politics/art... #CDNPoli #ABLeg",,,,0,2,4,1,2026-05-13T15:01:51Z,NA,NA,NA,,,,,
at://did:plc:abt5tpb7lqr7vopkrkwfswwq/app.bsky.feed.post/3mlql2l5l272p,bafyreigklhdta7ky4dvbjwdrsqfaxxrftdp2hm665n5qtpolfluoeji7su,canadareport.org,Canada Report,"Accident vasculaire cérébral | La réadaptation par la vibration

Canada’s fastest news scan: 25+ headlines, no clutter, updated all day: CanadaReport.org

#cdnpoli #Canada #News 
Read Original Article 🔗",,,,0,0,0,0,2026-05-13T15:01:28Z,NA,NA,NA,,,,,
at://did:plc:l2ycnbx3yrvz4tgyhey3lztg/app.bsky.feed.post/3mlqky5ur4e2i,bafyreibxlazv3kjwycgqg7nfzxjek5pgb4e6pb34y53xvtcejwo3ewn2yi,blakehamiltonca.bsky.social,Blake Hamilton,"First-Past-The-Post Fail League❗️
Canada Federal Edition 🇨🇦🗳️!

Today’s champion:

Lori Idlout
MP for Nunavut

Won with only 37.3% of total voter ballots cast

Multi-Member #ProportionalRepresentation please! Like and share if you agree!￼
#cdnpoli #ElectoralReform #MakeVotesMatter",,,,0,0,0,0,2026-05-13T15:00:07Z,NA,NA,NA,,,,,
at://did:plc:7hy5iuitgvm7g4eqruidn2mm/app.bsky.feed.post/3mlqkbxssa227,bafyreid7h3a55wbngpfrxwthtju6aolmp7hpu2ss37s3rfqtwkorlvkisa,whistlerheidi.bsky.social,Whistler Heidi🇨🇦,"He is in possession of an illegally obtained voters list and will not sign the compliance document with EA. There's gotta be some law(s) broken here.
@cindylee2102.bsky.social 
#cdnpoli #Alberta #abpoli",,,,1,2,3,0,2026-05-13T14:47:42Z,NA,NA,at://did:plc:cz3mlvs5yoo5yehxpxnn536j/app.bsky.feed.post/3mlov656kpk23,,,,,
at://did:plc:r64wzjtkimyq4vkiddzuu6no/app.bsky.feed.post/3mlqk5ijjpk2w,bafyreiaenv7e3qnckul57y3vgbvqecniwycjoyj5avq665jvhts3tfbsnm,bcwildfirewkly.bsky.social,BC Wildfire Weekly - Wildfires + More,"“Officials have declared drought conditions for Osoyoos Lake in B.C.'s Okanagan region due to low snowpack and persistent dry conditions.” www.cbc.ca/news/canada/... - CBC British Columbia 

#BCPoli #CDNPoli #Drought #Osoyoos #USPoli #WashingtonState",,,,0,7,2,0,2026-05-13T14:45:13Z,NA,NA,NA,,,,,
at://did:plc:kl3tgzj3eoyutlmgxysdxnnr/app.bsky.feed.post/3mlqk3uuux22z,bafyreib7v5amsnf5otkof33kzmloccqq2s65zu4qyiyejnz6hye4hz2zja,jacerealstoryy.bsky.social,Jace,"The #CIA #Covert Operation: Episode 3 

open.substack.com/pub/jacereal...

#Canada
#NHL
#Toronto
#Canucks
#Oilers
#BlueJays
#CDNPoli
#Tech
#AI
#Montreal
#Vancouver
#Gaming
#FilmSky
#Climate
#Art
#TransnationalRepression #Trump #AMAGA #USA #Sweden #Egypt #Qatar #Norway #Canada #England",,,,0,0,3,0,2026-05-13T14:44:18Z,NA,NA,NA,,,,,
at://did:plc:7hy5iuitgvm7g4eqruidn2mm/app.bsky.feed.post/3mlqjwwoopk27,bafyreiezdd2py5bm5xs6qusjwvzdapvff2x3fw2mh2x734qxz7pon65uie,whistlerheidi.bsky.social,Whistler Heidi🇨🇦,#cdnpoli #Alberta,,,,0,0,1,0,2026-05-13T14:41:32Z,NA,NA,at://did:plc:h2thseiou732j3h7hnaexs6a/app.bsky.feed.post/3mlpctrdphc2l,,,,,
at://did:plc:trfxovll66637th2fpmsobad/app.bsky.feed.post/3mlqjnj7qks2y,bafyreiel4yt3gsmk2j3yvhm7amt77mfqe2lsvacakm6rdbodtkqhghfihm,hanoomansingh.com,Dan H,"""These energy projects will be so good for the economy!"" 
Ok, well we have the money to fix these problems now and we're not doing it, so how is that going to change anything? 
#cdnpoli",,,,0,0,0,0,2026-05-13T14:36:16Z,at://did:plc:trfxovll66637th2fpmsobad/app.bsky.feed.post/3mlqjnj7nn22y,at://did:plc:trfxovll66637th2fpmsobad/app.bsky.feed.post/3mlqjnj7nn22y,NA,,,,,
at://did:plc:trfxovll66637th2fpmsobad/app.bsky.feed.post/3mlqjnj7nn22y,bafyreifyhofjx3dymu2wovc32cgkbnycm7fehrabzsuqnmdkgbgfnyffam,hanoomansingh.com,Dan H,"If we can’t house our population, what’s the point of arming the military? We’re preparing to defend the idea of a country that doesn’t exist. 
#cdnpoli",,,,2,2,3,0,2026-05-13T14:36:16Z,NA,NA,at://did:plc:znzm74bvyf5igbc2pue3hbqn/app.bsky.feed.post/3lxcnjd5wjc2x,,,,,
at://did:plc:jeuzjfwsgn62xfoe7qo4jul5/app.bsky.feed.post/3mlqjia24ac2i,bafyreiahyx4wpm4v4ceiymnpcnzszacfzg3gh5dsn6iahsr4hxnxr7xptm,bigclimate.bsky.social,Bentley ****TALK CLIMATE****,"This is the 2050 #MarkCarney works every day to set us up for because Big Oil's #BankersGottaBank. If you're defending it because you think making bad bets saves us from Trump you're just a fool
#cdnpoli",,,,0,2,4,0,2026-05-13T14:33:19Z,NA,NA,at://did:plc:3ciyocrksivyahqwqbg4irai/app.bsky.feed.post/3mlplnfnuqc2b,,,,,
at://did:plc:abt5tpb7lqr7vopkrkwfswwq/app.bsky.feed.post/3mlqjf7ji5g2j,bafyreihtg4akonizxw4ybw4hc7rswa6bcdlxspechbc4sriphuf3dtqaga,canadareport.org,Canada Report,"Dual Empowerment for Global SMEs: Arrvel Presents Rugged Devices & Intelligent Printing Hardware

Canada’s fastest news scan: 25+ headlines, no clutter, updated all day: CanadaReport.org

#cdnpoli #Canada #News #Business #Economy 
Read Original Article 🔗",,,,0,0,0,0,2026-05-13T14:31:37Z,NA,NA,NA,,,,,
at://did:plc:pedpziwws5vkocuq76mokn7c/app.bsky.feed.post/3mlqjepwki22d,bafyreibwkbazknszmyovreeksncmw2nwmax6hzxcs3ant6yjbbm62c2pwq,deepgreendesign.bsky.social,Deep Green Design,#NoSpaceForHate ~ #CdnPoli,,,,0,0,0,0,2026-05-13T14:31:21Z,NA,NA,at://did:plc:sefgphqp2xqwh2hawaixykwz/app.bsky.feed.post/3mlmxalpwjs2t,,,,,
at://did:plc:xpgujbkkrjevueb53vpgnetz/app.bsky.feed.post/3mlqjeea4zs23,bafyreigxgc4dafb5hkrttnxkop4ttsqv27qsvcqiiqcwsitxf6jre3d7m4,maxfawcett.bsky.social,Max Fawcett,"In this week's newsletter: why Alberta is already pissing away this latest -- and last -- oil boom, and two different (and lengthy!) takes on the MOU and the federal government's strategy around it. 

(Oh, and the newsletter is free. Subscribe!)

#cdnpoli
www.nationalobserver.com/newsletters/...",,,,7,23,41,1,2026-05-13T14:31:09Z,NA,NA,NA,,,,,
at://did:plc:brxuuriqhzitkov4f73xmxfj/app.bsky.feed.post/3mlqjede7i22m,bafyreif2nd73teiwpmpfgtjmqyyyrrq7ancj7shhpcmyk6mxm6ami7ndga,richardbrooks.bsky.social,Richard Brooks,"Carney is selling all out to appease the Alberta separatist bogeyman that Premier Danielle Smith has so cleverly played. She's a Trump-aligned traitor, ready to sign away our climate and communities for Big Oil.

@mark-carney.bsky.social just caved.

#cdnpoli

www.theglobeandmail.com/politics/art...",,,,1,1,2,0,2026-05-13T14:31:09Z,NA,NA,NA,,,,,
at://did:plc:fo6wpgp6wp3ptllfxvth7svj/app.bsky.feed.post/3mlqjbpyq422i,bafyreid3qgvtx5pmqab5mnantjomyj2wv6mlcrqnvc24jm3hrmjm72tcwq,thegentyyc.bsky.social,TheGentYYC,"I was born in Alberta, moved back here 25 years ago & I say with perfect confidence that quite a lot of Albertans are exactly what the rest of the country sees: whiny, low info, selfish little babies with eternally poopy diapers & zero self awareness #abpoli #cdnpoli www.ctvnews.ca/canada/artic...",,,,1,3,9,0,2026-05-13T14:29:42Z,NA,NA,NA,,,,,
at://did:plc:iga4jdwfpruz47byvryy56tz/app.bsky.feed.post/3mlqjbkr7qs26,bafyreicjtf4653kswa3reowwxybn3hown5mnhn2mjvz3edaankbp4i2sce,thisiswilladams.bsky.social,Will Adams,"Crazy that some of these are STILL up, even if they're faded & shredded. The pink one was taken today, whereas the other two are from September. These Yves Engler posters were absolutely EVERYWHERE in the heart of Toronto.

Some things just refuse to disappear! #CDNpoli #ONpoli #2026NDPLeadership",,,,0,0,0,0,2026-05-13T14:29:40Z,NA,NA,NA,,,,,
at://did:plc:3gqcsf6kly6scabus7eqtw2k/app.bsky.feed.post/3mlqj6clznc2s,bafyreiec4mwlvv5ttz2q6nrqnpaltqdv4lzdljiyuejrzznrmnsadmnxza,inthewoodshop.bsky.social,,#ElbowsUp #RESIGNSMITH #NeverUCP #NeverSmith #DanielleSmithlsUnfitToLead #Ableg #Abpoli #Cdnpoli #ABResistance #UCPfail,,,,1,5,6,0,2026-05-13T14:27:48Z,NA,NA,NA,,,,,
at://did:plc:fo6wpgp6wp3ptllfxvth7svj/app.bsky.feed.post/3mlqj5zqifk2e,bafyreiem67r3dqv5lgi3wocuydfknlbzi34tsf4gda5hzss44ai2hrfxky,thegentyyc.bsky.social,TheGentYYC,"To be clear I was born here and moved back here a quarter century ago and I can say with perfect confidence quite a lot of Albertans are exactly what the rest of the country sees: whiny, selfish little babies with eternally poopy diapers & zero self awareness #abpoli #cdnpoli",,,,3,2,7,0,2026-05-13T14:27:36Z,at://did:plc:fo6wpgp6wp3ptllfxvth7svj/app.bsky.feed.post/3mlqizc7r7s2e,at://did:plc:fo6wpgp6wp3ptllfxvth7svj/app.bsky.feed.post/3mlqhehw43c2e,NA,,,,,
at://did:plc:6vzffmqqbdgof6a5x2otwck3/app.bsky.feed.post/3mlqj3phwls24,bafyreiguyxlc4syookdrfh7n6unn6sipualmszehjg5ljs24dgvv4uzeve,sheamuspatt.bsky.social,Jim Patterson  🇨🇦,"Clearly, Danielle has a different interpretation of ""humankind being entrusted with resources that must be managed carefully for the benefit of other people"".

#cdnpoli #abpoli",,,,3,3,16,0,2026-05-13T14:26:18Z,at://did:plc:pi6p2ujo7ph2o2ztsomzazi6/app.bsky.feed.post/3mlqec437fs23,at://did:plc:pi6p2ujo7ph2o2ztsomzazi6/app.bsky.feed.post/3mlqec437fs23,NA,,,,,
at://did:plc:sleebaqq6za6ocb5v35u2svu/app.bsky.feed.post/3mlqj33qaq22i,bafyreiee34mbpz2nrn6wx2lix44an5s2wgum6opqxylny3sfmdq6gjft4q,inglorious.bsky.social,ᵀᴴᴱꀤNGᒪOᖇIOᑌᔕᴼᴺᴱ🇨🇦,"What does ""sovereign compute capacity"" even mean, @evansolomon.bsky.social ?

The AI centre will draw 85 megawatts, scaling up to 150 megawatts by 2032.

That's enough to power up to 150,000 homes. It will require 5,000,000 litres of water a day.

Insanity.

#CDNPoli 
www.cbc.ca/news/canada/...",,,,1,1,0,0,2026-05-13T14:25:59Z,NA,NA,NA,,,,,
at://did:plc:7ycfilosz2dmgcnqbh76jdol/app.bsky.feed.post/3mlqizltlsk25,bafyreifkzl3ie5fipjzlbjzotabp7ivjxhnd7ot3blsppal7vpkic7ocb4,coolxenu.bsky.social,Cool Xenu 8647,"They will fail miserably, like that red retailer who showed up a few years ago and had no clue how to make it in Canada.

#USA #MAGA is the ultimate sanity repellent.

#cdnpoli",,,,0,1,2,0,2026-05-13T14:25:06Z,NA,NA,at://did:plc:wklzxhaz2wrelcuy3xucw3jp/app.bsky.feed.post/3mlqbypmtv225,,,,,
at://did:plc:jeuzjfwsgn62xfoe7qo4jul5/app.bsky.feed.post/3mlqivw3zck2e,bafyreibj7mp4ifcluspbrq7vwmwjxt4jtymf3bqscvthos4bz6f7c5w27q,bigclimate.bsky.social,Bentley ****TALK CLIMATE****,"Get ready for the full choir about how this is all 4d chess by chess-master #MarkCarney
#abpoli #cdnpoli",,,,0,2,7,0,2026-05-13T14:23:08Z,NA,NA,at://did:plc:c4s2iazqxczwrujcypadou7o/app.bsky.feed.post/3mlqh5ndykk2z,,,,,
at://did:plc:xvhfw6ch4oy4yez2kbu5wrhl/app.bsky.feed.post/3mlqiq4a4cc2z,bafyreiatqn2wnvv3uv5rwsk3gdriafivfna2455igdp4qx5h6pxrjothge,linzi-the-artist.bsky.social,Lindsay Brambles🇨🇦,"#Canada definitely needs a homegrown alternative to American-owned & based credit cards. It is a vulnerability that has a direct impact on our sovereignty & security & must be addressed. #cdnpoli

Should Canada Build Up Alternatives to Visa and Mastercard?
open.substack.com/pub/thewalru...",,,,3,2,4,0,2026-05-13T14:19:50Z,NA,NA,NA,,,,,
at://did:plc:67mpqdmuvarollmm2lqcz6ac/app.bsky.feed.post/3mlqikrnbok2m,bafyreiaebrtijeuio746crqpenhfzoktkamqcbvicmcfin75ps2xbi6rye,coldcollective.bsky.social,4restKC,"New standard discovered!

Apparently you're ""left"" now if you want to have reliable biking infrastructure. 

I'm sure this isn't a trend of attack that will continue along the same lines of American Republicans 😃

Being a mayor under this admin has to be maddening. 

#cdnpoli #abpoli #ableg",,,,1,1,1,0,2026-05-13T14:16:51Z,NA,NA,NA,,,,,
at://did:plc:7ycfilosz2dmgcnqbh76jdol/app.bsky.feed.post/3mlqig36x3k25,bafyreiakvzake5panthf2vidc7ctlzcitz3t6l3u46nzfjz37cxupztuo4,coolxenu.bsky.social,Cool Xenu 8647,"That's funny, sane people believe that oil and gas dialog is myopically centered on greed.

#cdnpoli #ableg",,,,0,1,3,0,2026-05-13T14:14:11Z,NA,NA,at://did:plc:4g5jp4ev7p6duqaniisjtubs/app.bsky.feed.post/3mlnriof7622r,,,,,
at://did:plc:wnhlwfb44kfyi4gb6yc2tvbz/app.bsky.feed.post/3mlqia6s3b22s,bafyreig33ivz6xemo4getmuycbhanajk5hxqemq5tdvxjmngekqhqqeo6e,ajsdecepida.bsky.social,𝐚𝐧𝐝𝐲 𝐉.𝐒. 𝐃𝐞𝐜𝐞𝐩𝐢𝐝𝐚 🇨🇦 🇺🇦  ¬1𝜄 = 𝗇𝗈𝗍 𝗈𝗇𝖾 𝗂𝗈𝗍𝖺,"Michael de Adder nails the visual metaphor: inflation as a bloated political balloon (i.e., depicting ℙ𝕖𝕥𝕒𝕝𝕤 𝓢𝓾𝓮 𝖛𝖔𝖓 𝙿𝙾𝚄𝚃𝚂𝖥𝖺𝖼𝖾), floating above the damage while ordinary people hang on for dear life. #cdnpoli #uspoli #inflation #EditorialCartoon #MichaelDeAdder",,,,0,5,15,0,2026-05-13T14:10:56Z,NA,NA,NA,,,,,
at://did:plc:6cri3nbgdxvfuwdgav73lbce/app.bsky.feed.post/3mlqi65wchc2i,bafyreid4ctmzi4x2rkxosgdxkwtrexk2gpk3ydm4xlqeatx6vut6ixibny,uncoverthenews.bsky.social,UncoverTheNews,"When leaked voter data could put people at risk, this stops being “just politics” 😳
@trueeager.bsky.social  says the full force of the law should be on the table 🇨🇦🔥
Original Video: www.youtube.com/watch?v=86DH...
#cdnpoli #Alberta #Democracy #abpoli",,,,0,1,2,0,2026-05-13T14:09:49Z,NA,NA,NA,,,,,
at://did:plc:6cri3nbgdxvfuwdgav73lbce/app.bsky.feed.post/3mlqi5u7cck2i,bafyreidpn76z7ru3qcuwaobvqr5qx3o5hdupb4vxmwx6raqiitofxxgj34,uncoverthenews.bsky.social,UncoverTheNews,"When leaked voter data could put people at risk, this stops being “just politics” 😳
@TrueEager  says the full force of the law should be on the table 🇨🇦🔥
Original Video: www.youtube.com/watch?v=86DH...
#cdnpoli #Alberta #Democracy #abpoli",,,,0,0,0,0,2026-05-13T14:09:39Z,NA,NA,NA,,,,,
at://did:plc:eoc5qabqsqekkijb3jrojwco/app.bsky.feed.post/3mlqhzcgpkn2o,bafyreifxguo5mddhm5l7h3xuemnhombonrh6b6imykxsnn4ceiamemib3i,prismnpen.bsky.social,Prism & Pen,"I often find my mind drifting back to 2015. It was a year of profound optimism, a shimmering moment when it felt as though the arc of the moral universe was sprinting toward justice. But history rarely moves in a straight line..
buff.ly/4MSlSkP

#LGBTQ #Transgender #Canada #CdnPoli",,,,0,1,1,0,2026-05-13T14:07:04Z,NA,NA,NA,,,,,
at://did:plc:4xqt7t2zph634drigtdxdmro/app.bsky.feed.post/3mlqhy57iks2q,bafyreicopo3tnkhmlrts23xoirdqda2udqg3wkhwotb7keh5xemtcc7qha,journodale.bsky.social,Dale Smith,Roundup post: Concerning nomination irregularities #cdnpoli,,,,2,4,4,0,2026-05-13T14:06:25Z,NA,NA,NA,,,,,
at://did:plc:unzp2ogxuniwapj6z5si7pz6/app.bsky.feed.post/3mlqhx2harc2x,bafyreihq62xdroarm7lxyarbd4x7lf4m5gw57yv6u6vbb2bw2jhrpsqguy,meowshell.bsky.social,Meowshell,#AbLeg #Alberta #Smith #CdnPoli #UCP,,,,0,0,1,0,2026-05-13T14:05:52Z,NA,NA,NA,,,,,
at://did:plc:uwyjaw6tjlw4d6qvwbzdvpew/app.bsky.feed.post/3mlqhwlcmxc2n,bafyreiazpkqy6lwsxy5rgf2lr56c7alv5jb2nvi5p2nf3cqgyfsawfbq6m,tomboymillennial.bsky.social,👁️‍🗨️ jean jacquet,"PLEASE let him run federally one day ✊😭.

(bonus trump mocking at 11min mark).

#cdnpoli #mbpoli #ndp #labourrights #canada",,,,0,0,3,0,2026-05-13T14:05:33Z,NA,NA,NA,,,,,
at://did:plc:3c5jgoau5nb42r6ecka4pmpw/app.bsky.feed.post/3mlqhsmbd4c2k,bafyreigesf2q2cevliqo2yikagcv5myqvt4q5ugkyjsjgklwizwtjpiuhq,br00t4c.bsky.social,br00t4c,"On today's show, Meidas Canada host Charlie Angus and contributor Jenny Yeremiy report together on the battle for Alberta from a gathering of grassroots activists in Edmonton.

#cdnpoli #DonbasDanielle #UCP #doxxing #treason #sedition 

youtube.com/watch?v=Mv3l...",,,,0,1,1,0,2026-05-13T14:03:20Z,NA,NA,NA,,,,,
at://did:plc:ypbo2mq6dqcct43gt2sam6el/app.bsky.feed.post/3mlqhrdyr5g2q,bafyreia6hngsx7hdg5riaq33px5fx5dh22t5imgwfwi6tratvxkbfjo2vu,ipolitics.bsky.social,iPolitics,Race is on for Erskine-Smith’s seat #cdnpoli #ipolitics,,,,0,0,0,1,2026-05-13T14:02:37Z,NA,NA,NA,,,,,
at://did:plc:abt5tpb7lqr7vopkrkwfswwq/app.bsky.feed.post/3mlqhpamk5a2p,bafyreibvxiesgrr7emlbcyld6cjfw3ftjgph5rvkvwezo57bboptvgiixy,canadareport.org,Canada Report,"Politique québécoise | Québec solidaire au pays des merveilles

Canada’s fastest news scan: 25+ headlines, no clutter, updated all day: CanadaReport.org

#cdnpoli #Canada #News 
Read Original Article 🔗",,,,0,0,0,0,2026-05-13T14:01:26Z,NA,NA,NA,,,,,
at://did:plc:na2jsglptzqzh3a2diupef7f/app.bsky.feed.post/3mlqhg6xegk24,bafyreiddoejcb3wuxhcgrjlpt53zygz2ivjtxy5ewncd6zsixvj34wzvsu,martithrall.bsky.social,Marty Fontaine 🇨🇦,"#Trump is in China, yeah?

If the Chinese were going to arbitrarily arrest and imprison anyone, I could not think of a better candidate. 

Shiiiiiiit, it wouldn't even be arbitrary! Charge the viscous bastard with Crimes against Humanity.

The World would rejoice!

#martyfontaine #CdnPoli #LockHimUp",,,,1,0,4,0,2026-05-13T13:56:24Z,NA,NA,NA,,,,,
at://did:plc:fo6wpgp6wp3ptllfxvth7svj/app.bsky.feed.post/3mlqhehw43c2e,bafyreiewwbcg4vpxy4uhjb6cnw5j4y3aqod5wmxj2gfhqoz2lf6gu6ufrm,thegentyyc.bsky.social,TheGentYYC,It's because we're STEEPED in faux grievance #abpoli #cdnpoli,,,,1,4,9,0,2026-05-13T13:55:25Z,NA,NA,at://did:plc:a2da5ecx3bhvfbpzix6zhyfp/app.bsky.feed.post/3mlovh2bdgc2s,,,,,
at://did:plc:oyffnyomwezffmphbvydhrdb/app.bsky.feed.post/3mlqh7nqqvc2c,bafyreif4axdq2czlr532qkbdlpitoihu4dja3zna3weyqcjec6utjasqd4,coffeeandresearch.bsky.social,Rae Martens ♿️,"Within the report you can learn what the latest global assessment says about
Canada's children and why experts are calling for a National Strategy for Children and Youth. 
/2
#cdnpoli #cdnpolitics

www.unicef.ca/en/unicef-re...",,,,0,1,1,0,2026-05-13T13:52:45Z,at://did:plc:oyffnyomwezffmphbvydhrdb/app.bsky.feed.post/3mlqh7nqh4s2c,at://did:plc:oyffnyomwezffmphbvydhrdb/app.bsky.feed.post/3mlqh7nqh4s2c,NA,,,,,
at://did:plc:deej5pakczvmljahhvrridlp/app.bsky.feed.post/3mlqh73gg722p,bafyreigpum3cx2cmne6rlaut32ujxxud2h3fqniycs2bhm6pfrjg7rpafu,pat112.bsky.social,Pat,"Why a song contest has emerged as Europe’s most controversial election

The world has had enough of War Criminal nations committing Genocide while claiming to be victims .

Israeli lies are simply not selling 

#Cdnpoli #Uspoli #Israel #Genocide #BDS
www.cbc.ca/news/world/e...",,,,0,0,0,0,2026-05-13T13:52:26Z,NA,NA,NA,,,,,
at://did:plc:prhg7e4i6rmbpzhxgb4vdc36/app.bsky.feed.post/3mlqh3vqfc225,bafyreiccgy2n4xkb6bcjn427qqkz2kdqtedyofgk2wrmap6gnxdttq2lz4,solarab.bsky.social,Tom Moffatt,"If you keep your documents in a special folder labelled 'Google Docs', they are immune from FOI requests, Ontario decrees #onpoli #Toronto #cdnpoli",,,,1,3,0,0,2026-05-13T13:50:38Z,NA,NA,at://did:plc:dmb64b62eb77vvvg2itoajb4/app.bsky.feed.post/3mlqep2a55s2b,,,,,
at://did:plc:deej5pakczvmljahhvrridlp/app.bsky.feed.post/3mlqgyiqgzs2p,bafyreiccehkn3vlcun2nzovqlj7nh5eyza2hfby5q4astvk2tzplaeqxua,pat112.bsky.social,Pat,"Stated in the article is "" continuing to decline from an unknown source of origin,...Shultz's father didn't want any invasive procedures done on his son ""

 Conclusion : No diagnosis , no treatment . 

#Cdnpoli #Healthcare 
www.cbc.ca/news/canada/...",,,,0,0,0,0,2026-05-13T13:48:49Z,NA,NA,NA,,,,,
at://did:plc:znj4lppxrevean47mjt57bcn/app.bsky.feed.post/3mlqgojp2tk27,bafyreiaualty2f3mbeodp55wz46v2bq34f5ajni5qnpv5aftvxiw2i73ue,cpac.ca,CPAC TV,"On Parliament Hill, PM Mark Carney meets with Canadian astronaut Jeremy Hansen and his Artemis II crewmates.
 
Sur la Colline du Parlement, le PM Mark Carney rencontre l’astronaute canadien Jeremy Hansen et ses coéquipiers de la mission circumlunaire Artemis II.
 
#cdnpoli | #polcan",,,,4,16,42,7,2026-05-13T13:43:11Z,NA,NA,NA,,,,,
at://did:plc:ixsqg3bg7z5xspgl7af2j3ez/app.bsky.feed.post/3mlqgn4upgc2j,bafyreihzr7cejyjd3m5ig3xnmq3pvwwlsxhz3roe5j4b56fkggp4z2ezdy,marilynblueyes.bsky.social,Marilyn ❤️🇨🇦,"Our common sense will truly be history then. 
Let’s wake up people, stomp AI, enjoy life & protect Mother Earth for generations to come. These massive AI plants everywhere need to be denied worldwide if humans are to survive. 
We need fresh water to survive, not AI‼️
#cdnpoli #abpoli #onpoli #bcpoli",,,,0,0,1,0,2026-05-13T13:42:22Z,at://did:plc:n7q33pebalyof6qlq337wdcj/app.bsky.feed.post/3mlqd4p55fc2w,at://did:plc:n7q33pebalyof6qlq337wdcj/app.bsky.feed.post/3mlqd4p55fc2w,NA,,,,,
at://did:plc:deej5pakczvmljahhvrridlp/app.bsky.feed.post/3mlqgbwnpyk2p,bafyreialvgu3yt6mn7nkagyozfkkojlsi6nbxexzjglaraawg4eqttqiqi,pat112.bsky.social,Pat,"U.S. DEA boss is lying again to super gullible Americans to justify tariffs that have been found illegal ,even in the US. Meanwhile the USA is a War Criminal and the majour trafficker of gun deaths in Canada .

#Cdnpoli #Uspoli #BoycottUSA
www.cbc.ca/news/world/u...",,,,0,0,0,0,2026-05-13T13:36:10Z,NA,NA,NA,,,,,
at://did:plc:54e5yjwti3paq4wmvgvwbhcp/app.bsky.feed.post/3mlqg2luk4k2i,bafyreiaxhz4ikhumnqyiptrrommgciengfyxj2bnt34s4yboxkmqudftjq,lisawedmann.bsky.social,Lisa,"So-called leaders, like Doug Ford, are supposed to protect us. Instead, he's giving away our data & setting us up to keep the tech bros happy. This needs to stop except it won't because Mark Carney is on board with this. #onpoli #cdnpoli",,,,0,1,0,0,2026-05-13T13:32:00Z,NA,NA,at://did:plc:4ownlsrdmnvwgzmcdi2bof6s/app.bsky.feed.post/3mlpzlqfxsc2v,,,,,
at://did:plc:abt5tpb7lqr7vopkrkwfswwq/app.bsky.feed.post/3mlqfzoa6sv2j,bafyreietqk2xhrfoftk45mr576r5h3yjhvpay2jzy4tfvx66mhgvntfaie,canadareport.org,Canada Report,"Verde AgriTech Announces Q1 2026 Financial and Operating Results

Canada’s fastest news scan: 25+ headlines, no clutter, updated all day: CanadaReport.org

#cdnpoli #Canada #News #Business #Economy 
Read Original Article 🔗",,,,0,0,0,0,2026-05-13T13:31:29Z,NA,NA,NA,,,,,
at://did:plc:deej5pakczvmljahhvrridlp/app.bsky.feed.post/3mlqfw6ojx22p,bafyreies56myjreivzhpmpe76krf3sk7oqoi4rlyiktfphbyvffc6tmdh4,pat112.bsky.social,Pat,"No apology included in proposed $30M settlement for Christian Brothers abuse case as the RC, Rape Church, thinks they did no wrong and continue on, as that is who they are  & what they do 

#Cdnpoli #Religion 

www.cbc.ca/news/canada/...",,,,0,1,2,0,2026-05-13T13:29:36Z,NA,NA,NA,,,,,
at://did:plc:istu2catmtwuynu7jlh6buzl/app.bsky.feed.post/3mlqfvj2kfc2t,bafyreialk5f2dwx4jwdgbik4b2gyie7fh2il2ed2qxrh4tzzscsifqdc7y,elcanaco.bsky.social,elcanaco.bsky.social,"This is an important issue and it's great that it's starting to get some attention.

Here's a direct link to the report (French):
gabrielnadeaudubois.com/livre-blanc/...

#cdnpoli #bcpoli #vanpoli",,,,0,0,2,0,2026-05-13T13:29:11Z,NA,NA,NA,,,,,
at://did:plc:f2bzy7mezkpjkj55e2jae4ja/app.bsky.feed.post/3mlqfv6ipts2d,bafyreifzwvpkgmhpmt2stfqgi6qecht2ywxyilcr7xp3azjqyj2hxz25qe,davidsquared.bsky.social,David Davidson,"Even mainstream press is reporting Isr**el is using dogs to rape Palestinian prisoners. Yet Mark #Carney & the #LPC are still staunch supporters, and we have a free trade deal. Tell me again our politicians are not sociopaths. #cdnpoli open.substack.com/pub/owenjone...",,,,0,1,0,0,2026-05-13T13:29:00Z,NA,NA,NA,,,,,
at://did:plc:deej5pakczvmljahhvrridlp/app.bsky.feed.post/3mlqfgazn6k2p,bafyreialbxjzs7wg6i5x3xoedrf6pp7t2biz524uht3r6dilikacoqdhia,pat112.bsky.social,Pat,"Are Canadians reaching their 'breaking point'? New data shows more people filing for insolvency

In perspective .0008% of Canadians file for bankruptcy in Q1 & of course there are more people in Canada now so the rates are much lower than 2009 levels.

#Cdnpoli #Economy 
www.cbc.ca/news/busines...",,,,0,0,1,0,2026-05-13T13:20:40Z,NA,NA,NA,,,,,
at://did:plc:gva6uzmzlyxlecg7jlzozzfs/app.bsky.feed.post/3mlqf6t5ff22p,bafyreif35tsyxnwusngutzvfhwe2pafty4x3umtdv45ea6tcqvcuezj42q,jamiemackinnon.bsky.social,Jamie MacKinnon🇨🇦,"Kasparov: ""Ukraine Must Win. And there’s another part to it—something that even the most pro-Ukrainian politicians in Ottawa ... aren’t comfortable saying. Russia Must Lose.""

And to Canadians: ""For inspiration, you must look to your kin in #Ukraine.""

#cdnpoli

www.thenextmove.org/p/what-i-tol...",,,,0,0,1,0,2026-05-13T13:16:29Z,NA,NA,NA,,,,,
at://did:plc:4jhds6khpgmfkova5vetcm5h/app.bsky.feed.post/3mlqejmvpsk2n,bafyreibyrwwglfgyg3444engbxkldedxvc7igizo7rmpwdttf3aarkplae,drunkondespair.bsky.social,NA,"I'm sure #MarkCarney will issue another empty statement with regard to the mistreatment of a Canadian and senior diplomat by the fascist and sadistic genocide regime. #cdnpoli

t.me/thecradlemed...",,,,0,0,0,0,2026-05-13T13:04:36Z,NA,NA,NA,,,,,
at://did:plc:mlimbtxuf4wyxwvtb2fm7yur/app.bsky.feed.post/3mlqehxkd3k2h,bafyreifvkp3nubpcehc3npspl6f45r5u75uexul4egjuccwm7oljhjfbqi,hellobonjour.bsky.social,Dr. Hello Bonjour,"WTF! AI learns from data that it receives as input, so this is as bad, if not worse than the Alberta data scandal. Now anybody in the world who uses AI could possibly get information on an Ontario citizen, even if unintentional, and we'll never know. 

Investigation and CONSEQUENCES pls! #CdnPoli",,,,2,7,10,3,2026-05-13T13:03:40Z,NA,NA,at://did:plc:4ownlsrdmnvwgzmcdi2bof6s/app.bsky.feed.post/3mlpzlqfxsc2v,,,,,
at://did:plc:abt5tpb7lqr7vopkrkwfswwq/app.bsky.feed.post/3mlqee7riyw27,bafyreieqvyrgmftff3miarou4t5jj32xjjok72b4l4qy57tlqqs7cvcy4e,canadareport.org,Canada Report,"OpenText reports steady revenue as new CEO comes aboard

Canada’s fastest news scan: 25+ headlines, no clutter, updated all day: CanadaReport.org

#cdnpoli #Canada #News #Tech #AI 
Read Original Article 🔗",,,,0,0,1,0,2026-05-13T13:01:35Z,NA,NA,NA,,,,,
at://did:plc:rlcoxketrj26yu5hgn3izwaz/app.bsky.feed.post/3mlqdpgcvws2w,bafyreic7tztknm7iag2iphk2jecas4gymoh3ysqsvay2d6acera627k4ga,janfromthebruce.bsky.social,JanFromTheBruce 🍁,"Every day I am going to post this (permission from Del Schilling).

Will you join me?

Over 5700+ Missing & Murdered Indigenous Women & Girls

#MMIWG #cdnpoli",,,,3,6,11,0,2026-05-13T12:49:58Z,NA,NA,NA,,,,,
at://did:plc:jvbp4nezylu5n44nkjnimsxf/app.bsky.feed.post/3mlqdjlxzgs2m,bafyreieyifhtwriy5v4z6vnb7x5fm47cxucft3cva4ceuae4rcmzdmwse4,davidakin.bsky.social,davidakin,"▶️ Deal soon. ▶️ Census pushback. ▶️ Defiant separatist.
The 🇨🇦 #cdnpoli 📰 Roundup for WED MAY 13
davidakin.substack.com/p/david-akin...",,,,0,1,4,0,2026-05-13T12:46:44Z,NA,NA,NA,,,,,
at://did:plc:xzgwn3nornr6v6cdd2fqsdru/app.bsky.feed.post/3mlqd2wsit223,bafyreiga2vdgiajfdavezobwo72rt7iuscmsjvi3jgpbee4nukdphxefla,mikemontreal.bsky.social,Montreal Mike🇨🇦,"IMO the Walter Cup is equally as significant as the Stanley Cup.  Think of it as the Stanley Cup back when it was the original 6 teams.   Nothing but respect and awe of these amazing PWHL athletes.  Plus it will be a CANADIAN team that takes it this year. 🇨🇦🇨🇦
#PWHL #cdnpoli #montreal #ottawa",,,,2,8,26,0,2026-05-13T12:38:30Z,NA,NA,NA,,,,,
at://did:plc:bfypaxsdpfcj4i2t5qkeu3eh/app.bsky.feed.post/3mlqcxcfmjs2p,bafyreiggmnf5zidnhgs7f2g2kbek2w5s2ct23cjtuwlyhsvy3b5gd6okxy,conorcurtis.bsky.social,Conor Curtis,"The separatists want a west coast oil pipeline right?

WRONG.

Not really.

They want to be important - they want to kill things they don't like (like climate policy) - & then to say:

""Look how powerful we are now, just the threat of us did so much.""

They will blame Canada no matter what. #CDNpoli",,,,2,3,17,3,2026-05-13T12:36:28Z,NA,NA,at://did:plc:bfypaxsdpfcj4i2t5qkeu3eh/app.bsky.feed.post/3mlgh3vqgwk26,,,,,
at://did:plc:abt5tpb7lqr7vopkrkwfswwq/app.bsky.feed.post/3mlqcocliuc2k,bafyreiey7iot7po24gmj7dmnw5xccxypuqfkz2f7ye5opdzeg5ypxkkvsm,canadareport.org,Canada Report,"iA Financial Group Cautions Investors Regarding Ocehan LLC “Mini-Tender” Offer at a Significant Discount to Market Price

Canada’s fastest news scan: 25+ headlines, no clutter, updated all day: CanadaReport.org

#cdnpoli #Canada #News #Business #Economy 
Read Original Article 🔗",,,,0,0,0,0,2026-05-13T12:31:26Z,NA,NA,NA,,,,,
at://did:plc:bfypaxsdpfcj4i2t5qkeu3eh/app.bsky.feed.post/3mlqcdcbt3k2p,bafyreigokodfep4ejgkyoeb43uwlwfzl3q75xal2z7fk4oq6a4ayrzanhi,conorcurtis.bsky.social,Conor Curtis,"I think what's interesting is that some people are SO focussed in on the pipeline-4d-chess faith they have in the PM that they cannot see that his policies are very much pro oil & gas in general.

There's more happening than a pipeline discussion & they have missed the forest for the trees. #CDNpoli",,,,1,14,20,0,2026-05-13T12:25:18Z,NA,NA,at://did:plc:66lbtw2porscqpmair6mir37/app.bsky.feed.post/3mlomnp5f6k2a,,,,,
at://did:plc:2xzrblh6vkyu4fikq62wiqea/app.bsky.feed.post/3mlqc4gyzy22k,bafyreib3gabzlgbpgregeyznjccaqyz6mcjdc7jxvdsu2pic6vnjwzdm3m,igm1200.bsky.social,,"Behind a paywall, but …

“Putin has said there is potential for Russia and the U.S. jointly ​to exploit huge mineral reserves in the Arctic, and has also floated the possibility ​of projects in Alaska.”

Trump will likely cede to Putin, while Canada says, “Piss off!”

#cdnpoli #abpoli",,,,0,0,0,0,2026-05-13T12:21:28Z,NA,NA,NA,,,,,
at://did:plc:pedpziwws5vkocuq76mokn7c/app.bsky.feed.post/3mlqc46ql3k2g,bafyreifvo63ux2qxo7vvq4wlwsj56m7ieu4hurocl4za4npocwz6phwoyq,deepgreendesign.bsky.social,Deep Green Design,"🇺🇸 has no confirmed CDC director, no FDA commissioner, no Surgeon General, an NIH director with no medical license.

The last Acting CDC Director was a Bush speechwriter. 🧪

#VoteBlue #CdnPoli",,,,0,1,1,0,2026-05-13T12:21:19Z,NA,NA,NA,,,,,
at://did:plc:3rpfz7pfzaiqxqoql75cvg2f/app.bsky.feed.post/3mlqbw7yzmc26,bafyreig3omia3rx3l652qankhjk4ffa6g63v6d5nibml43zs7cuajt4hhm,cpbh01.bsky.social,CPBH,"More heartbreaking situations. Govt officials know, but seem to be willing to let Canadian families fall through the cracks.

#EnforceTheCode

#BuyerBeware It could be you, your child, your parent next.

@gregorrobertson.bsky.social

#cdnpoli #newlybuilthomes #CodeViolations #healthandsafety",,,,0,1,2,0,2026-05-13T12:18:01Z,NA,NA,NA,,,,,
at://did:plc:sywtwkbhpdibiprqvv7epcto/app.bsky.feed.post/3mlqbhvgllc2n,bafyreifgc72sz55u4ieubjiyrvivo6fck6f2rg722thywnvqcnhaafpfhi,elliott4mp.bsky.social,"Derek Elliott, Libertarian","Stop Swapping Gatekeepers: It’s Time for Real Choice and Freedom
#cdnpoli #libertarian #canada #conservative #politics 
youtube.com/shorts/tz7je...",,,,0,0,0,0,2026-05-13T12:09:57Z,NA,NA,NA,,,,,
at://did:plc:pedpziwws5vkocuq76mokn7c/app.bsky.feed.post/3mlqbduli4s24,bafyreiayeavdwb3xcgqto2ypheheo42q5tt2fjsuhxhbaldqzth3unm6oi,deepgreendesign.bsky.social,Deep Green Design,"As a product safety SME & professional, Canada’s record has degraded since 2006.

People have died from these design features, something that I refuse to politicize. 

CC: @mark-carney.bsky.social 

#CdnPoli #Design",,,,1,0,1,0,2026-05-13T12:07:43Z,at://did:plc:h7nln7hldtjluycli3hawll2/app.bsky.feed.post/3mlqb2elhas24,at://did:plc:pedpziwws5vkocuq76mokn7c/app.bsky.feed.post/3mlqap3hwv224,NA,,,,,
at://did:plc:abt5tpb7lqr7vopkrkwfswwq/app.bsky.feed.post/3mlqaz52e5t2j,bafyreigddyamyydi7sfzpskxrsimikvq2r7qzfebeiqcndsftp2ngef62y,canadareport.org,Canada Report,"Bobbie Racette built her new startup around a simple idea: be the support she never had

Canada’s fastest news scan: 25+ headlines, no clutter, updated all day: CanadaReport.org

#cdnpoli #Canada #News #Tech #AI 
Read Original Article 🔗",,,,0,0,0,0,2026-05-13T12:01:42Z,NA,NA,NA,,,,,
at://did:plc:gngvpsp4l6uzcl7fs55ds5cj/app.bsky.feed.post/3mlqaxmotdr2w,bafyreiflsv7lxjvxibm43mtybie4v5pjcgqe3o32hoq6tzrgrtm3papusy,davidcoletto.bsky.social,David Coletto,"The Carney government’s approval has hit a new high.

57% approve
28% disapprove

The Liberals also lead the Conservatives by 10 points nationally.

#cdnpoli

abacusdata.ca/canadian-po...",,,,1,3,6,1,2026-05-13T12:00:51Z,NA,NA,NA,,,,,
at://did:plc:pedpziwws5vkocuq76mokn7c/app.bsky.feed.post/3mlqaxedbt224,bafyreiczzwwwga2szz5ixja5fzkvle6n33eojfenj2qvy5xbe5jzmn2cxm,deepgreendesign.bsky.social,Deep Green Design,"Canada cannot trust America to supply mission critical systems, like the #F35, @mark-carney.bsky.social.

America extorted Ukraine & abandoned allies.

That’s unacceptable.

#NATO #CdnPoli",,,,0,4,5,1,2026-05-13T12:00:43Z,NA,NA,at://did:plc:eycg47nc4kycvzgiq3r5h326/app.bsky.feed.post/3mlqagebub22i,,,,,
at://did:plc:pedpziwws5vkocuq76mokn7c/app.bsky.feed.post/3mlqap3hwv224,bafyreifxp3lwqwsegb6c4kiafwjjqzwgv7vq5kv7yl43hilfkisx2dzbly,deepgreendesign.bsky.social,Deep Green Design,"When will Canada ban dangerous & unsafe design, @mark-carney.bsky.social?

#CdnPoli #Design 🧪",,,,1,0,2,0,2026-05-13T11:56:05Z,NA,NA,at://did:plc:hjnftvy2bqhs7ffh7nwii737/app.bsky.feed.post/3mlpvn2k3qc2f,,,,,
at://did:plc:nfyufn6coiocb5o3t2kpay3m/app.bsky.feed.post/3mlqa5bbi622l,bafyreidscifteh4qgkn5s7bhmvjnlgbcspomo3sqic6aqb43um7s5jnjvi,cdnerethizon.bsky.social,Cory 🇨🇦,"Seems like there's a few things Carney is unwilling to speak out against Conservative premiers for, including their destruction of public healthcare and education. 
#cdnpoli #onpoli",,,,0,4,4,0,2026-05-13T11:46:08Z,NA,NA,at://did:plc:a2kjkdp4rs6sbx56dmk2hern/app.bsky.feed.post/3mlq7v6ec6s2h,,,,,
at://did:plc:dzu7ntlsxj2rlxxob4ymyhwz/app.bsky.feed.post/3mlq7zsztfk2w,bafyreiaxkq7p46vb34566niczavrr62qvoprv6nscna6fdt4lmeunnilre,grannycanuck.bsky.social,💪🏼🫎🛶🦫🌲💨🪨🌊,"“Canadian Sovereign AI Compute Strategy” ised-isde.canada.ca/site/ised/en...
• (From) Innovation, Science & Economic Development Canada ised-isde.canada.ca/site/ised/en
• Engagements on Canada’s next AI Strategy: Summary of Inputs Oct 2025 ised-isde.canada.ca/site/ised/en... (1/2)🔚 #bcPoli #cdnPoli",,,,1,0,0,0,2026-05-13T11:44:12Z,NA,NA,NA,,,,,
at://did:plc:7cpvo7sm3evstfhqeaky7kam/app.bsky.feed.post/3mlq7wodh6s2b,bafyreielqq22iobtf42woe26dijviyijh5prhhbtftxzik7ojrk2pyt2sy,msjenx.bsky.social,,"Every time Canadian reporters interview the gas price guy they lazily turn to at times like this, they should remember he left his most prominent job because he couldn’t accept the idea of women having bodily autonomy. #cdnpoli",,,,0,0,1,0,2026-05-13T11:42:26Z,NA,NA,NA,,,,,
at://did:plc:q53ibv7ujf27tbhk7ar76tfz/app.bsky.feed.post/3mlq7vjrol22x,bafyreigqaphkeajxzfaaa7uoh7ufrrebnpdvabifauxjvb5llsqsuajqdm,marc55.bsky.social,Marc 🍁,"How does the USA expect the world to like them when they hate each other this much?
#cdnpoli",,,,1,0,0,0,2026-05-13T11:41:50Z,NA,NA,at://did:plc:4llrhdclvdlmmynkwsmg5tdc/app.bsky.feed.post/3mlq7mqxu442u,,,,,
at://did:plc:a2kjkdp4rs6sbx56dmk2hern/app.bsky.feed.post/3mlq7v6ec6s2h,bafyreibpkcpsdstjpfcuw4rnk26xyg4bxps4wrlzd76nlwsgkxe3au2gn4,rzaichkowski.bsky.social,Robert Zaichkowski,Today's @thestar.com op-ed by Peter Donolo - a former Chrétien communications director - calls out the lack of willingness by Toronto's 23 #LPC MP's to stand up to Doug Ford and say #NoJetsTO. A direct contrast to the Chrétien governments of the 1990's. #cdnpoli www.thestar.com/opinion/cont...,,,,3,6,23,1,2026-05-13T11:41:51Z,NA,NA,NA,,,,,
at://did:plc:dgqy3ilac6mklabi55uaabyi/app.bsky.feed.post/3mlq7tnlb2s2u,bafyreialjdv2rqq5tejsxlyls62t43nvm5mmmjmanhgbxwwcfu5u6bgqay,stribeprogblog.bsky.social,"Scott Tribe -A proud ""Ketchup Chip Nationalist"" member",#uspoli #cdnpoli,,,,0,1,1,0,2026-05-13T11:40:45Z,NA,NA,NA,,,,,
at://did:plc:be6vyurppatvcecwwyo4oit7/app.bsky.feed.post/3mlq7nad2h22d,bafyreihlymkqdl27pqa7m2a7cdwh4pa5oct3l35xpko2aeg25gf376mdvi,lcptbo.bsky.social,LeslieC🍁,"www.ourcommons.ca/petitions/en...
Tell @mark-carney.bsky.social that we do NOT want Doug Ford’s insane expansion of Billy Bishop airport! He wants to destroy the Toronto Islands. lRequires filling in part of Lake Ontario (hello DFO?). It will destroy the Toronto waterfront. #cdnpoli",,,,0,4,4,0,2026-05-13T11:37:09Z,NA,NA,NA,,,,,
at://did:plc:4ownlsrdmnvwgzmcdi2bof6s/app.bsky.feed.post/3mlq7m5wbtk2v,bafyreicinbgpflh3ra7f3tr6jxn5dgyppglanzmn3yjpsaznqdvq2tavpu,peipolitical.bsky.social,PEIPolitical 🇨🇦,"Health P.E.I. pushing ahead with youth unit relocation despite staff opposition.
Meanwhile approaching a decade of no new MH hospital. 
MAGA CON govt failure. #cdnpoli #peipoli 
www.saltwire.com/prince-edwar...",,,,0,0,0,0,2026-05-13T11:36:35Z,NA,NA,NA,,,,,
at://did:plc:h2spa3l463coxycuy6iiov2l/app.bsky.feed.post/3mlq7lz52jc2q,bafyreig6e74fvd3ni76ahkcoq5lubihphz3l4udow6jy3xz5f44kksxsui,shewandersferal.bsky.social,Allison Moon 🌙  🍁,"🍁 #CANpoli 🍁 #CDNpoli 🍁  #CanadaSky 🌌 #Banking

#Data #Security
#EU #USA #CreditCard",,,,1,1,1,0,2026-05-13T11:36:30Z,at://did:plc:h2spa3l463coxycuy6iiov2l/app.bsky.feed.post/3mlq6qawc722q,at://did:plc:h2spa3l463coxycuy6iiov2l/app.bsky.feed.post/3mlq6q5rvck2q,NA,,,,,
at://did:plc:2ndnormoqwdhwhqueq4nekk4/app.bsky.feed.post/3mlq7h6pvdc2e,bafyreiaqlsibts6bk3iwi24gkrmebameah3gy3kvkgqyhs4aodfmgb6t54,scottneigh.bsky.social,Scott Neigh,"""It's just so hypocritical that at a time where Canada has this self-image of championing this liberal global order … we're introducing this extremely draconian legislation…” www.cbc.ca/news/canada/... #cdnpoli",,,,0,1,0,0,2026-05-13T11:33:47Z,NA,NA,NA,,,,,
at://did:plc:enxqwi3p34i4etwwd4vgz3xy/app.bsky.feed.post/3mlq7fzn54e2z,bafyreiasoyad5ezwkc7fywtsqdllfitcyhwubsx4ircjhmxqo4uoj6xj5e,sheenasharp.bsky.social,Sheena Sharp,"The mountain is public perception and disinformation. Lewis is a Green in a lot of ways. Climate is my  number 1 concern so that's good. And that's how I thought about Carney too.

However, now that Lewis is leader,  crickets on climate. It's not an accident.  #cdnpoli",,,,0,0,0,0,2026-05-13T11:33:07Z,at://did:plc:jeuzjfwsgn62xfoe7qo4jul5/app.bsky.feed.post/3mlnurbjgzs2p,at://did:plc:enxqwi3p34i4etwwd4vgz3xy/app.bsky.feed.post/3mlkn3fvcjh2j,NA,,,,,
at://did:plc:nbo7sbdaqftjent7gndejypz/app.bsky.feed.post/3mlq7fqftkc27,bafyreih5r4sncs7ev4diujpc5o2xny55sqxbxedzy6hbeg2pry7vghh5tq,lauraba.bsky.social,Laura,"Confidential transnational crime agreements are how investigations work. 

Opposition using diaspora communities as a wedge issue to score points is just noise! 

Govern or get out of the way.

#cdnpoli",,,,0,0,0,0,2026-05-13T11:33:00Z,NA,NA,NA,,,,,
at://did:plc:abt5tpb7lqr7vopkrkwfswwq/app.bsky.feed.post/3mlq7dfcez72t,bafyreifrd5b77t47kfq6kpasmyz65rl5jd32l4bym7v72fnaf3ivaktz6e,canadareport.org,Canada Report,"Veristat Launches AI Biostatistics Platform, Cutting Clinical Trial Data Readout Time from 5 Weeks to 5 Days* Without...

Canada’s fastest news scan: 25+ headlines, no clutter, updated all day: CanadaReport.org

#cdnpoli #Canada #News #Business #Economy 
Read Original Article 🔗",,,,0,0,0,0,2026-05-13T11:31:38Z,NA,NA,NA,,,,,
at://did:plc:h2spa3l463coxycuy6iiov2l/app.bsky.feed.post/3mlq6qawc722q,bafyreidurlbug4ovdxm7ocdsl7zf2inoclgq7kpuoe4pl3otj6stmvm27i,shewandersferal.bsky.social,Allison Moon 🌙  🍁,"… #Visa & #Mastercard have partnered with #Interac on co-badged cards, while many consumers pay with #Apple-issued #iPhones or use terminals run by #American companies, such as #Chase, #GlobalPayments, #Square, & #Stripe…”

🍁 #CANpoli 🍁 #CDNpoli 🍁  #CanadaSky 🌌 #Banking #DataSecurity",,,,1,0,0,0,2026-05-13T11:20:57Z,at://did:plc:h2spa3l463coxycuy6iiov2l/app.bsky.feed.post/3mlq6q5rvck2q,at://did:plc:h2spa3l463coxycuy6iiov2l/app.bsky.feed.post/3mlq6q5rvck2q,NA,,,,,
at://did:plc:kqqydztpv6lrkmynvlo7zsru/app.bsky.feed.post/3mlq6pacdx22k,bafyreifx6urmt6aewyfiymsxkl4xh7ftt2zi66vbhfkrdylcowgx62kezu,kaicable.bsky.social,"Kai, a very old GenX 🇨🇦"," Danielle Smith – the public face of foreign interference in Canada – gets Canadian security clearance.

Even without her ideological history, Alberta’s premier is temperamentally unsuited to keeping state secrets.

#bcpoli #abpoli #cdnpoli #canada

rabble.ca/politics/can...",,,,2,4,3,0,2026-05-13T11:20:26Z,NA,NA,NA,,,,,
at://did:plc:ge5udue4yerirtxx3ogmxl6f/app.bsky.feed.post/3mlq6ktyzqk2y,bafyreifr4lnr65trczs5yabselmbjzjcavy5ukk4hqlfrry22dxapgr67a,misselle1212.bsky.social,Miss Elle 🇨🇦,"🇨🇦: I call bullshit.

Fact: In 2025, 🇺🇸 officials seized 35 kilos of fentanyl along the northern border compared with 5,215 kilos at the 🇲🇽 border.

🇺🇸: The DEA currently has 2 offices in Canada and “intends” to open two more in 2027.

🇨🇦: Bitch, please.

#cdnpoli
#Canada

www.cbc.ca/news/world/u...",,,,2,8,18,0,2026-05-13T11:17:58Z,NA,NA,NA,,,,,
at://did:plc:643nfj64adt3sd6lil4l4eqt/app.bsky.feed.post/3mlq6gzrgts2m,bafyreibwrfvy2lhrggpxafoyxpzxxky5ptdhvyjfwurhfpdwcmuzvzhpka,deanbeeby.bsky.social,Dean Beeby,New substack from me: Protecting a pedophile's privacy open.substack.com/pub/deanbeeb... #cdnfoi #cdnpoli #cbsa,,,,0,1,0,0,2026-05-13T11:16:15Z,NA,NA,NA,,,,,
at://did:plc:4ownlsrdmnvwgzmcdi2bof6s/app.bsky.feed.post/3mlq65s5owk2v,bafyreidbuennbdpetrdffc75gnfsxtjxoymni4n2joivw4o6upl7ehfxli,peipolitical.bsky.social,PEIPolitical 🇨🇦,"Bell Media Partners with YouTube to Unlock 60 Years of Canadian Culture for a Global Audience. #cdnpoli 
www.bellmedia.ca/the-lede/pre...",,,,0,5,11,1,2026-05-13T11:10:39Z,NA,NA,NA,,,,,
at://did:plc:abt5tpb7lqr7vopkrkwfswwq/app.bsky.feed.post/3mlq5qxowpw2j,bafyreichrpk45dvn5fe3fgqxxhcrcsf63k7v6255yfdhdnwhcgpk7e2mv4,canadareport.org,Canada Report,"🇨🇦 Morning Briefing — May 13  
Calls for reform in Indigenous rights are intensifying.  
• First Nations urge action on UN recommendations.  
• Federal investment boosts AI inno...

Read: canadareport.org/briefing-2026-05-13-morning.html
#cdnpoli",,,,0,0,0,0,2026-05-13T11:03:27Z,NA,NA,NA,,,,,
at://did:plc:bqvcoxdpr4lp3qmq5cng2w4i/app.bsky.feed.post/3mlq5ifohmc26,bafyreigbzkhaongfcgy55trthvjgd2sf4wwttxaaixwa3okfriljkxeczy,ogcanada.bsky.social,Unapologetic Lee 🇨🇦,PM @mark-carney.bsky.social - guess who pays for that electricity? #cdnpoli,,,,0,2,3,0,2026-05-13T10:58:40Z,NA,NA,at://did:plc:vovinwhtulbsx4mwfw26r5ni/app.bsky.feed.post/3mlq56slist25,,,,,
at://did:plc:bqvcoxdpr4lp3qmq5cng2w4i/app.bsky.feed.post/3mlq5gcdsfc26,bafyreid2ucholtkrpeqe2o333cghvxfyahrbpk7vfxx34lq5unajylid2u,ogcanada.bsky.social,Unapologetic Lee 🇨🇦,"Canada, did you know Dunkin Donuts donated to Trump’s campaign? #cdnpoli #elbowsup",,,,2,11,12,1,2026-05-13T10:57:29Z,NA,NA,at://did:plc:zus33p6nnh3zxbpheaug7rhw/app.bsky.feed.post/3mlpcxeoe222f,,,,,
at://did:plc:tyg2ztzq6goz3zgebqa7sjz3/app.bsky.feed.post/3mlq5bjgrvzu2,bafyreiagsknwvytwrblm6n46cfuorn3ehzog2dpuwx5z7a2nwd6brhzmyi,mpjgregoire.cosocial.ca.ap.brid.gy,M. Grégoire,"#BenWoodfinden: ""Parties have incentives to keep it open to a wide group of people but we need to just realize that this is bad for our country. If you can't vote in a general election, you shouldn't be able to vote in a leadership or nomination race. That's my view and I wish all political […]",,,,0,0,1,0,2026-05-13T10:54:54Z,NA,NA,NA,,,,,
at://did:plc:wklzxhaz2wrelcuy3xucw3jp/app.bsky.feed.post/3mlq4kl7te227,bafyreigzekxolaowlgspves3om4uysomzvoyzd43m5cuv6qwbqfaf4n6rq,thatgenxwidower.bsky.social,L Bennett 🇨🇦 🇪🇺🇺🇦✌🏻#TeamCanada #ElbowsUp,"This prick is the most dangerous man in Canada. #cdnpoli #abpoli #treasonweasel 

www.cbc.ca/news/canada/...",,,,10,27,45,0,2026-05-13T10:41:59Z,NA,NA,NA,,,,,
at://did:plc:4ownlsrdmnvwgzmcdi2bof6s/app.bsky.feed.post/3mlq4ahfcrc2v,bafyreid3ztogfgfpq6ivz7w6vsfuqacaugorwposi6wng6om5j5aukugzq,peipolitical.bsky.social,PEIPolitical 🇨🇦,"Liberal MP Nate Erskine-Smith to resign federal seat this summer following GTA nomination loss. #cdnpoli 
www.ctvnews.ca/politics/art...",,,,1,1,6,1,2026-05-13T10:36:21Z,NA,NA,NA,,,,,
at://did:plc:4ownlsrdmnvwgzmcdi2bof6s/app.bsky.feed.post/3mlq443b7kk2v,bafyreighyzxy3mdwdppe6iooge2wghaalzc67jy5cqxkjsh66lru5prsuu,peipolitical.bsky.social,PEIPolitical 🇨🇦,"Boys are falling behind in school, and some experts say it starts in kindergarten.
New Quebec report says boys 'systemically disadvantaged' in school system. #cdnpoli 
www.cbc.ca/news/canada/...",,,,21,19,70,4,2026-05-13T10:33:54Z,NA,NA,NA,,,,,
at://did:plc:abt5tpb7lqr7vopkrkwfswwq/app.bsky.feed.post/3mlq3xy7euc22,bafyreia42j7k7mygxg2r34jp5j7ksq3akpqiojatulweo7g7qtvzq667ei,canadareport.org,Canada Report,"Digital Fraud Attempts from Canada Surpass Global Average as Canadians Who Said They Lost Money to Digital Fraud in t...

Canada’s fastest news scan: 25+ headlines, no clutter, updated all day: CanadaReport.org

#cdnpoli #Canada #News #Business #Economy 
Read Original Article 🔗",,,,0,0,0,0,2026-05-13T10:31:34Z,NA,NA,NA,,,,,
at://did:plc:xzgwn3nornr6v6cdd2fqsdru/app.bsky.feed.post/3mlq376vgt22y,bafyreifywrbfuxmrfgfwgvboy7bfh5thc3cbcdrkbyglww7foomvh2732y,mikemontreal.bsky.social,Montreal Mike🇨🇦,"From the beginning he dreamed of returning to Pakistan after school and starting a life with his education.  Note that despite the fling in 2018 he planned to go back. Nothing changed in Pakistani law for LGBTQ+ rights.  
It’s a shaky claim. 
#cdnpoli

www.cbc.ca/news/canada/...",,,,0,0,1,0,2026-05-13T10:17:43Z,NA,NA,NA,,,,,
at://did:plc:4ownlsrdmnvwgzmcdi2bof6s/app.bsky.feed.post/3mlq33swdds2v,bafyreiblm5iszwvi4v7qu2fqpy77t6t4oj7q3cxfkvz5bkr5hbxmolrnv4,peipolitical.bsky.social,PEIPolitical 🇨🇦,"Come on PEI Nurses! Your turn to join your counterparts in other provinces! Make your weak, pathetic Union do something for a change! #cdnpoli 
Ontario nurses launch constitutional challenge over lack of right to strike. 
www.sootoday.com/ontario-news...",,,,1,11,43,3,2026-05-13T10:15:51Z,NA,NA,NA,,,,,
at://did:plc:ypbo2mq6dqcct43gt2sam6el/app.bsky.feed.post/3mlq2tpriyy2y,bafyreiebwy2ofcnbilzuiwdjmcg553jwrl74aujzsn2rgnp7wjaavo2jva,ipolitics.bsky.social,iPolitics,Carney to meet with Artemis II crew before convening virtual cabinet huddle #cdnpoli #ipolitics,,,,0,1,1,0,2026-05-13T10:11:18Z,NA,NA,NA,,,,,
at://did:plc:abt5tpb7lqr7vopkrkwfswwq/app.bsky.feed.post/3mlq2capcoq2b,bafyreiff7kz334hobiwazgb645rkafiet75r4c4gx7ltyv3tpp3kld3jey,canadareport.org,Canada Report,"It’s a tough market for liquidity. Here’s where companies and investors are turning

Canada’s fastest news scan: 25+ headlines, no clutter, updated all day: CanadaReport.org

#cdnpoli #Canada #News #Tech #AI 
Read Original Article 🔗",,,,0,0,0,0,2026-05-13T10:01:32Z,NA,NA,NA,,,,,
at://did:plc:kqqydztpv6lrkmynvlo7zsru/app.bsky.feed.post/3mlq24vcr222k,bafyreigelggvfqwne3tyc6ryetanq7rsvfe64jgpm7t65nxzl4hzbt75m4,kaicable.bsky.social,"Kai, a very old GenX 🇨🇦","The U.S. is waging a great economic war. 
Is Canada paying attention?

Canadians should also view with concern Carney’s recent appointment of Janice Charette to lead Canada’s trade negotiations.

#cdnpoli #canada #neoliberalism
#boycottusa

shorturl.at/JetOe

Behind paywall: archive.ph/oTasV",,,,0,0,3,0,2026-05-13T09:58:35Z,NA,NA,NA,,,,,
at://did:plc:4ownlsrdmnvwgzmcdi2bof6s/app.bsky.feed.post/3mlpzlqfxsc2v,bafyreiavqko2mdyer5ukx2ux4d6w66znsgmb75hkzd63tly226wy76gdha,peipolitical.bsky.social,PEIPolitical 🇨🇦,"Ford govt allowed public employees to upload people’s personal data, including credit cards & driver’s licences, to unsecured AI sites & used medical software that recorded wrong medications & missed mental health details
www.nationalobserver.com/2026/05/12/n... #cdnpoli",,,,4,40,57,11,2026-05-13T09:48:58Z,NA,NA,NA,,,,,
at://did:plc:abt5tpb7lqr7vopkrkwfswwq/app.bsky.feed.post/3mlpymojhgv2b,bafyreihg4maktovhwqpgbfc5mfp2ke4dxtggcgdgjjbd4cv6ek54bi2iua,canadareport.org,Canada Report,"Flexibility Is the New Travel Currency — and British Columbians Are Spending It at Home: BDC survey

Canada’s fastest news scan: 25+ headlines, no clutter, updated all day: CanadaReport.org

#cdnpoli #Canada #News #Business #Economy 
Read Original Article 🔗",,,,0,0,0,0,2026-05-13T09:31:34Z,NA,NA,NA,,,,,
at://did:plc:abt5tpb7lqr7vopkrkwfswwq/app.bsky.feed.post/3mlpwwwa77i2j,bafyreiddrkgv6p35rpmlh7vesddm7awjdueeo4woxayydfeadtqn4z6us4,canadareport.org,Canada Report,"Aide pour l’itinérance | Le ministre Lionel Carmant demande aux régions d’être patientes

Canada’s fastest news scan: 25+ headlines, no clutter, updated all day: CanadaReport.org

#cdnpoli #Canada #News 
Read Original Article 🔗",,,,0,0,0,0,2026-05-13T09:01:30Z,NA,NA,NA,,,,,
at://did:plc:4ownlsrdmnvwgzmcdi2bof6s/app.bsky.feed.post/3mlpwqzaoy22f,bafyreicj3wdeih2p3v2qtobo47qzvazbmquvdew4agu73rqg74duzleqx4,peipolitical.bsky.social,PEIPolitical 🇨🇦,Thoughts? 👇 #cdnpoli,,,,3,4,15,0,2026-05-13T08:58:12Z,NA,NA,at://did:plc:idsofvph6jyjtkumhhla6n5e/app.bsky.feed.post/3mlofijuxhk2y,,,,,
at://did:plc:4ownlsrdmnvwgzmcdi2bof6s/app.bsky.feed.post/3mlpwl5cexs2h,bafyreid6ylyijmrddrv6uykuhxtxeiuzmjfdjr7lhlnvjbsiqtkxouc73e,peipolitical.bsky.social,PEIPolitical 🇨🇦,"Ontario’s 17.7% youth jobless rate highest in Canada
The Doug Ford government yet to outline a jobs strategy as young workers face summer of unemployment. #cdnpoli 
tparkin.substack.com/p/ontarios-1...",,,,4,11,16,0,2026-05-13T08:54:56Z,NA,NA,NA,,,,,
at://did:plc:ypbo2mq6dqcct43gt2sam6el/app.bsky.feed.post/3mlpvsq72bg23,bafyreifobst4b7ccixx7r5l4xwhrlt5ki34wlolhcummxw5wwhd7wndo2u,ipolitics.bsky.social,iPolitics,"Hansen, Artemis II crew to meet with Carney during event-filled day in Ottawa #cdnpoli #ipolitics",,,,0,1,4,0,2026-05-13T08:41:16Z,NA,NA,NA,,,,,
at://did:plc:ig6dnt4tqgg7iwwtywx3bkvd/app.bsky.feed.post/3mlpvbr3exs2q,bafyreibcdlij5ijqv3xqoz5ijbjukzkyrtodllzl2psabosy4bcrl7ozta,robduncan.bsky.social,Rob Duncan,#auspol #USPOL #USA #us #uspoli #poli #politics #cdnpoli #canada #MeidasMighty #america #communityovercapitalizm #history #Ethics #SocialJustice #LongerTables #DemocraticSocialist #Ecosocialism #Socialist #socialism #LeftIsBest #ClassConsciousness #FalseConsciousness #abolishcapitalism #HumanRights,,,,1,0,9,0,2026-05-13T08:31:49Z,NA,NA,NA,,,,,
at://did:plc:abt5tpb7lqr7vopkrkwfswwq/app.bsky.feed.post/3mlpvbiekhy2p,bafyreidta2yyiiqtljk6notakt54tl5wprngkam4kmqlmu4hic362ws6l4,canadareport.org,Canada Report,"LIFT Intersects 26 m at 1.29% Li2O at its BIG East pegmatite, Yellowknife Lithium Project, NWT

Canada’s fastest news scan: 25+ headlines, no clutter, updated all day: CanadaReport.org

#cdnpoli #Canada #News #Business #Economy 
Read Original Article 🔗",,,,0,0,0,0,2026-05-13T08:31:37Z,NA,NA,NA,,,,,
at://did:plc:ig6dnt4tqgg7iwwtywx3bkvd/app.bsky.feed.post/3mlpvahy7z22q,bafyreiby36csxeyjizmyg2acermdi4tzkru4ndiktdo73hgw6p4zv5agty,robduncan.bsky.social,Rob Duncan,#auspol #USPOL #USA #us #uspoli #poli #politics #cdnpoli #canada #MeidasMighty #america #communityovercapitalizm #history #Ethics #SocialJustice #LongerTables #DemocraticSocialist #Ecosocialism #Socialist #socialism #LeftIsBest #ClassConsciousness #FalseConsciousness #abolishcapitalism #HumanRights,,,,0,0,3,0,2026-05-13T08:31:06Z,NA,NA,NA,,,,,
at://did:plc:ig6dnt4tqgg7iwwtywx3bkvd/app.bsky.feed.post/3mlpv36nfo22q,bafyreiaxrltuvklhsmnrfmbaks64snehjjkweqze6pynn6h5h6pylyikhi,robduncan.bsky.social,Rob Duncan,#auspol #USPOL #USA #us #uspoli #poli #politics #cdnpoli #canada #MeidasMighty #america #communityovercapitalizm #history #Ethics #SocialJustice #LongerTables #DemocraticSocialist #Ecosocialism #Socialist #socialism #LeftIsBest #ClassConsciousness #FalseConsciousness #abolishcapitalism #HumanRights,,,,0,2,9,0,2026-05-13T08:28:10Z,NA,NA,NA,,,,,
at://did:plc:jf7vufwsjqinbruhb7j5cpk7/app.bsky.feed.post/3mlpu5gq7u22u,bafyreih3ulooskoc3jgynmimxagp2krnn2wvcrdqaacxrtsvpiwe7ywwdm,evethorne.bsky.social,Eve Thorne,"Also petro-states like Canada are responsible, as they subsidize these companies and their growth. #cdnpoli #abpoli 
@mark-carney.bsky.social - yes, I'm looking at YOU as you make plans to grow that which is killing us.",,,,1,2,4,0,2026-05-13T08:11:29Z,NA,NA,at://did:plc:3ciyocrksivyahqwqbg4irai/app.bsky.feed.post/3mlplqthyv22b,,,,,
at://did:plc:abt5tpb7lqr7vopkrkwfswwq/app.bsky.feed.post/3mlptlqrsyw2p,bafyreiftmf7lvjmxfjense5qpzu6ec3kesmbrr5ix7fveziwjmvrkmniqy,canadareport.org,Canada Report,"Mort de migrants à Akwesasne | Un homme plaide coupable

Canada’s fastest news scan: 25+ headlines, no clutter, updated all day: CanadaReport.org

#cdnpoli #Canada #News 
Read Original Article 🔗",,,,0,0,0,0,2026-05-13T08:01:34Z,NA,NA,NA,,,,,
at://did:plc:abt5tpb7lqr7vopkrkwfswwq/app.bsky.feed.post/3mlprvw366p27,bafyreif2mhjwdsmyqo3paxlupo5oz3l2aj3m335p444ue37upzbx3cyr3y,canadareport.org,Canada Report,"European Automakers Press Brussels for Further CO2 Reprieve

Canada’s fastest news scan: 25+ headlines, no clutter, updated all day: CanadaReport.org

#cdnpoli #Canada #News #Business #Economy 
Read Original Article 🔗",,,,0,0,0,0,2026-05-13T07:31:28Z,NA,NA,NA,,,,,
at://did:plc:abt5tpb7lqr7vopkrkwfswwq/app.bsky.feed.post/3mlpqa57ldz2z,bafyreiabww3lc6ipm7d6ci62etez4xdkp26cgeyrxuzxfoxtbyuyfvktbu,canadareport.org,Canada Report,"Itinérance et drogues | Un CPE quitte le Quartier chinois

Canada’s fastest news scan: 25+ headlines, no clutter, updated all day: CanadaReport.org

#cdnpoli #Canada #News 
Read Original Article 🔗",,,,0,1,1,0,2026-05-13T07:01:23Z,NA,NA,NA,,,,,
at://did:plc:abt5tpb7lqr7vopkrkwfswwq/app.bsky.feed.post/3mlpokmwtek2d,bafyreiddpo36uvbp76ienpa6nn73wlwhgab2bp5aohslqinbgwa6ihvwwu,canadareport.org,Canada Report,"Japan’s Coal Power Generation Climbs as War Makes LNG Expensive

Canada’s fastest news scan: 25+ headlines, no clutter, updated all day: CanadaReport.org

#cdnpoli #Canada #News #Business #Economy 
Read Original Article 🔗",,,,0,0,1,0,2026-05-13T06:31:28Z,NA,NA,NA,,,,,
at://did:plc:n4pqhwrikpixyolryheangut/app.bsky.feed.post/3mlpoeqdfu22b,bafyreifjdp2excjznvynb5vfs42yjtn75cjpfmxrmdyd6kyj57ysi5edqu,albertapitbull.bsky.social,AlbertaPitbull ⚖️ 🇨🇦,"#FUCP

#ableg #abpoli #oipc #cdnpoli",,,,0,0,0,0,2026-05-13T06:28:11Z,at://did:plc:f3fugbaf3nzkbqasasceerr4/app.bsky.feed.post/3mlp6wzvm422w,at://did:plc:f3fugbaf3nzkbqasasceerr4/app.bsky.feed.post/3mlp6wzvm422w,NA,,,,,
at://did:plc:lanvmgthztbuwa3ieqcrzsys/app.bsky.feed.post/3mlpno3ipf22c,bafyreige4rg3mivgcsbd6vdhmoxxhfk2twfgjnp2tghf6ri6ciehcjdnjm,hab3261.bsky.social,Hazel B. 🇨🇦,"For two weeks, Danielle Smith has done nothing to help Albertans or provide answers. #abpoli #ableg #cdnpoli",,,,2,22,35,2,2026-05-13T06:15:35Z,NA,NA,NA,,,,,
at://did:plc:ig6dnt4tqgg7iwwtywx3bkvd/app.bsky.feed.post/3mlpnngwhvs2q,bafyreigzzyfxehv2qg5fa7dth4zvlbfj34zocn2vry5uizdec5hz7xftma,robduncan.bsky.social,Rob Duncan,"CAPITALISM IS THE PROBLEM

#ClimateEmergency #Renewables #auspol #USPOL #USA #uspoli #poli #politics #cdnpoli #canada #MeidasMighty #america  #Ethics #ClimateJustice #bcpoli #abpoli #Klimapolitik #ClimateActionNow #ClimateChange #Climate #Ecosocialism #BCClimateAction #capitalism #FalseConsciousness",,,,2,4,12,0,2026-05-13T06:15:11Z,NA,NA,NA,,,,,
at://did:plc:ig6dnt4tqgg7iwwtywx3bkvd/app.bsky.feed.post/3mlpnimhqw22q,bafyreifrqfqcldedfthggnud4koplc6w562ridn5rlfbajt2cnw4qk4xiq,robduncan.bsky.social,Rob Duncan,#pedopresident #Pedogarchy #Pedophocracy #25thAmendment #TraitorTrump #USPOL #USA #us #uspoli #poli #politics #cdnpoli #canada #auspol #MeidasMighty #america #history #RemoveTrump #DonaldTrump #Trump #TRUMP #FuckTrump #antifa #AntiTrump #fascistfelon #FightOligarchy #DefundBillionaires #TrumPedo,,,,0,1,6,0,2026-05-13T06:12:30Z,NA,NA,NA,,,,,
at://did:plc:abt5tpb7lqr7vopkrkwfswwq/app.bsky.feed.post/3mlpmuuzirf2b,bafyreicgxd4eqkfoqetb46fate6vsvqfwqe6abeu22ce6ymzhuyatlex74,canadareport.org,Canada Report,"Activités partisanes | Le PLQ présume de la bonne foi de ses députés

Canada’s fastest news scan: 25+ headlines, no clutter, updated all day: CanadaReport.org

#cdnpoli #Canada #News 
Read Original Article 🔗",,,,0,0,0,0,2026-05-13T06:01:25Z,NA,NA,NA,,,,,
at://did:plc:fuak6asmyzr6r34f6er6z4ju/app.bsky.feed.post/3mlpmupgmp22x,bafyreiejlqu3vbjzdqomeu2q2nf6bb5nea5injtzh2kqzaweoh6qa32n6m,jansplanet.bsky.social,Janet 🇨🇦,"#Climate action is worth radical action. Nation building requires moral courage, an energy transition and strong environmental conservation law #SpeakOut & #StandUp stop Carney & his plan for economics zones & ending EIA protection. #WeAreInDanger #CdnPoli write your MP & the PM.",,,,1,4,9,1,2026-05-13T06:01:20Z,NA,NA,NA,,,,,
at://did:plc:ig6dnt4tqgg7iwwtywx3bkvd/app.bsky.feed.post/3mlpmsjo3c223,bafyreic6ftah3d6hlv2zn2ufq3zjczs62qlc5aluicy4i3i3pfisrs3bxe,robduncan.bsky.social,Rob Duncan,"Carl Sagan (1995) on ""the dumbing down of America,"" over 30 years ago.

#25thAmendment #USPOL #USA #uspoli #poli #politics #cdnpoli #canada #MeidasMighty #america #history #RemoveTrump #DonaldTrump #Trump #TRUMP #FuckTrump #fuckmaga #antifa #AntiTrump #FightOligarchy #DefundBillionaires #TrumPedo",,,,1,1,9,0,2026-05-13T06:00:13Z,NA,NA,NA,,,,,
at://did:plc:76e4qryfph6q4wmz3li6v2l6/app.bsky.feed.post/3mlplzvcca22h,bafyreifbq7xlkjbaarzywdibfgxo5nz4iv3uovt3eey7ulqs6eawns2sua,stacescases2.bsky.social,StacesCases2 🇨🇦 📎,"I guess we #Canadians lost our sex appeal? Or was hearing ""No"" from an ACTUAL king a little more than he could handle?? Lmao #FuckTrump 🇨🇦 #Cdnpoli #CanadaStrong",,,,2,1,6,0,2026-05-13T05:46:19Z,NA,NA,at://did:plc:4usmserhjqkvhldgedfjb3jw/app.bsky.feed.post/3mlovhqmbe22x,,,,,
at://did:plc:egmtp6eyrg4wlquz276stxta/app.bsky.feed.post/3mlpleop7g223,bafyreidd3olkmeppewzl5zv7caepi56u7o6q6w57ei7yoo6rzpbnridvoq,sirfish.bsky.social,Ryan S.,"Repeat after me: downtown business associations and commercial real estate are not owed a captive audience paid for by taxpayer dollars. Fed, prov, municipal, YOUR TAX DOLLARS are going to private businesses through forced RTO policies and it is costing both money and productivity. #cdnpoli",,,,0,0,1,0,2026-05-13T05:34:26Z,NA,NA,at://did:plc:s2ytewuizh3io3seghngazsx/app.bsky.feed.post/3mlpgqrf7ck2g,,,,,
at://did:plc:abt5tpb7lqr7vopkrkwfswwq/app.bsky.feed.post/3mlpl7nrkgq2k,bafyreib5jldofo574kgzknhx3v326hqohmhpg3xfhr3yozmglz7oby4v44,canadareport.org,Canada Report,"Iran War Will Make EU More Reliant on US Gas Than Ever: IEEFA

Canada’s fastest news scan: 25+ headlines, no clutter, updated all day: CanadaReport.org

#cdnpoli #Canada #News #Business #Economy 
Read Original Article 🔗",,,,0,0,1,0,2026-05-13T05:31:38Z,NA,NA,NA,,,,,
at://did:plc:b7yl72cikfforgnt2lxh2zbr/app.bsky.feed.post/3mlpl4svuhc2t,bafyreibzmyifxeqbiunwcdrd7zxrque5uwgh5y7bf44btg3jfkvywtwxwa,ijustwant2bfree.bsky.social,NA,"Not new, but still relevant in the current climate of land grabs and evictions being perpetrated by some BC Indian bands.

Greed is not unique to any particular race or creed. Neither is corruption, racism, hatred, cruelty or ignorance.
#BCpoli #BCnews #BCjustice #cdnpoli #cdnjustice #LandClaims",,,,0,0,0,0,2026-05-13T05:30:03Z,NA,NA,NA,,,,,
at://did:plc:mlimbtxuf4wyxwvtb2fm7yur/app.bsky.feed.post/3mlpk7lzwv227,bafyreicimaya6zocxemgtvzcgmapqsmgnqjhjjguyll3t6krhn5mqti7si,hellobonjour.bsky.social,Dr. Hello Bonjour,"Send an email to your MP asking them to vote against predatory pricing att grocery stores. Kinew did it in Manitoba, now @maritstilesndp.bsky.social wants to do the same in Ontario. Details  and form to send email to your MP here (took me 30 seconds) : banpredatorypricing.ca

#ONpoli #CdnPoli",,,,0,3,7,1,2026-05-13T05:13:44Z,NA,NA,NA,,,,,
at://did:plc:istu2catmtwuynu7jlh6buzl/app.bsky.feed.post/3mlpju6z6pc2y,bafyreih2yjbsu5fpvacxsvblw6kzvpu4eef46ifk77xx5jlp43srq4raei,elcanaco.bsky.social,elcanaco.bsky.social,"Also, yes, we are definitely nerds. And proud of it. 🤣

#cdnpoli #census #data #statistics

youtube.com/shorts/JIPly...",,,,0,0,1,0,2026-05-13T05:07:22Z,at://did:plc:istu2catmtwuynu7jlh6buzl/app.bsky.feed.post/3mlpizwpg2c2l,at://did:plc:istu2catmtwuynu7jlh6buzl/app.bsky.feed.post/3mlpizwpg2c2l,NA,,,,,
at://did:plc:abt5tpb7lqr7vopkrkwfswwq/app.bsky.feed.post/3mlpjju4sw72p,bafyreih4gzmot3s6zzm6t36cu2uxoywg6uiav5br7z2wdgpu2dwyqmysji,canadareport.org,Canada Report,"REM | La Caisse de dépôt procéderait autrement si c’était à refaire, admet Charles Emond

Canada’s fastest news scan: 25+ headlines, no clutter, updated all day: CanadaReport.org

#cdnpoli #Canada #News 
Read Original Article 🔗",,,,0,0,0,0,2026-05-13T05:01:33Z,NA,NA,NA,,,,,
at://did:plc:k3boctgw564xjikleoluxvxv/app.bsky.feed.post/3mlpjcpvz4s2w,bafyreih6jksfh4pj4ggmvas3rc5leps7ak5fowrayilfxdlfjtcgpreboa,kryscopew.bsky.social,Krysco Pew,"Join me in asking the Canada Pension Plan to NOT invest in high-risk gas projects that violate Indigenous rights, undercut Canada’s climate obligations and undermine my retirement security. win.newmode.net/shiftaction/... #cdnpoli #pensions #bcpoli #LNG",,,,0,2,3,0,2026-05-13T04:57:33Z,NA,NA,NA,,,,,
at://did:plc:mwagtmvsxuqlgte5iqk3fndm/app.bsky.feed.post/3mlpjbe72jk24,bafyreiepv7urxz6o7gwlcdfgdlq3ksfgqebfmg2beq6odi52qvubxrvtoi,lalegault.bsky.social,LA Legault ⚜️🤌🏻,"Serious people are paying attention. The picture book approach is useless. #cdnpoli 

www.michaelgeist.ca/2026/05/slic...",,,,0,4,4,1,2026-05-13T04:56:54Z,NA,NA,NA,,,,,
at://did:plc:istu2catmtwuynu7jlh6buzl/app.bsky.feed.post/3mlpizwpg2c2l,bafyreigsvbtdojocmfdjtw6elagikeatfug7vmqtnyeey3d2cs6pvdqjvm,elcanaco.bsky.social,elcanaco.bsky.social,"Although May 12 is the technical deadline to complete the census, you can complete it after the 12th. Your submission will still count.

#cdnpoli #bcpoli #census 

youtu.be/MXe683pQhFg?...",,,,2,1,3,0,2026-05-13T04:52:40Z,NA,NA,NA,,,,,
at://did:plc:prhg7e4i6rmbpzhxgb4vdc36/app.bsky.feed.post/3mlpihkl5ys2d,bafyreignm6hwboaorndbvngvf3ricvf5z2i4pfasywugfrsei4zpksjpoy,solarab.bsky.social,Tom Moffatt,"Separatist leader refuse to comply with Canadian legal system, refuses to desist from distributing stolen voter data #abpoli #cdnpoli 
www.cbc.ca/news/canada/...",,,,4,14,21,4,2026-05-13T04:42:23Z,NA,NA,NA,,,,,
at://did:plc:ifi6xqgbojwquosnkvzx3gna/app.bsky.feed.post/3mlpi6fhbqs2z,bafyreifrqpe7czmk7dyeinptv23s3ecc2jzjb2aglmxmnl4oiv5pynnquq,leftcoasttreefrog.bsky.social,Left Coast Tree Frog 🕊️,"Internet erupts as Trump DOJ plans to settle massive lawsuit: 'A MASSIVE SCAM.’
The NY Times reported that the DOJ is considering settling the $10 billion lawsuit that Trump filed against the IRS over the leak of his 2019 tax returns.
#cdnpoli
www.rawstory.com/trump-doj-26...",,,,0,0,1,0,2026-05-13T04:37:16Z,NA,NA,NA,,,,,
at://did:plc:abt5tpb7lqr7vopkrkwfswwq/app.bsky.feed.post/3mlphtz6iyg2j,bafyreigeh37gnmvyfudrb3vmcdl742bftwue2fw4dfs4dhvnvo2z75ptwu,canadareport.org,Canada Report,"Interim Financial Results

Canada’s fastest news scan: 25+ headlines, no clutter, updated all day: CanadaReport.org

#cdnpoli #Canada #News #Business #Economy 
Read Original Article 🔗",,,,0,0,1,0,2026-05-13T04:31:27Z,NA,NA,NA,,,,,
at://did:plc:2wxkdwpu5v66xkue5ti62y6u/app.bsky.feed.post/3mlphiyaco22a,bafyreiailrb4hikxl3jvmmbiksbhjrldm57sqh2qonpglt7wmujfdb7aoe,senatorpaulasimons.bsky.social,Senator Paula Simons 🇨🇦,The long and the short of it! I was happy to moderate a discussion between former Edmonton mayor @doniveson.bsky.social and former Toronto mayor David Miller at the Housing Forward affordable housing forum. (FWIW? I am 5’ 4” and wearing heels.) #yeg #cdnpoli #yyz #theymightbegiants,,,,4,2,50,1,2026-05-13T04:27:31Z,NA,NA,NA,,,,,
at://did:plc:abt5tpb7lqr7vopkrkwfswwq/app.bsky.feed.post/3mlpg6cg53l2k,bafyreiguufwfnc2daawivcvc6giql3tcqbcxyqptifs4ycz3intur4ithy,canadareport.org,Canada Report,"Victime d’un avortement forcé | « Je voulais avoir mon bébé et l’avoir dans mes bras »

Canada’s fastest news scan: 25+ headlines, no clutter, updated all day: CanadaReport.org

#cdnpoli #Canada #News 
Read Original Article 🔗",,,,0,0,0,0,2026-05-13T04:01:24Z,NA,NA,NA,,,,,
at://did:plc:re7tflvczjceanwkco2bseqb/app.bsky.feed.post/3mlpfeiwtx22g,bafyreicrqodmni62psis5zdmfmsvbq63gysj2g53tctlbzngkjkstglfea,bella-andme.bsky.social,Sherry Lee,"Thanks to this excellent piece I know more about Alberta politics - maybe more than I ever wanted to know - but it’s given me insight. 
And as much as I’m sick of Premier Ford I’m reminded how glad I am to live in Ontario. 

#abpoli #cdnpoli

substack.com/@womenofabpo...",,,,1,9,7,0,2026-05-13T03:47:00Z,NA,NA,NA,,,,,
at://did:plc:64x5pkpfozsljnoqtd7f7p4q/app.bsky.feed.post/3mlpf3zal5k2o,bafyreihoupjzdeeoygllqrgjeltov7dwm5tg2kspipzqezd7phzvzgn6ze,nigelb.bsky.social,NigelBankes,"The role of the Court is to adjudicate the lawfulness of what the Premier proposes. The Court should not under circumstances be seen to endorse, or participate in, this irregular effort to undermine the ordinary electoral boundary review process.
So far, so good.
#abpoli #cdnpoli #ableg",,,,0,7,20,0,2026-05-13T03:42:15Z,at://did:plc:64x5pkpfozsljnoqtd7f7p4q/app.bsky.feed.post/3mlpcf4jcck2k,at://did:plc:64x5pkpfozsljnoqtd7f7p4q/app.bsky.feed.post/3mlpcf4jcck2k,NA,,,,,
at://did:plc:nojsdi2vbnqidm37brlyfgta/app.bsky.feed.post/3mlpf2wolkc2s,bafyreienros343lum3muy7ovg6cmputvusr5coyydlhoogrdzx4s4salwu,hipmum29.bsky.social,hipmum29 🇨🇦,I don’t understand what this source of the news is. Why is this how British Columbians are learning of this from their Prime Minister?? #CDNpoli #CANpoli #CBCNews #CTVNews #GlobalNews,,,,0,0,3,0,2026-05-13T03:41:38Z,at://did:plc:ye6fhyor6bpm7ir3hc2xunpd/app.bsky.feed.post/3mloeagd74c2l,at://did:plc:ye6fhyor6bpm7ir3hc2xunpd/app.bsky.feed.post/3mloeagd74c2l,NA,,,,,
at://did:plc:h3y7rhw6ao6nk5mmuskplxco/app.bsky.feed.post/3mlpevwchz22b,bafyreib5c6g2oad4cq3lsrdvnz2ssid3dhljejhseaxfoj2dz26sq32fiy,brainiackim.bsky.social,Brainiac Kim 🇨🇦,"Cdns vote for their rep. not a party. Based on vote count, the person w/ most vote in that riding gets elected to #cdnpoli Parliament. Only the sore losers are upset about the floor crossing, which isn't illegal. If it happened in the opposite direction, no complaint. Census decides your services.",,,,1,0,3,0,2026-05-13T03:38:49Z,NA,NA,NA,,,,,
at://did:plc:4xqt7t2zph634drigtdxdmro/app.bsky.feed.post/3mlpetbtivc2b,bafyreigcubpv7zlo23ggkh2eaiw3kbadzn4kqiecgrqxvkrusa2a66223y,journodale.bsky.social,Dale Smith,"For the late/west coast crowd, my latest for @cba-nationalmag.bsky.social on the Senate amendments to Bill S-2, and the government slow-walking them in the name of consultation #cdnpoli #cdnlaw",,,,0,0,2,0,2026-05-13T03:37:21Z,NA,NA,NA,,,,,
at://did:plc:mwagtmvsxuqlgte5iqk3fndm/app.bsky.feed.post/3mlpelomfd22f,bafyreifde3gworbmpphex3ijopybrlmkwsfxph5gtaj5x65qy765nh4naq,lalegault.bsky.social,LA Legault ⚜️🤌🏻,"Second verse, same as the first. 
#cdnpoli",,,,0,1,4,0,2026-05-13T03:33:11Z,NA,NA,NA,,,,,
at://did:plc:taj2zzm53ypc45lb25vfslts/app.bsky.feed.post/3mlpekm4bc22z,bafyreigw3djlujyu7ncc7td4qv73ft7vbsvmfbm36r4uxnorojiexn2jau,clairebeauchampmd.bsky.social,Claire Beauchamp MD 🇨🇦,"vt.tiktok.com/ZS9o2TcvD/
Bingo.
#cdnpoli #abpoli 
@chebert18.bsky.social",,,,0,0,0,0,2026-05-13T03:32:30Z,NA,NA,NA,,,,,
at://did:plc:abt5tpb7lqr7vopkrkwfswwq/app.bsky.feed.post/3mlpeij35ym2j,bafyreie45ym3be276hx5ylzikjtxc77pelzydqdjuimkmbgpezoslos23i,canadareport.org,Canada Report,"Titan Mining Delivers 22% Revenue Growth and Expands U.S. Critical Minerals Platform with Graphite Production

Canada’s fastest news scan: 25+ headlines, no clutter, updated all day: CanadaReport.org

#cdnpoli #Canada #News #Business #Economy 
Read Original Article 🔗",,,,0,0,1,0,2026-05-13T03:31:19Z,NA,NA,NA,,,,,
at://did:plc:scxgmlojbo6iidl3enwcn2ac/app.bsky.feed.post/3mlpeeuprcc2u,bafyreic5cux24bbgi4pprwufdl64gtld52hfjk6y3x2mwcjmyaiddff6aq,hublai.bsky.social,Hublai (charismatic megafauna),"youtube.com/watch?v=vkv1...

#ElissaSlotkin is #CIAagent. Ban her from ever visiting Canada, along with all CIA. 

US electoral & media interference is not tolerable particularly not from bought off criminally corrupt #AIPAC clowns like her. 

No #ProvinceOfMichigan until she's gone. 

#cdnpoli",,,,0,1,2,0,2026-05-13T03:29:20Z,NA,NA,NA,,,,,
at://did:plc:lbc6ml2rcnug65zsmapj7pkh/app.bsky.feed.post/3mlpe2kjbek24,bafyreifamcanrgmhktoxgfvzpj6tq7wte4bigyqkwig34diss5uffrjspu,ntrnchck.bsky.social,Ntrn Chck,"I will watch this show as soon as it drops! 😅😅 I will pay more taxes if it will get me more of this content.   

These folks like to talk about ""freedom"", I'm sure that includes the freedom to prank too! Right??

#cbc #cdnpoli #indigenous #comedy",,,,0,1,2,0,2026-05-13T03:23:32Z,NA,NA,at://did:plc:tm7uvmb263f5xymsvximzn4g/app.bsky.feed.post/3mlor6yrmss26,,,,,
at://did:plc:deej5pakczvmljahhvrridlp/app.bsky.feed.post/3mlpdw4sh4c2f,bafyreigv6pghwrqi2q56ch3n4rks4opc3wpbrfnvbruey62hkdktquouq4,pat112.bsky.social,Pat,"The one time Trump told the truth .

#Cdnpoli #Uspoli",,,,0,2,2,0,2026-05-13T03:21:09Z,NA,NA,NA,,,,,
at://did:plc:bke6jjgklvnkfrnv5av47wbt/app.bsky.feed.post/3mlpdu22emk2n,bafyreictyusgoygtpfh2rmzlnumielh7rwdxygak2h64y5c7vfavbnswqe,augustina.bsky.social,Augustina,"Kudos!!
I refuse to buy anything American made. 
Still check all the labels while grocery shopping.
Have purchased at higher prices to support Canadian businesses.
Started a project of purchasing, one a month, Canadian authored books from a Canadian Indie bookstore.
#ElbowsUp
#Cdnpoli",,,,0,0,2,0,2026-05-13T03:19:54Z,at://did:plc:qzjokc3mhvctn3u23h53orgi/app.bsky.feed.post/3lygminchc22v,at://did:plc:qzjokc3mhvctn3u23h53orgi/app.bsky.feed.post/3lygminchc22v,NA,,,,,
at://did:plc:abt5tpb7lqr7vopkrkwfswwq/app.bsky.feed.post/3mlpcsvknmk2p,bafyreig4oy4dsp546jqqj4rdcfbbc4zd5n5dobjbacefvbpddp7vaawm44,canadareport.org,Canada Report,"Le gouvernement fédéral prolonge les contrats de 750 employés des centres de paie

Canada’s fastest news scan: 25+ headlines, no clutter, updated all day: CanadaReport.org

#cdnpoli #Canada #News 
Read Original Article 🔗",,,,0,0,0,0,2026-05-13T03:01:21Z,NA,NA,NA,,,,,
at://did:plc:xvhfw6ch4oy4yez2kbu5wrhl/app.bsky.feed.post/3mlpcskxwfc2c,bafyreiegc3rehwd2jfat57dmiv6annypyx4lpc3c3sitd3ge3eru7lrbzy,linzi-the-artist.bsky.social,Lindsay Brambles🇨🇦,"If that doesn't say, ""Guilty,"" I don't know what does. #cdnpoli #Alberta #Canada #AlbertaSeparation

www.cbc.ca/news/canada/...",,,,0,1,5,0,2026-05-13T03:01:12Z,NA,NA,NA,,,,,
at://did:plc:xzgwn3nornr6v6cdd2fqsdru/app.bsky.feed.post/3mlpcmdihv225,bafyreibloqtts5hisvgt4dylrn2uuzsbgi3sgbd5wkajbexrmju6rsirui,mikemontreal.bsky.social,Montreal Mike🇨🇦,"Chapeaux de papier de aluminium pour tout le monde dans le PQ. 
🤪🤪🤪🤪
#cdnpoli

www.cbc.ca/news/canada/...",,,,0,1,3,1,2026-05-13T02:57:41Z,NA,NA,NA,,,,,
at://did:plc:ifi6xqgbojwquosnkvzx3gna/app.bsky.feed.post/3mlpcedyrss23,bafyreido2juzw4nnnat5khlkiznw3w7spasfemxnwjafvsey7xppkxjoem,leftcoasttreefrog.bsky.social,Left Coast Tree Frog 🕊️,"Israel's government is expected to collapse over ultra-Orthodox military draft.
#cdnpoli
www.npr.org/2026/05/12/g...",,,,1,1,3,0,2026-05-13T02:53:13Z,NA,NA,NA,,,,,
at://did:plc:xzgwn3nornr6v6cdd2fqsdru/app.bsky.feed.post/3mlpcdjm7h225,bafyreiaistrdibj5t4hjddtckies6oqzglcxwczsnrb3zk3r4xk5pvo7km,mikemontreal.bsky.social,Montreal Mike🇨🇦,"Sound up.  
He’s so right as usual. 
#cdnpoli #uspoli #privilege",,,,1,2,6,1,2026-05-13T02:52:46Z,NA,NA,NA,,,,,
at://did:plc:k5zp2oxoeyf7fsvj2ijmcbve/app.bsky.feed.post/3mlpca7xewc2u,bafyreibjpdwctuhixzvyjumitbqoli3cngraqlxvvs6d6xxknmjqnlgjca,laurenshirleyj.bsky.social,LaurenSJ,"Are we going to start addressing mis- and disinformation seriously in this country, or are we going to keep letting ill-intentioned actors, including some political parties,  manipulate Canadians? #cdnpoli",,,,0,4,8,0,2026-05-13T02:50:55Z,NA,NA,NA,,,,,
at://did:plc:42qbbzen5o6ggsqvvhvp2jnv/app.bsky.feed.post/3mlpc3u3v422m,bafyreicmblnhpvlzymrmohahaxgpfeijuulf7up6rmp5fogk6ztdb5ndou,vdogg333.bsky.social,Vdogg333,"#Israel government to collapse over orthadox military draft Source: NPR
 share.google/5fKsk1kttqgB... #cdnpoli #polqc #Vancouver #bcpoli #vanpoli #onpoli #topoli #Montreal #Toronto #Calgary #Edmonton #abpoli #ableg #SurreyBC #Brampton #USA #NYC #California #Texas #Iran",,,,1,0,4,0,2026-05-13T02:48:29Z,NA,NA,NA,,,,,
at://did:plc:k5zp2oxoeyf7fsvj2ijmcbve/app.bsky.feed.post/3mlpbx3qobc2u,bafyreia7s2txyyvhrri7dcuatfizzaoew2wgdfdeo5iggjrdohghh5qswe,laurenshirleyj.bsky.social,LaurenSJ,Sloppy tabloid journalism… misleading title. We went from 1 school in Canada to a sweeping generalization about all schools in the headline. Readers who only see the title will come away believing this change is happening across the country. #cdnpoli #liars,,,,0,0,1,0,2026-05-13T02:45:49Z,NA,NA,NA,,,,,
at://did:plc:64x5pkpfozsljnoqtd7f7p4q/app.bsky.feed.post/3mlpbqyocfs2k,bafyreibujaodvnohhvk7ydrk3ocpnaaadvu3jffpwu6oxgrf6yudnrr4ty,nigelb.bsky.social,NigelBankes,"The NodFather. Love it.
#cdnpoli",,,,0,5,11,0,2026-05-13T02:42:23Z,NA,NA,at://did:plc:zhy5q6ywonyzggakeff7zwr3/app.bsky.feed.post/3mlpbae2f522f,,,,,
at://did:plc:rsvzkqxa2xdojwmjljqzs4ik/app.bsky.feed.post/3mlpbnnvw6s2d,bafyreibus7mcybljru7n5fw3i7i4uguqketn5kl3azjkjuhbykqq5cmtny,thebreakdownab.bsky.social,The Breakdown AB,"""The Mikisew Cree First Nation (MCFN) is suing the governments of Alberta and Canada for the effects it says nearby industrial development and activity such as oilsands mines have had on its territory over the years.""

#abpoli #ableg #cdnpoli 

www.cbc.ca/news/canada/...",,,,7,71,186,3,2026-05-13T02:40:32Z,NA,NA,NA,,,,,
at://did:plc:abt5tpb7lqr7vopkrkwfswwq/app.bsky.feed.post/3mlpb57saq22b,bafyreihvl5mfvljp3j4z3y5nfg6attvogjo5x2y74d5dzv2r6kflftyquq,canadareport.org,Canada Report,"Purpose Investments Announces Changes to Certain Investment Funds

Canada’s fastest news scan: 25+ headlines, no clutter, updated all day: CanadaReport.org

#cdnpoli #Canada #News #Business #Economy 
Read Original Article 🔗",,,,0,0,1,0,2026-05-13T02:31:19Z,NA,NA,NA,,,,,
at://did:plc:x2fori67bggzcj2a6c7sj6ur/app.bsky.feed.post/3mlpb2ep7q22e,bafyreifrtjiwshzicslbi6ky7lyvjmfwgtaicyxpvsjlzigncihctx7vwq,jimmydp01.bsky.social,J Payne,"Canada show your generosity and  ❤️ 

#Elbowsup for the great People of Gaza Palestine who are facing the unfathomable and could use a hand up by supporting this very important initiative;

#Gaza #Palestine 
#Cdnpoli #BCPoli

www.gofundme.com/f/support-be...",,,,0,0,0,0,2026-05-13T02:29:46Z,NA,NA,NA,,,,,
at://did:plc:kigbpsjyme6uxyako2hzv45u/app.bsky.feed.post/3mlpaxegbv224,bafyreifpxxen7zvoectirk6cpei2fjddhy74qggqiwza34hutdzsaealee,unitedfor.ca,UnitedFor.CA 🇨🇦,"The evidence couldn't be more clear.

And history offers sobering lessons.

A separate Alberta would be a poorer Alberta.

Quote via @trevortombe.bsky.social at The Hub

#ForeverCanadian #cdnpoli #abpoli #ableg #UnitedForCanada",,,,1,11,14,0,2026-05-13T02:28:31Z,NA,NA,NA,,,,,
at://did:plc:iyyzcuc24pgchmsbjnsa3wu3/app.bsky.feed.post/3mlpal726as2p,bafyreih6owrhznhsyq26iztcvsgllcnpe3zvbjedv42wyjwdzjzgbbvfvq,torontokate.bsky.social,🎶 I Will Choose Freewill 🇨🇦,"There was a Dunkin' Donuts on Eglinton at Midland years ago.

Since Tim Horton's is no longer Canadian, and Starbucks never was, I would give it a try. May look into trying Second Cup again, and it's Canadian.

#cdnpoli #CanadaSky",,,,0,0,0,0,2026-05-13T02:21:16Z,NA,NA,NA,,,,,
at://did:plc:gx6yx3iqomlyu3dixplm3fus/app.bsky.feed.post/3mlp7vuxswfe2,bafyreif4ignnkopnpnm73jletxew7voqji2y7zkvyihgurqhxnj6qafyae,mattsimpson.infosec.exchange.ap.brid.gy,Matt Simpson,"""Canada’s Bill C-22 Is a Repackaged Version of Last Year’s Surveillance Nightmare"" Canadians deserve better, so stop with it already.

https://www.eff.org/deeplinks/2026/05/canadas-bill-c-22-repackaged-version-last-years-surveillance-nightmare

Awesome HN comment from Embarrassed help:
Both the […]",,,,0,1,1,0,2026-05-13T02:09:23Z,NA,NA,NA,,,,,
at://did:plc:jukf22tcjgd6nt3rtbeao4kt/app.bsky.feed.post/3mlp7sbavq223,bafyreidf55rbmlpszdill7qtpyvhdaj4fqkdbadfstczzppwv6hctgrkki,trueoak.bsky.social,True Oak,"#Alberta Province Wide Day of Protest - May 29

For Edmonton: At 11:15am gather in Centennial Plaza south of the downtown Stanley Milner Library 9924 101A Ave NW. At 11:30am, march to join 600 healthcare workers rallying east of the Edmonton Convention Centre.

#ABpoli
#CDNpoli",,,,0,1,3,0,2026-05-13T02:07:18Z,NA,NA,NA,,,,,
at://did:plc:abt5tpb7lqr7vopkrkwfswwq/app.bsky.feed.post/3mlp7i2lsxe27,bafyreidogqpq2hqmv7b5ad74e7wanttvwoyoarsk6jnkgoxhl6zuc3rjau,canadareport.org,Canada Report,"Guerre en Ukraine | Zelensky annonce qu’un accord de drones est en négociation avec Ottawa

Canada’s fastest news scan: 25+ headlines, no clutter, updated all day: CanadaReport.org

#cdnpoli #Canada #News 
Read Original Article 🔗",,,,0,0,0,0,2026-05-13T02:01:35Z,NA,NA,NA,,,,,
at://did:plc:jfzh2unjcjsnbw3nntyaipgr/app.bsky.feed.post/3mlp6xcuxg22x,bafyreiefnpfwlz6lbdxn6os4pkkiao3xo5ij243zpxaw3fje7cqmizpaqy,authorpcollins.bsky.social,NA,"#Wexit #AlbertaSeparation #FreeAlberta #StayFreeAlberta 
#AlbertaIndependence #AbLeg #AlbertaStrong #CdnPoli 
#TreatyRights #IndigenousRights #KeepCanadaUnited 
substack.com/home/post/p-...",,,,0,0,0,0,2026-05-13T01:52:14Z,NA,NA,NA,,,,,
at://did:plc:jfzh2unjcjsnbw3nntyaipgr/app.bsky.feed.post/3mlp6vkpxj22x,bafyreidqay56h4qv3qxclhqgcoxqmylizyxeysdfyccvc2zx5x5fxtjkea,authorpcollins.bsky.social,NA,"#Wexit #AlbertaSeparation #FreeAlberta #StayFreeAlberta 
#AlbertaIndependence #AbLeg #AlbertaStrong #CdnPoli 
#TreatyRights #IndigenousRights #KeepCanadaUnited 
substack.com/home/post/p-...",,,,0,0,0,0,2026-05-13T01:51:15Z,NA,NA,NA,,,,,
at://did:plc:eaeuyrvdlqvjgznelgcdimct/app.bsky.feed.post/3mlp6sw7dns2p,bafyreic7ynxbjwrbzw3dooul6agbzuuhmn2wcn3e64uarojpg3mpmm7dzu,madhat59kenwood.bsky.social,Ken Wood part owner of 🇨🇦,👍 #uspoli #cdnpoli,,,,0,1,1,0,2026-05-13T01:49:46Z,NA,NA,at://did:plc:4verduwyiianamrox2vv6lur/app.bsky.feed.post/3mlp5mchzw22n,,,,,
at://did:plc:rvdbdvvfzzb4kj2q2me6xobq/app.bsky.feed.post/3mlp6pxdk5k2y,bafyreihqnu5y3bzzf3qma2sl3fx7zeyuhtqjyrv6n22zmzokkp3gv5o3mu,citizenrelentless.bsky.social,CitizenRelentless,"Stunning hypocrisy.

#CrimesOfIsrael
#CrimesAgainstHumanity
#Genocide
#WarCriminalNetanyahu
#BDS

#FreeGaza
#FreePalestine
#FreeLebanon

#UnitedNations
#cdnpoli",,,,0,0,2,0,2026-05-13T01:48:09Z,NA,NA,at://did:plc:nvgchvfiw3lgtwxmp2coqe7c/app.bsky.feed.post/3mlno732nl22c,,,,,
at://did:plc:7lk2ea67pioh2e7tqj5n7whh/app.bsky.feed.post/3mlp6pohr3s2t,bafyreibjoogyogezdmx74l65w2nhumkuvxmjmy47tv6u2uvp7eyibiuvy4,samspade1941.bsky.social,Samuel Spade,"These two are tying themselves in knots.

The far-right Jews made a big mistake when they allied with the ameriKKKan KKKristian right.

This will not end well for them and their Kahanist buddies in iSSrael.

#cdnpoli #ukpol #auspol #uspol

youtube.com/shorts/KvuM1...",,,,0,1,1,0,2026-05-13T01:47:58Z,NA,NA,NA,,,,,
at://did:plc:76e4qryfph6q4wmz3li6v2l6/app.bsky.feed.post/3mlp6k6wcck24,bafyreigmdzomk3a7ilspgw55qmxnjshixcmwl5jqbxqtzzh63mmrffscme,stacescases2.bsky.social,StacesCases2 🇨🇦 📎,"Donald Trump's DISASTROUS plans against #Canada with #tariffs and takeover threats blow up in his face as data proves SERIOUS financial consequences for the #US. @johniadarola.bsky.social and @yazzzzzk.bsky.social break it down on @thedamagereport.bsky.social 🇨🇦 🇺🇸 #Cdnpoli 
youtu.be/wfnHrApvraM?...",,,,1,10,10,0,2026-05-13T01:44:55Z,NA,NA,NA,,,,,
at://did:plc:ig6dnt4tqgg7iwwtywx3bkvd/app.bsky.feed.post/3mlp6e3ud5c2m,bafyreig6infpwy777x2pd5xzcvbbar7sfgb26fzopqab5c3fvldbbaya5u,robduncan.bsky.social,Rob Duncan,"STOP NORMALIZING 21st-CENTURY FASCISM - STAND UP BEFORE IT'S TOO LATE

#25thAmendment #USPOL #USA #us #uspoli #poli #politics #cdnpoli #canada #MeidasMighty #america #history #RemoveTrump #DonaldTrump #Trump #TRUMP #FuckTrump #antifa #FightOligarchy #antibillionaire #DefundBillionaires #TrumPedo",,,,1,2,7,0,2026-05-13T01:41:31Z,NA,NA,NA,,,,,
at://did:plc:ekew4wtc2m4ctroumek7kr4l/app.bsky.feed.post/3mlp5vhbfas2v,bafyreigj5uytg3glqhplullvnstx37utjwhvp5ss5abryp3ypkl4einfbu,schmutzie.com,Schmutzie.,"""After promising universal access to essential medications, new budget analyses reveal cuts to health funding and no new investment in pharmacare expansion…

Send a message now and tell your MP to fight for pharmacare before it disappears."" I sent one to my MP. Now it's your turn 🫵 #CdnPoli #CanPoli",,,,1,5,7,0,2026-05-13T01:33:21Z,NA,NA,NA,,,,,
at://did:plc:abt5tpb7lqr7vopkrkwfswwq/app.bsky.feed.post/3mlp5rzy4ms27,bafyreihnfantf7ycx3dbud7bp7gvhav72gzz7cvzw4blhpndkbrjf5uucu,canadareport.org,Canada Report,"Peyto Reports Record First Quarter 2026 Results and 9% Dividend Increase

Canada’s fastest news scan: 25+ headlines, no clutter, updated all day: CanadaReport.org

#cdnpoli #Canada #News #Business #Economy 
Read Original Article 🔗",,,,0,0,1,0,2026-05-13T01:31:23Z,NA,NA,NA,,,,,
at://did:plc:2yqpfmj6fkai4n722ve5lmpy/app.bsky.feed.post/3mlp5oxwvk22u,bafyreiduqeyx7z6nqpzsktdssakrk3fao3d76sptgub75bqdhsd6vow464,paulorlowski.bsky.social,Paul Orlowski,"This guy who wants to break up Canada is refusing to cooperate with the investigation into the stolen voter list data. 

So why hasn’t the dude been arrested??

#AbPoli #Cdnpoli 🇨🇦

www.cbc.ca/news/canada/...",,,,1,9,15,1,2026-05-13T01:29:41Z,NA,NA,NA,,,,,
at://did:plc:zhdlaphzeafhcivcpunt65ks/app.bsky.feed.post/3mlp5oqfxlc2t,bafyreigf4zl6rq72yimt62rjp5cmw5hkl36nmcmn5iu5y5jngajseanpnu,stroppygirl.bsky.social,Stroppy_Girl 🍁,"Lots of talk and (apparently) funding for training in the trades in Canada. But apprenticeships are long with low pay, and the work itself is often seasonal/erratic. People go to school, can’t make a living. Rinse and repeat.

#Cdnpoli",,,,1,0,0,0,2026-05-13T01:29:32Z,NA,NA,NA,,,,,
at://did:plc:ztg7s6zljk4yy3vj3az4vc4k/app.bsky.feed.post/3mlp5ngxff22c,bafyreifxipekf4y5mvwng7b622zt7vlkmqd355ot3xtoqsbvmotqojmy2e,earthangel777.bsky.social,EarthAngel777,"""It's time to make the Liberal party Liberal again"" Eric Lombardi
He is someone I prob will vote 4. Sounds #SmartWithHeart &what Ontario needs. We need more politicians like him not commie corporate clowns like Carney=snake that eats it's own tail! youtu.be/7hewuV19Gic?...
#topoli #onpoli #cdnpoli",,,,0,0,2,0,2026-05-13T01:28:51Z,NA,NA,NA,,,,,
at://did:plc:deej5pakczvmljahhvrridlp/app.bsky.feed.post/3mlp57hqzqk2m,bafyreifogqdqy7aaa2picrsi4g5xyxk2qci6ukq7wcr5m63eyafkuol4iq,pat112.bsky.social,Pat,"Alberta Data Centre

#Cdnpoli #Abpoli",,,,0,3,10,0,2026-05-13T01:21:14Z,NA,NA,NA,,,,,
at://did:plc:jfzh2unjcjsnbw3nntyaipgr/app.bsky.feed.post/3mlp536sijs2x,bafyreih6b7vn2cdhaitfamuvnn4wbdczz3s6l5zzedqaw4g6ukwxbjjd3u,authorpcollins.bsky.social,NA,"#Wexit #AlbertaSeparation #FreeAlberta #StayFreeAlberta #AlbertaIndependence #AbLeg #AlbertaStrong #CdnPoli #TreatyRights #IndigenousRights #KeepCanadaUnited 
www.youtube.com/shorts/OscxI... 
www.msn.com/en-ca/news/o...",,,,0,0,0,0,2026-05-13T01:18:35Z,NA,NA,NA,,,,,
at://did:plc:scxgmlojbo6iidl3enwcn2ac/app.bsky.feed.post/3mlp4qjbtqc2s,bafyreifmosnrynrgxhc6bvkngh4m4j4xhbejifelkjuyk7xujkbmu7uqde,hublai.bsky.social,Hublai (charismatic megafauna),"Hey @evansolomon.bsky.social learn what #sovereignstack entails, why storage must always be minimized and distributed, and why nothing with #nVidia or #Oracle or #IBM or #Microsoft in it can achieve either goal. 

Not just my professional view but that of 98% of the responses to this post. #cdnpoli",,,,1,1,1,0,2026-05-13T01:12:39Z,at://did:plc:kx375dszrbvqtu7o4xxxmojn/app.bsky.feed.post/3mlmrrryvrs2o,at://did:plc:kx375dszrbvqtu7o4xxxmojn/app.bsky.feed.post/3mlmrrryvrs2o,NA,,,,,
at://did:plc:deej5pakczvmljahhvrridlp/app.bsky.feed.post/3mlp4f3z2ps2m,bafyreichpnpkfjgx5tgsrxnukn64idyaowhmeg7chlja6y2h72vaonruim,pat112.bsky.social,Pat,"The kettle  came to Canada to warn about the Pot and warn Canadians not to trade with their 400+ Billion dollar partner that might do what they do and track you because your so important. Really ? Pretty pitiful .

#Cdnpoli #Uspoli",,,,0,0,3,0,2026-05-13T01:06:25Z,NA,NA,NA,,,,,
at://did:plc:qyxbqfambstrsawtfofn3p5h/app.bsky.feed.post/3mlp47w66fs26,bafyreig4zsx3e44n3k6n6kjzurifykya3p4qnpt66bo4xwf4q766c4bhia,just-call-me-boo.bsky.social,Boo 🇨🇦,#DougFord #DougFordIsCorrupt #DougFordMustGo #ThugFord #ONpoli #Cdnpoli #Ontario #OntarioPC It keeps getting worse!,,,,0,5,4,0,2026-05-13T01:03:21Z,NA,NA,at://did:plc:zh5dfrgucq2td5ngz2wtlzle/app.bsky.feed.post/3mlovzitvdc2r,,,,,
at://did:plc:jeuzjfwsgn62xfoe7qo4jul5/app.bsky.feed.post/3mlp46kglcu2b,bafyreibzhcm5k47xlsjqai4npgktskvlayxctj7vogyd2wtceengdbgqru,bigclimate.bsky.social,Bentley ****TALK CLIMATE****,And before everybody piles on the BS that we have no choice but to support Canada being climate villains there absolutely IS another choice and you've driven me right into their arms. I wasn't the first and won't be the last #cdnpoli #MarkCarney #ClimateChange #AviLewis bsky.app/profile/bigc...,,,,0,2,4,0,2026-05-13T01:02:36Z,at://did:plc:jeuzjfwsgn62xfoe7qo4jul5/app.bsky.feed.post/3mlp3xgrtye2b,at://did:plc:kx375dszrbvqtu7o4xxxmojn/app.bsky.feed.post/3mlopmtvlb22m,at://did:plc:jeuzjfwsgn62xfoe7qo4jul5/app.bsky.feed.post/3mlheyn2qrk2b,,,,,
at://did:plc:abt5tpb7lqr7vopkrkwfswwq/app.bsky.feed.post/3mlp44kgx4y27,bafyreifzfbzqvhejx6rod6siv55277xtg5byo7fdwsy2eum37ie4p64cae,canadareport.org,Canada Report,"Hantavirus | L’Ontario surveille sept nouvelles personnes potentiellement exposées

Canada’s fastest news scan: 25+ headlines, no clutter, updated all day: CanadaReport.org

#cdnpoli #Canada #News #onpoli 
Read Original Article 🔗",,,,0,0,0,0,2026-05-13T01:01:28Z,NA,NA,NA,,,,,
at://did:plc:r64wzjtkimyq4vkiddzuu6no/app.bsky.feed.post/3mlp435rug22o,bafyreifcpo7grehg2lyoku2yuahta4qboelwgz75buomtnwbikuancxm2e,bcwildfirewkly.bsky.social,BC Wildfire Weekly - Wildfires + More,"CANADA: “Media update on Andes hantavirus situation” www.canada.ca/en/public-he... - Public Health Agency of Canada

FR: www.canada.ca/fr/sante-pub...

#BCPoli #CDNPoli #Hantavirus #MVHondius",,,,0,3,2,0,2026-05-13T01:00:42Z,NA,NA,NA,,,,,
at://did:plc:orrqwwv5rhlomg2uvf5ajo6m/app.bsky.feed.post/3mlp424b3cs2m,bafyreibz5xvbfuj7pikby5odkjzhjn7dkhupinqfceitvxybgr6i563sb4,yyccowboy.bsky.social,YYCCowboy,Uh. Well.. AHS V030 is out.. There's a long weekend coming up... and... well.. Fack... Buckle up folks! open.substack.com/pub/frazzleh... #AlbertaHealth #yyc #yeg #ableg #abhealth #cdnpoli #cdnhealth #healthcare #UCPCorruption,,,,1,12,19,1,2026-05-13T01:00:07Z,NA,NA,NA,,,,,
at://did:plc:b7tjp4yaqcy2crro6sumg5zy/app.bsky.feed.post/3mlp3zoo2g22g,bafyreiglv4bjly37ej3wdsqzjjvdnbtc3iwak2s76irjlejv2ctc37ubfi,nandanainthegarden.bsky.social,Nandana,Selling Our Hospitals?? #abpoli #ableg #cdnpoli www.instagram.com/p/DYNte9mkvO...,,,,1,6,7,0,2026-05-13T00:59:53Z,NA,NA,NA,,,,,
at://did:plc:4xqt7t2zph634drigtdxdmro/app.bsky.feed.post/3mlp3x7pcx22b,bafyreidr7mgngghrrvhq2mqfzuneyxf7cefdefyy52qwyxn7y4ckjszoei,journodale.bsky.social,Dale Smith,"New episodes released early for C$7+ subscribers.
This week I talk about how separatists can be marginalized in Alberta once more, but it will require regular people to get back engaged in politics. #cdnpoli",,,,1,1,2,0,2026-05-13T00:58:31Z,NA,NA,NA,,,,,
at://did:plc:42qbbzen5o6ggsqvvhvp2jnv/app.bsky.feed.post/3mlp3vhq6k22o,bafyreicojcvcybrgy3ypal2j55h66hb22xbcqlzdlfty6os5gqxvalvyai,vdogg333.bsky.social,Vdogg333,youtu.be/tfgfSubAEJM?... #Trump vs #China #cdnpoli #polqc #Vancouver #bcpoli #vanpoli #onpoli #topoli #Montreal #Toronto #Calgary #Edmonton #abpoli #ableg #SurreyBC #Brampton #USA #NYC #California #Texas #Iran,,,,0,0,2,0,2026-05-13T00:57:32Z,NA,NA,NA,,,,,
at://did:plc:deej5pakczvmljahhvrridlp/app.bsky.feed.post/3mlp3tvp27k2m,bafyreibveeb2z2fvm6rvifmq2ka2tzyy6yz5mq53jome2udhh7v7lcizm4,pat112.bsky.social,Pat,"We look forward to being  the most successful single-resource, export-dependent, entirely landlocked country in the world, with no healthcare, no vaccines, no currency, no army, no passports, no trade deals, etc. 

#Cdnpoli #Abpoli 
thebeaverton.com/2026/05/the-...",,,,1,5,9,0,2026-05-13T00:56:41Z,NA,NA,NA,,,,,
at://did:plc:sywtwkbhpdibiprqvv7epcto/app.bsky.feed.post/3mlp3s5ofxc2c,bafyreigshtcjy62uosd2jzfazt4ynjhctygxkk2r2526ha5zcbqxfmeas4,elliott4mp.bsky.social,"Derek Elliott, Libertarian","The Liberals drive food prices up and the Conservatives offer tiny, temporary breaks.

We don't need a tax holiday. We need to end all taxes forever. Stop the theft and let Canadians keep what they earn.

Permanent relief is the only way out.

#cdnpoli #libertarian #canada",,,,0,0,0,0,2026-05-13T00:55:42Z,NA,NA,NA,,,,,
at://did:plc:deej5pakczvmljahhvrridlp/app.bsky.feed.post/3mlp3jfhjjk2m,bafyreicb2khszmy42den5uhpc3m3aaao4rs3eorkazrep3p6wyyfk6iday,pat112.bsky.social,Pat,#Cdnpoli #Onpoli #Ford,,,,0,0,0,0,2026-05-13T00:50:51Z,NA,NA,NA,,,,,
at://did:plc:lyvztfv2xp5su33ype2ddqgk/app.bsky.feed.post/3mlp3bb4ets2r,bafyreifbrrxlzb3qi763swinz7w4mxui7kw2pf55jyr2hv7wfpitmp72ie,bibliophile99.bsky.social,Serena,"#cdnpoli these people are silly ! I did my census 2 weeks ago @gander22h.bsky.social 

Some Canadians using census to protest PM Carney’s majority government www.ctvnews.ca/politics/art...",,,,1,0,3,0,2026-05-13T00:46:13Z,NA,NA,NA,,,,,
at://did:plc:scxgmlojbo6iidl3enwcn2ac/app.bsky.feed.post/3mlp2r7kvqs24,bafyreia4cmc2asxpzid3l7abawo67m7vwsqi4ap4te5y4syeywzpilcm4i,hublai.bsky.social,Hublai (charismatic megafauna),"It's you who does not understand what a #sovereignstack entails, why storage must always be minimized and distributed, and why nothing with #nVidia or #Oracle or #IBM or #Microsoft in it can achieve either goal. 

Not just my professional view but that of 98% of responses to Carney's posts. #cdnpoli",,,,1,0,0,0,2026-05-13T00:37:15Z,at://did:plc:qbruj5d5xw3qqorquiq34a7q/app.bsky.feed.post/3mlozlqlhws2m,at://did:plc:kx375dszrbvqtu7o4xxxmojn/app.bsky.feed.post/3mlotuelwkk2s,NA,,,,,
at://did:plc:52x4hgh43acag3ecs2qi57tr/app.bsky.feed.post/3mlp2npwbjs25,bafyreibzrvzj4omncri4fue3pxcqgpki33pd2lrpktfgmyhu252uxydtg4,albertagirl67.bsky.social,albertagirl67 🇨🇦🇺🇦👊🐧🔥,#abpoli #cdnpoli,,,,0,2,7,0,2026-05-13T00:35:16Z,NA,NA,at://did:plc:4g5jp4ev7p6duqaniisjtubs/app.bsky.feed.post/3mlnsf2cp3c2d,,,,,
at://did:plc:deej5pakczvmljahhvrridlp/app.bsky.feed.post/3mlp2nnomks2m,bafyreigcjypfhnn2qaecwol4rixbdkx2bgtfufj357wimd524hb4errf2u,pat112.bsky.social,Pat,"It's a Maga miracle . 

#Cdnpoli #Uspoli",,,,0,0,0,0,2026-05-13T00:35:20Z,NA,NA,NA,,,,,
at://did:plc:abt5tpb7lqr7vopkrkwfswwq/app.bsky.feed.post/3mlp2gvlokp2p,bafyreibhtmr3kwoemzx3txtpzspgv4mno6nujdnexweybdqnnv2tnk3cqi,canadareport.org,Canada Report,"Volatus Aerospace to Release First Quarter 2026 Financial Results and Host Earnings Call on May 14, 2026

Canada’s fastest news scan: 25+ headlines, no clutter, updated all day: CanadaReport.org

#cdnpoli #Canada #News #Business #Economy 
Read Original Article 🔗",,,,0,0,1,0,2026-05-13T00:31:28Z,NA,NA,NA,,,,,
at://did:plc:jeibpuiku4aeybewdxqab4w3/app.bsky.feed.post/3mlp2ani46k23,bafyreiccvfm7tlk7zhnguveuhivefa2wth2im4g54a6zx76aynpk2l6oia,westernhemlox.bsky.social,Western Hemlox,"Attn: @theglobeandmail.com

#cdnpoli #journalism",,,,0,0,2,0,2026-05-13T00:27:59Z,NA,NA,at://did:plc:xpgujbkkrjevueb53vpgnetz/app.bsky.feed.post/3mlomaymsrc2r,,,,,
at://did:plc:jeuzjfwsgn62xfoe7qo4jul5/app.bsky.feed.post/3mlozyvt2mk2b,bafyreihhlwal5x7mhjl75xmpuawq5yjixodm7aiz2qt3okmpi3qcav6mna,bigclimate.bsky.social,Bentley ****TALK CLIMATE****,#MarkCarney #cdnpoli #AviLewis #ClimateChange,,,,0,10,16,1,2026-05-13T00:23:41Z,NA,NA,NA,,,,,
at://did:plc:istu2catmtwuynu7jlh6buzl/app.bsky.feed.post/3mlozvrqaf22t,bafyreidgthy62hemnaxcexxu2id734vwsp37vkt3fmikvtjzz6hfnoy5ie,elcanaco.bsky.social,elcanaco.bsky.social,"This should be mandatory reading for every Mayor and Councillor in BC.

And if your municipality isn't implementing this kind of bus service, vote them out in October.

#cdnpoli #bcpoli #transit",,,,0,0,1,0,2026-05-13T00:21:54Z,NA,NA,at://did:plc:felf7fu5ucaqjqh2frrjkjfk/app.bsky.feed.post/3mlo5nsp56k2n,,,,,
at://did:plc:ypbo2mq6dqcct43gt2sam6el/app.bsky.feed.post/3mlozvb4xui2y,bafyreibgefc4s7n5pm3snjww74mnjvpkk6pglj3nrkm4gywjb6m3qifvsu,ipolitics.bsky.social,iPolitics,📈 Major overhaul #cdnpoli #ipolitics,,,,0,0,0,0,2026-05-13T00:21:36Z,NA,NA,NA,,,,,
at://did:plc:ozwyeayssrmlwhtxcjzdtxgf/app.bsky.feed.post/3mlozl5mvrs2n,bafyreiayhzjn2mw2zg4ifxgpcq3jt6vgayyulkgirknxqvwbtsfcp3ybse,chezer59.bsky.social,,"Traitors.

#cdnpoli #abpoli #cdnmedia",,,,0,1,1,0,2026-05-13T00:15:57Z,NA,NA,at://did:plc:f55f3ntdasv4rnlfmn73mwcs/app.bsky.feed.post/3mlbf7pvwwc22,,,,,
at://did:plc:scxgmlojbo6iidl3enwcn2ac/app.bsky.feed.post/3mloz673vcs24,bafyreicgluz4kizez252gnnnp3nqqvycsrkcv7oidk5i6req3m5xz54xri,hublai.bsky.social,Hublai (charismatic megafauna),"You have ""decades of experience"" doing worthless things.  You are not competent. 

#Mythos exists now. Data is no safer in Canada than the US against such tools. 

Physical location is irrelevant now. It's copium. Stop lying that you understand the risk scenarios. This is 2026 not 1996. 

#cdnpoli",,,,2,0,0,0,2026-05-13T00:08:43Z,at://did:plc:qbruj5d5xw3qqorquiq34a7q/app.bsky.feed.post/3mloyyzvzu22m,at://did:plc:kx375dszrbvqtu7o4xxxmojn/app.bsky.feed.post/3mlotuelwkk2s,NA,,,,,
at://did:plc:gva6uzmzlyxlecg7jlzozzfs/app.bsky.feed.post/3mloyw2ceoc2l,bafyreighzekyx7tcfm3lfkzqyeco36wso4hls43vrhyvqq52ke2tlpafbu,jamiemackinnon.bsky.social,Jamie MacKinnon🇨🇦,"bsky.app/profile/saff...

Canada’s party nomination process — the way political parties choose who gets to run under their banner in each riding — is often criticized as one of the least transparent parts of Canadian democracy. 

But no one seems to care until they lose.

#cdnpoli
#ONpoli
#democracy",,,,1,1,1,0,2026-05-13T00:04:09Z,NA,NA,at://did:plc:gea3rf3qn2dyaji22zhyegej/app.bsky.feed.post/3mlos2qtxjs2n,,,,,
at://did:plc:abt5tpb7lqr7vopkrkwfswwq/app.bsky.feed.post/3mloyra5blm2p,bafyreidilqd2nakv3wibihkmptg5mo7esnfrcvchjhkout6ejzlu7cmlxu,canadareport.org,Canada Report,"Formation professionnelle et formation aux adultes | Des milliers d’étudiants anglophones « migreraient » vers le rés...

Canada’s fastest news scan: 25+ headlines, no clutter, updated all day: CanadaReport.org

#cdnpoli #Canada #News 
Read Original Article 🔗",,,,0,0,0,0,2026-05-13T00:01:27Z,NA,NA,NA,,,,,
at://did:plc:b7yl72cikfforgnt2lxh2zbr/app.bsky.feed.post/3mloykvrqis2t,bafyreihuw22ljo2l4pldj3ff5qlwq7tefyqbl5teskzmqkwsryr234np7m,ijustwant2bfree.bsky.social,NA,#cdnpoli #cdnnews #cdnsecurity #MarkCarney,,,,0,0,0,0,2026-05-12T23:57:55Z,NA,NA,NA,,,,,
at://did:plc:iz7v2bzkgu2vyll5fmherlh5/app.bsky.feed.post/3mloyglkog223,bafyreic6aikq2beggrlsrhziqfq33fdfaly66kk2y6n4tji5usuo6tukmq,lilacfire.bsky.social,LilacsFire,"Bad news for Vanc Island: Vigilance. Above the law, bad neighbour, rwnj ostrich farm wants to relocate & has pro-Hitler, Nazi, white', pro-separation pple & 'links'. Subscribe free to @thetyee.ca #cdnpoli #BCpoli #CFIA  thetyee.ca/News/2026/05...",,,,0,5,4,1,2026-05-12T23:55:34Z,NA,NA,NA,,,,,
at://did:plc:fuak6asmyzr6r34f6er6z4ju/app.bsky.feed.post/3mloxehuulc2q,bafyreidan7cjwe3m65hiijmbjxbjkuegogvjvi7ehwsq7e3m63zf55sd7y,jansplanet.bsky.social,Janet 🇨🇦,"I think it’s a #CoordinatedAttack

Parker published all the voter data, on a Cloud somehow related to Putin’s pal Tucker Carlson. 
#CdnPoli #AbPoli",,,,0,8,13,0,2026-05-12T23:36:25Z,NA,NA,at://did:plc:4euncr44a5aflpbcbjhvjvdo/app.bsky.feed.post/3mlow6aqy4w2c,,,,,
at://did:plc:abt5tpb7lqr7vopkrkwfswwq/app.bsky.feed.post/3mlox3lw4k422,bafyreigwuke5rwgue2xybt452faku27gxm43ncjmdylul7wqsnpwupkrtm,canadareport.org,Canada Report,"Inovalis Real Estate Investment Trust Announces the Financial Results for Q1 2026

Canada’s fastest news scan: 25+ headlines, no clutter, updated all day: CanadaReport.org

#cdnpoli #Canada #News #Business #Economy 
Read Original Article 🔗",,,,0,0,1,0,2026-05-12T23:31:27Z,NA,NA,NA,,,,,
at://did:plc:ojmbkta5v4dxvsxcn5uhssar/app.bsky.feed.post/3mlowztj6fk27,bafyreifxji4armom7xmsbiamdyivu2yyd6kvtnalqqatu36bevgdrfyape,ayan604.bsky.social,Andy Yan,"Reposting my @bsky.app Urban and Housing Starters Pack

#cdnpoli #bcpoli #vanpoli #vanre 

go.bsky.app/3hpC7aT",,,,0,1,1,0,2026-05-12T23:30:30Z,NA,NA,at://did:plc:ojmbkta5v4dxvsxcn5uhssar/app.bsky.graph.starterpack/3lb7pxybt2c2l,,,,,
at://did:plc:ig6dnt4tqgg7iwwtywx3bkvd/app.bsky.feed.post/3mlowv2csgc2e,bafyreiefd7pz4ehq7qpc5kk7yepij5gvfveqtudnua7xqcwf7g6rtufize,robduncan.bsky.social,Rob Duncan,#auspol #USPOL #USA #us #uspoli #poli #politics #cdnpoli #canada #MeidasMighty #america #communityovercapitalizm #history #Ethics #SocialJustice #LongerTables #DemocraticSocialist #Ecosocialism #Socialist #socialism #LeftIsBest #ClassConsciousness #FalseConsciousness #abolishcapitalism #HumanRights,,,,0,1,3,0,2026-05-12T23:27:49Z,NA,NA,NA,,,,,
at://did:plc:omoqgoue2ldfbq34cdeb42in/app.bsky.feed.post/3mlowrvnfhk25,bafyreigol5tc3rayyq2pdhrtamwvxcs6qb5lh6otdce47t4snm2fjctbau,nintarii.bsky.social,Ace Bastone,"That time when the big Editor-in-Chief of the @nationalobserver.com goes ad hominem about reading stupid shit on the internet when it comes to AI journalism and can't manage a cogent sentence in 160 characters or less. 

quote-post for posterity because I'm pretty sure he's a coward. 

#cdnpoli",,,,0,0,0,0,2026-05-12T23:26:03Z,NA,NA,at://did:plc:k5iljqtzjxcinvcpivv7id5z/app.bsky.feed.post/3mlor7v3pwk2s,,,,,
at://did:plc:zkx5ssoe4pq7pfmckyqumax5/app.bsky.feed.post/3mlowmywfxs22,bafyreie2mdvehcyt4h5omg2r5ezalam6vksmlsknu3yty3bmpf2nkcoe3u,traveling4life.bsky.social,Traveler,Amazing woman. So insightful! #cdnpoli #pnp,,,,0,0,4,0,2026-05-12T23:23:16Z,at://did:plc:4euncr44a5aflpbcbjhvjvdo/app.bsky.feed.post/3mlow6aqy4w2c,at://did:plc:4euncr44a5aflpbcbjhvjvdo/app.bsky.feed.post/3mlow6aqy4w2c,NA,,,,,
at://did:plc:ztg7s6zljk4yy3vj3az4vc4k/app.bsky.feed.post/3mlowlvtu3s2e,bafyreibgmm7pjvfb6y4ryfvksfjvs2dm2prpfuyh74c2uw55dodvl5ca2u,earthangel777.bsky.social,EarthAngel777,Things will get worse&will only get better once u get used 2 living like slaves! NO WAY! FK THAT! We Canadians deserve 2 live like Kings&Queens! We r so rich in r God given natural resources! We r r politicians managers! SQUEAK&make them sign contracts 2 work 4 us right! #cdnpoli #MosaicGovernment,,,,0,0,0,0,2026-05-12T23:22:41Z,NA,NA,at://did:plc:ztg7s6zljk4yy3vj3az4vc4k/app.bsky.feed.post/3mlovfgs5hk2e,,,,,
at://did:plc:cbebve33hsukwtl345tr7wdi/app.bsky.feed.post/3mlowkjq7ak2i,bafyreib7fsozzqqqs5lxjmkh7cjkknaimz4hwb7vwrqcy6n6dwvpljqnfu,donbraid.bsky.social,Don Braid,"As separatist leaders bumble, Smith hopes deal with Ottawa will make them irrelevant. Column.
calgaryherald.com/opinion/colu... #ableg #abpoli #cdnpoli #canpoli #yyc #yeg #carney",,,,8,1,6,0,2026-05-12T23:21:57Z,NA,NA,NA,,,,,
at://did:plc:pkhwidwscdr5tb7x2riewn3n/app.bsky.feed.post/3mlowkc4jqwr2,bafyreidfoceku6xgdoctxaw6ni2tp2ipn5sepa2k6pub6fiqbf3rpnqxjq,c-9.mstdn.ca.ap.brid.gy,Cameron MacLeod,"Amazing Via Rail tracker really spells out how horrible their on-time performance is.

Reddit post from creator: https://www.reddit.com/r/ViaRail/s/XSdSJUUsGm

Tracker: https://thetrackrecord.ca/

#ViaRail #CDNPoli #Transit",,,,0,2,0,0,2026-05-12T23:21:50Z,NA,NA,NA,,,,,
at://did:plc:zkx5ssoe4pq7pfmckyqumax5/app.bsky.feed.post/3mlowfw3cxc22,bafyreifbdr26xsijlkfycytecucfd2yxe4to4uvzdxkbaxjnsgl7yucoei,traveling4life.bsky.social,Traveler,Nathan Cullen on the Power Panel makes so much sense. #cdnpoli #pnp,,,,0,0,1,0,2026-05-12T23:19:18Z,NA,NA,NA,,,,,
at://did:plc:ztg7s6zljk4yy3vj3az4vc4k/app.bsky.feed.post/3mlowf3y5ek2e,bafyreicqceqvedrwici3mpmkfm2l645rhpzhb36qnzuak26d27rwlhrug4,earthangel777.bsky.social,EarthAngel777,"You know this guy doesn't like capitalism cause corporations profit way more doing so much shady sh*t like what he's doing with Brookfield making them deals but he can't make any good &real deals for Canada tho that benefit us in order 2 benefit 1%&their corporations! We lose they win :'(
#cdnpoli",,,,0,0,0,0,2026-05-12T23:18:53Z,NA,NA,at://did:plc:ztg7s6zljk4yy3vj3az4vc4k/app.bsky.feed.post/3mlovfgs5hk2e,,,,,
at://did:plc:b7yl72cikfforgnt2lxh2zbr/app.bsky.feed.post/3mlowdkaaws2t,bafyreigpvl2ar6c7ufkuwpeebab6opods2pqmv7535tyghga4p5qb7rqda,ijustwant2bfree.bsky.social,NA,"""While Eby fiddles, the province burns. The damage he and his party have wrought on the province will likely take a decade to repair.""
#BCpoli #cdnpoli #DRIPA #RepealDRIPA #BCNDP #DavidEby #VotethemOut",,,,0,0,0,0,2026-05-12T23:18:01Z,NA,NA,NA,,,,,
at://did:plc:ovf5l46vctrnscii22bmlzud/app.bsky.feed.post/3mlowchivhk2w,bafyreiap7ymi5a52stxihzvllqhpdhrwg6yo4jf3rng4outjfina4lbvvu,lisa1111can.bsky.social,Lisa E 🇨🇦,"Call. The. Police. 
#DanielleSmithIsGarbage
#abpoli
#cdnpoli",,,,0,1,1,0,2026-05-12T23:17:24Z,NA,NA,at://did:plc:dlywvc252kvz4hc4j24jhwh2/app.bsky.feed.post/3mlopecozk224,,,,,
at://did:plc:abt5tpb7lqr7vopkrkwfswwq/app.bsky.feed.post/3mlovfxvel52b,bafyreies5re25hbowm27x66rvycirsbiv7ec2u7pk2xc2mgyzuj664wo64,canadareport.org,Canada Report,"Montréal | Un détenu accusé 19 ans plus tard d’un meurtre à LaSalle

Canada’s fastest news scan: 25+ headlines, no clutter, updated all day: CanadaReport.org

#cdnpoli #Canada #News 
Read Original Article 🔗",,,,0,0,0,0,2026-05-12T23:01:29Z,NA,NA,NA,,,,,
at://did:plc:ztg7s6zljk4yy3vj3az4vc4k/app.bsky.feed.post/3mlovfgs5hk2e,bafyreigxpeoazvpzbdfekg2e2qbgndmulykf5awr5hmkhnxubqcp2wiaxy,earthangel777.bsky.social,EarthAngel777,Canadians pls stop focusing on Trump cause u r being BAMBOOZLED by Carney! If u only knew how horrible a pm he really is. Wish I knew the exact words 2 say 2 u 2 make u see that he is not leading to make r lives better. Oh NO! Quite the contrary! He doesn't think we deserve 2 live like him! #cdnpoli,,,,0,0,0,2,2026-05-12T23:01:12Z,NA,NA,NA,,,,,
at://did:plc:amnhdrsyqrmpomj6qdzc3ved/app.bsky.feed.post/3mlouxkn5zfc2,bafyreiclqswwrqezmrvijaa75ymdmt554z5jqvcanqjyrj52lmhn6joqzi,edwing.mstdn.moimeme.ca,Edwin G. :mapleleafroundel:,"[Québec Politics :flagqc: : QP / Politique du Québec :flagqc: : PQ]

QP leader Paul Saint-Pierre Plamondon accuses Canada of spying without proof

https://www.cbc.ca/news/canada/montreal/p-q-leader-worried-ottawa-spying-on-party-9.7196863
- - -
Le chef du PQ Paul Saint-Pierre Plamondon accuse le […]",,,,0,0,0,0,2026-05-12T22:53:44Z,NA,NA,NA,,,,,
at://did:plc:d4pjo6ehblrviy625go6uodj/app.bsky.feed.post/3mlour3pjhc2f,bafyreig52mww4uvt7xqf46kacpb66qukqt5mpo2vtjmpyw4auoz2ddzmve,tindizzy.bsky.social,Dizzy ★,"I do not believe Canada would arrest him.

Carney invited a convicted felon to attend the G7 in Alberta which is a direct contravention of our laws.

#CanPoli #CdnPoli",,,,0,0,6,1,2026-05-12T22:49:47Z,NA,NA,at://did:plc:4llyqwdqnd6t7ncyvvjzeih7/app.bsky.feed.post/3mlopxx5xds2z,,,,,
at://did:plc:ifi6xqgbojwquosnkvzx3gna/app.bsky.feed.post/3mlour36scc2s,bafyreicpkcurlltarasdbiq5pdxl3k6tk6ejqyzm3jozocd352emjrmkcm,leftcoasttreefrog.bsky.social,Left Coast Tree Frog 🕊️,"Trump says he doesn't think about Americans' financial situations when it comes to Iran.  Let’s be honest,Trump didn’t comprehend ANY of the consequences of his needless war. The low impulse control buffoon, doesn’t think ANYTHING through.
#cdnpoli
www.cbsnews.com/video/americ...",,,,0,0,4,0,2026-05-12T22:49:48Z,NA,NA,NA,,,,,
at://did:plc:zkx5ssoe4pq7pfmckyqumax5/app.bsky.feed.post/3mloujdpkbs2r,bafyreidrfdpiyiect2mjvore5zh63qcmq5hd4hzi4flvxvd5sdcqnyrwf4,traveling4life.bsky.social,Traveler,NO! #Cdnpoli #bcpoli,,,,0,0,1,0,2026-05-12T22:45:26Z,NA,NA,at://did:plc:kx375dszrbvqtu7o4xxxmojn/app.bsky.feed.post/3mlmrrryvrs2o,,,,,
at://did:plc:mwagtmvsxuqlgte5iqk3fndm/app.bsky.feed.post/3mloui2v7kc24,bafyreiffr3p7aavbiycoa7j2tak6nre7i7rzbzxjs2hckf5fygxdoafixu,lalegault.bsky.social,LA Legault ⚜️🤌🏻,"On Mark Carney changing Canada’s 🇨🇦 environmental laws to exempt data centres and new pipelines. 
#cdnpoli",,,,1,10,14,2,2026-05-12T22:44:49Z,NA,NA,NA,,,,,
at://did:plc:re7tflvczjceanwkco2bseqb/app.bsky.feed.post/3mlou5fdrec2k,bafyreidmajz4dskhvokheqaxgvirblsxamqpsy6ft5elsgcyw56n6gsdni,bella-andme.bsky.social,Sherry Lee,"Matthew Holmes of the Canadian Chamber of Commerce using words like “transformative” and a “generational window” in his conversation about the push for major projects - that’s forward thinking. He sounds progressive and hopeful.
One thing for sure - we need & are ready for change. 
#pnpcbc #cdnpoli",,,,0,0,2,0,2026-05-12T22:38:46Z,NA,NA,NA,,,,,
at://did:plc:b7tjp4yaqcy2crro6sumg5zy/app.bsky.feed.post/3mlotzritc22g,bafyreiat3hf476fw2t6mrjwxu7pis6qxxm55gaff4vuvw7pi7w7tt7vwpa,nandanainthegarden.bsky.social,Nandana,"This is yet another #asinine move on the #farright #UCP #chopandchange agenda. #Abstinence being the ONLY ACCEPTABLE TREATMENT for #addiction is a sick and cruel joke. #CrueltyIsThePoint #abpoli #ableg #cdnpoli #UCPFAILURE 

 open.substack.com/pub/thebreak...",,,,0,2,5,0,2026-05-12T22:36:46Z,NA,NA,NA,,,,,
at://did:plc:ojmbkta5v4dxvsxcn5uhssar/app.bsky.feed.post/3mlotz2fe7c2g,bafyreictt2fmx2ahqhw2tptdaztb4627hfvnwk57lo3ictvt27aikmjljq,ayan604.bsky.social,Andy Yan,"""Why China Is So Much Less Scared of A.I.""

Interesting piece on AI and infrastructure...what is the AI way for Canada?

#cdnpoli #bcpoli #vanpoli 

GIFT LINK: www.nytimes.com/2026/05/09/o...",,,,0,0,0,0,2026-05-12T22:36:25Z,NA,NA,NA,,,,,
at://did:plc:7hy5iuitgvm7g4eqruidn2mm/app.bsky.feed.post/3mlotqzubrk2b,bafyreiafunueh6inudhvbwx7dnvjp7rir37zkm6zts7i4xqbylkmyp7dg4,whistlerheidi.bsky.social,Whistler Heidi🇨🇦,#cdnpoli 👇👇👇,,,,0,1,2,0,2026-05-12T22:31:52Z,NA,NA,at://did:plc:6hnkpvshsxjgot5figjyardd/app.bsky.feed.post/3mlltgbkkik2q,,,,,
at://did:plc:abt5tpb7lqr7vopkrkwfswwq/app.bsky.feed.post/3mlotqbsl5e27,bafyreifcw2ovwrgnmbzr7dmyxg3alxq4e7fkkdhxeksozcnougo7qasmtm,canadareport.org,Canada Report,"Algoma Steel Group Inc. Reports Financial Results for the Three Months Ended March 31, 2026

Canada’s fastest news scan: 25+ headlines, no clutter, updated all day: CanadaReport.org

#cdnpoli #Canada #News #Business #Economy 
Read Original Article 🔗",,,,0,0,1,0,2026-05-12T22:31:27Z,NA,NA,NA,,,,,
at://did:plc:r64wzjtkimyq4vkiddzuu6no/app.bsky.feed.post/3mlotnefapk25,bafyreifh6fkrmss7nnjbk43keo7uhvovcvifupzfoneqlrwagql2xmywwa,bcwildfirewkly.bsky.social,BC Wildfire Weekly - Wildfires + More,"ICYMI: “No sign of larger hantavirus outbreak, WHO says as cases continue to rise” globalnews.ca/news/1184505... - Global News 

#CDNPoli #Hantavirus #MVHondius #WorldNews",,,,0,0,0,0,2026-05-12T22:29:50Z,NA,NA,NA,,,,,
at://did:plc:r64wzjtkimyq4vkiddzuu6no/app.bsky.feed.post/3mlotepoqxk25,bafyreicectzulb3ameww6farmvcmdmmdosrvwsy66k6azpx2srlmsazrve,bcwildfirewkly.bsky.social,BC Wildfire Weekly - Wildfires + More,"“Public health officials have been clear in explaining that the hantavirus outbreak is not another COVID-19.” www.cbc.ca/news/world/h... - CBC News

#CDNPoli #Hantavirus #MVHondius",,,,0,0,0,0,2026-05-12T22:25:00Z,NA,NA,NA,,,,,
at://did:plc:ztg7s6zljk4yy3vj3az4vc4k/app.bsky.feed.post/3mlotcurcy22b,bafyreieryhcq4ylgiiumjklv4mdox25ne7t3xwxx4xrhsn2hbx7v2nea3i,earthangel777.bsky.social,EarthAngel777,"Canadians stop letting Carney disrespect you!  He is not working for you!  Things would be very good if he was a good pm but he's not at all!  The new world order is not people friendly! SQUEAK!!!   
#topoli #onpoli #cdnpoli",,,,0,0,0,0,2026-05-12T22:24:00Z,NA,NA,NA,,,,,
at://did:plc:re7tflvczjceanwkco2bseqb/app.bsky.feed.post/3mlotb4omcs2d,bafyreia45cfprrmzwrcwguxixkhbfflxhpsyyfktxggng4mkvzy4q5yvx4,bella-andme.bsky.social,Sherry Lee,"That’s what I was wanting to hear from Vina Nadjibulla in her interview on “Power & Politics” - what will Trump say or do - or want - about Taiwan when he meets with Xi. I have zero faith in that man doing anything to support anyone else - unless he benefits.
#pnpcbc #cdnpoli",,,,0,0,1,0,2026-05-12T22:22:58Z,NA,NA,NA,,,,,
at://did:plc:sywtwkbhpdibiprqvv7epcto/app.bsky.feed.post/3mlotas72z22i,bafyreieoeg5tn2txcpdmehvmu7tq4oliudpmxdzjfri6vwosm7sx37ttl4,elliott4mp.bsky.social,"Derek Elliott, Libertarian","Ottawa’s ""efficiency"" just means ignoring your property rights faster. This new system isn’t about freedom... it is about steamrolling farmers for a political plan.
Your land isn’t a pawn.
Watch how they are overriding lives: www.youtube.com/shorts/UFdPs...
#cdnpoli #libertarian #politics #canada",,,,0,0,0,1,2026-05-12T22:22:52Z,NA,NA,NA,,,,,
at://did:plc:eaeuyrvdlqvjgznelgcdimct/app.bsky.feed.post/3mlosw2dhrk24,bafyreiht4jsykgbsszffw3pzpltpnuuhq2yu5h4anjwnnfduwytdrurpzq,madhat59kenwood.bsky.social,Ken Wood part owner of 🇨🇦,And each #BCCon leadership contender lied during their GlobalTV debate that 🇺🇲 ships are running up our coast so why not? 🇺🇲 tankers run beyong the 200 mile limit into Itln waters not right alobg our coast. #neverconservative BC voters beware. #bcpolu #cdnpoli,,,,0,0,3,0,2026-05-12T22:16:46Z,NA,NA,at://did:plc:3qfxhwf3rlf3ay33wkxqzj6i/app.bsky.feed.post/3mlorvgdzos2s,,,,,
at://did:plc:ig6dnt4tqgg7iwwtywx3bkvd/app.bsky.feed.post/3mlosuiz6vc2a,bafyreifkfiorhzkni2srbnsdqda4zdusjjmlybec227a72s4zvxojsz4lm,robduncan.bsky.social,Rob Duncan,#auspol #USPOL #USA #us #uspoli #poli #politics #cdnpoli #canada #MeidasMighty #america #communityovercapitalizm #history #Ethics #SocialJustice #LongerTables #DemocraticSocialist #Ecosocialism #Socialist #socialism #LeftIsBest #ClassConsciousness #FalseConsciousness #abolishcapitalism #HumanRights,,,,0,0,3,0,2026-05-12T22:15:56Z,NA,NA,NA,,,,,
at://did:plc:ig6dnt4tqgg7iwwtywx3bkvd/app.bsky.feed.post/3mlostoburk2a,bafyreiclx35ylmhffgc432kgizj5e2p64h6ai4rh7ztpe2ysfgnadefgyy,robduncan.bsky.social,Rob Duncan,#auspol #USPOL #USA #us #uspoli #poli #politics #cdnpoli #canada #MeidasMighty #america #communityovercapitalizm #history #Ethics #SocialJustice #LongerTables #DemocraticSocialist #Ecosocialism #Socialist #socialism #LeftIsBest #ClassConsciousness #FalseConsciousness #abolishcapitalism #HumanRights,,,,0,0,1,0,2026-05-12T22:15:29Z,NA,NA,NA,,,,,
at://did:plc:ig6dnt4tqgg7iwwtywx3bkvd/app.bsky.feed.post/3mlosrg5gns2a,bafyreibszt76dmfzfieamzec6zkiz6photdis7dg7jygayf7yu37egp5oe,robduncan.bsky.social,Rob Duncan,#auspol #USPOL #USA #us #uspoli #poli #politics #cdnpoli #canada #MeidasMighty #communityovercapitalizm #america #history #anticapitalism #anticapitalist #capitalismkills #killCapitalism #capitalism #abolishcapitalism #fuckcapitalism #SocialJustice #ethics #ClassConsciousness #FalseConsciousness,,,,1,6,15,0,2026-05-12T22:14:19Z,NA,NA,NA,,,,,
at://did:plc:ig6dnt4tqgg7iwwtywx3bkvd/app.bsky.feed.post/3mlosjop5vc2a,bafyreibooighspmz2i3sqy2tj33t7k62hhvzkmw7slmnk2gz3kiksvwyni,robduncan.bsky.social,Rob Duncan,#ClimateEmergency #Renewables #auspol #USPOL #USA #us #uspoli #poli #politics #cdnpoli #canada #MeidasMighty #america  #Ethics #ClimateJustice #bcpoli #abpoli #Klimapolitik #ClimateActionNow #ClimateChange #Climate #Ecosocialism #environment #Nature #BCClimateAction #capitalism #FalseConsciousness,,,,1,0,4,0,2026-05-12T22:09:55Z,NA,NA,NA,,,,,
at://did:plc:r2qm5vzmsns46l4n6e6rjh2a/app.bsky.feed.post/3mlosjenzjk2t,bafyreiakqpcj243w5m7gmgjnq24r7arhndnddztbyui4ck7diuz4yqxr3u,brucedc77.bsky.social,Bruce D. Cowherd   🇨🇦,"Needed: A Diplomatic Masterstroke.
Will Trump Be Laughed Out Of Beijing.  
#cdnpoli #Canada #CanadaSky 
##usapoli #USA",,,,0,1,6,0,2026-05-12T22:09:42Z,NA,NA,NA,,,,,
at://did:plc:abt5tpb7lqr7vopkrkwfswwq/app.bsky.feed.post/3mlos2ms7ox2j,bafyreihecbmjwnyx7vwcrsb5mxbpunwzo44wshs5tslx24nvlfgklq7qqm,canadareport.org,Canada Report,"MDA Space “full steam ahead” on Canadarm3 despite space station cancellation

Canada’s fastest news scan: 25+ headlines, no clutter, updated all day: CanadaReport.org

#cdnpoli #Canada #News #Tech #AI 
Read Original Article 🔗",,,,0,0,0,0,2026-05-12T22:01:26Z,NA,NA,NA,,,,,
at://did:plc:ekew4wtc2m4ctroumek7kr4l/app.bsky.feed.post/3mlorzmzyn22e,bafyreig2orzfzztmrnigqxsahbh364yrjjzg4e3wo3tcc5tnyof6dnfypi,schmutzie.com,Schmutzie.,Carney threw out pharmacare. I wish we were all oil & gas companies. Then we'd get millions or billions each. #CdnPoli #CanPoli,,,,0,7,20,0,2026-05-12T22:00:53Z,NA,NA,at://did:plc:6ajcww7vqdopg3xvcafh42od/app.bsky.feed.post/3mlorste6f22d,,,,,
at://did:plc:d4pjo6ehblrviy625go6uodj/app.bsky.feed.post/3mlorxf4fbc2f,bafyreihgnsmigkc7xpfvwn4csajpaj3mzga6alprjpgrhaqp6n6a5owihm,tindizzy.bsky.social,Dizzy ★,"And Herr Harper’s proxy in the PMO is all-in and chummy as heck with fräulein Smith. 

If he’s not? He should emphatically state so.

He’s not. And that’s the tell. 

#AbLeg #AbPoli 
#CanPoli #CdnPoli",,,,0,2,2,0,2026-05-12T21:59:38Z,NA,NA,at://did:plc:hxcxag3apoqmi5kcecebbxbm/app.bsky.feed.post/3mlorlgq6oc2q,,,,,
at://did:plc:wklzxhaz2wrelcuy3xucw3jp/app.bsky.feed.post/3mlorwxg5tc2d,bafyreicw5tr4hootqczru5wxgbftorrdoy7ftjl4au35bsgnr3u7rrsbiq,thatgenxwidower.bsky.social,L Bennett 🇨🇦 🇪🇺🇺🇦✌🏻#TeamCanada #ElbowsUp,"In my opinion, this is smart and I hope they move quickly on it. Now, if they'd just pull the trigger on the Gripen and get those underway, I could be happy. #Canada #cdnpoli 

Ukraine news: Zelenskyy says 'drone deal' coming with Canada share.google/pJqYERy7gSSQ...",,,,0,2,5,0,2026-05-12T21:59:24Z,NA,NA,NA,,,,,
at://did:plc:r64wzjtkimyq4vkiddzuu6no/app.bsky.feed.post/3mlorv53fis25,bafyreiegsn24ra2flbwv3zudrohrmug63wfrlgqmfsys7rmptgukpbfxyq,bcwildfirewkly.bsky.social,BC Wildfire Weekly - Wildfires + More,"“Cleaning out the shed or cottage for spring? Here’s how to protect yourself from hantavirus” www.cbc.ca/news/health/... - CBC News 

#CDNPoli #Hantavirus #Health cc: #ABLeg #BCPoli #SKPoli",,,,0,3,1,0,2026-05-12T21:58:23Z,NA,NA,NA,,,,,
at://did:plc:iwt7kphaelg5ldd2loptdman/app.bsky.feed.post/3mlorpvlumk2d,bafyreiahyaix5sva5mp2pzmlre3rtqd7ztspoxenc7dxtagftwbhepuuda,susanng.bsky.social,SusannGW,"I believe last week I wrote that this would not fare well for Mr. Parker.

This REALLY won't fare well.  We are not MAGA. It won't workk.

He's no fugging martyr.  #cdnpoli",,,,0,1,1,0,2026-05-12T21:55:29Z,NA,NA,NA,,,,,
at://did:plc:g323nwoy6rzvxylyjmn243qu/app.bsky.feed.post/3mloradkbos23,bafyreiasckqw3u64roohshqadg6gbj7iu2hzcwkcxmier75a4v4c7pinly,electricbluesfan.bsky.social,RichardJR,"1/11 🇨🇦 DANIELLE SMITH'S UCP IS A SEPARATIST PARTY 🇨🇦

Premier Danielle Smith's power rests with a radical independence movement. 

Instead of defending Canada, she quietly enables their agenda.

Source: The Globe And Mail 
#PoliSky #CdnPoli #AbLeg #AbPoli #UCP #DanielleSmith",,,,4,21,33,0,2026-05-12T21:46:45Z,NA,NA,NA,,,,,
at://did:plc:tlkakpjayncxubstzzd4dwdt/app.bsky.feed.post/3mlor4zmi2k2o,bafyreihabiew566mshd7i6w64qhi2vxrmqgx76nyyegjtsc4v46sfilbca,cyborgk9.bsky.social,Cyborg K9 🌹,"Where Carney tries to greenwash his pro-fossil-fuel-industries stance and building of wasteful, polluting AI data centres...

#cdnpoli",,,,0,0,3,0,2026-05-12T21:44:53Z,NA,NA,at://did:plc:kx375dszrbvqtu7o4xxxmojn/app.bsky.feed.post/3mlopmtvlb22m,,,,,
at://did:plc:re7tflvczjceanwkco2bseqb/app.bsky.feed.post/3mloqpv3nvc2c,bafyreifvqwyksvgarroigwdkwfrtdvcajd2tz4kbtlibbv7vptim4iugdy,bella-andme.bsky.social,Sherry Lee,"Love listening to Justin Wolfers explain economics (not just because of his accent which is lovely!) - he breaks things down in plain language making it easier to understand. Not easier to swallow - just easier to understand. 
#pnpcbc #cdnpoli",,,,0,0,1,0,2026-05-12T21:37:32Z,NA,NA,NA,,,,,
at://did:plc:fqh4jgkj5jedzzdjp6kca55o/app.bsky.feed.post/3mloqkjooec2i,bafyreih7i76fqgkvpskxtd6isfcbi7k6meabxxdrqg7d2oqrym6j7ofnuy,jadehelm.bsky.social,Jade Helm Recruit 🇨🇦,"What a stupid decision. She's one of the last people I'd grant a security clearance to. 
#cdnpoli 
rabble.ca/politics/can...",,,,2,2,10,1,2026-05-12T21:34:37Z,NA,NA,NA,,,,,
at://did:plc:abt5tpb7lqr7vopkrkwfswwq/app.bsky.feed.post/3mloqfclrgc2d,bafyreiaju7heif4ftf4ekd7xn6udhwiqtpdp6ktrj2tzvoh7fnbl76bpee,canadareport.org,Canada Report,"Eupraxia Pharmaceuticals Reports First Quarter 2026 Financial Results

Canada’s fastest news scan: 25+ headlines, no clutter, updated all day: CanadaReport.org

#cdnpoli #Canada #News #Business #Economy 
Read Original Article 🔗",,,,0,0,0,0,2026-05-12T21:31:37Z,NA,NA,NA,,,,,
at://did:plc:4xqt7t2zph634drigtdxdmro/app.bsky.feed.post/3mloqdycda22b,bafyreiducavf7mpac2mpp2gwv7n2oqewavkylfyeez2hj2i5u73fpyzx2q,journodale.bsky.social,Dale Smith,New from me at @cba-nationalmag.bsky.social: The never-ending effort to expand First Nations status #S2 #cdnpoli #cdnlaw,,,,0,1,3,0,2026-05-12T21:30:54Z,NA,NA,NA,,,,,
at://did:plc:el5u6pm6ml27lig7lym7e7q7/app.bsky.feed.post/3mloq6s2nqc2y,bafyreiaoh6i5pvopatn4yexptev2nat7r4ggaxz34zkcmzwe7iokqw2s5i,loryanne.bsky.social,Lory 🇨🇦,#cdnpoli #canadastrong #liberals,,,,0,0,0,0,2026-05-12T21:27:59Z,NA,NA,at://did:plc:kx375dszrbvqtu7o4xxxmojn/app.bsky.feed.post/3mlopmtvlb22m,,,,,
at://did:plc:ixsqg3bg7z5xspgl7af2j3ez/app.bsky.feed.post/3mloq3iujw223,bafyreif573fl2n7ror6b7vjnep5svezjlzyjbviippqg2yotchntpyxk5a,marilynblueyes.bsky.social,Marilyn ❤️🇨🇦,"Every UCP MLA & Stupid Smith needs to #Resign NOW‼️
#UCPCorruption should all be held accountable for this Electors Data Breach‼️

Time to take our protest to each & every one of their homes, sure it won’t be hard to find where they live. 
Let’s end this #AlbertaUCPCorruption NOW‼️
#abpoli
#cdnpoli",,,,0,3,4,0,2026-05-12T21:26:08Z,at://did:plc:azikujfdbcqnvznzdysyf3wh/app.bsky.feed.post/3mlobqszoik22,at://did:plc:azikujfdbcqnvznzdysyf3wh/app.bsky.feed.post/3mlobqsh6p222,NA,,,,,
at://did:plc:jylwpm45we3vi5coug4obvit/app.bsky.feed.post/3mlopyy7l3s22,bafyreic4vsf4ogmwu2ahh6qbesqg7a7ie3l2e4ulnnubc3u72ogsbtsch4,btdias.bsky.social,Brian Dias,"UBI makes fiscal sense. UBI makes organizational sense. UBI makes social sense. 

NOT enacting UBI and presents an ever increasing and unnecessary cost to our society. 

More people can GO TO WORK because of UBI. 

#UBI #CdnPoli #OnPoli #HamOnt #LPC #CPC #NDP",,,,0,1,2,0,2026-05-12T21:24:43Z,NA,NA,at://did:plc:weypikbrwodr2fsanloqjx6s/app.bsky.feed.post/3mlnwuv35kc2b,,,,,
at://did:plc:ktgr2odxy4jbzjio33wyt7gb/app.bsky.feed.post/3mloprp74nk2p,bafyreicb5onmfypgjdq6ewkch6a2vstwiwopfdgjb3oo6mnfzhkty3fpae,thepaikinpodcast.bsky.social,The Paikin Podcast,"“He can be quite kind and thoughtful but … he’s kind of given into a side of his personality that I don’t think helps him in the end.”

Bob Rae offers advice to Pierre Poilievre.

FULL episode: youtu.be/5mmUc9hdSIY

#cdnpoli",,,,0,1,0,0,2026-05-12T21:20:41Z,NA,NA,NA,,,,,
at://did:plc:x2fori67bggzcj2a6c7sj6ur/app.bsky.feed.post/3mlopjwwxr22y,bafyreidoxwsi62heq3kmski4caynu532ow35lrmmvoq3oeui2ywkulqqke,jimmydp01.bsky.social,J Payne,"@mark-carney.bsky.social 
@anitaoakvilleeast.bsky.social 

#ICC #ICJ 

#Gaza #Palestine 
#Cdnpoli #BCPoli",,,,0,0,0,0,2026-05-12T21:16:19Z,NA,NA,at://did:plc:yosojsta3nm5qiod5zqixzur/app.bsky.feed.post/3mlope2hlxr2x,,,,,
at://did:plc:osg2vzhifd2tjfsvfwua7scy/app.bsky.feed.post/3mlophtkors2a,bafyreibfoyafyqja67pfjdorgjevpl674l35z6vihmge3adx6qmggvbig4,symbo1ics.bsky.social,Linotype Pilgrim,"What the fuck is this

#cdnpoli",,,,2,1,8,0,2026-05-12T21:15:08Z,NA,NA,at://did:plc:kx375dszrbvqtu7o4xxxmojn/app.bsky.feed.post/3mlmrrryvrs2o,,,,,
at://did:plc:re7tflvczjceanwkco2bseqb/app.bsky.feed.post/3mlopgbegfc2k,bafyreidcx4nrqtbdrvmtxsxv4sqnh2xransvljaieuodoninvqep7vc7oq,bella-andme.bsky.social,Sherry Lee,"There’s the question I was waiting for. Erskine-Smith claiming irregularities in his contesting the vote count in the Scarborough-Southwest nomination election & David Cochrane getting to the heart of it with “why did you say the Liberal party establishment didn’t want you to run?” 
#pnpcbc #cdnpoli",,,,1,0,0,0,2026-05-12T21:14:16Z,NA,NA,NA,,,,,
at://did:plc:r64wzjtkimyq4vkiddzuu6no/app.bsky.feed.post/3mlopdo5apk25,bafyreia4ovtouiqpdngrervqb2ulus4cizrufulbg2jwr7vqzoax2mykle,bcwildfirewkly.bsky.social,BC Wildfire Weekly - Wildfires + More,"“The Canadian Armed Forces has made the decision to end its avalanche-control program in Rogers Pass, B.C., after just one more winter.” www.cbc.ca/news/canada/... - CBC British Columbia 

#BCPoli #CanadianForces #CDNPoli #GlacierNP #RogersPass cc: #GoldenBC #Revelstoke",,,,0,1,0,0,2026-05-12T21:12:49Z,NA,NA,NA,,,,,
at://did:plc:frwecggow7f5ertmucxfcxqq/app.bsky.feed.post/3mlop6562zs2t,bafyreidibqmjovwqcmls5bythpszm3p4p7w3tqnc3v2qmafak3tu7jnfmq,jrmccranker.bsky.social,Jason McCrank,And then blaming it on Ottawa. #abpoli #cdnpoli,,,,1,1,3,0,2026-05-12T21:09:44Z,NA,NA,at://did:plc:xpgujbkkrjevueb53vpgnetz/app.bsky.feed.post/3mlofm2jaes2s,,,,,
at://did:plc:ktgr2odxy4jbzjio33wyt7gb/app.bsky.feed.post/3mlop453tmc2p,bafyreifvhfb5p25mxf3u46uilup3ezeh5l2qrlbzsoz5pj5uy4ficagiqq,thepaikinpodcast.bsky.social,The Paikin Podcast,"“It doesn’t take the steam out. … It just spreads the poison wider.” - Bob Rae.

David Cameron misplayed the Brexit vote. Is Danielle Smith doing the same thing in Alberta?

FULL episode: youtu.be/5mmUc9hdSIY
Apple: apple.co/3PCxXcP

#cdnpoli",,,,0,1,1,0,2026-05-12T21:08:36Z,NA,NA,NA,,,,,
at://did:plc:s62xbk4qptittyioum6musdq/app.bsky.feed.post/3mlop2tgepk24,bafyreicy4dxklg7kfzukr67putk6gcuj4cslkl5xe7r2toywqik3ag7drm,soundskugle.bsky.social,SoundsKugle 🐝🌅,"Paikin is a 🇨🇦ian gem as is Rae...great exchange which apparently will be monthly..

#cdnpoli 🇨🇦
#CanadianContent 🫎🦫📢

youtu.be/5mmUc9hdSIY?...",,,,0,3,6,0,2026-05-12T21:07:54Z,NA,NA,NA,,,,,
at://did:plc:ktgr2odxy4jbzjio33wyt7gb/app.bsky.feed.post/3mlooyj42bc2p,bafyreif5djhl3i57flnqurlleecbdcpc7hcdnyiqfafjgkwsgiuhiignru,thepaikinpodcast.bsky.social,The Paikin Podcast,"Can you say the Iran War achieved nothing?

“Oh, it’s worse than that.” - Bob Rae. 
 
FULL episode: youtu.be/5mmUc9hdSIY
Apple: apple.co/3PCxXcP

#cdnpoli",,,,0,1,3,0,2026-05-12T21:06:35Z,NA,NA,NA,,,,,
at://did:plc:ixsqg3bg7z5xspgl7af2j3ez/app.bsky.feed.post/3mlooxycoxc23,bafyreifuipjckky3wu32wpfpqjz6xmxp7mkhtzzttnbv3hyasnontb6kdq,marilynblueyes.bsky.social,Marilyn ❤️🇨🇦,"How’s he not arrested,
any other Albertan would be❓
What does he have over Smith, that she allows his freedom⁉️
#ResignSmith now as you’ve done more destruction to Alberta than Kenny & Redford combined. 
Electors breach with no comment from her means something, what is she 
hiding ‼️
#abpoli
#cdnpoli",,,,0,2,1,0,2026-05-12T21:06:17Z,at://did:plc:oqxoq7btbkztewuzmallzuvo/app.bsky.feed.post/3mlnyubl55c2m,at://did:plc:oqxoq7btbkztewuzmallzuvo/app.bsky.feed.post/3mlnyubl55c2m,NA,,,,,
at://did:plc:osg2vzhifd2tjfsvfwua7scy/app.bsky.feed.post/3mlooushh2k2k,bafyreigqhvhx6juapk7p4635vdm27tpjkfw6ki6pzy52v57x2qnbvtyij4,symbo1ics.bsky.social,Linotype Pilgrim,"it's nearly 50 years since Reagan and Thatcher and Canadian voters are still giving them majorities

#cdnpoli",,,,0,0,5,0,2026-05-12T21:04:30Z,NA,NA,NA,,,,,
at://did:plc:puohdnmnxm5habzhbjdwdmqb/app.bsky.feed.post/3mlooumv7xr23,bafyreienuusxxuo6ev6wbkvnha2fdwv75fi2pfpsushocrmesuew5de3ay,animal-justice.bsky.social,Animal Justice,"MPs @elizabethemay.bsky.social, John Nater, & @bencarrwpg.bsky.social have tabled petitions on behalf of their constituents demanding a ban on live horse exports for slaughter 🐴

Every day the Liberal government fails to keep its promise to end this practice, more horses suffer 💔 #CdnPoli",,,,1,7,21,1,2026-05-12T21:04:25Z,NA,NA,NA,,,,,
at://did:plc:abt5tpb7lqr7vopkrkwfswwq/app.bsky.feed.post/3mloopbj6732j,bafyreif7lhwfebvk3qk2txeosuxqbk45elpikgtmde3hkwbjl2oodlmyqy,canadareport.org,Canada Report,"Canada committed to real-time rail, aims to be a point of stability in an uncertain world, finance minister says

Canada’s fastest news scan: 25+ headlines, no clutter, updated all day: CanadaReport.org

#cdnpoli #Canada #News #Tech #AI 
Read Original Article 🔗",,,,0,0,0,0,2026-05-12T21:01:24Z,NA,NA,NA,,,,,
at://did:plc:in6t5b6l3wnfwkcuqji57ttg/app.bsky.feed.post/3mloop5aeqk2s,bafyreidz6f2mubgkn3rhqssb5e67ka5fbgamxcaczvwu6lzjmajslxcdqu,ccfr-ccdaf.bsky.social,Canadian Coalition for Firearm Rights,"A new CCFR Spotlight Exclusive premieres tomorrow @ 12PM EDT on Youtube!

The CCFR's Rod Giltaca sat down with former cabinet minister and leadership candidate for the BC Conservatives, Kerry-Lynne Findlay.

Find out where she stands on property rights, gun ownership, and more! #bcpoli #cdnpoli",,,,0,0,0,0,2026-05-12T21:01:22Z,NA,NA,NA,,,,,
at://did:plc:pj6ys6sdgulv2csgh47asm7z/app.bsky.feed.post/3mlook5vyck2y,bafyreidbgfgagdbxfbmpqftcqlelqr5z3vrg4nbnllvocjwcfrjc64rwlu,renmccormacksghost.bsky.social,WBB - Cernunnos,"The hoarding of property by the rich is not new and is always ongoing, condos, new builds, lands encroaching, or on greenbelts, flood plains, old homes, land , industrial, commercial. Never talked about much,  but always happening. Everywhere. #Onpoli #cdnpoli #Ontario #Canada #VacantProperty",,,,1,1,3,0,2026-05-12T20:58:33Z,NA,NA,at://did:plc:3l6h5tayy6vycige2igmorv4/app.bsky.feed.post/3mlomvru44s2v,,,,,
at://did:plc:ypbo2mq6dqcct43gt2sam6el/app.bsky.feed.post/3mlooeeeyho2j,bafyreigqxmmhdk35bd3xdv67adlkf6jfogyh3albmy54ie6lkiuhxlgie4,ipolitics.bsky.social,iPolitics,Scarborough Showdown #cdnpoli #ipolitics,,,,0,0,0,0,2026-05-12T20:55:18Z,NA,NA,NA,,,,,
at://did:plc:b7tjp4yaqcy2crro6sumg5zy/app.bsky.feed.post/3mlooe22xf22n,bafyreihnoqutpifxeao7oiwhv6v3kizizsdbb4nad2sc32vl2wxfrfqdt4,nandanainthegarden.bsky.social,Nandana,"Love this! Truth to power. Thanks #MarkhamHislop #Alberta #oilsands #ableg #abpoli #cdnpoli

open.substack.com/pub/markhamh...",,,,0,2,3,1,2026-05-12T20:55:09Z,NA,NA,NA,,,,,
at://did:plc:6hgtzk5uyzui7hwvndubsjda/app.bsky.feed.post/3mloo7jelj22i,bafyreiggqg7zrr4l5fsnsr6764x5eclfwmo3wnwc4gaxr7v4f4klmmsfny,strategicthoughts.bsky.social,Schreck,"#cdnpoli #Trump Read this article to see how it defames goldfish.
www.theglobeandmail.com/opinion/arti...",,,,0,1,1,1,2026-05-12T20:52:37Z,NA,NA,NA,,,,,
at://did:plc:jeuzjfwsgn62xfoe7qo4jul5/app.bsky.feed.post/3mlonzv6a322v,bafyreiecfq5et4c62rbs3tsdnqu5dkr4fktfmcmhbrmp5phxeaurrr6caa,bigclimate.bsky.social,Bentley ****TALK CLIMATE****,#MarkCarney just keeps getting worse on #ClimateChange. He's #BigOil 's banker. #cdnpoli thenarwhal.ca/greenwashing...,,,,0,9,13,0,2026-05-12T20:49:29Z,at://did:plc:66lbtw2porscqpmair6mir37/app.bsky.feed.post/3mlomnp5f6k2a,at://did:plc:66lbtw2porscqpmair6mir37/app.bsky.feed.post/3mlomnp5f6k2a,NA,,,,,
at://did:plc:eoouaeqa2taou3aqacpjuaq4/app.bsky.feed.post/3mlonx4i6os22,bafyreie6e3wq7gib6j2arw2uncm7aapkm62lx3rbhu73dbj5efywkkvkma,alexgoatcher.bsky.social,Alex Goatcher,"The Army is no longer shooting down avalanches in Glacier NP. 70 years of work now done with no plan to replace it yet. This is extremely disappointing. #cdnpoli #bchwy1

www.cbc.ca/news/canada/...",,,,0,0,0,0,2026-05-12T20:47:55Z,NA,NA,NA,,,,,
at://did:plc:robz445cug55h632frrf7yjt/app.bsky.feed.post/3mlonvwxguc2l,bafyreidugjzsvg772r73hppb46uzhrvlvjqcv6ypzrj3pjyknhqsoxmrym,johnqpublic.bsky.social,John Q Public,"Guilty as fuck.

Just like Dani.

Lawyer up Ditchbillies.

#cdnpoli
#abpoli",,,,0,2,3,1,2026-05-12T20:47:15Z,NA,NA,NA,,,,,
at://did:plc:abt5tpb7lqr7vopkrkwfswwq/app.bsky.feed.post/3mlomzt5ykg27,bafyreihealv3l5ojbkijax7nsuq3p2d6kvveeketajp7mmd6ijsuuxuqfu,canadareport.org,Canada Report,"Lenovo Launches Extended Victoria Day Sale with Doorbusters and Tiered Savings

Canada’s fastest news scan: 25+ headlines, no clutter, updated all day: CanadaReport.org

#cdnpoli #Canada #News #Business #Economy 
Read Original Article 🔗",,,,0,0,0,0,2026-05-12T20:31:31Z,NA,NA,NA,,,,,
at://did:plc:jf7vufwsjqinbruhb7j5cpk7/app.bsky.feed.post/3mlomvtb5js26,bafyreihhux46d4e5cma4ohsg3srhrr3urhoy76qqxpmtmntntu6js3glm4,evethorne.bsky.social,Eve Thorne,"#cdnpoli #yyccc #abpoli @mark-carney.bsky.social 
Success for NYC
Could we do the same for Calgary and Canada?",,,,0,1,4,0,2026-05-12T20:29:17Z,NA,NA,at://did:plc:nx7znvoex7ev3wcxn3tipovm/app.bsky.feed.post/3mloeafavhc2e,,,,,
at://did:plc:2jfr7qhenekca6f6qtjgwdr4/app.bsky.feed.post/3mlomut6jxs2i,bafyreidsnpyrme6pd2dr2cw2ymzus4w47e4wq3jona7hhw6mczbuipjlku,calgaryclimatehub.ca,Calgary Climate Hub,#CostOfClimate #ClimateChange #yyc #abpoli #cdnpoli #CanadaSky #ClimateSky #EnergyTransition #Electrostates #Petrostates #China #Iran #America,,,,0,9,17,0,2026-05-12T20:28:45Z,NA,NA,NA,,,,,
at://did:plc:fuak6asmyzr6r34f6er6z4ju/app.bsky.feed.post/3mlomsu37sk2b,bafyreihmiiczsr6senjrbq3nikt2vim7wa6dyois3u2ri6ayq6s6wj4idm,jansplanet.bsky.social,Janet 🇨🇦,Carney could act. #CdnPoli,,,,0,5,9,0,2026-05-12T20:27:37Z,NA,NA,at://did:plc:q6zqmxlmp6sdc2liakhupx5a/app.bsky.feed.post/3mlnqx5wf422n,,,,,
at://did:plc:d4pjo6ehblrviy625go6uodj/app.bsky.feed.post/3mlomrc4ims2f,bafyreia3okqqsrrtdd6llc2wdra46qfy36nftapc7pfgle2znxr5gdixnu,tindizzy.bsky.social,Dizzy ★,"Yeah. Gee. Democratic Socialism actually works, gets things done and improves everyone’s quality of life.

How about that?! Who knew?! 

Maybe, we should give it a go, Alberta. Ya think?

#AbLeg #AbPoli 
#CanPoli #CdnPoli",,,,1,8,17,1,2026-05-12T20:26:44Z,NA,NA,at://did:plc:udnac33pmf2iwcblpeai5a5p/app.bsky.feed.post/3mlojv53kxk2x,,,,,
at://did:plc:fuak6asmyzr6r34f6er6z4ju/app.bsky.feed.post/3mlomra4lpc2b,bafyreicf72vkdalan4ggekmyzexsuvnqffsjgtq3psblfufmdi5w6jnh5u,jansplanet.bsky.social,Janet 🇨🇦,"Regulate this shit already!
#cdnpoli",,,,0,0,2,0,2026-05-12T20:26:42Z,NA,NA,at://did:plc:q6zqmxlmp6sdc2liakhupx5a/app.bsky.feed.post/3mlnqvbcluc2n,,,,,
at://did:plc:px2esgvbnl7ransisaced6wu/app.bsky.feed.post/3mlomnj4mac2x,bafyreiek6ivdb6t2biwhzk5isol3imbohbagb5bjlyzfqvjzon6ywktgy4,stevemilesnet.bsky.social,🟥‬🍁🟥‬𝓢𝓽𝓮𝓿𝓮 𝓜𝓲𝓵𝓮𝓼 𝓝𝓮𝓽🟥‬🍁🟥‬,"Would a certain someone at the end of a rope be winning❓
@enemywithinyt.bsky.social 
#Instafollow #Bluesky #Politics #Democracy#Canadasky #Canadian #cdnpoli #neverthe51ststate #EightySixFortySeven #nomorewar #NeverVoteConservative #American #USApoli #𝓢𝓽𝓮𝓿𝓮𝓜𝓲𝓵𝓮𝓼𝓝𝓮𝓽
youtu.be/8H_XbLuwofk?...",,,,0,0,0,0,2026-05-12T20:24:39Z,NA,NA,NA,,,,,
at://did:plc:xvhfw6ch4oy4yez2kbu5wrhl/app.bsky.feed.post/3mlomjiuuvk2e,bafyreieyicqnzcnwu5tp3co54ao62bpwbk2omen5cywgowxteksrg5gcz4,linzi-the-artist.bsky.social,Lindsay Brambles🇨🇦,#Canada should steer clear of any investment in this boondoggle. It is almost certainly a money pit that will cost far more than the estimated $1.2 T & will primarily feed the #UnitedStates military industrial complex. Canadian taxpayer money would go to supporting US jobs if we join this. #cdnpoli,,,,0,0,2,0,2026-05-12T20:22:22Z,NA,NA,at://did:plc:bnk5d72upa2mfzwglo6ynbs3/app.bsky.feed.post/3mlombrbaxg25,,,,,
at://did:plc:rgk6xquxjkufq2un4heudl3o/app.bsky.feed.post/3mlomfrhrj22g,bafyreihrv5ifoc6ulcmfvbzkjxahz2fxywvp5ffidzrjuigahgrh2ufsja,stephenjwt.bsky.social,Stephen Thomas,"This was a fun conversation on the politics of clean electricity, jobs and the just transition in Canada. 

🔊Have a listen at the link below:

#EnergySky #cdnpoli #climate",,,,0,6,3,1,2026-05-12T20:20:18Z,NA,NA,at://did:plc:dtivbttzchlmb7iexbbpxowx/app.bsky.feed.post/3mlohiii76s2y,,,,,
at://did:plc:eoouaeqa2taou3aqacpjuaq4/app.bsky.feed.post/3mlomckqpxk2u,bafyreihfg5jitgbrydsdi6omd2gzpmd4iqwoln7x4yur6amglpxee6p37q,alexgoatcher.bsky.social,Alex Goatcher,"The RM of Old Post has announced it has Syrychine available for farmers. Old Post is the RM for the east edge of Grasslands NP Eastblock & currently there are 2 pairs of Burrowing Owls just outside of the Park. With their prey possibly being laced with poison, will they survive? #skpoli #cdnpoli",,,,0,0,0,0,2026-05-12T20:18:32Z,NA,NA,NA,,,,,
at://did:plc:mv6loxcddhj3i6pzfvzicc36/app.bsky.feed.post/3mlolvfo2j22f,bafyreifnbecbwvufolqlfmt3m7wh7vbn2a7rnwpi6pmwdep5lx2kvxaiie,dennisjkoch.bsky.social,"Dennis ""dejay"" Koch"," Prime Minister Carney welcomes the largest order of commercial aircraft in Canadian history

@mark-carney.bsky.social

PM Mark Carney welcomes an agreement between Airbus and AirAsia to purchase 150 Airbus A220-300 aircraft

#cdnpoli

youtu.be/z_ssdxLGTns",,,,1,1,3,0,2026-05-12T20:11:10Z,NA,NA,NA,,,,,
at://did:plc:mv6loxcddhj3i6pzfvzicc36/app.bsky.feed.post/3mlolq2xbw22f,bafyreibwq42cbkbxzq6i7bwovh653qac26rfoiojvg5lahr3cwaqvovw6e,dennisjkoch.bsky.social,"Dennis ""dejay"" Koch","Alberta wildfire: Out-of-control blaze prompts evacuation south of Whitecourt

@globalnews.ca 

An out-of-control wildfire has triggered an evacuation order south of Whitecourt, Alta., with officials urging residents to leave immediately.

#abpoli #ableg #cdnpoli

youtu.be/mJz8ZxlYxkQ",,,,0,2,1,0,2026-05-12T20:08:10Z,NA,NA,NA,,,,,
at://did:plc:vn2cli7pewu6j2tv7oejax4j/app.bsky.feed.post/3mlolpmajhk2e,bafyreic5ypxxsfo3zm2hpvbrc4j3kjwylzwdygh5y3i6a7iggx3wzazp7i,mhalstead.bsky.social,"Matthew Halstead -Edmonton, AB","Alberta Separatists and Alberta Prosperity Project  need to strongly relook the catastrophizing of all things Ottawa and genuinely re-evaluate the glamourizing of Klein and/or separation as a solution. 
#ABleg #CDNPOLI",,,,0,0,3,0,2026-05-12T20:07:54Z,NA,NA,NA,,,,,
at://did:plc:tlkakpjayncxubstzzd4dwdt/app.bsky.feed.post/3mlolh37x5k2m,bafyreida5syxuiimxft6ubw6cbn2f4apsdkcjcki2qn4xgvbuq7cmo42nu,cyborgk9.bsky.social,Cyborg K9 🌹,"Of course, Carney is governing like a Conservative anyway, so... screw us, right? :/

#cdnpoli",,,,0,0,0,0,2026-05-12T20:03:08Z,at://did:plc:tlkakpjayncxubstzzd4dwdt/app.bsky.feed.post/3mlolh37pdk2m,at://did:plc:tlkakpjayncxubstzzd4dwdt/app.bsky.feed.post/3mlolh37pdk2m,NA,,,,,
at://did:plc:tlkakpjayncxubstzzd4dwdt/app.bsky.feed.post/3mlolh37pdk2m,bafyreiejfwelhkfhb22emzn67cbx53gbutlhmh63jyuam22ryhiggzvfzu,cyborgk9.bsky.social,Cyborg K9 🌹,"If we had a fair electoral system, I think the NDP and Greens would have a much higher vote share.

I think the Liberals only got ~44% of the vote over the Conservatives' ~41% thanks to fear that the latter would be Trump-like, and FPTP made fear of voting 3rd party a huge factor.

#cdnpoli",,,,1,0,1,0,2026-05-12T20:03:08Z,NA,NA,NA,,,,,
at://did:plc:isddem4a64hiaq4fgn6rzudi/app.bsky.feed.post/3mlolf6akss25,bafyreicalt3bcvs4tqhl2oicmswwhfp4afnl3j52gyyc4fgnyes2szl634,sforseth000.bsky.social,Steve Forseth,New Blog Post: TNG Public Advisory re: Chilcotin National Congress.  View at cariboopolitics.blogspot.com/2026/05/tng-... #cariboopoli #bcpoli #cdnpoli #TsilhqotinFN #ChilcotinNationalCongress #Chilcotin,,,,0,0,0,0,2026-05-12T20:02:04Z,NA,NA,NA,,,,,
at://did:plc:abt5tpb7lqr7vopkrkwfswwq/app.bsky.feed.post/3mlole7egyz27,bafyreiamcmqdc3kbayx7ktonmi7sbf55rsksvkrcm6ndh6iziekztnbmcm,canadareport.org,Canada Report,"Koho close to securing banking licence, hopes to launch telco product, CEO says

Canada’s fastest news scan: 25+ headlines, no clutter, updated all day: CanadaReport.org

#cdnpoli #Canada #News #Tech #AI 
Read Original Article 🔗",,,,0,0,0,0,2026-05-12T20:01:31Z,NA,NA,NA,,,,,
at://did:plc:s62xbk4qptittyioum6musdq/app.bsky.feed.post/3mlolc27edk2n,bafyreibpsiewxzamn5al5dzrs4ilgvz7zpheqcindd5ww7ornl7k2vpav4,soundskugle.bsky.social,SoundsKugle 🐝🌅,"Wab's going to be PM one day

Can't see it happen under the NDP (sorry, but being honest)

But he's going to be 🇨🇦's PM

This is the reason he's 🇨🇦's most ❤️ed Premier...out with the bs on either side

#cdnpoli 📢
#CanadaStrong 🙂🇨🇦",,,,1,7,17,0,2026-05-12T20:00:20Z,NA,NA,at://did:plc:4euncr44a5aflpbcbjhvjvdo/app.bsky.feed.post/3mlokxip5vc2s,,,,,
at://did:plc:ii6oavwfjgy2s33lwrcbjubl/app.bsky.feed.post/3mlol5begl227,bafyreihspogwyljyqkwv2zearb6wjlqulpd3pare7pijffuzk6bfilypgm,robinhood246.bsky.social,B.G. Witch 🇨🇦 🏳️‍⚧️ 🌈,"Canada will end up in the same state as America.

Government is effective when run well.

Constantly cutting govt and handing money to giant corporations is not well run govt.

Tax megacorps, do federal work projects directly. #cdnpoli",,,,0,0,5,0,2026-05-12T19:57:39Z,NA,NA,NA,,,,,
at://did:plc:mv6loxcddhj3i6pzfvzicc36/app.bsky.feed.post/3mlokwyftbk2f,bafyreidycug4pbfumqomokelasfi5l7x4xeykzuk5l6vpv6xwqzplzkk2i,dennisjkoch.bsky.social,"Dennis ""dejay"" Koch","What the Alberta data leak can teach us about separatists | The Big Story

@citynewsyeg.bsky.social

Experts are calling it the largest data breach in Canadian history, sparking fears for the safety of all Canadians

#abpoli #ableg #YEG #YYC #cdnpoli #Alberta #AlbertaUCP

youtu.be/ZjG1BHy2_NA",,,,0,10,10,0,2026-05-12T19:54:09Z,NA,NA,NA,,,,,
at://did:plc:ztg7s6zljk4yy3vj3az4vc4k/app.bsky.feed.post/3mlokgvzqmk2e,bafyreibuskhal7r3segoi557vuckxj7txlr2osbd4lcgikxppmrbsbmfg4,earthangel777.bsky.social,EarthAngel777,"The truth of the matter is that Mark Carney is NOT GOOD ENOUGH 4 Canadians. Not by many,many miles! He is for the global elite not us! He breadcrumbs us,ok! Things could be really,really good, but they r not on PURPOSE=he follows Agenda2030=flipped #VenusProject would have benefited us all! #cdnpoli",,,,0,1,1,0,2026-05-12T19:45:09Z,NA,NA,NA,,,,,
at://did:plc:7lk2ea67pioh2e7tqj5n7whh/app.bsky.feed.post/3mlojyznwgs2c,bafyreic255g2bdq2k7xkm2zvrawd5rc3dxkjafrbd4xq2qf666hea6o2xu,samspade1941.bsky.social,Samuel Spade,"Worth a watch....

#cdnpoli #ukpol #auspol #uspol",,,,1,0,0,0,2026-05-12T19:37:22Z,NA,NA,at://did:plc:yx2nfpytmmze4fau2qxw2c5a/app.bsky.feed.post/3mloijng2o22u,,,,,
at://did:plc:abt5tpb7lqr7vopkrkwfswwq/app.bsky.feed.post/3mlojopwnhf2d,bafyreickozgfxj4rkeoef723arerushjirgbz4qr5vdamo3id3t6tyesdi,canadareport.org,Canada Report,"Revision to Q1 2026 Trading Update

Canada’s fastest news scan: 25+ headlines, no clutter, updated all day: CanadaReport.org

#cdnpoli #Canada #News #Business #Economy 
Read Original Article 🔗",,,,0,0,0,0,2026-05-12T19:31:37Z,NA,NA,NA,,,,,
at://did:plc:mv6loxcddhj3i6pzfvzicc36/app.bsky.feed.post/3mlojmtg7yk2f,bafyreibmmw22sg52qpwfha4ivdopeprx4mivwqoqieyt232tov22adtqwu,dennisjkoch.bsky.social,"Dennis ""dejay"" Koch","'Incredibly fast' wildfire prompts evacuation northwest of Edmonton

CBC News

More than 130 people have been ordered to evacuate their homes because of a fast-moving wildfire in Woodlands County, near the north-central Alberta community of Whitecourt

#Canada #cdnpoli #Alberta

youtu.be/Ds8AAnscv7U",,,,0,0,2,0,2026-05-12T19:30:35Z,NA,NA,NA,,,,,
at://did:plc:5nvh4di6c7nvef5j2uejmt4u/app.bsky.feed.post/3mlojlikiic2l,bafyreicpfb7djaokjz2z2q7ftrqu5q3rixmb47gorp3o4ss7g7a5xuxepa,friendscndm.bsky.social,Friends of Canadian Media,"For many Canadians, @cbcradiocanada.bsky.social has been part of daily life for generations.

Stories like this are part of a much bigger picture.

#CanadianMedia #PublicBroadcasting #cdnpoli",,,,0,0,0,0,2026-05-12T19:29:52Z,NA,NA,NA,,,,,
at://did:plc:eix3tk3r26zi2p3vyreh3k3b/app.bsky.feed.post/3mlojkfsaos2w,bafyreidwcnubdbc2kjj4nmeov3hb6illuowobfvfs2ymuye6qnntzd6cbu,atomicker.bsky.social,NA,"Global fire outbreaks hit record high as 'unprecedented' heat extremes loom

• Fires damage 150 million hectares Jan-Apr
• Damage in Africa 23% higher than previous record, Asia 40% higher

#Canada #CDNPoli #ClimateCrisis #ClimateBreakdown #Polycrisis #ExtremeWeather #Wildfires #Drought #NoPipelines",,,,0,1,0,0,2026-05-12T19:29:14Z,NA,NA,NA,,,,,
at://did:plc:egl4mfr2njrr2br4vhya7yrf/app.bsky.feed.post/3mloit45etk2v,bafyreigtfkzcoucpwxvilm6eqvq5wtfxomwvlnijkry4d4jtw4odqbloeq,judy-bug.bsky.social,judy 🇨🇦,"Harper & the IDU have control over the provinces to eventually take of control of Canada!

Global Chairman:  Harper
Canadian #IDU Chairman:  Poilievre

#cdnpoli #CPC #UCP #Project2025 #bcpoli #abpoli #onpoli #polqc #nspoli #nbpoli #skpoli #mbpoli #nlpoli #nwt #ytpoli #nunavut #peipoli #CanadaSky",,,,1,0,0,0,2026-05-12T19:16:11Z,at://did:plc:tw4rcqakemreh47z42d32a7j/app.bsky.feed.post/3mlo2pgr5622v,at://did:plc:tw4rcqakemreh47z42d32a7j/app.bsky.feed.post/3mlo2pgr5622v,NA,,,,,
at://did:plc:ako65x53epqewjh4ozu7wjs2/app.bsky.feed.post/3mlois6j3522c,bafyreibf5y64imq3fdxg6sbriuo6uocoj5zgqdprisu7qbd62kcjjw4esi,centristhumanist.bsky.social,Anaximander's Elbows Up Tardigrade Brigade 🍁🇨🇦🇺🇦🇬🇱,"Carney creates a ""Major Projects Office"" to circumvent environmental and safety regulations for major projects such as oil pipelines.   Dawn Farrell, an O&G CEO, is appointed to head the office

What could possibly go wrong!? 😠
#cdnpoli #GoldmanSachsCarney",,,,1,3,3,1,2026-05-12T19:15:41Z,NA,NA,NA,,,,,
at://did:plc:mgmhq5daplfs52ztiocmae74/app.bsky.feed.post/3mloiqz6dos2z,bafyreiedd5n7egfxqtuqaha5ewojt3rhhvntknbhveo54t7rmn5xdjglxa,o-tawdry.bsky.social,Bridget McGrath 🇨🇦,"'Chris Swonger...says he thinks it would be 'a great olive branch' for Canadian alcohol retailers to put American spirits back on the shelves.'

No olive branches being offered to the USA by us. 

We're sick of US threats, demands and interference in our country!

#BoycottUSA #Canadastrong #cdnpoli",,,,1,1,4,0,2026-05-12T19:15:03Z,NA,NA,NA,,,,,
at://did:plc:42qbbzen5o6ggsqvvhvp2jnv/app.bsky.feed.post/3mloih5nxpc2u,bafyreifjm77kfn4ec575irzi4tcehjf6s5chg2bejq4tqnedhyipqerey4,vdogg333.bsky.social,Vdogg333,youtu.be/vkv1cX-eTWA?... imperial #America senator threatens #Canada LOL #cdnpoli #polqc #Vancouver #bcpoli #vanpoli #onpoli #topoli #Montreal #Toronto #Calgary #Edmonton #abpoli #ableg #SurreyBC #Brampton #USA #NYC #California #Texas #Iran,,,,0,1,3,1,2026-05-12T19:09:32Z,NA,NA,NA,,,,,
at://did:plc:5rwvsxtue7vrswdrjr2jfxx6/app.bsky.feed.post/3mloiglay2c2k,bafyreiamtyx7r2u2h6hqqiunr3etxnyb6pbsbn2fu7hoydl4c2okzkihw4,opheodrys.bsky.social,Opheodrys,Seven years of disgraceful and shameful dysfunction with more than a whiff of racism. #cdnpoli #novascotia,,,,0,0,2,0,2026-05-12T19:09:12Z,NA,NA,NA,,,,,
at://did:plc:abt5tpb7lqr7vopkrkwfswwq/app.bsky.feed.post/3mloi4w4zjf2z,bafyreihwv5tn74j4bchu3u6ugfytxumgv2qvrwfxy267gzjw75bcexfzyi,canadareport.org,Canada Report,"🇨🇦 PM Briefing — May 12  
Public sentiment on energy policy is shifting in Canada.  
• 61% support Enbridge’s gas expansion in BC.  
• New bill targets AI-generated deepfakes.  ...

Read: canadareport.org/briefing-2026-05-12-afternoon.html
#cdnpoli",,,,0,0,0,0,2026-05-12T19:03:45Z,NA,NA,NA,,,,,
at://did:plc:ypbo2mq6dqcct43gt2sam6el/app.bsky.feed.post/3mloi24j2gy2y,bafyreifcdb57cv5ntjbkjgvurxxbg32kevyhvrm3x5xt2qojofrhz2oev4,ipolitics.bsky.social,iPolitics,Former minister says energy project review changes could cause further delays #cdnpoli #ipolitics,,,,0,0,0,0,2026-05-12T19:02:12Z,NA,NA,NA,,,,,
at://did:plc:e4qglzjpa4pcasim3rpqsicy/app.bsky.feed.post/3mlohza6a4c2l,bafyreia7coxsycgxnpslk5deub2qbqsenxi5ohjankpevbgv2mxoslynei,thesaanichdaily.bsky.social,Club Saanich,"Canadian pundits clinging to an undemocratic and wildly outdated system  ""but the Westminster Parliamentary system creates stable governments"".

#cdnpoli #ElectoralReform #ProportionalRepresentation",,,,0,0,4,0,2026-05-12T19:01:41Z,NA,NA,at://did:plc:fuak6asmyzr6r34f6er6z4ju/app.bsky.feed.post/3mlohij5zgk23,,,,,
at://did:plc:rgpo7lqq3gpbkutkmvagoy3m/app.bsky.feed.post/3mlohu4cfes2b,bafyreidj7q6hpl5xm44hqqm4hoabs7q6doirvsyseq7jwsvxhcnxdsa7jm,thaipham.bsky.social,Thái Phạm,"Privileges breed stupidity and cruelty. 
#cdnpoli
www.nationalobserver.com/2026/05/11/n...",,,,1,1,1,0,2026-05-12T18:58:52Z,NA,NA,NA,,,,,
at://did:plc:ypbo2mq6dqcct43gt2sam6el/app.bsky.feed.post/3mlohrwon5j2s,bafyreifa4irhylo7av6tgsztflbbpdc6ckhecpkurpvsokmzdswgjxd44e,ipolitics.bsky.social,iPolitics,Doug Ford says he won’t attack other bids in his push for Toronto as defence bank HQ #cdnpoli #ipolitics,,,,0,0,0,0,2026-05-12T18:57:37Z,NA,NA,NA,,,,,
at://did:plc:eaeuyrvdlqvjgznelgcdimct/app.bsky.feed.post/3mlohlwr2zc2r,bafyreighyszida4brqo7rpaoc5qr43cjgd7yyjfmwr5yz6suiapqfvribi,madhat59kenwood.bsky.social,Ken Wood part owner of 🇨🇦,Truth. #cdnpoli,,,,0,0,0,0,2026-05-12T18:54:16Z,at://did:plc:b3nlsopwvdn246ccpxctzsw4/app.bsky.feed.post/3mlobeswuv32w,at://did:plc:b3nlsopwvdn246ccpxctzsw4/app.bsky.feed.post/3mlobeswuv32w,NA,,,,,
at://did:plc:lin2g3h6fvle3fdrs5nqmkiy/app.bsky.feed.post/3mlohlqgdpk2q,bafyreihgo64qzctfvmgickmvn43yq2gnr6xjioyw6qop5p7ecpaoby7ylu,canadiancontent.bsky.social,Not That Kind Of Canadian,"Where was the oil and gas in this story?

Join the 65% of Canadians that support PM Carney.

#cdnpoli

cultmtl.com/2026/05/mark...",,,,1,0,2,0,2026-05-12T18:54:13Z,at://did:plc:g3l77ct2smwclw3rydhstmh5/app.bsky.feed.post/3mloh6gkqpc2r,at://did:plc:kx375dszrbvqtu7o4xxxmojn/app.bsky.feed.post/3mlocxwfhuc2o,NA,,,,,
at://did:plc:eaeuyrvdlqvjgznelgcdimct/app.bsky.feed.post/3mlohkxeglc2r,bafyreiamzokddo4wjtdggtjvhamv6c3w3324favkbkcnjbip5voum4v3ve,madhat59kenwood.bsky.social,Ken Wood part owner of 🇨🇦,I'm 100% Carney. But this is a LOW bar of challengers. LOL #cdnpoli,,,,0,0,1,0,2026-05-12T18:53:43Z,NA,NA,at://did:plc:2oxlnaoierkgu6jl645tg7va/app.bsky.feed.post/3mlob7cmfb22p,,,,,
at://did:plc:eaeuyrvdlqvjgznelgcdimct/app.bsky.feed.post/3mlogzqhljs2r,bafyreiednlpw3ien4pppwlocqov7m7nn5xq3idlimbqcqhyl46ff5z55qa,madhat59kenwood.bsky.social,Ken Wood part owner of 🇨🇦,A lot of disinformation. Not only by the usual tin foil conspiracy nut bags but also so called 'experts' who question those responsible for providing to us correct information. They use phrases like 'so far' 'Not yet' 'confusing to understand' 'we remember' etc. MSM not helping either #cdnpoli,,,,0,1,1,0,2026-05-12T18:44:05Z,NA,NA,at://did:plc:sx63pewpws4drhtd5ygj6irv/app.bsky.feed.post/3mloa4evj7s2v,,,,,
at://did:plc:ig6dnt4tqgg7iwwtywx3bkvd/app.bsky.feed.post/3mlogt57szs22,bafyreidtowb2nypr5ub37cnjaloav5ukfrthqz7spsn4ft24jxfomk5tn4,robduncan.bsky.social,Rob Duncan,"Clowns Against Child Poverty on the picket line with teachers.

#auspol #USPOL #USA #us #uspoli #poli #politics #cdnpoli #canada #SocialJustice #LongerTables #DemocraticSocialist #Ecosocialism #Socialist #socialism #LeftIsBest #ClassConsciousness #FalseConsciousness #abolishcapitalism #HumanRights",,,,0,4,9,0,2026-05-12T18:40:28Z,NA,NA,NA,,,,,
at://did:plc:eaeuyrvdlqvjgznelgcdimct/app.bsky.feed.post/3mlogs7of4s2r,bafyreiguf6lvfunxyftswiwogpu4li2mk2bhvo3bg3pi63zwkekjbi4gk4,madhat59kenwood.bsky.social,Ken Wood part owner of 🇨🇦,"We might also ask the Canadian franchise requester, its not USA on its own, why they can not read the room. This makes me even more pissed off. Its Canadian group bringing them in. #cdnpoli #uspoli",,,,0,0,2,0,2026-05-12T18:39:53Z,NA,NA,at://did:plc:6vc4txiv6ffawxp42toqcy34/app.bsky.feed.post/3mlod4dgqo222,,,,,
at://did:plc:eaeuyrvdlqvjgznelgcdimct/app.bsky.feed.post/3mlogkx46qc2r,bafyreieqdc3gyybqb7ojytpxtszysi3mbp4hnymvim4ysjj6uhqpzj4hqq,madhat59kenwood.bsky.social,Ken Wood part owner of 🇨🇦,Disgusting POS. That's what these asses are. No tolerance for them. #cdnpoli #uspoli,,,,0,0,4,0,2026-05-12T18:35:49Z,NA,NA,at://did:plc:d6wes5izgxd3i6t2xojhr6fi/app.bsky.feed.post/3mlodwltynk2q,,,,,
at://did:plc:eaeuyrvdlqvjgznelgcdimct/app.bsky.feed.post/3mlogi7iot22r,bafyreihtkr7sgza3zj7a6yvbzwrsjyw7eplkjfzxyv3q6gahamms6fde7m,madhat59kenwood.bsky.social,Ken Wood part owner of 🇨🇦,"20,000 OMG. Again the children! #cdnpoli",,,,0,0,0,0,2026-05-12T18:34:17Z,NA,NA,at://did:plc:4euncr44a5aflpbcbjhvjvdo/app.bsky.feed.post/3mllny73ajs2c,,,,,
at://did:plc:eaeuyrvdlqvjgznelgcdimct/app.bsky.feed.post/3mlogetvqyk2r,bafyreih3l4dozgg4dvg7kbr5dtnwu5fyiojmmsvluuqs2lvb65z2ccr7we,madhat59kenwood.bsky.social,Ken Wood part owner of 🇨🇦,I find it excellent and about time. Way to go Canada. #cdnpoli,,,,0,1,3,0,2026-05-12T18:32:24Z,NA,NA,at://did:plc:sszeuovmpxkdvuweagkd4quw/app.bsky.feed.post/3mlodfok6sc2h,,,,,
at://did:plc:ukmih2yfe2qfzn3zmycpbmzr/app.bsky.feed.post/3mlogdx45rs2p,bafyreigjvu3snuuwrcszr2bcp5nftcorap45icidrxmaly5jaqdhopy4qy,lobbymonitor.bsky.social,The Lobby Monitor,"Bélanger at ETHI: Lobbying Act doesn’t restrict reporting some RCMP investigations to Parliament
#lobbying #cdnpoli
lobbymonitor.ca/2026/05/12/n...",,,,0,0,0,1,2026-05-12T18:31:59Z,NA,NA,NA,,,,,
at://did:plc:ig6dnt4tqgg7iwwtywx3bkvd/app.bsky.feed.post/3mlogdqqzrs22,bafyreibkv2phxj6yhox3yi2ac44qmr5ep64rh5wscavjwwcxmsicqe2mie,robduncan.bsky.social,Rob Duncan,"""Regular and repeated lying is part of the process by which fascist politics destroys the information space."" - Jason Stanley

Trump and his people LIE ABOUT EVERYTHING. You can't believe anything they say.

#25thAmendment #TraitorTrump #USPOL #uspoli #poli #cdnpoli #auspol #DonaldTrump #antifa",,,,0,6,13,0,2026-05-12T18:31:49Z,NA,NA,NA,,,,,
at://did:plc:abt5tpb7lqr7vopkrkwfswwq/app.bsky.feed.post/3mlogdabztd27,bafyreifayp7zuohtk7vb6qszkl3ms7gcofwbfhioctcu75d5c45hfpc3vi,canadareport.org,Canada Report,"Treasuries Fall as Rising Oil Prices Herald Sticky Inflation

Canada’s fastest news scan: 25+ headlines, no clutter, updated all day: CanadaReport.org

#cdnpoli #Canada #News #Business #Economy 
Read Original Article 🔗",,,,0,0,0,0,2026-05-12T18:31:30Z,NA,NA,NA,,,,,
at://did:plc:glx2iftaxaiirglk3auu7htn/app.bsky.feed.post/3mlogbenzuc25,bafyreifajhdtorngs7cr2aq5yrs4jrvpazudfhrklegflbjxfard7qqtnq,audricmoses.bsky.social,Audric Moses 🇨🇦,"This is what Big Oil has always wanted, despite the lip service from Pathways: a license to pollute unchecked for free, and massive public subsidies to help them do it, because ""iT's iN tHe nAtiOnAL iNtErEsT"" 🙄. At least they're finally being honest about it.

You should read this.

#ableg #cdnpoli",,,,1,11,18,0,2026-05-12T18:30:29Z,NA,NA,at://did:plc:xpgujbkkrjevueb53vpgnetz/app.bsky.feed.post/3mlofm2jaes2s,,,,,
at://did:plc:k6a35s56ijvrb4zjkq4ojll5/app.bsky.feed.post/3mlogb4sotn26,bafyreif2in6e7i2bqtf7vcb2n4dfvim73do7qw6fyxbsrb2n62rn6uoooq,toptags.bsky.social,Trending Hashtags,"🔥 BlueSky trending hashtags (30m) #16-30:

#boobs #tittytuesday #pinks #tits #digitalart #illustration #djac #horny #sexy #btg #nature #cdnpoli #gamedev #ukraine #homeforwhovians

👇 #1-15 trending hashtags",,,,0,1,1,0,2026-05-12T18:30:19Z,NA,NA,at://did:plc:z22iojvb45xno3nblfy6fcwg/app.bsky.feed.post/3mlogb4kb4g2q,,,,,
at://did:plc:k6a35s56ijvrb4zjkq4ojll5/app.bsky.feed.post/3mlogb4h6cm2k,bafyreiaon2xyhxfcfq7vcnf5rfpd2hlmwylwvtxopq6dbntyprxujab5mi,toptags.bsky.social,Trending Hashtags,"🚀 BlueSky trending hashtags (15m) #16-30:

#ffxiv #gh #digitalart #wip #beyondthegates #horny #fanart #cdnpoli #nature #gamedev #traditionalart #birds #tittytuesday #nsfwsky #flowers

👇 #1-15 trending hashtags",,,,0,1,1,0,2026-05-12T18:30:19Z,NA,NA,at://did:plc:z22iojvb45xno3nblfy6fcwg/app.bsky.feed.post/3mlogb4e6jv2x,,,,,
at://did:plc:tlkakpjayncxubstzzd4dwdt/app.bsky.feed.post/3mloga4ybzk23,bafyreiezbidcce73zrw7wqrnzfcyfjqkknfr6i6jreuemwz3aun7zpnh5i,cyborgk9.bsky.social,Cyborg K9 🌹,"At least one Federal party leader has the right priorities. :P

#cdnpoli",,,,0,1,3,0,2026-05-12T18:29:46Z,NA,NA,at://did:plc:idsofvph6jyjtkumhhla6n5e/app.bsky.feed.post/3mlofijuxhk2y,,,,,
at://did:plc:wskoci62jctwhykhgmmd4qxu/app.bsky.feed.post/3mlog72hz4c2f,bafyreifu3suyl6na6aj3ed6xwz4men6p5jtiq54ddod5p3yylcvvtctkua,mikeszeller.bsky.social,Mike Szeller,"#Musictomyears #cdnpoli #US #alcohol #boycott

I do note that there drop in global sales is *primarily* due to Canadian boycotts. The rest of it is all the other markets (like the #EU) retaliating (formal/consumer) for the #Trump #Tariffs as well.

www.cbc.ca/news/canada/...",,,,0,0,1,0,2026-05-12T18:29:11Z,NA,NA,NA,,,,,
at://did:plc:in6t5b6l3wnfwkcuqji57ttg/app.bsky.feed.post/3mlog5hpvgk26,bafyreigxvgv6r435k2yoj4dcvoacnnxzocn2c2qr6ouzylww52ghhbnbzu,ccfr-ccdaf.bsky.social,Canadian Coalition for Firearm Rights,"GUN GRAB FAIL: While the Liberals ""Justice team"" wastes BILLIONS going after licensed hunters and trained sport shooters, repeat offenders with illegal guns recklessly shoot up neighbourhoods with impunity... 

In Scarborough, even McDonald's isn't safe. 🇨🇦  #cdnpoli",,,,1,0,1,0,2026-05-12T18:28:24Z,NA,NA,NA,,,,,
at://did:plc:jw3ocg24thye7i5sjjhia62e/app.bsky.feed.post/3mlog2hkqok2g,bafyreihfexzfov7ntxjug22ovsqiqoe7aszbdtanq3m55evm3zdwynl73q,markhamhislop.bsky.social,Markham Hislop,"Liar, Liar, The Oil Sands Pants Are on Fire

Flame away, oil bros, you know I'm right.
#ableg #abpoli #cdnpoli #oilsands
markhamhislop.substack.com/p/liar-liar-...",,,,1,24,40,2,2026-05-12T18:26:38Z,NA,NA,NA,,,,,
at://did:plc:eaeuyrvdlqvjgznelgcdimct/app.bsky.feed.post/3mlofwqre5k2r,bafyreifampkzpdewernneygpczfjfwewihvtfe5z43cwjntdt73shlzqqy,madhat59kenwood.bsky.social,Ken Wood part owner of 🇨🇦,yea I agree. Yet there it was on #GlobalBC & the Univ of Toronto prof gleefully saying we had slowed down & most likely come to the end (I paraphrase) Only 1.4% but the prof & story would have you believe there's a tide #cdnpoli,,,,0,0,0,0,2026-05-12T18:24:31Z,NA,NA,at://did:plc:3yevml7d42aqs4cca4ebxsq5/app.bsky.feed.post/3mlofswrq522n,,,,,
at://did:plc:ig6dnt4tqgg7iwwtywx3bkvd/app.bsky.feed.post/3mlofvsolkk22,bafyreidiv7ytlvc4p562itchcmynvcerdjgf73ccmbfnhri6esf23zylhe,robduncan.bsky.social,Rob Duncan,"RECONCILIATION MY ASS

#cdnpoli #canada #CanadaMidasMighty #bcpoli #abpoli #onpoli #topoli #cpc #canpoli #cdnmedia #alberta #lpc #ndp #gpc #cdnleft #youthvote #HumanRights #Ethics #Truth #Justice #SocialJustice #idlenomore",,,,0,1,4,1,2026-05-12T18:24:04Z,NA,NA,NA,,,,,
at://did:plc:re7tflvczjceanwkco2bseqb/app.bsky.feed.post/3mlofrhbxd22s,bafyreigevxqovk2nfuoknykhlmcv5xdj4g7kiiwar2smfevxwuy4f2wfby,bella-andme.bsky.social,Sherry Lee,"I’m not saying he’s wrong. 
But the cynic in me says “what’s in it for Doug?”
#onpoli #cdnpoli 

www.cbc.ca/news/canada/...",,,,0,0,1,0,2026-05-12T18:21:34Z,NA,NA,NA,,,,,
at://did:plc:xpgujbkkrjevueb53vpgnetz/app.bsky.feed.post/3mlofm2jaes2s,bafyreia4vq3z2uf6xpstsmusorqiympqwbxc624mb2zauuswh6h3rbelta,maxfawcett.bsky.social,Max Fawcett,Pissing away oil booms is practically a shared pastime in Alberta. But the cost of pissing this latest -- and last-- one away will be higher than all the other ones combined. #cdnpoli #abpoli www.nationalobserver.com/2026/05/12/o...,,,,14,84,225,8,2026-05-12T18:18:35Z,NA,NA,NA,,,,,
at://did:plc:pkysaub2s5bbnvszblg7o4js/app.bsky.feed.post/3mlofll7ji22i,bafyreibivob75dgarfbgoydwzxzy36dskxnooj7opwkxckeo4w6ktybzrq,gregmcleanyyc.bsky.social,Greg McLean,"1/2: I had the pleasure of speaking to the East Village Community Association annual general meeting. Thank you for the invitation, and congratulations to the new board members. 

#calgarycentre #yyc #cdnpoli #eastvillageyyc",,,,1,0,2,0,2026-05-12T18:18:18Z,NA,NA,NA,,,,,
at://did:plc:fuak6asmyzr6r34f6er6z4ju/app.bsky.feed.post/3mlofahxcbk23,bafyreic2ky7wmemunanim55d5or6svewqgfdphs3f2ldg4tfn55acifoci,jansplanet.bsky.social,Janet 🇨🇦,"My doctor uses #AI. I’ll have this convo with her.

“Despite Crawford’s pledge that the real-world system doesn’t fabricate information, Spence said she recently felt compelled to tell her doctor to double-check the notes provided by an AI scribe.”

#NoGasForAI #CdnPoli #WaterIsLife #OptOut #BadGov",,,,0,0,2,0,2026-05-12T18:12:06Z,at://did:plc:rtxihrl52fopssbfovo2oycu/app.bsky.feed.post/3mlodx7jp2226,at://did:plc:rtxihrl52fopssbfovo2oycu/app.bsky.feed.post/3mlodx7jp2226,NA,,,,,
at://did:plc:nztji73yts2f6uzgvczqitbg/app.bsky.feed.post/3mlof3er7tc2p,bafyreic4rj4of74cupzpit6hok7ovubygiiaap3fb5hermbdezeurwozdq,convivialblue.bsky.social,Convivial Blue 🇨🇦,"ici.radio-canada.ca/rci/en/news/...

US Democratic Sen. Elissa Slotkin playing good cop to Ambassador Pete Hoekstra's bad cop. 

Yeah, we know China's a fucking problem. #cdnPoli Our two Michaels told us. Maybe try and work that orange plank out of your eye before bitching about our speck.",,,,0,0,1,0,2026-05-12T18:09:14Z,NA,NA,NA,,,,,
at://did:plc:frwecggow7f5ertmucxfcxqq/app.bsky.feed.post/3mloeyzgo522v,bafyreidwn3norus6xxrgt24xp3sob6nbd76exprp2vvyx4osmirnqwqjeu,jrmccranker.bsky.social,Jason McCrank,"These stupid racist trash bags think that a family of four from Lebanon come to Canada or the US with the intention of bringing the conflicts and violence with them. It's just bizarre, specious reasoning and deeply racist. #uspoli #cdnpoli",,,,0,1,3,0,2026-05-12T18:07:54Z,NA,NA,at://did:plc:4llrhdclvdlmmynkwsmg5tdc/app.bsky.feed.post/3mlo3a32oq326,,,,,
at://did:plc:mv6loxcddhj3i6pzfvzicc36/app.bsky.feed.post/3mloev7hkps2f,bafyreihpnyjhci2ems7mdd34witipmcqd4ykqerdgoz2xfjdl2ty6vgy6u,dennisjkoch.bsky.social,"Dennis ""dejay"" Koch"," Arlene Dickinson BLASTS Danielle Smith For Aligning With Alberta Separatists | Elections Data Breach

Women In Canadian Politics

#abpoli #ableg #cdnpoli #YEG #YYC #Alberta #DanielleSmith

youtu.be/ruLi0aCp6-A",,,,3,12,23,0,2026-05-12T18:05:47Z,NA,NA,NA,,,,,
at://did:plc:oqrlb6ouek7aa3bthvddehv3/app.bsky.feed.post/3mloetmlnx224,bafyreielrnzq42zwspeg2r6kgj5lf7i3e3vbwdrpizmiusd6njv5mpf6si,caff3.bsky.social,,"🍁Albertans not being informed about changes to law allowing 🧙‍♀️Smith to abuse the office of Premier.

Media fail.  #cdnpoli
Witches Law.",,,,0,4,2,0,2026-05-12T18:04:51Z,NA,NA,NA,,,,,
at://did:plc:3xew4hczefc7m4dauvg7hlxm/app.bsky.feed.post/3mloequ244k2y,bafyreif6c5gjjzqrmu5ihbm3pgdekf6lqnscta7q347d6h44eysb65f5f4,lancetay.bsky.social,Lance Taylor (VA6LAT) 🇨🇦,"#Albertastan #Alberta #YEG #YYC #Canada
#abpoli #cdnpoli",,,,0,4,11,0,2026-05-12T18:03:20Z,NA,NA,at://did:plc:lanvmgthztbuwa3ieqcrzsys/app.bsky.feed.post/3mloeioc3vc2w,,,,,
at://did:plc:abt5tpb7lqr7vopkrkwfswwq/app.bsky.feed.post/3mloenmui6z2t,bafyreie3m7x2wifnfimj7cwnyzhftg266x45kr3433gso7o3p44tnhdqy4,canadareport.org,Canada Report,"OpenAI violated Canadian privacy laws, federal and provincial watchdogs say

Canada’s fastest news scan: 25+ headlines, no clutter, updated all day: CanadaReport.org

#cdnpoli #Canada #News #Tech #AI 
Read Original Article 🔗",,,,0,0,1,0,2026-05-12T18:01:31Z,NA,NA,NA,,,,,
at://did:plc:xvhfw6ch4oy4yez2kbu5wrhl/app.bsky.feed.post/3mloenme7bc2x,bafyreigcvfrrixlgw6udox62ziel3gyfmqpzi47ihyhij3bx4mcvnvnkfq,linzi-the-artist.bsky.social,Lindsay Brambles🇨🇦,"Canadians & Canadian institutions can't allow the agenda of a foreign power dictate the parameters of our sovereignty.  #cdnpoli #Canada #healthcare #Trump #UnitedStates

www.cbc.ca/news/canada/...",,,,1,1,4,1,2026-05-12T18:01:33Z,NA,NA,NA,,,,,
at://did:plc:lanvmgthztbuwa3ieqcrzsys/app.bsky.feed.post/3mloeioc3vc2w,bafyreih6yhtmbbyevd677ttvjuomv56jxefzntovhj2qwtl2lg7dpl35oi,hab3261.bsky.social,Hazel B. 🇨🇦,"David Parker is refusing to cooperate with investigators. Albertans deserve answers, accountability, and a full public inquiry.  #DanielleSmith is not leading so she is complicit. #ableg #abpoli #cdnpoli",,,,3,15,31,2,2026-05-12T17:58:50Z,NA,NA,NA,,,,,
at://did:plc:xpgujbkkrjevueb53vpgnetz/app.bsky.feed.post/3mloe6umoms22,bafyreia5z3q4mqozwdw7ao7cs6ri7bluzwmcptjsrbjseuz7kmewn3kpiq,maxfawcett.bsky.social,Max Fawcett,"Postmedia is still publishing columns from the food dude that make flagrant, demonstrably false claims about the industrial carbon tax and its impact. 

He's welcome to his own opinion, of course. But not his own facts. #cdnpoli",,,,5,17,80,0,2026-05-12T17:53:18Z,NA,NA,NA,,,,,
at://did:plc:4yf6v7x76bn33ngq63bfzxq3/app.bsky.feed.post/3mlodpmng5k2o,bafyreigs7v3tfmssvjqqsd7zzxinabhdchsc46mouahg5a3epsjzskdovq,nigelswedenborg.bsky.social,Nigel Swedenborg 🍁🌻,"The CBC is polishing this schmuck's reputation, and they want us to forget that Jason Kenney brought us the separatist UCP in the first place.🤨 #abpoli #cdnpoli #CdnMediaFailed www.cbc.ca/news/canada/...",,,,4,8,14,0,2026-05-12T17:44:47Z,NA,NA,NA,,,,,
at://did:plc:c7ocgtuam5t56eb72y7d4hnu/app.bsky.feed.post/3mlodp432hs2y,bafyreia3k6i6wajshfboohejnri6jqrrviwmtppdm4ytgsitdrrg4x757u,pawbaby2.bsky.social,Marie 🇨🇦 🐸,"🇨🇦🇺🇦 Ukraine refined the most battle-tested drone tech on earth. Canada is getting in on it.  PM Carney’s government is closing a drone deal with Ukraine. Canada is arming democracy and building our defence industry at the same time. 

#cdnpoli #Ukraine
#USDemocracy
#Pinks

apple.news/A4r1XJCXqT4-...",,,,11,85,174,3,2026-05-12T17:44:29Z,NA,NA,NA,,,,,
at://did:plc:7clspctikalivcrzqthdk3pp/app.bsky.feed.post/3mlodmgnsm22k,bafyreiamhxddcpckek7pk4n7dxs67rq3dswn2ejc7ppddtb32bs6ntvmla,sammyhamburger.bsky.social,Sammy Hamburger 🇨🇦,#abpoli #cdnpoli,,,,0,0,0,0,2026-05-12T17:42:58Z,at://did:plc:oqxoq7btbkztewuzmallzuvo/app.bsky.feed.post/3mlnyubl55c2m,at://did:plc:oqxoq7btbkztewuzmallzuvo/app.bsky.feed.post/3mlnyubl55c2m,NA,,,,,
at://did:plc:ypbo2mq6dqcct43gt2sam6el/app.bsky.feed.post/3mlodjbmlwy27,bafyreidxmjxobws7nnhnkdjl34hj755d334ylqntxrsikphykkqjrmlnxi,ipolitics.bsky.social,iPolitics,Liberal MP Erskine-Smith challenges provincial nomination loss #cdnpoli #ipolitics,,,,0,0,0,0,2026-05-12T17:41:12Z,NA,NA,NA,,,,,
at://did:plc:nztji73yts2f6uzgvczqitbg/app.bsky.feed.post/3mloddqwovs2p,bafyreibucforfppc54dbuyt3qwqf5q2mz2jwzzd4tqyakhwuicnkcnqvmm,convivialblue.bsky.social,Convivial Blue 🇨🇦,"www.policyalternatives.ca/news-researc...

#Ontario  healthcare costs rising from #DougFord 's back-door, two-tier American-style healthcare. 

Tommy Douglas showed us the way. Be like Tommy, Doug, not Trump. #cdnPoli",,,,1,1,2,0,2026-05-12T17:38:08Z,NA,NA,NA,,,,,
at://did:plc:mv6loxcddhj3i6pzfvzicc36/app.bsky.feed.post/3mlodcoysuc2f,bafyreiebga4n6hpw7npmned6k7ublau2wbb72ij3kmcs4zprgvdhce7d6q,dennisjkoch.bsky.social,"Dennis ""dejay"" Koch","Speed is believed to have been a factor in a crash that left a motorcycle dangling from a traffic light in Metro Vancouver

#Canada #cdnpoli #USA #uspoli #news

youtu.be/Tn_2qH5y3b4",,,,0,0,0,0,2026-05-12T17:37:32Z,NA,NA,NA,,,,,
at://did:plc:pedpziwws5vkocuq76mokn7c/app.bsky.feed.post/3mloczdo4ck2n,bafyreifdisyps2tt6msy4galqfl67g3oubyq6uw56m566kj232swtbidey,deepgreendesign.bsky.social,Deep Green Design,"How SCOTUS is Erasing Black Voters 

podcasts.apple.com/ca/podcast/a...

#Racism #CdnPoli #VoteBlue",,,,0,2,1,0,2026-05-12T17:32:20Z,NA,NA,NA,,,,,
at://did:plc:abt5tpb7lqr7vopkrkwfswwq/app.bsky.feed.post/3mlocxsbmgp27,bafyreibsg2l4lrino6ne4gci2gex2iqkw2fblz6sduqng2csnek3cao3du,canadareport.org,Canada Report,"Kazakh CPC Oil Exports to Drop as Europe Faces Tight Supplies

Canada’s fastest news scan: 25+ headlines, no clutter, updated all day: CanadaReport.org

#cdnpoli #Canada #News #Business #Economy 
Read Original Article 🔗",,,,0,0,0,0,2026-05-12T17:31:25Z,NA,NA,NA,,,,,
at://did:plc:ma5n7cq5oubn424zpxipovbg/app.bsky.feed.post/3mloctsbvn22t,bafyreie3wp5u6q7ytv4yw5hzhjp3luczcvvm4kj6opt7gyjqd2ywqkrezm,marushka-t.bsky.social,Marushka-T,"More cuts by the feds that don't make sense.

#cdnpoli #canadasky #AgCanada",,,,0,0,2,0,2026-05-12T17:29:35Z,NA,NA,at://did:plc:3ckyrkyjlpj572zxqruf4dt4/app.bsky.feed.post/3mlnqkn3cck25,,,,,
at://did:plc:ypbo2mq6dqcct43gt2sam6el/app.bsky.feed.post/3mlocscmwhz2q,bafyreie5cq7qc6bn2bs65esmm5rhesvyuxswvsfub3hjbwlukcx4aotffy,ipolitics.bsky.social,iPolitics,Nate-Erskine Smith decides to challenge nomination results in Scarborough Southwest #cdnpoli #ipolitics,,,,0,1,1,1,2026-05-12T17:28:21Z,NA,NA,NA,,,,,
at://did:plc:bbnve3u34qpmusulfzkei3p2/app.bsky.feed.post/3mloclll42k2h,bafyreib726w76rul43k533t5jh3trvvmvjmx6bpilibu2bvbvnk5yqothe,fluxliner.bsky.social,Flux Liner,"Somebody(s) NEED to Go to PRISON.
#Alberta #Canada #cdnpoli",,,,0,2,5,0,2026-05-12T17:24:35Z,at://did:plc:kt6t5jwy3zsvcerhus6pwjlz/app.bsky.feed.post/3mlmqkwu6f22x,at://did:plc:kt6t5jwy3zsvcerhus6pwjlz/app.bsky.feed.post/3mlmqkwu6f22x,NA,,,,,
at://did:plc:mv6loxcddhj3i6pzfvzicc36/app.bsky.feed.post/3mlockvc7kk2f,bafyreiaq2nhvbudxw6tpeh2p7mywtnkqhwphbhk2ha2o37ap4k5udvcho4,dennisjkoch.bsky.social,"Dennis ""dejay"" Koch","The Boycott Number America Got Wrong Is 42 Percent And Its Not Just About Snowbirds

Guard The Leaf

The part of this conversation worth paying the most attention to is the long term outlook.

#USA #Trump #uspoli #Canada #cdnpoli

youtu.be/MDUPcTtfaDY",,,,0,0,2,0,2026-05-12T17:24:14Z,NA,NA,NA,,,,,
at://did:plc:mv6loxcddhj3i6pzfvzicc36/app.bsky.feed.post/3mloceyvlk22f,bafyreifefcv4zlgs23be5rajivyzfed4tle4gdexfzaqew2t7h7px54nbq,dennisjkoch.bsky.social,"Dennis ""dejay"" Koch","Canadians Did This Without Being Told And Now The US Is Calling It Catastrophic

Guard The Leaf

I will say what I believe. Canada still holds all the power here. You do not backstab a friend and expect that friend to keep showing up.

#USA #Trump[ #uspoli #Canada #cdnpoli

youtu.be/jBd_t-bwfN8",,,,0,0,0,0,2026-05-12T17:20:56Z,NA,NA,NA,,,,,
at://did:plc:643nfj64adt3sd6lil4l4eqt/app.bsky.feed.post/3mlocebc7o22i,bafyreieo55nqbzag2rqtmhbq2yzn6l5gytwoqxkzz54gdajnchczp345dm,deanbeeby.bsky.social,Dean Beeby,"A helpful access-to-info response from Canada's premier eavesdropping agency, CSEC. #cdnfoi #cdnpoli #csec",,,,1,2,3,0,2026-05-12T17:20:58Z,NA,NA,NA,,,,,
at://did:plc:ykvfxsnswr6rcwdbwocwqajt/app.bsky.feed.post/3mlocccgyc22e,bafyreiaw46iv4nkalgldapqiqoetry35scea7idbrvcapsp6oktcskxojm,anniegirl.bsky.social,Ann Petersen-Kane,Separatists in #abpoli have been engaging in performative shit with the census but probably after someone else in their household went online to complete it. #ableg #cdnpoli,,,,0,4,9,0,2026-05-12T17:19:23Z,NA,NA,at://did:plc:a2da5ecx3bhvfbpzix6zhyfp/app.bsky.feed.post/3mlmqshqxzk22,,,,,
at://did:plc:3b54l7wmd3xnqdyv6gfr5rwj/app.bsky.feed.post/3mlocbvwgvs2f,bafyreihdlsploxxmogbm7rga4fikufywnqe3cw3iywjanmweg3yua4cqdm,lenispooner.bsky.social,Leni Spooner,"Canada is pitching stability to the world while two provinces vote on leaving it. Alberta and Quebec separatists have already met. Foreign governments are involved. And October is just the flashpoint. #cdnpoli

open.substack.com/pub/lenispoo...",,,,1,2,1,0,2026-05-12T17:19:12Z,NA,NA,NA,,,,,
at://did:plc:scxgmlojbo6iidl3enwcn2ac/app.bsky.feed.post/3mloc7kvazc27,bafyreiblmm4bnborpawjnsx4v45jlj2qdfv2virvevkxkusxjohisxhu5i,hublai.bsky.social,Hublai (charismatic megafauna),"#TOpoli #TorontoCouncil #ONleg #ONpoli #cdnpoli PLEASE heed this petition to #BanBenShapiro and put non evangelical non Zionist officers & firefighters only on patrol if any event occurs #2026may17. 

It is a grave #ZionistFalseFlag risk esp given Loomer ""warning"".

actionnetwork.org/letters/canc...",,,,0,1,4,0,2026-05-12T17:17:56Z,NA,NA,NA,,,,,
at://did:plc:ykvfxsnswr6rcwdbwocwqajt/app.bsky.feed.post/3mloc3p3zas2e,bafyreidlj2k2qtwkxppby3y2gw3k6ylv4qc3rwjhun6yik3haqaxrzvmx4,anniegirl.bsky.social,Ann Petersen-Kane,"Dan Williams is a christo-facsist. #ableg #abpoli #cdnpoli 

Undermining public trust in public libraries is the real aim of Dan Williams’ Bill 28
open.substack.com/pub/davebert...",,,,2,20,33,0,2026-05-12T17:15:44Z,NA,NA,NA,,,,,
at://did:plc:fuak6asmyzr6r34f6er6z4ju/app.bsky.feed.post/3mlobyozdm223,bafyreih7yiql2aarmwo4s23mxcipu4hiy24bfhwh367xv4bbkry3ltph44,jansplanet.bsky.social,Janet 🇨🇦,"Excellent & enraging 👏✊🇨🇦

“The Spring Economic Update is built on the premise that universality is #inclusion. It isn’t.”

#WAGE #Equity #CdnPoli #StopCarneysCuts",,,,0,0,2,0,2026-05-12T17:14:05Z,NA,NA,at://did:plc:k2eo47t757vmrl52hh7i6sbx/app.bsky.feed.post/3mloa464c2c2a,,,,,
at://did:plc:mxa7pxqxg46a2sq73zjijhk3/app.bsky.feed.post/3mlobxhbbkc2n,bafyreibfywrn65b7l7ghqnabiarqrao6bswnw2ik6z53sikvdmzowebe4m,dianagibson.bsky.social,Diana Gibson,"Premier Eby talks all things #tech at #websummit A partner at the table with @inbcinvestment.bsky.social  @innovatebc.bsky.social with Integrated Marketplace, the new Strategic Investment Fund,  sovereign digital infrastructure and balancing responsible #AI innovation with safety #bcpoli #cdnpoli",,,,0,1,3,0,2026-05-12T17:13:37Z,NA,NA,NA,,,,,
at://did:plc:abt5tpb7lqr7vopkrkwfswwq/app.bsky.feed.post/3mlobc7r4mq2b,bafyreiekiulqg5zhda2z2sebyhd63peybtqczyfzlwanikbh7apdnq4gsa,canadareport.org,Canada Report,"First Canada, then the world: nation’s rocket builders see a bigger opening in space

Canada’s fastest news scan: 25+ headlines, no clutter, updated all day: CanadaReport.org

#cdnpoli #Canada #News #Tech #AI 
Read Original Article 🔗",,,,0,1,1,0,2026-05-12T17:01:28Z,NA,NA,NA,,,,,
at://did:plc:ifi6xqgbojwquosnkvzx3gna/app.bsky.feed.post/3mlob5a4rbk2x,bafyreihjbvubzwz55aghdt2ptqjx4ejknivbdp3om5cpxxl2jflurw3qiu,leftcoasttreefrog.bsky.social,Left Coast Tree Frog 🕊️,"Israel kills, injures average of 4 children daily amid Lebanon ‘ceasefire.’
The statistics shared by Save the Children refer to the first 25 days of the truce that came into effect on April 16.
#cdnpoli
www.aljazeera.com/news/2026/5/...",,,,0,2,2,0,2026-05-12T16:58:41Z,NA,NA,NA,,,,,
at://did:plc:6ajcww7vqdopg3xvcafh42od/app.bsky.feed.post/3mlob2wfwu22u,bafyreihajnigf6yod2q7ntjhfe5yuofvmyl54qb24kclr7b2ka2mir6jk4,alonghurst.bsky.social,Andrew Longhurst 🇨🇦 🍉,"""60 per cent of the AI Scribe systems captured a different drug than what was prescribed by the doctor""

Provinces need to regulate the use of AI tools in health care. These are extremely disturbing findings — with potentially very dangerous implications for patient safety

#onpoli #cdnpoli",,,,1,12,16,0,2026-05-12T16:57:23Z,NA,NA,at://did:plc:dmb64b62eb77vvvg2itoajb4/app.bsky.feed.post/3mlo5ykjp7k24,,,,,
at://did:plc:2utsyuufaetvgcyein4w276f/app.bsky.feed.post/3mloaum4w522k,bafyreignuexvmguayg55ahxpoohaecg5ujmrl35xobw5j3e4akhnuab3p4,jemphatically.bsky.social,JEmphatically,"The companies pushing generative AI's are partnering with fossil fuels and it's a disaster for water, land and public health unless people take a stand. Here's why:

www.theenergymix.com/dirty-data-c...

#AIdatacentres #AIDataCenters #technology #ableg #cdnpoli #sustainability #AIhyperscalers",,,,0,0,0,0,2026-05-12T16:53:53Z,at://did:plc:2utsyuufaetvgcyein4w276f/app.bsky.feed.post/3mloaulbha22k,at://did:plc:2utsyuufaetvgcyein4w276f/app.bsky.feed.post/3mloauk62g22k,NA,,,,,
at://did:plc:xvhfw6ch4oy4yez2kbu5wrhl/app.bsky.feed.post/3mloao76rrs23,bafyreia67vb6puzou6wrhupth5vgy5krumlqby7ve7k455bkz2h5dwtupu,linzi-the-artist.bsky.social,Lindsay Brambles🇨🇦,"The experts, pundits, & economists (not to mention US business people) said the boycott would never last, that it would peter out in a matter of weeks or months. Keep boycotting, #Canada! #cdnpoli

BREAKING: Canada’s Quiet Boycott Is Crippling American Industries
open.substack.com/pub/deanblun...",,,,0,0,5,1,2026-05-12T16:50:18Z,NA,NA,NA,,,,,
at://did:plc:eoouaeqa2taou3aqacpjuaq4/app.bsky.feed.post/3mloamjtzl22r,bafyreibcp7fnbrhekuuekjmx5ilpqcokvn62lmq5ezztckyxfhz3vnaxam,alexgoatcher.bsky.social,Alex Goatcher,"I am reading a book about SW Saskatchewan, this research farm has existed since the 1880s & Carney has killed it off with cutbacks. Some of the biggest research Canada has done in farming has happened there. With climate change, reseach stations like this are needed badly. #cdnpoli",,,,0,2,2,0,2026-05-12T16:49:20Z,NA,NA,at://did:plc:7yngo6c26xfsghhesctwsww3/app.bsky.feed.post/3mhdop3foxk2x,,,,,
at://did:plc:ifi6xqgbojwquosnkvzx3gna/app.bsky.feed.post/3mloalxddqs2x,bafyreici6grobw7uuvp5ih5rpoucl7626p3z2v3isjdj3nm3jfi6l3acp4,leftcoasttreefrog.bsky.social,Left Coast Tree Frog 🕊️,"Zelenskyy says Ukraine has a ‘drone deal’ with Canada in the works.
#cdnpoli
www.winnipegfreepress.com/business/202...",,,,0,1,6,0,2026-05-12T16:49:01Z,NA,NA,NA,,,,,
at://did:plc:zftffti3hfudvdawqv53arqn/app.bsky.feed.post/3mloaew7x3d24,bafyreifjhvfgrewapaaxpu7tefdwbltqhajhrg4f62kkbhbe2psfl7ffem,runchinguyenrun.bsky.social,Chi Nguyen,"Last week, Spadina—Harbourfront welcomed Minister Champagne and German Minister of Finance and Vice-Chancellor Lars Klingbeil for a roundtable on global finance with industry leaders in our community.

We even got in a walk on our waterfront!

#cdnpoli #MPChiNguyen #SpadinaHarbourfront",,,,1,0,0,0,2026-05-12T16:45:04Z,NA,NA,NA,,,,,
at://did:plc:asoznhbjzx27cxeqfb3y7x34/app.bsky.feed.post/3mloacgsmp22o,bafyreiaz5yc7ugzy7phevz7whaxacxzpwmwznnxb3hrshrht5irmpmyniy,shakespearesgal.bsky.social,Canadian Loyalist 🇨🇦,"It’s called free will … 

Vive le Canada! 🇨🇦 

#cdnpoli",,,,3,3,8,0,2026-05-12T16:43:42Z,NA,NA,NA,,,,,
at://did:plc:2yqpfmj6fkai4n722ve5lmpy/app.bsky.feed.post/3mloa73xvbs2m,bafyreibk56wqbypphnhl2l7235lwomf5s5jygz4yhlraaovn54dtbwpclm,paulorlowski.bsky.social,Paul Orlowski,"Separatist leader accused of misusing Alberta electors list refuses to co-operate - The Globe and Mail

So arrest the guy until he complies with the investigation into the crime.

#Abpoli #Cdnpoli 🇨🇦",,,,0,0,6,0,2026-05-12T16:41:49Z,NA,NA,NA,,,,,
at://did:plc:glx2iftaxaiirglk3auu7htn/app.bsky.feed.post/3mloa5qvsnk2b,bafyreic2x7a2rgd2o37gg5jzc6nnuhxmsromdjrur7jy2gz7odalo3kzoy,audricmoses.bsky.social,Audric Moses 🇨🇦,"There's a great picture of Parker in this piece 😂.

unblocked: archive.ph/5wZ8o

#ableg #cdnpoli",,,,1,5,13,0,2026-05-12T16:41:06Z,NA,NA,NA,,,,,
at://did:plc:qyxbqfambstrsawtfofn3p5h/app.bsky.feed.post/3mlo7vwouxs2f,bafyreibdkjrnnz6nvbj6iq4jiagcos7njsd55bkqot2hawwdlprwh6rtfm,just-call-me-boo.bsky.social,Boo 🇨🇦,#NeverPoilievre #PierrePoilievre #WomenAgainstPoilievre #Cdnpoli #CPC #IDU #Canada,,,,1,3,6,0,2026-05-12T16:36:41Z,NA,NA,at://did:plc:6hnkpvshsxjgot5figjyardd/app.bsky.feed.post/3mlo3b5nw2c2g,,,,,
at://did:plc:eaeuyrvdlqvjgznelgcdimct/app.bsky.feed.post/3mlo7qzq4hc2r,bafyreib2rl3o2hhaozuy6r6lzdlm54yms6bcshi3epccnmx6hguwkom2su,madhat59kenwood.bsky.social,Ken Wood part owner of 🇨🇦,🤦 OMG they just keep popping up. #bcpoli #cdnpoli,,,,0,0,0,0,2026-05-12T16:33:57Z,NA,NA,at://did:plc:tm7uvmb263f5xymsvximzn4g/app.bsky.feed.post/3mlo6kqjeak2g,,,,,
at://did:plc:abt5tpb7lqr7vopkrkwfswwq/app.bsky.feed.post/3mlo7my5ghr2b,bafyreihs436r5sjtyvponrmfdgrlgnjbnm4ayzcbkftvwwmfg44625plae,canadareport.org,Canada Report,"Introba Appoints Ziad Hanna President

Canada’s fastest news scan: 25+ headlines, no clutter, updated all day: CanadaReport.org

#cdnpoli #Canada #News #Business #Economy 
Read Original Article 🔗",,,,0,0,0,0,2026-05-12T16:31:41Z,NA,NA,NA,,,,,
at://did:plc:eaeuyrvdlqvjgznelgcdimct/app.bsky.feed.post/3mlo7jykies2r,bafyreidgmirm4fh6sxvwrc64buwp3fl7i5wyflngfe3ilgg7zra74hb3fe,madhat59kenwood.bsky.social,Ken Wood part owner of 🇨🇦,Theyre litterly Timmy's. If you ever been in one you know. So why would 🇨🇦's want to go to a poor imitation of Tim's? #cdnpoli #uspoli,,,,0,0,1,0,2026-05-12T16:30:01Z,NA,NA,at://did:plc:tfandecsxuyivl652mn2zdpj/app.bsky.feed.post/3mlo6w5uz2k2g,,,,,
at://did:plc:iyyzcuc24pgchmsbjnsa3wu3/app.bsky.feed.post/3mlo7djkas22y,bafyreiegz3h5wqmp764dm6yxtwnfwpvlrmpc2wectchqgay3piqs54zf4y,torontokate.bsky.social,🎶 I Will Choose Freewill 🇨🇦,"Maybe this is why someone would create an AI doctor

Stealing scripts from real doctor, and making money from it

Shame on them. I usually skip the videos when they have that noticeable AI voice. But now I know the reason they exist & can boycott the lazy opportunists altogether #cdnpoli #canadasky",,,,0,0,1,0,2026-05-12T16:26:26Z,NA,NA,NA,,,,,
at://did:plc:yiykf4gzuc7ofsnvmdmee5kz/app.bsky.feed.post/3mlo6wdmpxk2j,bafyreigu5pjbln4dseuosruzfb6kgzjfis2ofihkrdjboc5fegrzby3g6e,hope50.bsky.social,,"His ""wife""  has been pretty quiet lately - too busy living alone in Montreal writing her propaganda book? #cdnpoli #abpoli",,,,1,0,6,0,2026-05-12T16:19:07Z,at://did:plc:6hnkpvshsxjgot5figjyardd/app.bsky.feed.post/3mlo3b5nw2c2g,at://did:plc:6hnkpvshsxjgot5figjyardd/app.bsky.feed.post/3mlo3b5nw2c2g,NA,,,,,
at://did:plc:in6t5b6l3wnfwkcuqji57ttg/app.bsky.feed.post/3mlo6qlhwms2p,bafyreiazl3zxbpk7cvwjpcirsgz4smoffhuiqq74hjb6ktltnpka3exfk4,ccfr-ccdaf.bsky.social,Canadian Coalition for Firearm Rights,"FEDS ADMIT 'NO DATA' TO SUPPORT GUN GRAB

The Canadian Taxpayers Federation asked for “all analysis from the department on the efficacy of the ASFCP and its effect on crime rates/public safety.”

Public Safety Canada's response?

“No information related to your request exists” #cdnpoli",,,,1,0,1,0,2026-05-12T16:15:54Z,NA,NA,NA,,,,,
at://did:plc:uxj5ihyuzrgxmuvjeanl57ys/app.bsky.feed.post/3mlo6kwubmfq2,bafyreic4malkztlsp3fmai65hmvy2hcrvka55mhkywoz42kjscpkylnna4,chris.mstdn.chrisalemany.ca.ap.brid.gy,Chris Alemany🇺🇦🇨🇦🇪🇸,"Wow, this chart is wild!! Also, UK Ministers are dropping like flies, which means Starmer is going to be gone soon.

https://www.bbc.com/news/live/c1e2n923v1lt

What is it that people say about Proportional Representation creating unstable governments? […] 

[Original post on mstdn.chrisalemany.ca]",,,,1,0,0,0,2026-05-12T16:12:43Z,NA,NA,NA,,,,,
at://did:plc:re7tflvczjceanwkco2bseqb/app.bsky.feed.post/3mlo6ehntlc27,bafyreiet6zcrxo7jc4576y7n7pj4jejwjfiqr3ho22r3ipskooojusspoy,bella-andme.bsky.social,Sherry Lee,"With thanks to Shannon Phillips.
#abpoli #cdnpoli",,,,0,2,4,0,2026-05-12T16:09:03Z,NA,NA,at://did:plc:73ijdeo7zkzanbaac5xuncpc/app.bsky.feed.post/3mlo2cfrowk2g,,,,,
at://did:plc:h2spa3l463coxycuy6iiov2l/app.bsky.feed.post/3mlo6cl4nds2u,bafyreidgxcqfmuygfjcahzanubzke5bhewjketzycj65gdkqpljj26fhzu,shewandersferal.bsky.social,Allison Moon 🌙  🍁,"#ThrowTheBook at these motherfuckers…

🍁 #CANpoli 🍁 #CDNpoli 🍁 
 #CanadaSky 🌌 #OilBerta

#sedition
#Electors’List #Malfeasance",,,,1,3,4,0,2026-05-12T16:08:01Z,NA,NA,NA,,,,,
at://did:plc:j4rrqqwlgedatyuhbcposqz2/app.bsky.feed.post/3mlo67oqau22q,bafyreihpuhlpecqmhizpjhj7ororkxc32zubzeucbd4a35eopnxwndivou,danonthelam.bsky.social,Dan Johnson,"Maybe ask this guy? 

#ableg #abpoli #cdnpoli #corruptcare #corruptUCP",,,,0,4,9,1,2026-05-12T16:06:24Z,NA,NA,NA,,,,,
at://did:plc:nbo7sbdaqftjent7gndejypz/app.bsky.feed.post/3mlo63hnvgc2h,bafyreigxigvw5kxzg4nle7oq33qmydkrf3ydywuwrkuhn6gy6aaz6fhgqe,lauraba.bsky.social,Laura,"Utah: 9 gigawatts, coal power, heat of 23 atom bombs daily, catastrophic wildlife impact. 
VS. 
BC: 98% renewable, waste heat warms homes, Canadian data stays home. This is why it matters who builds them and how.
#cdnpoli",,,,0,3,4,0,2026-05-12T16:04:03Z,NA,NA,NA,,,,,
at://did:plc:ypbo2mq6dqcct43gt2sam6el/app.bsky.feed.post/3mlo5z4fz2b2o,bafyreiexaysbm3c4f7uiu2hrpdk3adv2bb3pzt3v6s5ea372lvhwsnokxe,ipolitics.bsky.social,iPolitics,Government rolls out $66 million for projects selected under AI fund #cdnpoli #ipolitics,,,,0,0,0,0,2026-05-12T16:02:40Z,NA,NA,NA,,,,,
at://did:plc:ypbo2mq6dqcct43gt2sam6el/app.bsky.feed.post/3mlo5z2eehj2o,bafyreif5nbezglzautumiyxoqlabl2we2klr7antscdyrwublalgsn53ce,ipolitics.bsky.social,iPolitics,Protecting Victims Act now awaits third reading in the House of Commons #cdnpoli #ipolitics,,,,0,0,1,0,2026-05-12T16:02:39Z,NA,NA,NA,,,,,
at://did:plc:abt5tpb7lqr7vopkrkwfswwq/app.bsky.feed.post/3mlo5xawht52p,bafyreie3jd6tzu3yb5tvifrwspq3p32uts5gwru3r7szuelm4fqzopt5si,canadareport.org,Canada Report,"Are you tokenmaxxing? Tell us

Canada’s fastest news scan: 25+ headlines, no clutter, updated all day: CanadaReport.org

#cdnpoli #Canada #News #Tech #AI 
Read Original Article 🔗",,,,0,0,0,0,2026-05-12T16:01:38Z,NA,NA,NA,,,,,
at://did:plc:eaeuyrvdlqvjgznelgcdimct/app.bsky.feed.post/3mlo5vv44m22b,bafyreibhokqihzgzk5v6dua6yplsjtg6g3fscfjpn4kjmapitgfwhutkmi,madhat59kenwood.bsky.social,Ken Wood part owner of 🇨🇦,"He also said his group was the, paraphrase 'the sipping party' only. Yea sure Kentucky/Tennesse are solid flashing red states. We know who they did & would vote again. #boycottusa #cdnpoli #uspoli",,,,0,0,2,0,2026-05-12T16:00:52Z,at://did:plc:cp4y7ilqrd35tyisti3y5o2u/app.bsky.feed.post/3mlo3rjf4xs2e,at://did:plc:cp4y7ilqrd35tyisti3y5o2u/app.bsky.feed.post/3mlo3rjf4xs2e,NA,,,,,
at://did:plc:eaeuyrvdlqvjgznelgcdimct/app.bsky.feed.post/3mlo5pq6gck2b,bafyreietwot4on64snnmb4zudldhpqjqbpsancornr37tjojjrollb7fxu,madhat59kenwood.bsky.social,Ken Wood part owner of 🇨🇦,Need to send to Slotkin @slotkin.senate.gov all 🇨🇦 thoughts. She comes here & talks down & butts in while 🇺🇲 dies is irresponsible. She doesnt know 🇨🇦's. I encourage all of us to tell her how we feel. I use to respect her. No longer. #cdnpoli #uspoli,,,,0,1,4,0,2026-05-12T15:57:26Z,NA,NA,at://did:plc:e53itqzeadadpmdfttjy4hwz/app.bsky.feed.post/3mlo3s2yjc22q,,,,,
at://did:plc:v44mn5skdnyq44ilqcyjbwhr/app.bsky.feed.post/3mlo5nlnqc227,bafyreidpdc25hfw3ccyl5pfkspjj5hgfrryvmgipdqyuix7xw2mc6jm4yi,uoft-poli-sci.bsky.social,NA,"Q&A w/ Paul Wells: ""People agree with anti-democratic actions if it's their team doing it. That leaves us vulnerable."" @uoft-poli-sci.bsky.social @ericmerkley.bsky.social on “affective polarization,” the topic of his #newbook. #cdnpoli  
paulwells.substack.com/p/the-q-and-...",,,,0,1,0,0,2026-05-12T15:56:17Z,NA,NA,NA,,,,,
at://did:plc:eaeuyrvdlqvjgznelgcdimct/app.bsky.feed.post/3mlo56ay26s2b,bafyreigfol5fpucztxbxisnahq2ubfbhgudmvsqxwf45rpbq2dcyxnhyom,madhat59kenwood.bsky.social,Ken Wood part owner of 🇨🇦,"New news on 🇨🇦's travel to 🇺🇲 on Global this morning 🇨🇦 travel up 1.4%. Gleefully state by Toronto Univ prof saying 🇨🇦'n resolve whaining. Not good news if correct 🇨🇦. We need to continue our 🇺🇲 boycott travel, food, products everything #cdnpoli",,,,2,3,9,0,2026-05-12T15:47:39Z,NA,NA,NA,,,,,
at://did:plc:xuhwb4qwqmuhvhw7keljcdu2/app.bsky.feed.post/3mlo54bmwys24,bafyreieunojao37hhygoyltvipih364psyqw7cybewjkgyhog7mjz2lppm,aster-verite.bsky.social,Aster Vérité,"I worked in federal energy efficiency programs for NRCan. I remember a trip to Alberta in 2005 for the launch of Calgary's water efficiency plan. We launched simultaneous watersense program for the local homebuilders. 

NRCan ought to talk to our boy Mark. This is insanity. #cdnpoli",,,,1,1,7,0,2026-05-12T15:46:33Z,NA,NA,at://did:plc:s5xb5is5dssrg3jg464b27ye/app.bsky.feed.post/3mlo4vekdck2v,,,,,
at://did:plc:yiykf4gzuc7ofsnvmdmee5kz/app.bsky.feed.post/3mlo4x3bqa22j,bafyreia75mlu4hmg4lhnjjb3rvrk5y47ji6b355je6nit4osrw5ibjos3u,hope50.bsky.social,,Not sure why either. Many came out in support of the insurrection convoy including Andrew Scheer and of course PP #cdnpoli #abpoli,,,,1,0,2,0,2026-05-12T15:43:43Z,at://did:plc:oqxoq7btbkztewuzmallzuvo/app.bsky.feed.post/3mlnvcpxkrs2m,at://did:plc:oqxoq7btbkztewuzmallzuvo/app.bsky.feed.post/3mlnvcpxkrs2m,NA,,,,,
at://did:plc:eaeuyrvdlqvjgznelgcdimct/app.bsky.feed.post/3mlo4slfai22b,bafyreicrm5h56vzynqq3afyqy6rhdkwdm56vxmrohndzdmu7wmhrgcmndm,madhat59kenwood.bsky.social,Ken Wood part owner of 🇨🇦,Well its not I agree. The absolute ignorance & conspiracy swallowing nimrods that believe this crap you just cant help them. #cdnpoli,,,,0,0,0,0,2026-05-12T15:41:08Z,NA,NA,at://did:plc:3l6h5tayy6vycige2igmorv4/app.bsky.feed.post/3mlnytpoe2324,,,,,
at://did:plc:53ujb6cpbho7cmhqpwtjmag4/app.bsky.feed.post/3mlo4qqzzis2z,bafyreifakmgkj6l2ucbaqldwf7memkrewmnpvhtgexwvffrvo5exj7rmvu,ladyjan.bsky.social,Lady Jan,Is this why he’s strongly imitating them by dismantling #pharmacare and environmental protections? #cdnpoli #CarnieCarney,,,,0,0,1,0,2026-05-12T15:40:07Z,NA,NA,at://did:plc:4ownlsrdmnvwgzmcdi2bof6s/app.bsky.feed.post/3mll24xobus2d,,,,,
at://did:plc:xpevfwygpdsafegdc7j3l365/app.bsky.feed.post/3mlo4pxvs4va2,bafyreighjeij27hd5i5blpx46mfsj5fzm4n6wg2whgzub5365mq3wn56gu,quadradical.wetdry.world.ap.brid.gy,QuadRadical,"🚨 Bill C-22 would force every Canadian internet provider, messaging app, and cloud service to build surveillance backdoors & store a year of your private data. Foreign state hackers exploited similar legislation in the US — compromising up to a million people. Tell your MP […]",,,,0,1,0,0,2026-05-12T15:39:44Z,NA,NA,NA,,,,,
at://did:plc:7ycfilosz2dmgcnqbh76jdol/app.bsky.feed.post/3mlo4nwgv222r,bafyreic5cp3htqmq7fuju3p2phhymhxjw4djqxsg5jwaiqxe3j47eqnf5u,coolxenu.bsky.social,Cool Xenu 8647,"It is clear that all #MAGA 'leaders' are crooks who are hell bent on destroying their country, for greed.

#USA suckers and losers

#cdnpoli",,,,0,0,0,0,2026-05-12T15:38:31Z,NA,NA,at://did:plc:x4g4laxkmsrczwvnvbbgsm7g/app.bsky.feed.post/3mlmcrvbdwk2i,,,,,
at://did:plc:eaeuyrvdlqvjgznelgcdimct/app.bsky.feed.post/3mlo4lk5e522b,bafyreiapl6jfb6cbuzryhzx6ekzsqwf4rc2unokdgbgtlbbe3fmu22rovq,madhat59kenwood.bsky.social,Ken Wood part owner of 🇨🇦,👍 agree. O&G is in its sunset years. #cdnpoli,,,,0,0,0,0,2026-05-12T15:37:11Z,NA,NA,at://did:plc:4g5jp4ev7p6duqaniisjtubs/app.bsky.feed.post/3mlnriof7622r,,,,,
at://did:plc:7ycfilosz2dmgcnqbh76jdol/app.bsky.feed.post/3mlo4jyj7t22r,bafyreibecy6hriasrpzothjsfn2fqhyljjotrqc25ycue6fthrbkqmbpbe,coolxenu.bsky.social,Cool Xenu 8647,"Maple MAGAs waste no opportunity to display their abject stupidity.

www.nationalobserver.com/2026/05/12/n...

#cdnpoli #ableg",,,,0,1,2,0,2026-05-12T15:36:20Z,NA,NA,NA,,,,,
at://did:plc:scxgmlojbo6iidl3enwcn2ac/app.bsky.feed.post/3mlo4hz4uls2z,bafyreigwjekvapqhhszfjae2satolxwdj6baqcqsbppcikmcbh6dqveqdy,hublai.bsky.social,Hublai (charismatic megafauna),"One cant ""disagree"" with #WheresDaddy. 

One hunts down and exterminates every last decision maker that had anything to do with it. 

That's what the #1948genocideconvention authorizes. 

Get out of my country. 

No one who says opposing Palantir is some mere ""disagreeing"" is a Canadian. 

#cdnpoli",,,,0,0,0,0,2026-05-12T15:35:14Z,at://did:plc:nbo7sbdaqftjent7gndejypz/app.bsky.feed.post/3mlo3mws6mk2a,at://did:plc:kx375dszrbvqtu7o4xxxmojn/app.bsky.feed.post/3mlmrrryvrs2o,NA,,,,,
at://did:plc:e2gatef4rgurutqokoorvrpa/app.bsky.feed.post/3mlo4gzo2t22g,bafyreih4d6eu2crk7pnxx5nlpsk5z7o2liqqgpgylr3uupsogoxynx3the,karenatsharon.bsky.social,,"Got the short form. But have done the long form in the past. Fill it out. It is used today for planning and 100 years from now for historical purposes. #cdnpoli Did you also want to fill out ...
www.cbc.ca/player/play/...",,,,0,0,1,0,2026-05-12T15:34:46Z,NA,NA,NA,,,,,
at://did:plc:scxgmlojbo6iidl3enwcn2ac/app.bsky.feed.post/3mlo4dmvrok2z,bafyreicq3m5pvewouv7oauwnsapdnlnsoafyn5tv5jtvliiiviuoyzp7pa,hublai.bsky.social,Hublai (charismatic megafauna),"^Added to Zionist genociders list. 

The crimes of Palantir are very well documented, as are their key investors & executives calls to exterminate whole ethnic and ideology groups. 

youtu.be/lR8bDt636vc

Support for anything like Palantir to exist in Canada or EU is open genocide advocacy. #cdnpoli",,,,0,0,0,0,2026-05-12T15:32:49Z,at://did:plc:nbo7sbdaqftjent7gndejypz/app.bsky.feed.post/3mlo3mws6mk2a,at://did:plc:kx375dszrbvqtu7o4xxxmojn/app.bsky.feed.post/3mlmrrryvrs2o,NA,,,,,
at://did:plc:7hy5iuitgvm7g4eqruidn2mm/app.bsky.feed.post/3mlo4ct7fbk2u,bafyreie5al5kmddawhrujzk3w357sjhrwuyoxzpueepin2kqcxjvgj5viy,whistlerheidi.bsky.social,Whistler Heidi🇨🇦,#cdnpoli 👆,,,,0,0,0,0,2026-05-12T15:32:19Z,at://did:plc:z44kxtb22xngtqz5dpwmgh4t/app.bsky.feed.post/3mllqphxyck2n,at://did:plc:z44kxtb22xngtqz5dpwmgh4t/app.bsky.feed.post/3mllqphxyck2n,NA,,,,,
at://did:plc:abt5tpb7lqr7vopkrkwfswwq/app.bsky.feed.post/3mlo4bobgl62b,bafyreiabfskzvtigpmwfj3336wn4padjq5unxwa2yauethaklg5djvbpsi,canadareport.org,Canada Report,"Michelob ULTRA and Michelob ULTRA Zero Bring Superior Access to Canadians for the FIFA World Cup 2026™

Canada’s fastest news scan: 25+ headlines, no clutter, updated all day: CanadaReport.org

#cdnpoli #Canada #News #Business #Economy 
Read Original Article 🔗",,,,0,0,0,0,2026-05-12T15:31:40Z,NA,NA,NA,,,,,
at://did:plc:bbnve3u34qpmusulfzkei3p2/app.bsky.feed.post/3mlo4axcgis2t,bafyreihiytyhfmiyipdtys5pqgs5x22eg45pimip5sjmlekhrppbnk5siq,fluxliner.bsky.social,Flux Liner,"Somebody(s) NEED to Go To Prison !!!
#Alberta #Canada #cdnpoli",,,,0,0,0,0,2026-05-12T15:31:16Z,at://did:plc:kt6t5jwy3zsvcerhus6pwjlz/app.bsky.feed.post/3mlntvr6o6s2n,at://did:plc:kt6t5jwy3zsvcerhus6pwjlz/app.bsky.feed.post/3mlntvr6o6s2n,NA,,,,,
at://did:plc:7hy5iuitgvm7g4eqruidn2mm/app.bsky.feed.post/3mlo3z5zwhc2u,bafyreifzjza5dw5bnemiwyahguir2bl26zkpmdls2u4tnen3hlzonkkh3u,whistlerheidi.bsky.social,Whistler Heidi🇨🇦,"👆👆👆
Please build renewable energy infrastructure & not new pipelines. #cdnpoli",,,,1,0,10,0,2026-05-12T15:26:55Z,at://did:plc:kx375dszrbvqtu7o4xxxmojn/app.bsky.feed.post/3mlnzztcdkc2p,at://did:plc:kx375dszrbvqtu7o4xxxmojn/app.bsky.feed.post/3mlnzztcdkc2p,NA,,,,,
at://did:plc:53ujb6cpbho7cmhqpwtjmag4/app.bsky.feed.post/3mlo3izeoy22z,bafyreid6e77vkss46j2fmzhgvlfuh7evatdesbripeygoxe75egl7occjq,ladyjan.bsky.social,Lady Jan,"Builders of better public services like pharmacare, #healthcare, dental care, postal service, CRA? Can we train & hire more in these fields? #cdnpoli #AskingForAFriend",,,,1,1,3,0,2026-05-12T15:17:53Z,NA,NA,at://did:plc:kx375dszrbvqtu7o4xxxmojn/app.bsky.feed.post/3mlnzztcdkc2p,,,,,
at://did:plc:scxgmlojbo6iidl3enwcn2ac/app.bsky.feed.post/3mlo3hwhmv22z,bafyreievvpjy4k7sjlvcbll5wsudxp7p5jfdhxg726xd7x54y4tohatkfq,hublai.bsky.social,Hublai (charismatic megafauna),"She's incompetent to explain anything. 

But we also must #fireEvanSolomon. 

You want to understand how this works read about #AppleCloud or #Huawei #MindSpore.

Canada needs to take that kind of #privacybydesign #edgeAI approach & fire every Evan & Allison & Kevin. And every Mark.

#cdnpoli",,,,0,0,0,0,2026-05-12T15:17:18Z,at://did:plc:xtyqzn2mfk6quqc4ssvbk5kj/app.bsky.feed.post/3mlnsdpono22g,at://did:plc:kx375dszrbvqtu7o4xxxmojn/app.bsky.feed.post/3mlmrrryvrs2o,NA,,,,,
at://did:plc:5o2no5oxmt7tqcwc6pbdsc3x/app.bsky.feed.post/3mlo3gk6fd22o,bafyreicncqn344lujepatzd4tvdgmotgptm3btyr5lwbpan5rxjokvgima,andreasor.bsky.social,"Andreas 🇨🇦 Fella 💙 #AbolishICE, start from scratch","vt.tiktok.com/ZS9ELRRaC/
#NEVER-PEE-PEE #ABC #Cdnpoli",,,,0,4,6,0,2026-05-12T15:16:32Z,NA,NA,NA,,,,,
at://did:plc:bbnve3u34qpmusulfzkei3p2/app.bsky.feed.post/3mlo2wfpkwc2x,bafyreia5q2a6dddndantz34usia7l33en2tonvlo72z7fq5k2rbj4mzure,fluxliner.bsky.social,Flux Liner,"Somebody(s) NEED to GO to PRISON !!!!
#Alberta #Canada #cdnpoli",,,,1,0,3,0,2026-05-12T15:07:29Z,at://did:plc:rsvzkqxa2xdojwmjljqzs4ik/app.bsky.feed.post/3mlnsnesrjc24,at://did:plc:rsvzkqxa2xdojwmjljqzs4ik/app.bsky.feed.post/3mlnsnesrjc24,NA,,,,,
at://did:plc:tw4rcqakemreh47z42d32a7j/app.bsky.feed.post/3mlo2pgr5622v,bafyreihll36oew5kcc72xo3322aimrhpkt4wimhyr2vutxuiunohqd3zum,krismorris.bsky.social,Kris Morris,"Not only did Kenney allow the political landscape for #Alberta Separatists to hijack a “mainstream” party to amplify their voice, he salted the discourse that conservatives won’t speak up for #Canada unless to be voted out at constituency level #AbPoli #CanPoli #CdnPoli

www.cbc.ca/news/canada/...",,,,2,3,7,0,2026-05-12T15:03:36Z,NA,NA,NA,,,,,
at://did:plc:7ycfilosz2dmgcnqbh76jdol/app.bsky.feed.post/3mlo2ma7fk22w,bafyreihgzta6hk4ynumcgvka3ytilodw5z7fdo7n32xc2m6wigcc3xbrxa,coolxenu.bsky.social,Cool Xenu 8647,"#JasonKenney better crawl back into his closet if he does not want to suffer more humiliation and defeat.

#ableg #cdnpoli",,,,0,0,1,0,2026-05-12T15:01:47Z,at://did:plc:l23dewwndsjir3j4jqfmpup3/app.bsky.feed.post/3mlo2hfvhuk2d,at://did:plc:zh5dfrgucq2td5ngz2wtlzle/app.bsky.feed.post/3mlnzhf2hgs2e,NA,,,,,
at://did:plc:abt5tpb7lqr7vopkrkwfswwq/app.bsky.feed.post/3mlo2lzk6br2k,bafyreiekz7wjlkji2wimw7tl5w54e6a3otsuxhakr7idh4nytpgt7ag23i,canadareport.org,Canada Report,"Mary Simon et les grenouilles

Canada’s fastest news scan: 25+ headlines, no clutter, updated all day: CanadaReport.org

#cdnpoli #Canada #News 
Read Original Article 🔗",,,,0,0,0,0,2026-05-12T15:01:40Z,NA,NA,NA,,,,,
at://did:plc:migpri6ukqvsbz7j7iy7hdxu/app.bsky.feed.post/3mlo2lp5zuo24,bafyreic33zgvv6zagafrsu2i4n7gb7zwbbfavv44fkkwzevihe4smek7oe,breakfastscotch.bsky.social,Breakfast Scotch National,"Alberta MLAs Consider Settling Sovereignty Debate With Truck Nuts Measuring Contest | Read More: tinyurl.com/3h7ksu92 

#NEWS | #BSN | #CANADA | #ALBERTA | #AB | #DANIELLESMITH | #CDNPOLI | #ABPOLI | #UCP | #NDP | #LIBERALS | #CONSERVATIVES | #FOREVERCANADA",,,,0,0,6,0,2026-05-12T15:01:30Z,NA,NA,NA,,,,,
at://did:plc:7ycfilosz2dmgcnqbh76jdol/app.bsky.feed.post/3mlo2jqvdrc2w,bafyreiajsm6g7hlgebbbqgyllyhh3cqmtyqpgcmn5cm4v6fsvkqorzpzbi,coolxenu.bsky.social,Cool Xenu 8647,"Jason Kenney should know about their low intelligence since he is one of them and was responsible for creating the mess Albertan is in now.

#UCP voters are ignorant suckers.

#ableg #cdnpoli",,,,0,0,1,0,2026-05-12T15:00:24Z,at://did:plc:zh5dfrgucq2td5ngz2wtlzle/app.bsky.feed.post/3mlnzhf2hgs2e,at://did:plc:zh5dfrgucq2td5ngz2wtlzle/app.bsky.feed.post/3mlnzhf2hgs2e,NA,,,,,
at://did:plc:l2ycnbx3yrvz4tgyhey3lztg/app.bsky.feed.post/3mlo2jdxcrn2u,bafyreidzovt5ib5xn4wx4vnxte3nufyhezhjoywxudoptuuitutxpdxlje,blakehamiltonca.bsky.social,Blake Hamilton,"First-Past-The-Post Fail League❗️
Canada Federal Edition 🇨🇦🗳️!

Today’s champion:

Don Davies
MP for Vancouver Kingsway

Won with only 37.2% of total voter ballots cast

Multi-Member #ProportionalRepresentation please! Like and share if you agree!￼
#cdnpoli #ElectoralReform #MakeVotesMatter",,,,0,0,1,0,2026-05-12T15:00:11Z,NA,NA,NA,,,,,
at://did:plc:7ycfilosz2dmgcnqbh76jdol/app.bsky.feed.post/3mlo2hh7sec2w,bafyreig5rv5dmw7myajxgwxdb3wuxuyln2pn5mbjgys5ey2i423n4h4guu,coolxenu.bsky.social,Cool Xenu 8647,"Kenney and his political ilk count on the fact that all ""conservative"" voters have incredibly short attention spans.

#ableg #cdnpoli",,,,0,0,3,0,2026-05-12T14:59:06Z,at://did:plc:mxaklaubyukwtv5inh4acbgx/app.bsky.feed.post/3mlnzobhln22c,at://did:plc:zh5dfrgucq2td5ngz2wtlzle/app.bsky.feed.post/3mlnzhf2hgs2e,NA,,,,,
at://did:plc:xvhfw6ch4oy4yez2kbu5wrhl/app.bsky.feed.post/3mlo2d6bvns2e,bafyreig34rfblmzfcj4cn2c7ih7yujnoemx52jjscstidv3ascpcowissi,linzi-the-artist.bsky.social,Lindsay Brambles🇨🇦,"Sorry, but it'll take a lot more than that for the rest of the world. Trust will take at least a generation to rebuild--certainly as far as we #Canadians are concerned. And looking at the past, I doubt a Dem president will redress many of the wrongs done to #Canada. #UnitedStates #uspoli #cdnpoli",,,,2,0,5,0,2026-05-12T14:56:43Z,NA,NA,at://did:plc:7qqkq2zdwq4j5jingukgtuky/app.bsky.feed.post/3mlljbawefk2l,,,,,
at://did:plc:7ycfilosz2dmgcnqbh76jdol/app.bsky.feed.post/3mlo2cufllk2w,bafyreieml5k7bhqkwnpmzpx5e7t4pdy6bwhxitf4ildebuujioplwdmc7i,coolxenu.bsky.social,Cool Xenu 8647,"Because wee Parker drinks his booze in ethics free Alberta.

#ableg #cdnpoli",,,,1,0,0,0,2026-05-12T14:56:32Z,at://did:plc:2y6fbrqvdjlgelv5dtefeoz3/app.bsky.feed.post/3mlnwpe2c5s24,at://did:plc:2y6fbrqvdjlgelv5dtefeoz3/app.bsky.feed.post/3mlnwpe2c5s24,NA,,,,,
at://did:plc:h2spa3l463coxycuy6iiov2l/app.bsky.feed.post/3mlo27jddws2t,bafyreicaqd4q2ux7ltjqtq2zwoadtip3ttsr2e7zqka6etvtbce6nx2yae,shewandersferal.bsky.social,Allison Moon 🌙  🍁,"#DonbasDanielle
#OilBerta #WhiteHouse #BlackFunding #sedition, #crime & #corruption

& #Canadians wonder why we need #DataSecurity against #crime, & #ForeignSpooks like #BRICS & #Murica?

🍁 #CANpoli 🍁 #CDNpoli 🍁 
 #CanadaSky 🌌 #Canadiana",,,,0,0,1,0,2026-05-12T14:54:41Z,at://did:plc:serlxfuuco5zwtgjbezfqib5/app.bsky.feed.post/3mljbi6wnn22i,at://did:plc:serlxfuuco5zwtgjbezfqib5/app.bsky.feed.post/3mljbi6wnn22i,NA,,,,,
at://did:plc:7ycfilosz2dmgcnqbh76jdol/app.bsky.feed.post/3mlo22ehskk2w,bafyreianarv4ay27iocle4wpn7k4hjbdbjxkayu7jskfl4f47qrzulnzke,coolxenu.bsky.social,Cool Xenu 8647,"Kenney needs to sit down, shut up and crawl back into his closet. 

He made this mess.

#ableg #cdnpoli",,,,0,0,0,0,2026-05-12T14:51:47Z,at://did:plc:xhohr4frmxubpwya7b2bjz75/app.bsky.feed.post/3mlnr4sdppz2b,at://did:plc:xhohr4frmxubpwya7b2bjz75/app.bsky.feed.post/3mlnr4sdppz2b,NA,,,,,
at://did:plc:7ycfilosz2dmgcnqbh76jdol/app.bsky.feed.post/3mlnzywvglk2w,bafyreifnad65muxdjulgpperp33gfnkpcgvdwizjzpkohzs6zjvphp5vpy,coolxenu.bsky.social,Cool Xenu 8647,"#MAGAs want more violence in their streets. They are terminally sick in the head.

#USA can't do a damn thing about the criminals running the shit hole country.

#cdnpoli",,,,0,0,1,0,2026-05-12T14:51:00Z,NA,NA,at://did:plc:sjvrn4txqhsp6xafzf6bpss2/app.bsky.feed.post/3mlnzfxhtns2i,,,,,
at://did:plc:7ycfilosz2dmgcnqbh76jdol/app.bsky.feed.post/3mlnzt3gaxc2w,bafyreidwmysxc4ny5ai2umxr7rpj6576oansepc6nnhpqs6yvf7gqpsc4e,coolxenu.bsky.social,Cool Xenu 8647,"#MAGA protects and encourages child sexual abusers.

#USA

#cdnpoli",,,,1,0,1,1,2026-05-12T14:47:43Z,NA,NA,at://did:plc:q7rv2wta4qb2534kxjmbr6dm/app.bsky.feed.post/3mllgq3ymn62d,,,,,
at://did:plc:rgpo7lqq3gpbkutkmvagoy3m/app.bsky.feed.post/3mlnzqo2t3k2s,bafyreifhpcklgpuwekaujtzusv3hka2rlnsl7co4phanx3rikljalehmwu,thaipham.bsky.social,Thái Phạm,"This is a good piece of content. Highly recommend a read. 
#cdnpoli",,,,0,0,0,0,2026-05-12T14:46:22Z,NA,NA,at://did:plc:w5pxbmkjntxfw6mt4emennhv/app.bsky.feed.post/3mlnxcgsqz22n,,,,,
at://did:plc:k4roswoynx4n3542b5cu3yem/app.bsky.feed.post/3mlnzmbtzws2n,bafyreigxjeqpugghleoznmmwscstcrbnibohyre73ss7cpojphp47icdsy,ddrae.bsky.social,DDrae🇨🇦,"So we havent been able to use much water for two days because of a break. Water restrictions are coming, and we are building a data center? #cdnpoli #desert  

bcbusiness.ca/business/tec...",,,,1,4,6,1,2026-05-12T14:43:57Z,NA,NA,NA,,,,,
at://did:plc:oprhya4c3rd3prfyypchbd2l/app.bsky.feed.post/3mlnzkwlgd225,bafyreihl75apfgxnw3rwzl7uttyhyf637zc2c4pzufsqlxsd4ud5osb7te,ruthmkb.bsky.social,ruthko,"Dear @mark-carney.bsky.social & @evansolomon.bsky.social:

BC is constantly under draught conditions, and AI data centres are notorious with high water usage! Not thrilled about this development. 😠

#cdnpoli #AI",,,,1,0,9,0,2026-05-12T14:43:10Z,NA,NA,at://did:plc:kx375dszrbvqtu7o4xxxmojn/app.bsky.feed.post/3mlmrrryvrs2o,,,,,
at://did:plc:eoouaeqa2taou3aqacpjuaq4/app.bsky.feed.post/3mlnzkezppk2b,bafyreicnfp6lzrotd577nzil3qmyy24nam3cqelniieej7nicuyymx2lxi,alexgoatcher.bsky.social,Alex Goatcher,Imagine growing the economy AND protecting the environment. Nah...that'll never work. #cdnpoli #bcpoli #ableg #skpoli,,,,0,1,6,0,2026-05-12T14:43:16Z,NA,NA,NA,,,,,
at://did:plc:5tfz7nhpkgvorjyiaiv22flz/app.bsky.feed.post/3mlnzgy55u22z,bafyreihttkzbhru6z2koqbxzeobjblsymcqyom4wcbzjdyrnmsayf63tpy,unifor.org,Unifor,"As the world prepares for #FIFA2026, join Unifor’s online panel on labour rights, migrant worker protections, and human rights during the World Cup on May 26, 2026 at 12:30 PM EST. Register: www.unifor.org/news/events/... #cdnpoli #canlab",,,,0,1,2,0,2026-05-12T14:41:00Z,NA,NA,NA,,,,,
at://did:plc:vtdqqzsisbfuxsbu5n2vcbbq/app.bsky.feed.post/3mlnzfbc5p22y,bafyreif3cyaxf7phbihx63aaannkihtpxnpw3xufm7p2lewa5bpo2osl5i,rachelwales.bsky.social,Rachel Wales,"#cdnpoli #MarkCarney #Petition #NoJets #NeilPasricha #ElizabethMay #MarkCarney

So far over 6,000 signatures. Saw this petition posted on X by Neil Pasricha and it's sponsored by MP Elizabeth May.

Please sign if you feel the Billy Bishop project is a bad idea.

www.ourcommons.ca/petitions/en...",,,,0,4,3,1,2026-05-12T14:40:04Z,NA,NA,NA,,,,,
at://did:plc:f5jnbpzq6a67rf2m3s3gu64l/app.bsky.feed.post/3mlnzenf4wk26,bafyreiezul6nohyk4pxrz5jbbetxfkluml5mafwqinl2ex566tgrkbugi4,ericdoherty.bsky.social,Eric Doherty,This is what @davidebybc.bsky.social and @mark-carney.bsky.social are. Reactionary centrists who reject the values of their own parties and supporters. #bcpoli #cdnpoli #bcndp,,,,0,0,0,0,2026-05-12T14:39:39Z,NA,NA,at://did:plc:brnnpb6x3pdapjeqqs275gbd/app.bsky.feed.post/3mlnt2xv55d2y,,,,,
at://did:plc:7ycfilosz2dmgcnqbh76jdol/app.bsky.feed.post/3mlnz43mlzc2w,bafyreiblq7e7y4toycswrb5uug6p7ckw7q2myz5zn7dqcw6t5lrspz6x5m,coolxenu.bsky.social,Cool Xenu 8647,"This is Alberta, which is devoid of ethics, so no consequences for the retrograde drunkard.

#ableg #cdnpoli",,,,0,0,3,0,2026-05-12T14:34:51Z,at://did:plc:kt6t5jwy3zsvcerhus6pwjlz/app.bsky.feed.post/3mlmqkwu6f22x,at://did:plc:kt6t5jwy3zsvcerhus6pwjlz/app.bsky.feed.post/3mlmqkwu6f22x,NA,,,,,
at://did:plc:abt5tpb7lqr7vopkrkwfswwq/app.bsky.feed.post/3mlnyvy3puj2d,bafyreigsna4eefzpim7qgnli6jwdtvphl24733b2nuqc67y7orjpz3pdka,canadareport.org,Canada Report,"Plaud Introduces Plaud Team, Turning Workplace Conversations Into Organizational Intelligence

Canada’s fastest news scan: 25+ headlines, no clutter, updated all day: CanadaReport.org

#cdnpoli #Canada #News #Business #Economy 
Read Original Article 🔗",,,,0,0,0,0,2026-05-12T14:31:27Z,NA,NA,NA,,,,,
at://did:plc:53ujb6cpbho7cmhqpwtjmag4/app.bsky.feed.post/3mlnyva2pvc2z,bafyreiboueb4kzuvoohr77mjnq24mywfuuhbudj3zavkepzw4wyazhz2q4,ladyjan.bsky.social,Lady Jan,Some say politicians don’t care. I don’t believe that’s the problem. They’re scared to stick their necks out to help. Scared to risk funding a service b/c those need taxes to pay for them. Terrified of new energy projects b/c oil is a safe but costly bet. Afraid of losing their job/power. #cdnpoli,,,,0,0,0,0,2026-05-12T14:31:04Z,NA,NA,NA,,,,,
at://did:plc:7ycfilosz2dmgcnqbh76jdol/app.bsky.feed.post/3mlnytwnbtc2w,bafyreig3427cz3ntfjqgj7rfkk76xfaa4vvz6nm6tjjlypzvbifn6whc5u,coolxenu.bsky.social,Cool Xenu 8647,"WE can safely assume Rath and his operatives are not telling the truth.

#ableg #cdnpoli",,,,0,1,7,0,2026-05-12T14:30:18Z,at://did:plc:rsvzkqxa2xdojwmjljqzs4ik/app.bsky.feed.post/3mlnylw4xss2m,at://did:plc:rsvzkqxa2xdojwmjljqzs4ik/app.bsky.feed.post/3mlnylw4xss2m,NA,,,,,
at://did:plc:7erknbz7f4wsocjxci2n4hlk/app.bsky.feed.post/3mlnypo53m22m,bafyreiau7gwdvwsil2dpnbwg7czif3vgezy5s7czrnpvkrbcvn7yve6jsi,kpateonthehill.bsky.social,Senator Kim Pate,"Grateful to Team Deacon, McBean & Petitclerc for focusing the #SenCA on the impact and importance of sport. We shared the value of the Collins Bay Exceptional People's Olympiad as an example of community engagement and prisoner contributions in 🍁. #cdnpoli

Full speech: sencanada.ca/en/senators/...",,,,0,1,3,0,2026-05-12T14:27:56Z,NA,NA,NA,,,,,
at://did:plc:rsvzkqxa2xdojwmjljqzs4ik/app.bsky.feed.post/3mlnylw4xss2m,bafyreihmuv45zd5fgxgt6ikk2x4diohzc7rfo7d42yao24csaa2ilndvhu,thebreakdownab.bsky.social,The Breakdown AB,"For everyone wondering about the $57,000 the government paid to Jeffrey Rath…

Both Rath and his co-counsel (?) have publicly stated that they are costs awards.

#abpoli #ableg #cdnpoli",,,,9,33,51,3,2026-05-12T14:25:53Z,NA,NA,NA,,,,,
at://did:plc:53ujb6cpbho7cmhqpwtjmag4/app.bsky.feed.post/3mlnylr5s2s2z,bafyreiddkxklohhxgdb3prya3oqjo3uvmdspwskxe2rbl6omun22ly4iay,ladyjan.bsky.social,Lady Jan,"If I ever ran for a campaign for a federal party, my slogans would be like #BeBrave or Have Courage for the Future, and then basically show how most other party policies resort to “ #changeIsScary” & “can we go back to how it was before?” Politicians are mostly a gutless bunch now. #cdnpoli #onpoli",,,,0,0,0,0,2026-05-12T14:25:44Z,NA,NA,NA,,,,,
at://did:plc:7ycfilosz2dmgcnqbh76jdol/app.bsky.feed.post/3mlnygtpcmk2w,bafyreiauvmbxtsps2racblzcpu3z2t6qg426bax7rpxsesqdzpvkynlqom,coolxenu.bsky.social,Cool Xenu 8647,"#Israel's ruling #Zioinist terrorists think you are stupid.

#FromTheRiverToTheSea

#cdnpoli",,,,0,0,1,0,2026-05-12T14:22:58Z,NA,NA,at://did:plc:nvgchvfiw3lgtwxmp2coqe7c/app.bsky.feed.post/3mlno732nl22c,,,,,
at://did:plc:4xqt7t2zph634drigtdxdmro/app.bsky.feed.post/3mlnygjiimc2b,bafyreie5dcyw3yhxyfk4knwbm5yukimhy4j25b4gcwjcd24gbepmpagsci,journodale.bsky.social,Dale Smith,Roundup post: The separatists continue their takeover #cdnpoli,,,,0,7,9,0,2026-05-12T14:22:48Z,NA,NA,NA,,,,,
at://did:plc:na2jsglptzqzh3a2diupef7f/app.bsky.feed.post/3mlnydqhbsk2i,bafyreih4psatg4772mbre2nkudfhu2kgl43l5kjbgr7jl7tcmfhy6ickpy,martithrall.bsky.social,Marty Fontaine 🇨🇦,"Americans voted this guy INTO power. 

AND they're letting him stay! Let that sink in.

America the STUPID

#martyfontaine #USA #politics #cdnpoli",,,,0,1,2,0,2026-05-12T14:21:16Z,NA,NA,NA,,,,,
at://did:plc:7ycfilosz2dmgcnqbh76jdol/app.bsky.feed.post/3mlny6sjtts2w,bafyreihy47rk3q6rek6ixa7susmbojmjxejfvnhgffwhsk6cmuridntbna,coolxenu.bsky.social,Cool Xenu 8647,"Cruelty is a major component to the ""American dream"".

What's the point of having more money than you need if you can't make the little people feel smaller?

#USA #MAGA cruel assholes.

#cdnpoli",,,,0,1,1,0,2026-05-12T14:18:28Z,NA,NA,at://did:plc:bono5gae7m6r3qpfxomshwbd/app.bsky.feed.post/3mllwardiss2c,,,,,
at://did:plc:eoouaeqa2taou3aqacpjuaq4/app.bsky.feed.post/3mlny4nzy722w,bafyreiake2vyizrzygqpfx4ri3cdnowzslaj3ifopl7edpurndawmdj644,alexgoatcher.bsky.social,Alex Goatcher,"This article is a MUST read about one of the root causes of the growth of the manosphere. Societal/systematic education failures have created the perfect soil conditions for men's rights to grow. #bcpoli #ableg #skpoli #cdnpoli 

www.cbc.ca/news/canada/...",,,,0,1,1,0,2026-05-12T14:17:28Z,NA,NA,NA,,,,,
at://did:plc:7ycfilosz2dmgcnqbh76jdol/app.bsky.feed.post/3mlny3dm5ys2w,bafyreigu2eppwnbn7kiujvsv3nbivasvkrwsrvaafdiosomfeyqqejph5y,coolxenu.bsky.social,Cool Xenu 8647,"#Israel's ruling #Zionist terrorists think that if they kill journalists, nobody will learn of their heinous crimes against humanity.

Child/man #Bibi will lose, much sooner than he thinks.

#FromTheRiverToTheSea

#cdnpoli",,,,0,0,1,0,2026-05-12T14:16:32Z,NA,NA,at://did:plc:e6trdf4ulbcq2ludk5wdqyfg/app.bsky.feed.post/3mlmgo7belk23,,,,,
at://did:plc:7ycfilosz2dmgcnqbh76jdol/app.bsky.feed.post/3mlnxtzdclk2w,bafyreieszxzrq6r4i3pk6w7gzxkurlsiu24yrp2f6bqhbk3tns32nujtma,coolxenu.bsky.social,Cool Xenu 8647,"The fact is rural Alberta voters are wilfully ignorant racists and prefer to stay that way.

#ableg #cdnpoli",,,,2,1,5,1,2026-05-12T14:12:26Z,NA,NA,at://did:plc:f3fugbaf3nzkbqasasceerr4/app.bsky.feed.post/3mlnvmyrkv22b,,,,,
at://did:plc:w5pxbmkjntxfw6mt4emennhv/app.bsky.feed.post/3mlnxth67uc2n,bafyreibeclb32y4za555e4sihv6gdopakel2vpgkcubwpxcycjsdnsglsa,thestar.com,Toronto Star,"It also seems clear that a substantial part of the Alberta separatist movement is operating in a reality where the rest of us don’t live, writes Phillips. 

Here's what's at stake in the Alberta referendum scheduled for Oct. 19. #cdnpoli",,,,1,2,7,0,2026-05-12T14:12:09Z,at://did:plc:w5pxbmkjntxfw6mt4emennhv/app.bsky.feed.post/3mlnxhir4x22n,at://did:plc:w5pxbmkjntxfw6mt4emennhv/app.bsky.feed.post/3mlnxcgsqz22n,NA,,,,,
at://did:plc:7ycfilosz2dmgcnqbh76jdol/app.bsky.feed.post/3mlnxrhx5lc2w,bafyreigdme3m567as4ikpzp4hzue5oqqr6lv3uvevcrfmsljd2rt6sh37m,coolxenu.bsky.social,Cool Xenu 8647,"I moved from Edmonton back to Canada a couple years ago. Best move in my life.

#cdnpoli #ableg",,,,0,0,1,0,2026-05-12T14:11:02Z,at://did:plc:epcsppkydn53wafmezzu6fc6/app.bsky.feed.post/3mlnv5anlas2z,at://did:plc:ti6jbyxaba25qtl7rgp6mbxg/app.bsky.feed.post/3mlns62yehk2o,NA,,,,,
at://did:plc:deej5pakczvmljahhvrridlp/app.bsky.feed.post/3mlnxp2kfps2b,bafyreid3qukbm6s4fi7vykulzib6qldcsgk6tga4ehlqqwt7fn4ui55wyq,pat112.bsky.social,Pat,"Australian musician's US ban prompts apology from girlfriend over Trump post

It seems people are being denied entry into the US now simply because of posts that their friends make . 

Not a problem for those boycotting the US . 

#Cdnpoli #Uspoli 
www.bbc.com/news/article...",,,,0,3,4,0,2026-05-12T14:09:47Z,NA,NA,NA,,,,,
at://did:plc:xvhfw6ch4oy4yez2kbu5wrhl/app.bsky.feed.post/3mlnxk2zgds2e,bafyreigc6jgmircdjk4hemk5m45fjbdbfgz6ctcsmlsqhc6bjfwqgl3tza,linzi-the-artist.bsky.social,Lindsay Brambles🇨🇦,Today another @financialpost.com article fans the flames of #Alberta separation--the writer taking his directives from his #Trump -loving master in NYC who's bent on annexing #Canada. You have to be a truly shameless (so-called) journalist to egg on the destruction of your own country. #cdnpoli,,,,0,2,3,0,2026-05-12T14:06:54Z,NA,NA,NA,,,,,
at://did:plc:7ycfilosz2dmgcnqbh76jdol/app.bsky.feed.post/3mlnxhyymxs2w,bafyreibe6jzzvcbzmbgr4wkzatusmiugrr3hvozfajn3olbzrou6gg4iea,coolxenu.bsky.social,Cool Xenu 8647,"Good, time to double efforts.

#cdnpoli",,,,0,0,3,0,2026-05-12T14:05:43Z,at://did:plc:3l6h5tayy6vycige2igmorv4/app.bsky.feed.post/3mlnpwktbbc24,at://did:plc:3l6h5tayy6vycige2igmorv4/app.bsky.feed.post/3mlnpwktbbc24,NA,,,,,
at://did:plc:7ycfilosz2dmgcnqbh76jdol/app.bsky.feed.post/3mlnxdmazqc2w,bafyreif4jxz5qbaaq32xtkcwgim3qmd3md6wudnrgxrpjtqtegsvrj3rli,coolxenu.bsky.social,Cool Xenu 8647,"Looks like wee drunkard Parker is now afraid of what the public thinks since he has disabled his email address in typical cowardly fashion.

Why are MAGA types so incompetent? Maybe Emmott knows?

#ableg #cdnpoli",,,,1,1,4,0,2026-05-12T14:03:17Z,at://did:plc:rsvzkqxa2xdojwmjljqzs4ik/app.bsky.feed.post/3mlnuzql4nk27,at://did:plc:rsvzkqxa2xdojwmjljqzs4ik/app.bsky.feed.post/3mlnuzql4nk27,NA,,,,,
at://did:plc:w5pxbmkjntxfw6mt4emennhv/app.bsky.feed.post/3mlnxcgsqz22n,bafyreialajh2o75woyff3bihizhbdpshw5yzozjx56tmkduwzajix5wl24,thestar.com,Toronto Star,"#Opinion: If you haven’t seen Richard Warnica’s reports in the Star on the leadership of the Alberta separatist movement, do yourself a favour: read them below, writes Andrew Phillips. 

Specifically, he spent time with Mitch Sylvestre, the man described as the “architect” of the movement. #cdnpoli",,,,3,6,20,2,2026-05-12T14:02:40Z,NA,NA,NA,,,,,
at://did:plc:abt5tpb7lqr7vopkrkwfswwq/app.bsky.feed.post/3mlnxadjjas2b,bafyreidtzy6citrx7oi7xenyf462o5fn62bsd6w32jeooo7u4ayhl7rxwy,canadareport.org,Canada Report,"Taxer les riches, le tabou

Canada’s fastest news scan: 25+ headlines, no clutter, updated all day: CanadaReport.org

#cdnpoli #Canada #News 
Read Original Article 🔗",,,,0,0,0,0,2026-05-12T14:01:27Z,NA,NA,NA,,,,,
at://did:plc:7ycfilosz2dmgcnqbh76jdol/app.bsky.feed.post/3mlnx6e7sh22w,bafyreifuqixtgcxw5k2xbwufvnd4iaqqddquzpvwmnj6q4xetsozk2l7he,coolxenu.bsky.social,Cool Xenu 8647,"His supporters are woefully ignorant of the way he manipulates them and thumbs his nose at laws.

But, the drunkard has the backing of Americans so he will not be held to account... or something.

#ableg #cdnpoli",,,,0,2,4,0,2026-05-12T14:00:20Z,at://did:plc:rsvzkqxa2xdojwmjljqzs4ik/app.bsky.feed.post/3mlnuzql4nk27,at://did:plc:rsvzkqxa2xdojwmjljqzs4ik/app.bsky.feed.post/3mlnuzql4nk27,NA,,,,,
at://did:plc:7ycfilosz2dmgcnqbh76jdol/app.bsky.feed.post/3mlnwxo3h2k2w,bafyreie3wom3chtbwzp6yg4yp6wnpa5r6d4v7bu3qpgbvpbrp2zx3h7hki,coolxenu.bsky.social,Cool Xenu 8647,"They will meet with the same fate as greedy #Target.

#cdnpoli",,,,0,0,0,0,2026-05-12T13:56:35Z,at://did:plc:xhohr4frmxubpwya7b2bjz75/app.bsky.feed.post/3mlnwiixqab2h,at://did:plc:xhohr4frmxubpwya7b2bjz75/app.bsky.feed.post/3mlnwiixqab2h,NA,,,,,
at://did:plc:7ycfilosz2dmgcnqbh76jdol/app.bsky.feed.post/3mlnwu6ksrc2w,bafyreia2e5jbdlccqsqk5uwtd2xpaoatyrwekr6oq2n3rtzswzdqv7cl5m,coolxenu.bsky.social,Cool Xenu 8647,"It is way too late for this concern. Modern conservatives are all criminals.

#cdnpoli",,,,0,1,3,0,2026-05-12T13:54:38Z,at://did:plc:rsvzkqxa2xdojwmjljqzs4ik/app.bsky.feed.post/3mlnsnesrjc24,at://did:plc:rsvzkqxa2xdojwmjljqzs4ik/app.bsky.feed.post/3mlnsnesrjc24,NA,,,,,
at://did:plc:7ycfilosz2dmgcnqbh76jdol/app.bsky.feed.post/3mlnwodcfwk2w,bafyreiaj4wkxxi4dq5rvgxvejlvsrf4lsomjg54zv4xuzjegqrqf62sjva,coolxenu.bsky.social,Cool Xenu 8647,"Good thing the #MAGAs are toning down the hateful rhetoric.

#USA is dead.

#cdnpoli",,,,0,0,0,0,2026-05-12T13:51:22Z,at://did:plc:h5zkfkc35wkb53udnemrica5/app.bsky.feed.post/3mlllrlunss2l,at://did:plc:h5zkfkc35wkb53udnemrica5/app.bsky.feed.post/3mlllrlunss2l,NA,,,,,
at://did:plc:7ycfilosz2dmgcnqbh76jdol/app.bsky.feed.post/3mlnwd7zahc2w,bafyreih3fsluxgvoriwxawmklni7qbiuyiu4y4nyzym5zakfnazqd65ejq,coolxenu.bsky.social,Cool Xenu 8647,"The White House is over babied.

#USA #MAGA whiney babies.

#cdnpoli",,,,0,0,1,0,2026-05-12T13:45:09Z,NA,NA,at://did:plc:4llrhdclvdlmmynkwsmg5tdc/app.bsky.feed.post/3mlllnap2zi23,,,,,
at://did:plc:go6lnimas6bzfthjvcaulmya/app.bsky.feed.post/3mlnwaiqr3c2z,bafyreigrexkrikkna6u7xd3rfcsqqovvsaihr5lc4klkkj3bqm7ur6smqe,jbnewt.bsky.social,Jackson Newt,"Maybe , just Maybe #Carney should try and deliver on his promises , that would be a great start for the West . Because he is all talk , and Nooooo Action . #Canada1st #Canada #Liberal Rhetoric #Cdnpoli #Ottawa",,,,0,1,1,0,2026-05-12T13:43:35Z,NA,NA,NA,,,,,
at://did:plc:in6t5b6l3wnfwkcuqji57ttg/app.bsky.feed.post/3mlnvroz4ok27,bafyreihrfyyjfbcs3kbcpjtfuolwf6rb636l2zhd27yvecxrdknnimvjge,ccfr-ccdaf.bsky.social,Canadian Coalition for Firearm Rights,"WATCH: Premier Smith confirms she's spoken directly to PM Mark Carney about the ""frustrations"" Albertans still have with Ottawa.

""Around immigration, the gun grab... We can't ignore the legitimate grievances of people who've been hurt by the last 10 years of govt under the former PM."" #cdnpoli",,,,0,0,0,0,2026-05-12T13:35:23Z,NA,NA,NA,,,,,
at://did:plc:egl4mfr2njrr2br4vhya7yrf/app.bsky.feed.post/3mlnvr5yqr22t,bafyreiap47zhp3sr3rphlgso4od36vn3dysrehzws73juyakzib7nvqy7y,judy-bug.bsky.social,judy 🇨🇦,"The IDU is a global alliance of RW #conservative parties giving leaders a respectable stage to coordinate their regressive agendas.  It is a network to amplify white supremacist sympathies & christofascist ideologies globally.

Global chairman: Harper; 🇨🇦 chairman: #Poilievre  

#cdnpoli #abpoli #IDU",,,,1,0,2,0,2026-05-12T13:35:05Z,at://did:plc:h2thseiou732j3h7hnaexs6a/app.bsky.feed.post/3mlmvqhb3xk2y,at://did:plc:glx2iftaxaiirglk3auu7htn/app.bsky.feed.post/3mlmrc5uebk26,NA,,,,,
at://did:plc:ixt6yldqvtcamcarm6fpgqo5/app.bsky.feed.post/3mlnvp6nri22b,bafyreidskifkejftr3dzeplfpxml4ngeuqndn6mghsn3dxk4pftn3am4yi,shortstackfella.bsky.social,Short Stack Fella 🇨🇦🇺🇦,"“Canada on Monday became the first country outside Europe to sign a convention aimed at setting up a commission that will adjudicate compensation claims against russia for its war on Ukraine”

#cdnpoli #ukraine #canada

www.theglobeandmail.com/politics/art...",,,,1,1,4,0,2026-05-12T13:34:01Z,NA,NA,NA,,,,,
at://did:plc:abt5tpb7lqr7vopkrkwfswwq/app.bsky.feed.post/3mlnvksxusi2j,bafyreicwgfxh7hfzuvycmmxyofwqwodxgvoruyprzzy6xfsl36garvkjnq,canadareport.org,Canada Report,"Affirm works with Google to make AI shopping payments clear and simple

Canada’s fastest news scan: 25+ headlines, no clutter, updated all day: CanadaReport.org

#cdnpoli #Canada #News #Business #Economy 
Read Original Article 🔗",,,,0,0,0,0,2026-05-12T13:31:31Z,NA,NA,NA,,,,,
at://did:plc:rgpo7lqq3gpbkutkmvagoy3m/app.bsky.feed.post/3mlnvfsryzk2n,bafyreialkntk6gqs2wixzlnvb7dnmpmfjfaxklons6jwwaturknigjo554,thaipham.bsky.social,Thái Phạm,"So… how long until the republican party of alberta and the centurion project organisers are prosecuted? Also, i just learned the leader of the former is a dual us-can citizen, a former usa-marine, and former staffer for the ucp. It’s really hard not to paint a broad stroke of separatists.
#cdnpoli",,,,0,1,3,0,2026-05-12T13:28:43Z,NA,NA,NA,,,,,
at://did:plc:oqxoq7btbkztewuzmallzuvo/app.bsky.feed.post/3mlnvcpxkrs2m,bafyreicfkwafpbptyqunqaf54zpnodtqddtnufcd6mlgfryaehhnhdbhl4,lukaszukab.bsky.social,Hon. Thomas A. Lukaszuk,"Former Supreme Court justice & Elections Alberta confirm:

”No referendum required: Pro-Canada petition can be voted on by Alberta MLAs, committee hears”

Why are MLAs so scared to publicly declare whether they’re proud Canadians, or separatists?

#ableg #cdnpoli

edmontonjournal.com/news/politic...",,,,10,105,191,7,2026-05-12T13:27:03Z,NA,NA,NA,,,,,
at://did:plc:5hma2vzdervbigdd7gmfg6ph/app.bsky.feed.post/3mlnv7ajijk2j,bafyreict7zbgwekq2y43jt4filzsa4efrmvf3u2ny4znblowhkmmx2qkwe,ellenteapot.ca,ellen teapot 🇨🇦🏳️‍⚧️,weren’t you in cabinet for like six years #cdnpoli,,,,0,1,7,0,2026-05-12T13:25:04Z,NA,NA,at://did:plc:4g5jp4ev7p6duqaniisjtubs/app.bsky.feed.post/3mlnt2ofegs2d,,,,,
at://did:plc:rsvzkqxa2xdojwmjljqzs4ik/app.bsky.feed.post/3mlnuzql4nk27,bafyreigu24gtvkvlnrfw3zwcqqvidyghwuyahsag46umnumnldltbrzzoy,thebreakdownab.bsky.social,The Breakdown AB,"“The centurion project will fully comply!”

“The centurion project refuses to comply!”

A story in two pictures…

#abpoli #ableg #cdnpoli",,,,11,56,130,2,2026-05-12T13:22:05Z,NA,NA,NA,,,,,
at://did:plc:53ujb6cpbho7cmhqpwtjmag4/app.bsky.feed.post/3mlnurqylr22z,bafyreibvsjidf5c3j6ioncto7jkv43i6asmkhzqiuezzjfo4jxtnqknfke,ladyjan.bsky.social,Lady Jan,"Gas prices outrageous, oil prices volatile, more data about the effects of climate change, reports showing the need for clean energy…. THEE perfect time to promote EVs, hybrids, wind & solar energy, gain public support to switch. 
But we won’t b/c change is scary. #cdnpoli #BeBrave #Fearless",,,,0,1,2,0,2026-05-12T13:17:30Z,NA,NA,at://did:plc:4g5jp4ev7p6duqaniisjtubs/app.bsky.feed.post/3mlnsf2cp3c2d,,,,,
at://did:plc:5zpfbv6bahpac6xgbp3uj657/app.bsky.feed.post/3mlnuemcink27,bafyreiat5kvosxo7jon5oig6dz5i7g3gnx2q3vqj7e3lb3onayi5v3fjsa,youcaughtscott.com,🔫Scott Martin🛼,"NEW: The @nytimes.com Canada bureau chief published an article on Carney’s majority that contained a fake Poilievre quote generated by AI. @michellecyca.com joins me to discuss this blunder, AI in news media, and what a disaster for reporting this has been. #cdnnews #cdnpoli",,,,2,15,43,5,2026-05-12T13:10:09Z,NA,NA,NA,,,,,
at://did:plc:istu2catmtwuynu7jlh6buzl/app.bsky.feed.post/3mlnu5pmwwc2y,bafyreifi2c6xy4srt4ju4g7c7iqfbgwdvrvfk6uezg5xkyukncknx45l4q,elcanaco.bsky.social,elcanaco.bsky.social,"I don't know how the court system works in the US, so I don't want to comment on this in particular...

But here in Canada, court rulings in one province are persuasive for judges across Canada.

Which is why Danielle Smith's judicial meddling should scare the hell out of Canadians.

#cdnpoli",,,,0,2,3,0,2026-05-12T13:06:18Z,NA,NA,at://did:plc:sefgphqp2xqwh2hawaixykwz/app.bsky.feed.post/3mlmjfaqujk2t,,,,,
at://did:plc:gva6uzmzlyxlecg7jlzozzfs/app.bsky.feed.post/3mlntwrbeok2f,bafyreifcc5lhzes5c7ijssogtd2drvq3q6s3cz73hda6y7zbaxd32llupm,jamiemackinnon.bsky.social,Jamie MacKinnon🇨🇦,"www.ctvnews.ca/business/art...

#Ontario and #Quebec are frequently cited as being the most protectionist provinces with regard to alcohol. NB and NL are also hostile to beer & wine from other provinces.

#cdnpoli",,,,0,0,1,0,2026-05-12T13:02:26Z,NA,NA,NA,,,,,
at://did:plc:abt5tpb7lqr7vopkrkwfswwq/app.bsky.feed.post/3mlntv6kxrm2j,bafyreihbzbbs6aoosp2d56sqkzb7e42uuqmplznbqi6flsxxvtze2lse4a,canadareport.org,Canada Report,"Surpoids | Gare à la rigidité alimentaire, dit une chercheuse

Canada’s fastest news scan: 25+ headlines, no clutter, updated all day: CanadaReport.org

#cdnpoli #Canada #News 
Read Original Article 🔗",,,,0,0,0,0,2026-05-12T13:01:32Z,NA,NA,NA,,,,,
at://did:plc:k6a35s56ijvrb4zjkq4ojll5/app.bsky.feed.post/3mlnttfgvka2l,bafyreicgjmjuq6yivljotpow4h4bodaffokwjzvcui277l4u6qgzdfojke,toptags.bsky.social,Trending Hashtags,"🚀 BlueSky trending hashtags (15m) #16-30:

#starfox #nsfwbsky #porn #photo #furrynsfw #eck #aiart #ocart #cdnpoli #aiイラスト #bigdick #realnsfw #maga #青空ごはん部 #cumex

👇 #1-15 trending hashtags",,,,0,0,1,0,2026-05-12T13:00:32Z,NA,NA,at://did:plc:z22iojvb45xno3nblfy6fcwg/app.bsky.feed.post/3mlnttf56ot2e,,,,,
at://did:plc:fo6wpgp6wp3ptllfxvth7svj/app.bsky.feed.post/3mlnts6d7wk2q,bafyreiaztnnsfx4bhrzmasx5ufm7oitqjipgyy4q7tri2v4klpdnur67k4,thegentyyc.bsky.social,TheGentYYC,#cdnpoli #MarkCarney,,,,0,0,1,0,2026-05-12T12:59:50Z,NA,NA,at://did:plc:mwagtmvsxuqlgte5iqk3fndm/app.bsky.feed.post/3mlmlcnylqs24,,,,,
at://did:plc:4jhds6khpgmfkova5vetcm5h/app.bsky.feed.post/3mlntp5wxnc22,bafyreibmjbpgb2xnduzvlzmsyimkyjuc3h5rzxhpbpswcjxtkcllgplvwa,drunkondespair.bsky.social,NA,"#Gaza, #Lebanon, #Syria, #Iran, the #WestBank, the genocide regime deliberately targets women and children. Another #MarkCarney shared value. #cdnpoli

t.me/thecradlemed...",,,,0,0,0,0,2026-05-12T12:58:08Z,NA,NA,NA,,,,,
at://did:plc:prhg7e4i6rmbpzhxgb4vdc36/app.bsky.feed.post/3mlntgwkugc2v,bafyreidrwqpuuhqtkt6h5pzmjcguubebsyx3jjyfqa54pe3xwelwjmpz34,solarab.bsky.social,Tom Moffatt,"Billions could be added to Canada’s GDP if barrier fees imposed by provinces on Canadian wineries are removed #cdnpoli #wine 🍷 

www.ctvnews.ca/business/art...",,,,1,3,8,1,2026-05-12T12:53:35Z,NA,NA,NA,,,,,
at://did:plc:go6lnimas6bzfthjvcaulmya/app.bsky.feed.post/3mlnt7nghys2e,bafyreie2nc24survxabh5ychzrq76hzgrfbzyizrz2cgcsyhf3au3qbruu,jbnewt.bsky.social,Jackson Newt,A Chinese Agent dressed up as a California Mayor . Hmm 🤔 but I am sure we don’t have these in #Canada do we ? Care to comment @mark-carney.bsky.social #Liberal #cdnpoli #USA #Canada #Chinese #Ottawa,,,,0,0,1,0,2026-05-12T12:49:25Z,NA,NA,NA,,,,,
at://did:plc:67mpqdmuvarollmm2lqcz6ac/app.bsky.feed.post/3mlnt7emcpc26,bafyreibigwbqssdr7f36fp7qdcaynkamsw5y7hmiqndrl2276lf2kan33q,coldcollective.bsky.social,4restKC,"Leopard eating your own face kinda thing but good call! 

Police unions are there to protect police and fuucking suck.

#cdnpoli",,,,0,0,0,0,2026-05-12T12:49:19Z,NA,NA,NA,,,,,
at://did:plc:4ownlsrdmnvwgzmcdi2bof6s/app.bsky.feed.post/3mlnt4dqmbk2k,bafyreibhwwbbotqvvgwpebfjro3ni3qyvflumaaitmno2gc2bbw73gffgm,peipolitical.bsky.social,PEIPolitical 🇨🇦,PCs at Queens Park refuse to address rumours that the Gravy Plane (Air Ford One) was *not* sold by Ford's government. #cdnpoli,,,,4,15,26,1,2026-05-12T12:47:39Z,NA,NA,NA,,,,,
at://did:plc:k6a35s56ijvrb4zjkq4ojll5/app.bsky.feed.post/3mlnsy4nuey2g,bafyreibmokyhce5364cnnbepfrxu7llwo7qkccnaqdsjza33qzoicihyxy,toptags.bsky.social,Trending Hashtags,"🚀 BlueSky trending hashtags (15m) #16-30:

#furry #oc #青空ごはん部 #gay #nude #horny #spicysky #linedup #realnsfw #18+ #tits #cdnpoli #goonsky #musicchallenge #boobs

👇 #1-15 trending hashtags",,,,0,0,1,0,2026-05-12T12:45:16Z,NA,NA,at://did:plc:z22iojvb45xno3nblfy6fcwg/app.bsky.feed.post/3mlnsy4j25m2m,,,,,
at://did:plc:dcwpqenn6hnutxjctcacbf5v/app.bsky.feed.post/3mlnsv4hxxk25,bafyreicl2k7bxpxyxv5bzdyzudg66lq6tces364lgm5mxo3l2uuamf7754,idontrememoir.bsky.social,Claire Elyse Brosseau,Today in the Globe and Mail. Pay attention @mark-carney.bsky.social @liberalca.bsky.social These are facts. #MAID MI-SUMC #EqualRights #CdnPoli #Canada,,,,1,0,3,0,2026-05-12T12:43:36Z,NA,NA,NA,,,,,
at://did:plc:tyg2ztzq6goz3zgebqa7sjz3/app.bsky.feed.post/3mlnsuyq7d5b2,bafyreidpg2fxh2glm3fa3fy2rbjdku7bhmhd6hfym3aullfljabjqlb37q,mpjgregoire.cosocial.ca.ap.brid.gy,M. Grégoire,"This is just an excellent video, back-to-back clips of PM #MarkCarney saying opposite things about co-operation with the US: https://youtube.com/shorts/nT3pckfmQeU?si=VeUIu4GbSODZBXWF

""Which is it, Prime Minister?""

#CanPol #cdnpoli #TrumpTariffs",,,,1,0,0,0,2026-05-12T12:47:33Z,NA,NA,NA,,,,,
at://did:plc:4ownlsrdmnvwgzmcdi2bof6s/app.bsky.feed.post/3mlnspltxpc2k,bafyreihnnz3u7j5o53oxas3cxt7sksvmugcbymmpuncacxjbcpiqwskjjy,peipolitical.bsky.social,PEIPolitical 🇨🇦,"Canada is fast-tracking citizenship certificates for trans Americans. Users identifying themselves as trans Americans have reported having their applications processed in as little as 2 weeks, under the urgent processing criteria established by Canada’s IRCC.
#cdnpoli www.cicnews.com/2026/05/cana...",,,,4,28,60,3,2026-05-12T12:40:33Z,NA,NA,NA,,,,,
at://did:plc:rsvzkqxa2xdojwmjljqzs4ik/app.bsky.feed.post/3mlnsoycmxk24,bafyreihle3z6mfidzmkf2duuizeuh344bfbbudshppemercb364becin2y,thebreakdownab.bsky.social,The Breakdown AB,"Remember when protestors were steamrolled the U of C?

#abpoli #ableg #cdnpoli",,,,2,19,64,0,2026-05-12T12:40:09Z,NA,NA,at://did:plc:kc6fpuqftg7lvxz3xmjwsmcg/app.bsky.feed.post/3mllaiayl3s2c,,,,,
at://did:plc:rsvzkqxa2xdojwmjljqzs4ik/app.bsky.feed.post/3mlnsnesrjc24,bafyreiflmh44jlad7yihyapztwa237dxv353tofeipgqvgm4agjyhabs54,thebreakdownab.bsky.social,The Breakdown AB,"“Alberta’s chief electoral officer says the province’s list of electors shouldn’t be shared with any political parties until the legislature makes changes to better protect Albertans’ personal information.”

#abpoli #ableg #cdnpoli 

www.cbc.ca/news/canada/...",,,,14,77,171,6,2026-05-12T12:39:17Z,NA,NA,NA,,,,,
at://did:plc:h3y7rhw6ao6nk5mmuskplxco/app.bsky.feed.post/3mlnsjgkocs2b,bafyreibwx2itqfay23jerqzqqookri4tizpbft6ypdefs2uhppjuednn7i,brainiackim.bsky.social,Brainiac Kim 🇨🇦,Avoid #scam airline #WestJet www.cbc.ca/news/gopubli... #cdnpoli,,,,0,0,1,0,2026-05-12T12:37:04Z,NA,NA,NA,,,,,
at://did:plc:643nfj64adt3sd6lil4l4eqt/app.bsky.feed.post/3mlnsetbd622q,bafyreie427yjevwqlky7vzd5iprzcnimhorey4labt7htmkjsyg4j5pyra,deanbeeby.bsky.social,Dean Beeby,"More public servants needed to administer military mobilization plan: access-to-info documents. 
By David Pugliese ""The docs were obtained by independent researcher Jérôme Roy ... Additional records were obtained by the Ottawa Citizen.""
ca.news.yahoo.com/more-public-... #cdnfoi #cdnpoli",,,,0,1,0,0,2026-05-12T12:34:57Z,NA,NA,NA,,,,,
at://did:plc:abt5tpb7lqr7vopkrkwfswwq/app.bsky.feed.post/3mlns7fbfue2b,bafyreih3zed2kxvx6gkpxbv2jnklvgjl4z2zh7o54anlx72drxxrxeazvq,canadareport.org,Canada Report,"Client Command® Appoints Automotive Industry Veteran Wally Burchfield as Chief Revenue Officer

Canada’s fastest news scan: 25+ headlines, no clutter, updated all day: CanadaReport.org

#cdnpoli #Canada #News #Business #Economy 
Read Original Article 🔗",,,,0,0,0,0,2026-05-12T12:31:26Z,NA,NA,NA,,,,,
at://did:plc:2wxkdwpu5v66xkue5ti62y6u/app.bsky.feed.post/3mlns6oik3s2e,bafyreibtagchtyt43pqkhg63jpo6qcf4eb47slfmndqqgvhxf2orqya4de,senatorpaulasimons.bsky.social,Senator Paula Simons 🇨🇦,"A terrific, timely read from my friend and colleague @colindeacon.bsky.social on the true value of an independent Senate. Let’s not default to partisan games, and throw out 10 years of reform. @csg-gsc.bsky.social #cdnpoli #abpoli #SenateofCanada #Canada #C4",,,,2,10,28,1,2026-05-12T12:31:03Z,NA,NA,at://did:plc:ypbo2mq6dqcct43gt2sam6el/app.bsky.feed.post/3mlmekagu3p2g,,,,,
at://did:plc:pedpziwws5vkocuq76mokn7c/app.bsky.feed.post/3mlnryilsn22d,bafyreicphsxkflntb62b5imrw5ba5nks7a6bdhaaemjeizy4s2wiq4l4fi,deepgreendesign.bsky.social,Deep Green Design,"Ukraine is winning.

Russia is losing, even with the help from Republicans.

Two stuperpowers run by losers.

#StandWithUkraine #CdnPoli",,,,0,0,2,0,2026-05-12T12:27:38Z,NA,NA,NA,,,,,
at://did:plc:67mpqdmuvarollmm2lqcz6ac/app.bsky.feed.post/3mlnrpdgjhk26,bafyreigou7h7j65codtrudq6mrticd2amy7xn2dkfeqiduteuertqanedq,coldcollective.bsky.social,4restKC,"""affidavit shows that the Chinese nationals may have been forced to return to their homeland against their will to face punishment for alleged financial crimes.""

Hm, and I should be mad why?

The west only cares what you do to the rich and corrupt.

#cdnpoli #abpoli #bcpoli",,,,0,3,3,0,2026-05-12T12:22:27Z,NA,NA,NA,,,,,
at://did:plc:sywtwkbhpdibiprqvv7epcto/app.bsky.feed.post/3mlnr5pljic23,bafyreidlx2m6ehdrxi4pea3hticzumofc2ev5diqm52jbonk7uxy5ewqxi,elliott4mp.bsky.social,"Derek Elliott, Libertarian","Ottawa is Steamrolling Farmers: The Fight for Property Rights in Ontario
#cdnpoli #libertarian #canada #politics 
youtube.com/shorts/UFdPs...",,,,0,0,0,0,2026-05-12T12:12:35Z,NA,NA,NA,,,,,
at://did:plc:abt5tpb7lqr7vopkrkwfswwq/app.bsky.feed.post/3mlnqkxlkdn27,bafyreifx6us5qizpkk2gj6gyl4ed6txbqbsfy657zfk2zotbovuigfw5tm,canadareport.org,Canada Report,"Three European tech founders on why they chose Canada for North American expansion

Canada’s fastest news scan: 25+ headlines, no clutter, updated all day: CanadaReport.org

#cdnpoli #Canada #News #Tech #AI 
Read Original Article 🔗",,,,0,0,0,0,2026-05-12T12:02:07Z,NA,NA,NA,,,,,
at://did:plc:uwyjaw6tjlw4d6qvwbzdvpew/app.bsky.feed.post/3mlnqhgzt6s2h,bafyreifo6qwesuoebgxu4vyjr4l7z7v67dqxh4mczbpotg26qefkmh3qza,tomboymillennial.bsky.social,👁️‍🗨️ jean jacquet,"Enough. Enough. ENOUGH! 🤬😤

It is inexcusable to deny care in Canada based on the demented policies of a bigoted pos in the USA.

#cdnpoli #transrights",,,,0,2,1,0,2026-05-12T12:00:10Z,NA,NA,NA,,,,,
at://did:plc:67mpqdmuvarollmm2lqcz6ac/app.bsky.feed.post/3mlnqhg6fb226,bafyreigejityzvx3htazpp6okrv6thf3tnhbizdabu3zcabovkpbq43ygq,coldcollective.bsky.social,4restKC,"Spare me your crocodile tear outrage.

I look at the material conditions of people before passing judgement of their government. As far as I can see, we ain't got shit in China.  

#cdnpoli #abpoli",,,,0,0,0,0,2026-05-12T12:00:06Z,at://did:plc:67mpqdmuvarollmm2lqcz6ac/app.bsky.feed.post/3mlnqhg5xlk26,at://did:plc:67mpqdmuvarollmm2lqcz6ac/app.bsky.feed.post/3mlnqhg5xlk26,NA,,,,,
at://did:plc:4ownlsrdmnvwgzmcdi2bof6s/app.bsky.feed.post/3mlnqgg5jec2k,bafyreifxg7p3xndxwipyrhe4w6y45qgtwdzkjqu644ub4uzq6zlxsgq2c4,peipolitical.bsky.social,PEIPolitical 🇨🇦,"MAGA Pastor Robert Jeffress said Trump “Has a better understanding of what the Bible teaches than the Pope""
#cdnpoli",,,,12,5,5,3,2026-05-12T11:59:35Z,NA,NA,NA,,,,,
at://did:plc:4ownlsrdmnvwgzmcdi2bof6s/app.bsky.feed.post/3mlnqabit5k2k,bafyreigvjrgxsbucuaylmehzabncinvlxzpctd4y4bv2mwddu3rmrorauu,peipolitical.bsky.social,PEIPolitical 🇨🇦,"Smith revealed that multiple UCP staffers knew about the separatist data breach and none of them saw anything wrong with it.
“It was just regular oversight of a regular opposition meeting” #cdnpoli",,,,2,9,11,0,2026-05-12T11:56:09Z,NA,NA,NA,,,,,
at://did:plc:wgvcfkmtup6ngm2or3l5afqf/app.bsky.feed.post/3mlnq6kam5c2x,bafyreibgto7hd4c7orsvrqsfabfmtq66dggpahq544lnmw35vjihpxo35u,jerrymacgp.bsky.social,jerrymacgp,"Sir: I heard you on West of Centre, and you made a misstatement about that tickbox on tax forms. That only applies to the federal electors' list maintained by Elections Canada. Elections Alberta maintains its own, separate list of electors.
#CdnPoli #ABPoli #ABLeg",,,,0,0,1,0,2026-05-12T11:55:11Z,at://did:plc:zx22gibu7dgptgazrbteulkl/app.bsky.feed.post/3mldxmo32xc2b,at://did:plc:zx22gibu7dgptgazrbteulkl/app.bsky.feed.post/3mldxmo32xc2b,NA,,,,,
at://did:plc:deej5pakczvmljahhvrridlp/app.bsky.feed.post/3mlnpwwjqo22b,bafyreifxy23pzzj67ydq2a3fvjfcaa6ygpwhvcdycmjxvon5laz3oqht3i,pat112.bsky.social,Pat,"'It has been devastating,' U.S. spirits group says about Canadian alcohol boycotts

Excellent news, thoughts,  prayers, & hope you will fix the White House fountain of hate & misery  causing this ~ Signed Unneeded One  

#Cdnpoli #Uspoli #Economy #BoycottUSA

www.cbc.ca/news/canada/...",,,,0,0,5,0,2026-05-12T11:51:00Z,NA,NA,NA,,,,,
at://did:plc:deej5pakczvmljahhvrridlp/app.bsky.feed.post/3mlnp6c2szc2b,bafyreihntaa55lbeqv6r3kwdj2am3eff7numbg4s35tufl3nyly7pmuqsa,pat112.bsky.social,Pat,"If your one of the Canadians that wanted PM Trudeau to go then complaining about Carney not being progressive enough is a reflection on you  and your decisions, and , is far  too late now 

#Cdnpoli",,,,0,0,3,1,2026-05-12T11:37:08Z,NA,NA,NA,,,,,
at://did:plc:4ownlsrdmnvwgzmcdi2bof6s/app.bsky.feed.post/3mlnp2blcns24,bafyreidczl2vz35cj6bxztefh34xlr337j3y56bhu7gdw6l4vvjzvnf6xa,peipolitical.bsky.social,PEIPolitical 🇨🇦,??? #cdnpoli,,,,4,4,6,2,2026-05-12T11:34:56Z,NA,NA,NA,,,,,
at://did:plc:deej5pakczvmljahhvrridlp/app.bsky.feed.post/3mlnoybswo22b,bafyreiho5ekmhkixnrcs7o7c4xodg3mqxc4o7xoaqyoaviamowjrn4ot7i,pat112.bsky.social,Pat,"The Cannabis- disposable income - index, indicates Canada is doing well economically  .

Nova Scotia -Up to  to $127.1 million annually Mar 2025, a 5% increase 

Canada  Up to $5.5 billion annually Mar 2025, a 6.1% Increase.

#Cdnpoli #Economy",,,,0,0,2,0,2026-05-12T11:33:47Z,NA,NA,NA,,,,,
at://did:plc:abt5tpb7lqr7vopkrkwfswwq/app.bsky.feed.post/3mlnou6wjkf2p,bafyreighfj5q2eqqj3gj7qfxpp2akyaedtluh7xdqeuzi63liowmgjo2li,canadareport.org,Canada Report,"Loblaw Releases 2025 Live Life Well® Report Highlighting Progress in Sustainability, Community Support, and Social Im...

Canada’s fastest news scan: 25+ headlines, no clutter, updated all day: CanadaReport.org

#cdnpoli #Canada #News #Business #Economy 
Read Original Article 🔗",,,,0,0,0,0,2026-05-12T11:31:30Z,NA,NA,NA,,,,,
at://did:plc:4ownlsrdmnvwgzmcdi2bof6s/app.bsky.feed.post/3mlnoq3453k24,bafyreidwowbha4abj7iyavnnk5tszmh5m2vyocelmao5beocvhpmx6g7ui,peipolitical.bsky.social,PEIPolitical 🇨🇦,"This in an underpowered Province that can't even keep up with it's existing energy demands, threatening brown outs. 👇 $14M project for Charlottetown port will allow cruise ships to connect to P.E.I.'s energy grid. 
www.cbc.ca/news/canada/... #cdnpoli",,,,1,3,8,0,2026-05-12T11:29:14Z,NA,NA,NA,,,,,
at://did:plc:fuu6bocgrf4aonbnu7wkdsy7/app.bsky.feed.post/3mlnop2h2pc2g,bafyreift25duunp42xplkf2fbtt2tdiqc4d2ljprpbsewvwact5evpzpny,theubiquitousj-man.bsky.social,The Ubiquitous J-Man,"🤷🏼‍♂️

#CdnPoli 🇨🇦
#USpoli
#CanadaStrong 🍁
#ElbowsUp 💪🏼",,,,0,0,3,0,2026-05-12T11:28:37Z,at://did:plc:e3uwo6d5sg6x3rolvj6v7bwp/app.bsky.feed.post/3mlnl6535wk2k,at://did:plc:e3uwo6d5sg6x3rolvj6v7bwp/app.bsky.feed.post/3mlnl6535wk2k,NA,,,,,
at://did:plc:deej5pakczvmljahhvrridlp/app.bsky.feed.post/3mlnok4ybik2b,bafyreiculyeomqay6r3zqramrm3gvdjlrmvizujuaccxoxtelxzn7lmp7u,pat112.bsky.social,Pat,"Boys are falling behind in school, and some experts say it starts in kindergarten

I do find it puzzlinmg that somethng with so many experts & such an increase in resources seems to be birthing nothing but problems.  School was always boring, a pain  

#Cdnpoli #Education 
www.cbc.ca/news/canada/...",,,,0,0,1,0,2026-05-12T11:25:53Z,NA,NA,NA,,,,,
at://did:plc:nbo7sbdaqftjent7gndejypz/app.bsky.feed.post/3mlnoal5mnc2a,bafyreieptpqabhlhg7a6ohwlwv6nwy55hssil3grpuyhz5ubxco4scap2m,lauraba.bsky.social,Laura,"Carney also just announced $3.8B for nature protection alongside the fast-track legislation. 

Build fast. Build accountably. 

Those two things can coexist, and Canada needs both right now, not one in 2034.

#cdnpoli",,,,1,0,2,0,2026-05-12T11:20:31Z,at://did:plc:o6efcxeemtroyo6jfworilno/app.bsky.feed.post/3mlnjtmmrds26,at://did:plc:o6efcxeemtroyo6jfworilno/app.bsky.feed.post/3mlnjtmmrds26,NA,,,,,
at://did:plc:abt5tpb7lqr7vopkrkwfswwq/app.bsky.feed.post/3mlnncs4aze2z,bafyreihkvpmi2dnwqr7iq562hvhmpupmz53l7v6cdosnq34a5xuumlywzq,canadareport.org,Canada Report,"🇨🇦 Morning Briefing — May 12  
Canada's tech landscape is evolving with new AI regulations and investments.  
• New bill targets AI-generated deepfakes.  
• Ontario invests $5M ...

Read: canadareport.org/briefing-2026-05-12-morning.html
#cdnpoli",,,,0,0,0,0,2026-05-12T11:03:52Z,NA,NA,NA,,,,,
at://did:plc:lin2g3h6fvle3fdrs5nqmkiy/app.bsky.feed.post/3mlnnbsnmpk2q,bafyreifumq33nouiuywj3hhjqthqsdevjfpv3x3b2zy374jbwpcjmcpga4,canadiancontent.bsky.social,Not That Kind Of Canadian,"I don't know what to say.

You are telling me people are afraid of the separatists.

Leaving them to their own devices is NOT the way to fix the issue.

AB is in way worse shape than I thought.

#cdnpoli",,,,1,0,1,0,2026-05-12T11:03:20Z,at://did:plc:7kx3n2axsjesslqcry4q53ws/app.bsky.feed.post/3mlmwu7a5qk25,at://did:plc:rsvzkqxa2xdojwmjljqzs4ik/app.bsky.feed.post/3mlldfzkhec24,NA,,,,,
at://did:plc:f2bzy7mezkpjkj55e2jae4ja/app.bsky.feed.post/3mlnn7b23es2q,bafyreic4n2oebobrfcni6zoufbvnqntugmixujg7xljwkm26upj3rp52wi,davidsquared.bsky.social,David Davidson,"we need a certain amount of data center capacity with no dependencies on US tech. And i know the new Telus CTO , he is incredibly capable and will do this right. i'm all for burning the other DCs to the ground, but we need this specific initiative #cdnpoli",,,,0,0,1,0,2026-05-12T11:01:54Z,at://did:plc:kx375dszrbvqtu7o4xxxmojn/app.bsky.feed.post/3mlmrrryvrs2o,at://did:plc:kx375dszrbvqtu7o4xxxmojn/app.bsky.feed.post/3mlmrrryvrs2o,NA,,,,,
at://did:plc:rlcoxketrj26yu5hgn3izwaz/app.bsky.feed.post/3mlnmepu5x22d,bafyreihxembrbaba6oq7bvdev6q6byaegzsi6fnvssxtag7tepbqybipcy,janfromthebruce.bsky.social,JanFromTheBruce 🍁,"Every day I am going to post this (permission from Del Schilling).

Will you join me?

Over 5700+ Missing & Murdered Indigenous Women & Girls

#MMIWG #cdnpoli",,,,0,5,6,0,2026-05-12T10:47:04Z,NA,NA,NA,,,,,
at://did:plc:bqvcoxdpr4lp3qmq5cng2w4i/app.bsky.feed.post/3mlnlyazlm225,bafyreihlcynqq3nclt4votuxjxnwxl7ewwe6i4s264v5j4pzdnjtzg2soq,ogcanada.bsky.social,Unapologetic Lee 🇨🇦,"Without regulation on power use and water supply protection, you will lose a lot of us. 
I’ll vote NDP. #datacentre #cdnpoli",,,,0,0,2,0,2026-05-12T10:40:05Z,at://did:plc:kx375dszrbvqtu7o4xxxmojn/app.bsky.feed.post/3mlmrrryvrs2o,at://did:plc:kx375dszrbvqtu7o4xxxmojn/app.bsky.feed.post/3mlmrrryvrs2o,NA,,,,,
at://did:plc:2rsctfhevbiuyhwmglfyun5r/app.bsky.feed.post/3mlnln6apmc2v,bafyreifesog24sx5uhyt7vjmd2s4xbmnstq3o6hydkz7p5vqi3mtys6q7q,antonpnym.bsky.social,Anton P. Nym (aka Steve),I hate management by fad. I *despise* governance by fad. (Imagine if PM Trudeau had committed his government to supporting NFTs?) #CdnPoli,,,,1,0,3,1,2026-05-12T10:32:51Z,NA,NA,at://did:plc:kx375dszrbvqtu7o4xxxmojn/app.bsky.feed.post/3mlmrrryvrs2o,,,,,
at://did:plc:ypbo2mq6dqcct43gt2sam6el/app.bsky.feed.post/3mlnllwtkaz22,bafyreiavxxw6e2wpqyg3fk4qrtnoifwkj4fu2x64u5er5j7bnubpxct3ei,ipolitics.bsky.social,iPolitics,MP calls on Canadians to fill out census as some express privacy concerns #cdnpoli #ipolitics,,,,0,0,0,0,2026-05-12T10:33:11Z,NA,NA,NA,,,,,
at://did:plc:4ownlsrdmnvwgzmcdi2bof6s/app.bsky.feed.post/3mlnll2wyo224,bafyreifa3tqkqxs4i6vblhel4rpbnab3p3gdon6lpyemxwrsupq2dl6n4a,peipolitical.bsky.social,PEIPolitical 🇨🇦,"Trump: “I mean, every person around is going to have autism. That's what's happening… So I think it's a very important thing to mention. I mentioned it all the time, having to do with other subjects and then bringing autism. Anything having to do with medical, I always bring in autism.” #cdnpoli",,,,5,15,25,4,2026-05-12T10:32:43Z,NA,NA,NA,,,,,
at://did:plc:bqvcoxdpr4lp3qmq5cng2w4i/app.bsky.feed.post/3mlnlkwwxyc25,bafyreiduf5d3vyjku6rcq2gfmurqmq47fgmh6l5ckrp4expdpzowsn5g5u,ogcanada.bsky.social,Unapologetic Lee 🇨🇦,"Unless you demand protection for our most valuable resource, this is what we are in for with data centres. bsky.app/profile/rbre... #cdnpoli",,,,0,0,0,0,2026-05-12T10:32:38Z,at://did:plc:kx375dszrbvqtu7o4xxxmojn/app.bsky.feed.post/3mlmrrryvrs2o,at://did:plc:kx375dszrbvqtu7o4xxxmojn/app.bsky.feed.post/3mlmrrryvrs2o,at://did:plc:4u3hwe3p7oy3hoy3amlw7rp2/app.bsky.feed.post/3mlmblapb4y2y,,,,,
at://did:plc:abt5tpb7lqr7vopkrkwfswwq/app.bsky.feed.post/3mlnlird7gt2d,bafyreiejwehn7h73gywbicnqpuay7ivknwh7kzp3bijpihtolmp5k75csa,canadareport.org,Canada Report,"Organigram Reports Second Quarter Fiscal 2026 Results

Canada’s fastest news scan: 25+ headlines, no clutter, updated all day: CanadaReport.org

#cdnpoli #Canada #News #Business #Economy 
Read Original Article 🔗",,,,0,0,0,0,2026-05-12T10:31:25Z,NA,NA,NA,,,,,
at://did:plc:4ownlsrdmnvwgzmcdi2bof6s/app.bsky.feed.post/3mlnlhka2s224,bafyreihyishjwols4doo3yecp6waplyr5jttiii7cu7tdr55pqm3eciese,peipolitical.bsky.social,PEIPolitical 🇨🇦,"Trump: ""We've taken people that were dead. We had a person given the last rites -- gone, the kids are crying and everything -- and started them on this drug. And the person became better. It works."" #cdnpoli",,,,5,4,7,1,2026-05-12T10:30:44Z,NA,NA,NA,,,,,
at://did:plc:bqvcoxdpr4lp3qmq5cng2w4i/app.bsky.feed.post/3mlnlh4lj2s25,bafyreibkv7qazgqks5eft5o7s5zr2svnc2ukkvclkuq4ldhfkxj62zcqxu,ogcanada.bsky.social,Unapologetic Lee 🇨🇦,What are you doing to protect our water supplies? How are these centres being powered? Will you assure Canadian power bills will not increase because of private enterprise? #cdnpoli,,,,0,0,0,0,2026-05-12T10:30:30Z,at://did:plc:kx375dszrbvqtu7o4xxxmojn/app.bsky.feed.post/3mlmrrryvrs2o,at://did:plc:kx375dszrbvqtu7o4xxxmojn/app.bsky.feed.post/3mlmrrryvrs2o,NA,,,,,
at://did:plc:4ownlsrdmnvwgzmcdi2bof6s/app.bsky.feed.post/3mlnkhok2n224,bafyreicpshcdytcwwfncwutfippgz7n4cfagqa2rz3vf3nksh7j3x4w4te,peipolitical.bsky.social,PEIPolitical 🇨🇦,"Trump claims US forces intercepted 111 Iranian missiles flying at 3,000 mph.
He exposes the absurdity of his own propaganda, fabricating impossible military feats to hide his failures. #cdnpoli",,,,6,14,26,2,2026-05-12T10:12:57Z,NA,NA,NA,,,,,
at://did:plc:ypbo2mq6dqcct43gt2sam6el/app.bsky.feed.post/3mlnk3oqgqt2j,bafyreibdnmairiyozgzsq2i2vsr3moitzpnv2fdbtmi3js74azlwya652e,ipolitics.bsky.social,iPolitics,Champagne heads to New Brunswick to promote latest fiscal update #cdnpoli #ipolitics,,,,0,0,0,0,2026-05-12T10:06:12Z,NA,NA,NA,,,,,
at://did:plc:abt5tpb7lqr7vopkrkwfswwq/app.bsky.feed.post/3mlnjt73ne32t,bafyreiexis3arah43mdrdc3hudk6w57qcytwowaitb2ua6cony3cg6nxka,canadareport.org,Canada Report,"Moment Energy raises $40 million USD Series B to give used EV batteries new life

Canada’s fastest news scan: 25+ headlines, no clutter, updated all day: CanadaReport.org

#cdnpoli #Canada #News #Tech #AI 
Read Original Article 🔗",,,,0,0,0,0,2026-05-12T10:01:27Z,NA,NA,NA,,,,,
at://did:plc:ypbo2mq6dqcct43gt2sam6el/app.bsky.feed.post/3mlnjsrglht2j,bafyreiclx2uiz5gxf7d6fllfgas57zha6o4a2idki5gljiq4fcuhr2kax4,ipolitics.bsky.social,iPolitics,Now is the time for national action on bail reform #cdnpoli #ipolitics,,,,0,0,0,0,2026-05-12T10:01:13Z,NA,NA,NA,,,,,
at://did:plc:z22iojvb45xno3nblfy6fcwg/app.bsky.feed.post/3mlnjsfh6hm2a,bafyreiaprdfwm4yd5rr4wqgxfz5z3lykad6qbyt2zorfxagsuntahciggu,trendtags.bsky.social,Trending Tags (Beta),"🌟 BlueSky trending hashtags (1h):

#aiイラスト #photography #青空ごはん部 #aiart #nsfw #auspol #art #sexy #birds #gay #섹블 #oc #cock #birdoftheday #cdnpoli",,,,0,0,3,1,2026-05-12T10:01:01Z,NA,NA,NA,,,,,
at://did:plc:tyg2ztzq6goz3zgebqa7sjz3/app.bsky.feed.post/3mlnjnjknrqi2,bafyreibwic2fhhq6p6lsv2jvmc3ugnbx4mblnprjw26hfzb62p2wnj7ubi,mpjgregoire.cosocial.ca.ap.brid.gy,M. Grégoire,"#PaulWells ""Have we reached Peak Carney? Probably not, but I wanted to be the first to ask""

""I'm trying to figure out what Mark Carney thought he was doing at this year’s Global Progress Action Summit.""

https://paulwells.substack.com/p/dignified-efficient-and-whatever

#CanPol #cdnpoli #MarkCarney",,,,0,0,1,0,2026-05-12T09:58:24Z,NA,NA,NA,,,,,
at://did:plc:idnbt4e5lah6u3x5xyv6pqm2/app.bsky.feed.post/3mlnjf4ljks2u,bafyreicd3yk4dlvu52c672zhnujetbrpaidduebr2lzgtmykuqquacmtji,bernicecb.bsky.social,🇨🇦 Bernice Hillier 🇨🇦,"Filling out the census is mandatory, so refusing to do it can result in a fine of up to $500 for breaching the Statistics Act. However, StatsCan says May 12 is a reference date more than a deadline for Canadians to turn in their completed forms. #cdnpoli www.cbc.ca/news/politic...",,,,0,3,5,0,2026-05-12T09:53:38Z,NA,NA,NA,,,,,
at://did:plc:xfxzsqkyjwafy7x4lb5msd2y/app.bsky.feed.post/3mlnj3oulkk2s,bafyreialus2y5c6iwwrkgrvfld6yetojrg6d7ljmd3z54vyxvmf4cvgfvm,mythicaldragoness.bsky.social,MythicalDragoness 🇨🇦,"CPC  = USPC

The  Canadian PC party   =   US's  President's Choice  

#Cdnpoli",,,,0,0,0,0,2026-05-12T09:48:21Z,NA,NA,NA,,,,,
at://did:plc:kqqydztpv6lrkmynvlo7zsru/app.bsky.feed.post/3mlniyiz3ts2k,bafyreidawbodh2g5lulf5mbq5fioaubqqem3wkyh3skjrfa45l5ksqtrjq,kaicable.bsky.social,"Kai, a very old GenX 🇨🇦","Foreign Industry Groups Are Pushing to Kill BC Salmon Farm Ban.

Factory salmon farming has been plagued by massive fish die-offs, disease outbreaks and environmental disasters.

Canada’s policy to defend wild salmon should not be dictated by foreign industry. 

#bcpoli #cdnpoli 
shorturl.at/DQose",,,,0,7,10,0,2026-05-12T09:46:35Z,NA,NA,NA,,,,,
at://did:plc:xfxzsqkyjwafy7x4lb5msd2y/app.bsky.feed.post/3mlniw2mlf22s,bafyreifqtlbxnraxv7oow44zctaovszxpzrjecwz3acbpewh6ddagtlysm,mythicaldragoness.bsky.social,MythicalDragoness 🇨🇦,"  🍁  🙅  🍷 🍻 
Awww...he US  crying in their beer again.
FAFO !

It has been devastating,' U.S. spirits group says about Canadian alcohol boycotts
Distilled Spirits Council of the United States says global exports decreased in 2025 partly because of Canada
#Cdnpoli #USpoli  
www.cbc.ca/news/canada/...",,,,1,0,0,0,2026-05-12T09:45:14Z,NA,NA,NA,,,,,
at://did:plc:kqqydztpv6lrkmynvlo7zsru/app.bsky.feed.post/3mlniqrwoxk2k,bafyreihr2utbqj7khf6brgqxt5rlkyv2d7x5yh5hkqlb4pbtezchhjcj2i,kaicable.bsky.social,"Kai, a very old GenX 🇨🇦","The expansion of fish farming and industrial aquaculture comes at ecological, social, and climate costs that are often overlooked by neoliberal governments.

Mark Carney is looking at overturning the current fish farming ban.

#bcpoli #cdnpoli #canada

shorturl.at/UKFyI",,,,0,2,3,1,2026-05-12T09:42:19Z,NA,NA,NA,,,,,
at://did:plc:mwagtmvsxuqlgte5iqk3fndm/app.bsky.feed.post/3mlnidzgobk2x,bafyreicsls3hsofewhsonow7s6epvhucweh5l25nxdfh64u5ckuibujiru,lalegault.bsky.social,LA Legault ⚜️🤌🏻,"While Prime Minister @mark-carney.bsky.social was campaigning for the job we now employ him to do, he promised to strengthen social safety nets so Canadians could better deal with the rapidly changing landscape. He has not only broken that promise, he has reduced social safety nets. #cdnpoli",,,,0,12,26,0,2026-05-12T09:35:05Z,NA,NA,NA,,,,,
at://did:plc:abt5tpb7lqr7vopkrkwfswwq/app.bsky.feed.post/3mlni5hc42w2t,bafyreidzwalvyuhk7ifywmiorkumxsfvc3t3t7avejinbq6zlpfhchuny4,canadareport.org,Canada Report,"DutyFreeFood.com Opens Global Vendor & Investor Enrollment Ahead of Fall 2026 Launch of the World’s First Global Onli...

Canada’s fastest news scan: 25+ headlines, no clutter, updated all day: CanadaReport.org

#cdnpoli #Canada #News #Business #Economy 
Read Original Article 🔗",,,,0,0,0,0,2026-05-12T09:31:24Z,NA,NA,NA,,,,,
at://did:plc:k6a35s56ijvrb4zjkq4ojll5/app.bsky.feed.post/3mlni4qa4yg2k,bafyreicwrqxc7bfgjludqtdu6qu7g5uk7pwdckvb6onnwcojfdlmk6tv3q,toptags.bsky.social,Trending Hashtags,"🔥 BlueSky trending hashtags (30m) #16-30:

#auspol #boobs #birds #nature #cdnpoli #birdoftheday #stitchedjersey #cougar #eck #nipples #porn #furry #digitalart #青空ごはん部 #dick

👇 #1-15 trending hashtags",,,,0,0,1,0,2026-05-12T09:31:00Z,NA,NA,at://did:plc:z22iojvb45xno3nblfy6fcwg/app.bsky.feed.post/3mlni4ptfdn2s,,,,,
at://did:plc:4ownlsrdmnvwgzmcdi2bof6s/app.bsky.feed.post/3mlnhsyjlx22k,bafyreib4rofxb4hakrf2tezsj6ed2fjxzcyud4jf2fxz3ltltydygy64ja,peipolitical.bsky.social,PEIPolitical 🇨🇦,"RUBIO: ""Iran is violating every law by striking ships in the Hormuz..""
IRAN: ""US and Israel blew up 600 schools, killed over 1000 students in last 30 days. WAS THAT LEGAL?” #cdnpoli",,,,10,35,100,5,2026-05-12T09:25:34Z,NA,NA,NA,,,,,
at://did:plc:4ownlsrdmnvwgzmcdi2bof6s/app.bsky.feed.post/3mlnhpajfa22k,bafyreihfxhmwoyngkl42szy7qdd4x7deaqo3evcqkb43xhu77pw2lqkdz4,peipolitical.bsky.social,PEIPolitical 🇨🇦,"Netanyahu grabs a journalist's phone and openly threatens him, boasting he can easily paint anyone as a monster. #cdnpoli",,,,2,8,12,2,2026-05-12T09:23:28Z,NA,NA,NA,,,,,
at://did:plc:kqqydztpv6lrkmynvlo7zsru/app.bsky.feed.post/3mlnhib37ks2k,bafyreibuw52dg53x5tcqnuus7t4hxhrpxo572i2mobyfbqgpmdbybawmhu,kaicable.bsky.social,"Kai, a very old GenX 🇨🇦","Owners of Controversial Ostrich Farm Plan New Venture on Vancouver Island.

Local farmers are concerned about how they handled their previous avian flu outbreak.

Why are they allowed to continue to endanger other livestock and people?

#bcpoli #vanpoli #abpoli #cdnpoli #canada
shorturl.at/unNwS",,,,0,1,5,0,2026-05-12T09:19:36Z,NA,NA,NA,,,,,
at://did:plc:4ownlsrdmnvwgzmcdi2bof6s/app.bsky.feed.post/3mlnhhdaskc2k,bafyreigbb5awwv5pywm3xrsnb2cr7rdm6nuv3snqwnrpsnrazuughaa7ue,peipolitical.bsky.social,PEIPolitical 🇨🇦,Rod Stewart to King Charles III about Donald Trump: “May I say well done in the Americas. You were superb. Absolutely superb. You put that little rat bag in his place.” #cdnpoli,,,,3,27,68,1,2026-05-12T09:19:03Z,NA,NA,NA,,,,,
at://did:plc:z22iojvb45xno3nblfy6fcwg/app.bsky.feed.post/3mlnhbufnm62b,bafyreibuqdqjspt635moujc377deje34qlynjkcicpdjxzt2eclcn7y7hy,trendtags.bsky.social,Trending Tags (Beta),"🚀 BlueSky trending hashtags (15m):

#eqnz #aiイラスト #art #aiart #photography #sexy #oc #gay #nsfw #milf #auspol #gayporn #cdnpoli #섹블 #ai",,,,0,0,2,1,2026-05-12T09:15:58Z,NA,NA,NA,,,,,
at://did:plc:4ownlsrdmnvwgzmcdi2bof6s/app.bsky.feed.post/3mlnh7spyp22k,bafyreigyac5giq6rhwvofldpcy3p2qim747aan2qa622ljxkcjc2rtzqjy,peipolitical.bsky.social,PEIPolitical 🇨🇦,"MAGA Premier Smith asked if in light of the alleged voter data breach if she'd be comfortable sharing her address. 
""Nope."" #cdnpoli",,,,2,9,21,0,2026-05-12T09:14:50Z,NA,NA,NA,,,,,
at://did:plc:4ownlsrdmnvwgzmcdi2bof6s/app.bsky.feed.post/3mlnh4qfk6c2k,bafyreiefkub3lmbzzchpnag5w52gwsovpmljkdwfey4droqni6zyrmblui,peipolitical.bsky.social,PEIPolitical 🇨🇦,Trump: Drugs coming by sea meaning coming by water. A lot of people don’t know what I mean by sea. They think I mean vision. I’m talking about sea like the sea. #cdnpoli,,,,18,10,45,15,2026-05-12T09:13:07Z,NA,NA,NA,,,,,
at://did:plc:4ownlsrdmnvwgzmcdi2bof6s/app.bsky.feed.post/3mlngzlj3ms2k,bafyreich6ynh25xokxbmei4ntzs55svtwrsbo4h5u5cqdrapdz6qd6tvnq,peipolitical.bsky.social,PEIPolitical 🇨🇦,"Canada publicly rebuked the United States and Israel on the record:
“The United States and Israel acted without engaging the United Nations or consulting allies — including Canada.”
A NATO ally.
Calling this illegal under international law. #cdnpoli",,,,0,35,80,1,2026-05-12T09:11:21Z,NA,NA,NA,,,,,
at://did:plc:4ownlsrdmnvwgzmcdi2bof6s/app.bsky.feed.post/3mlngveg4o22k,bafyreieb56oqgcjnuzpt5dqun2llg4ae5k3c6qysjvurepilevl4kk37ju,peipolitical.bsky.social,PEIPolitical 🇨🇦,ZELENSKYY: We have also begun preparing such a Drone Deal with Canada. This is a very significant expansion of our security cooperation. #cdnpoli,,,,22,120,404,10,2026-05-12T09:08:59Z,NA,NA,NA,,,,,
at://did:plc:ig6dnt4tqgg7iwwtywx3bkvd/app.bsky.feed.post/3mlngro5q3c26,bafyreifkpv6p77rsxxpfzm5er4wdre7h5veu5l23pg3fsq6bvxfei36na4,robduncan.bsky.social,Rob Duncan,"RESEARCH ESTABLISHES THAT WEALTHIER PEOPLE ARE LESS ETHICAL

#auspol #USPOL #USA #us #uspoli #poli #politics #cdnpoli #canada #MeidasMighty #anticapitalist #capitalismkills #killCapitalism #capitalism #abolishcapitalism #fuckcapitalism #SocialJustice #ethics #ClassConsciousness #FalseConsciousness",,,,1,7,11,0,2026-05-12T09:06:57Z,NA,NA,NA,,,,,
at://did:plc:tyg2ztzq6goz3zgebqa7sjz3/app.bsky.feed.post/3mlngrhb4k4h2,bafyreifq5o6oo3zkkwmjbzpghqsjs2ccj37z6qrq6g3guaxa54vkhvss7e,mpjgregoire.cosocial.ca.ap.brid.gy,M. Grégoire,"(C-5 was the bill giving Cabinet the right to waive many existing laws for projects of national interest.)

This was from https://nitter.net/Smileyyeg/status/2053914504355070294#m

2/2

#CanPol #cdnpoli
#CBC #AtIssue",,,,0,0,0,0,2026-05-12T09:06:52Z,at://did:plc:tyg2ztzq6goz3zgebqa7sjz3/app.bsky.feed.post/3mlngnudhhtc2,at://did:plc:tyg2ztzq6goz3zgebqa7sjz3/app.bsky.feed.post/3mlngnudhhtc2,NA,,,,,
at://did:plc:4ownlsrdmnvwgzmcdi2bof6s/app.bsky.feed.post/3mlngqjro3c2k,bafyreihz2lzxh7m2i3g7tmwiof5wtvlxyu23cjmvjiujcow4wczybqzzg4,peipolitical.bsky.social,PEIPolitical 🇨🇦,"Trump: ""We have a man who is doing a great job. I knew it! Because he kept me out of jail for years. Acting Attorney General Todd Blanche. He kept me out of jail."" #cdnpoli",,,,8,18,27,2,2026-05-12T09:06:18Z,NA,NA,NA,,,,,
at://did:plc:ig6dnt4tqgg7iwwtywx3bkvd/app.bsky.feed.post/3mlngmy6xjs26,bafyreie3cmkymgqrqfggxcad2p2dxendv6bqj4yadzmcuprczctq7kqd4i,robduncan.bsky.social,Rob Duncan,#ClimateEmergency #Renewables #auspol #USPOL #USA #us #uspoli #poli #politics #cdnpoli #canada #MeidasMighty #america  #Ethics #ClimateJustice #bcpoli #abpoli #Klimapolitik #ClimateActionNow #ClimateChange #Climate #Ecosocialism #environment #Nature #BCClimateAction #capitalism #FalseConsciousness,,,,1,5,7,0,2026-05-12T09:04:22Z,NA,NA,NA,,,,,
at://did:plc:abt5tpb7lqr7vopkrkwfswwq/app.bsky.feed.post/3mlngikxvz22k,bafyreief3b4ld23ub4abd3gtovrsup5xjmhxq6wi723q6vfuub7wg7swce,canadareport.org,Canada Report,"Avortement avec une brochette de barbecue | Des policiers témoignent à l’ouverture du procès

Canada’s fastest news scan: 25+ headlines, no clutter, updated all day: CanadaReport.org

#cdnpoli #Canada #News 
Read Original Article 🔗",,,,0,0,0,0,2026-05-12T09:01:50Z,NA,NA,NA,,,,,
at://did:plc:ig6dnt4tqgg7iwwtywx3bkvd/app.bsky.feed.post/3mlngiawhzk26,bafyreifogbf6xsjd4rju7gzlgdmos2gusiixwh35jtocbv276hmol4bvt4,robduncan.bsky.social,Rob Duncan,"Capitalism creates a false consciousness which prevents us from achieving rational understanding.

#auspol #USPOL #USA #us #uspoli #poli #politics #cdnpoli #anticapitalist #capitalismkills #capitalism #abolishcapitalism #fuckcapitalism #SocialJustice #ethics #ClassConsciousness #FalseConsciousness",,,,1,1,4,0,2026-05-12T09:01:42Z,NA,NA,NA,,,,,
at://did:plc:spj2b3ftmpntvrx4mc4rz6nm/app.bsky.feed.post/3mlng6ddm4c2r,bafyreibs2wybgiv4ijunevcoh7l3oy42gkyludjxk3ckssh5jc3ytrgti4,kingonesock.bsky.social,Onesock,Leaving environmental protections behind in Canada is going to have consequences you don’t have anything if you don’t have a healthy environment. I think the federal govt is losing sight of the forrest for the trees #cdnpoli,,,,0,0,3,0,2026-05-12T08:56:06Z,NA,NA,NA,,,,,
at://did:plc:abt5tpb7lqr7vopkrkwfswwq/app.bsky.feed.post/3mlnescrias22,bafyreif23ubc3isj6sveim3iuzjoif4egkntppezdch5iyjnapsqtn2qsa,canadareport.org,Canada Report,"Xi-Trump Meet to Extend China Markets’ Trade-Detente Rally

Canada’s fastest news scan: 25+ headlines, no clutter, updated all day: CanadaReport.org

#cdnpoli #Canada #News #Business #Economy 
Read Original Article 🔗",,,,0,0,0,0,2026-05-12T08:31:29Z,NA,NA,NA,,,,,
at://did:plc:abt5tpb7lqr7vopkrkwfswwq/app.bsky.feed.post/3mlnd4tlj7c2j,bafyreiaffszwjwk233xmofkkwds5ovv6l5mzxtwttlfzibtlcowsxfbf34,canadareport.org,Canada Report,"Ontario | Le fédéral implantera un radar arctique en terre agricole

Canada’s fastest news scan: 25+ headlines, no clutter, updated all day: CanadaReport.org

#cdnpoli #Canada #News #onpoli 
Read Original Article 🔗",,,,0,0,0,0,2026-05-12T08:01:35Z,NA,NA,NA,,,,,
at://did:plc:xzgwn3nornr6v6cdd2fqsdru/app.bsky.feed.post/3mlncz42yfc2l,bafyreiedbdny2ox56bjtmp5oxfuvesom7khvrn734zxafntbmmafwsx2oq,mikemontreal.bsky.social,Montreal Mike🇨🇦,"I am running out of time to book a truck to be able to move before my lease renewal here in July.  I’m $1553 short.  Any help you can provide is urgently appreciated.  🫶🙏
#cdnpoli #workinglife 

gofund.me/28344bf43",,,,1,5,4,0,2026-05-12T07:59:30Z,NA,NA,NA,,,,,
at://did:plc:v3eup4rzroyniw2x7bmsdzgt/app.bsky.feed.post/3mlnclcdbmk2s,bafyreihdim67njnrck3lx4papj5dwq6qiws4qv3bxysfbknobmoiqb5d2y,spudislander45.bsky.social,Spudislander45 🇨🇦❤️🌎💪🫡,"#Democracy with Trump Administration 

Political artist #MichaelDeAdder #cdnpoli #USApoli #EUPOLI #AUSPOLI",,,,0,2,8,1,2026-05-12T07:51:47Z,NA,NA,NA,,,,,
at://did:plc:v3eup4rzroyniw2x7bmsdzgt/app.bsky.feed.post/3mlnbz6wunk2s,bafyreidr2pmm2wbl3z6uuue5hwlblma3re35a7x2hs7owroowruz6mctby,spudislander45.bsky.social,Spudislander45 🇨🇦❤️🌎💪🫡,"#Ontario NDP proactively contacts #RCMP, the Information and Privacy Commissioner, Secretary of Cabinet with concerns the current ON govt under #DougFord will destroy records. #cdnpoli #Ndp ##OnPoli #MaritStyles",,,,2,29,56,1,2026-05-12T07:41:39Z,NA,NA,NA,,,,,
at://did:plc:io6b3jymeb2uf2s2ytutzxcc/app.bsky.feed.post/3mlnbs7ters2k,bafyreigmqiygjvy2bqj7g4k2yqlqttfne4vs7vbrtfrsd7m3u4u7uzrroe,fightpoliceto.bsky.social,Fight Police Corruption Toronto,"I don't know anything more important than getting innocent people out of prison. The federal government is delaying the creation of an independent commission designed to review the miscarriage of justice claims of people wrongfully incarcerated. 

#cdnpoli

www.cbc.ca/radio/day6/w...",,,,0,0,0,0,2026-05-12T07:37:49Z,NA,NA,NA,,,,,
at://did:plc:ig6dnt4tqgg7iwwtywx3bkvd/app.bsky.feed.post/3mlnbrxhijc26,bafyreid2bmmq7g6qrxrs5d4bdoosze3rz3q3j2v4ghc53l7jvs2cdmqqju,robduncan.bsky.social,Rob Duncan,#ClimateEmergency #Renewables #auspol #USPOL #USA #us #uspoli #poli #politics #cdnpoli #canada #MeidasMighty #america  #Ethics #ClimateJustice #bcpoli #abpoli #Klimapolitik #ClimateActionNow #ClimateChange #Climate #Ecosocialism #environment #Nature #BCClimateAction #capitalism #FalseConsciousness,,,,0,6,25,0,2026-05-12T07:37:37Z,NA,NA,NA,,,,,
at://did:plc:v3eup4rzroyniw2x7bmsdzgt/app.bsky.feed.post/3mlnbpvnkuk2s,bafyreiednsz3fa32cki6rrrnr5pvdqhsbyjyyk5auxsw32jyjsitbntxkq,spudislander45.bsky.social,Spudislander45 🇨🇦❤️🌎💪🫡,"#America’s administration of misfits, scumbags and weirdos gather for their strange “briefing”.  

Dr Oz pipes up to DUMB DOWN  the term referring to #decline in #birthrates ➡️➡️➡️

“UNDER-BABIED” 

No #gender reference at all… 

#cdnpoli #ONPOLI #USAPOLI #womensrights",,,,0,0,1,0,2026-05-12T07:36:27Z,NA,NA,at://did:plc:4llrhdclvdlmmynkwsmg5tdc/app.bsky.feed.post/3mlllnap2zi23,,,,,
at://did:plc:ig6dnt4tqgg7iwwtywx3bkvd/app.bsky.feed.post/3mlnbhd6dfc26,bafyreibndfjlgkp5njbfonvhbgybcs67xz4ie6fh4fnpx73bbi5s4ytpea,robduncan.bsky.social,Rob Duncan,"And of course Trump is pushing for a 60% increase in military spending in this year's budget.

#pedopresident #Pedogarchy #Pedophocracy #25thAmendment #TraitorTrump #USPOL #USA #uspoli #poli #politics #cdnpoli #auspol #RemoveTrump #DonaldTrump #antifa  #FightOligarchy #DefundBillionaires #TrumPedo",,,,1,2,7,0,2026-05-12T07:31:40Z,NA,NA,NA,,,,,
at://did:plc:abt5tpb7lqr7vopkrkwfswwq/app.bsky.feed.post/3mlnbh63qgf22,bafyreign6gyltk5eqn2y364ufu3cg7lhl4ytzt35qwdrwbtaoet7wc4kjm,canadareport.org,Canada Report,"Thyssenkrupp Trims Sales View While Keeping Profit Target Intact

Canada’s fastest news scan: 25+ headlines, no clutter, updated all day: CanadaReport.org

#cdnpoli #Canada #News #Business #Economy 
Read Original Article 🔗",,,,0,0,0,0,2026-05-12T07:31:33Z,NA,NA,NA,,,,,
at://did:plc:ig6dnt4tqgg7iwwtywx3bkvd/app.bsky.feed.post/3mlnbbkwfhs26,bafyreicb2dzfo3ir5uc5qix3ol3ewx6ubtmmf5dddpgju4hqlrdjxkw4u4,robduncan.bsky.social,Rob Duncan,#pedopresident #Pedogarchy #Pedophocracy #25thAmendment #TraitorTrump #USPOL #USA #us #uspoli #poli #politics #cdnpoli #canada #auspol #MeidasMighty #america #history #RemoveTrump #DonaldTrump #Trump #TRUMP #FuckTrump #antifa #AntiTrump #fascistfelon #FightOligarchy #DefundBillionaires #TrumPedo,,,,0,2,9,0,2026-05-12T07:28:29Z,NA,NA,NA,,,,,
at://did:plc:v3eup4rzroyniw2x7bmsdzgt/app.bsky.feed.post/3mlnb5bqvm22s,bafyreidsuucjhz352y2mnalgqajk2wukv3phqxb6scgvbt5nvoofs3urw4,spudislander45.bsky.social,Spudislander45 🇨🇦❤️🌎💪🫡,"100% solidarity with Nurses, wherever they are. 

#Ontario, like many provincial govt, have not met the needs of healthcare workers and the patients they serve.  

#Canadians must support #nurses and value their concerns.  They are the FRONT LINE workers in #Healthcare. #cdnpoli #ONpoli #cdnhealth",,,,0,8,22,2,2026-05-12T07:26:02Z,NA,NA,NA,,,,,
at://did:plc:mwagtmvsxuqlgte5iqk3fndm/app.bsky.feed.post/3mlna74sbfc2k,bafyreiepzcc4oojcuphx5p3x7gs23kbdxicqnk2tidul7s54nklnshsb4q,lalegault.bsky.social,LA Legault ⚜️🤌🏻,Was no one paying attention? You’re surprised? #cdnpoli,,,,0,0,3,0,2026-05-12T07:09:10Z,NA,NA,at://did:plc:4euncr44a5aflpbcbjhvjvdo/app.bsky.feed.post/3mjanyjefja2t,,,,,
at://did:plc:q53ibv7ujf27tbhk7ar76tfz/app.bsky.feed.post/3mln7ukzkic2p,bafyreie5ldux6smqzxjnbsz3eynvtgyso7zamilflhrsju53vncv3wdowa,marc55.bsky.social,Marc 🍁,"Well ya found the guilty party.
Now.
Actually do something about it.
#ableg #cdnpoli",,,,0,4,14,0,2026-05-12T07:03:16Z,NA,NA,at://did:plc:yjctvuscyvjzfisuc7p4ey2x/app.bsky.feed.post/3mlmr77roi22q,,,,,
at://did:plc:abt5tpb7lqr7vopkrkwfswwq/app.bsky.feed.post/3mln7rdrwt322,bafyreibn6oqeuy2w36ibp27yewxhw6ln4yrqrltv6p22gfd3vfxtkohg6u,canadareport.org,Canada Report,"Canada | Des députés modifient un projet de loi pour y inclure les hypertrucages « quasi-nus »

Canada’s fastest news scan: 25+ headlines, no clutter, updated all day: CanadaReport.org

#cdnpoli #Canada #News 
Read Original Article 🔗",,,,0,0,0,0,2026-05-12T07:01:27Z,NA,NA,NA,,,,,
at://did:plc:q53ibv7ujf27tbhk7ar76tfz/app.bsky.feed.post/3mln7cforgc2p,bafyreignrlsqve2g3pz4a5hi73phszwhx6aeee4klgzc7rgs2mhegjkesm,marc55.bsky.social,Marc 🍁,"You support AI?
You lost my vote.
#cdnpoli",,,,0,0,2,0,2026-05-12T06:53:07Z,NA,NA,NA,,,,,
at://did:plc:abt5tpb7lqr7vopkrkwfswwq/app.bsky.feed.post/3mln63t7w432b,bafyreib7yub7uznobghiemvz5anooolf5c4m4lnra4bz4e6w3h6vowmyum,canadareport.org,Canada Report,"Merz to Meet German Coalition Partners as Reform Agenda Falters

Canada’s fastest news scan: 25+ headlines, no clutter, updated all day: CanadaReport.org

#cdnpoli #Canada #News #Business #Economy 
Read Original Article 🔗",,,,0,0,0,0,2026-05-12T06:31:32Z,NA,NA,NA,,,,,
at://did:plc:sekspfhdnbidv24p3hddei54/app.bsky.feed.post/3mln5tp5gc22i,bafyreibdotyjh2ms73irjdl46e7frxymskb6l63och6ufkjjk4jaqwv4ly,polisquirrel.bsky.social,Frociaggine Wheat Sheaf 🌾,"We’re gonna have these ai data centres forced on us across the country. With the environmental and social consequences.

And it’s all the oligopolies that profit?

“They’re going to be sexy as hell,” Evan Solomon quotes someone as saying. 

#cdnpoli #bcpoli

betakit.com/steel-concre...",,,,0,0,2,1,2026-05-12T06:27:01Z,NA,NA,NA,,,,,
at://did:plc:abt5tpb7lqr7vopkrkwfswwq/app.bsky.feed.post/3mln4g4rhrb2b,bafyreihh7ypotu75nczpitm35xtfpurplq6qbq4hmwrwlmpdfgx4ort4iu,canadareport.org,Canada Report,"Les députés et sénateurs canadiens réduisent les échanges avec leurs homologues américains

Canada’s fastest news scan: 25+ headlines, no clutter, updated all day: CanadaReport.org

#cdnpoli #Canada #News 
Read Original Article 🔗",,,,0,0,0,0,2026-05-12T06:01:30Z,NA,NA,NA,,,,,
at://did:plc:v3eup4rzroyniw2x7bmsdzgt/app.bsky.feed.post/3mln3ny3npc2v,bafyreih7obl3ztuskf2fras3gxposcfh2q6wyvhpaj2dmopqn2we7tshma,spudislander45.bsky.social,Spudislander45 🇨🇦❤️🌎💪🫡,"EU sanctions Israeli settlers West Bank 

#cdnpoli #uspoli #Palestine",,,,1,1,3,0,2026-05-12T05:48:00Z,NA,NA,NA,,,,,
at://did:plc:w7yhpanniwt2sweiorkvec7j/app.bsky.feed.post/3mln3my532c22,bafyreialax63vijs5jbmrdqxaztr6ffbevynjdzmtyt6vseihutusrn5hi,luciecatnip.bsky.social,Lucie🐈‍⬛Catnip ,"Oh hell no.

#cdnpoli",,,,0,1,9,0,2026-05-12T05:47:27Z,NA,NA,at://did:plc:kx375dszrbvqtu7o4xxxmojn/app.bsky.feed.post/3mlmrrryvrs2o,,,,,
at://did:plc:2afwbonvqumpbiksfxrddtfy/app.bsky.feed.post/3mln3cipjg22z,bafyreibq2nej5r6qha6ovmk3tjuv5twihdyb753ickndjpwgwsymjnjx6m,blackpanther25.bsky.social,Black Panther🍁💪🦫🇨🇦 Aɴᴛɪғᴀ✌️,"🇨🇦Which rodents carry hantavirus in Canada?
#Cdnpoli
#CanadaSky🍁

www.cbc.ca/news/health/...",,,,0,0,4,0,2026-05-12T05:41:36Z,NA,NA,NA,,,,,
at://did:plc:abt5tpb7lqr7vopkrkwfswwq/app.bsky.feed.post/3mln2qbphn32z,bafyreicbf2kh4wzxaxvbei7wsq5v4npmaemqnfcsh37p4npf6uqt4aikea,canadareport.org,Canada Report,"ALL ACCOR × ROLAND-GARROS: A PARTNERSHIP CENTERED ON EXPERIENCE

Canada’s fastest news scan: 25+ headlines, no clutter, updated all day: CanadaReport.org

#cdnpoli #Canada #News #Business #Economy 
Read Original Article 🔗",,,,0,0,0,0,2026-05-12T05:31:23Z,NA,NA,NA,,,,,
at://did:plc:7lk2ea67pioh2e7tqj5n7whh/app.bsky.feed.post/3mln2agvnkc25,bafyreicbiavjgjxfequqsqwomsmyz4rbpwkouw4zrjq4l4ffdrk5ei6d2e,samspade1941.bsky.social,Samuel Spade,"Ugh, India.

""One study found that 40 percent of all pro-Russia posts on Twitter globally came from Indian users. Many of those posts didn’t just support Russia – they attacked the countries criticizing Russia, most notably America.""

#cdnpoli #ukpol #auspol #uspol

thediplomat.com/2026/05/indi...",,,,1,0,5,0,2026-05-12T05:22:33Z,NA,NA,NA,,,,,
at://did:plc:xfp4seu2aokuv5zwseozwhjb/app.bsky.feed.post/3mlmzioizyk2g,bafyreicek4imx7s6gvviflefu6wfgpt7qnblyycddd6tzm3sx6dxruvfx4,mapboy.bsky.social,Cole 🚲,"This is so laughably stupid it's pathetic. I am so glad I didn't vote for this clown show and voted for my local NDP candidate before leaving my old riding of Hamilton Centre. All the neolibs defending him can fuck right off, you're a bunch of clowns too.
#cdnpoli #aislop",,,,1,0,7,0,2026-05-12T05:09:14Z,NA,NA,at://did:plc:kx375dszrbvqtu7o4xxxmojn/app.bsky.feed.post/3mlmrrryvrs2o,,,,,
at://did:plc:bw35mx7zohkm3fmtxtixidbz/app.bsky.feed.post/3mlmzi5xdsc2c,bafyreigeiko3quodkuu34z6clqg76zodrapzfvxxrhdyay5yy7vgbb4mge,dcapto.bsky.social,DCapTO,#ClimateCrisis is doing this. As our leaders double down on oil & gas and AI data centres. #cdnpoli,,,,1,1,5,0,2026-05-12T05:08:57Z,NA,NA,at://did:plc:c3roikkeki4hxu2gz7r5pljd/app.bsky.feed.post/3mlmpp72qt222,,,,,
at://did:plc:53ujb6cpbho7cmhqpwtjmag4/app.bsky.feed.post/3mlmzcevaxk2a,bafyreifckqu3qphtxipb3km7abg5sgbs5mlv7c7mhusi3ipz6abeog6js4,ladyjan.bsky.social,Lady Jan,"Yes: homes, hospitals, safe injection sites, attractions, museums/science centres, 
No: data centres that waste vast amounts of fresh water, land & energy. 
(Remember: just b/c the salesperson uses words you don’t know, doesn’t mean you must buy the snake oil)
#TimeToBuild #TheFuture #Waste #cdnpoli",,,,0,0,4,0,2026-05-12T05:05:43Z,NA,NA,at://did:plc:kx375dszrbvqtu7o4xxxmojn/app.bsky.feed.post/3mlmrrryvrs2o,,,,,
at://did:plc:ig6dnt4tqgg7iwwtywx3bkvd/app.bsky.feed.post/3mlmz7kvmjk2e,bafyreihzrhyv3aw7cr565jjsccl2in46kxqjqdivdqodgmeacrpsthb2tu,robduncan.bsky.social,Rob Duncan,#auspol #USPOL #USA #us #uspoli #poli #politics #cdnpoli #canada #MeidasMighty #america #communityovercapitalizm #history #Ethics #SocialJustice #LongerTables #DemocraticSocialist #Ecosocialism #Socialist #socialism #LeftIsBest #ClassConsciousness #FalseConsciousness #abolishcapitalism #HumanRights,,,,0,1,3,0,2026-05-12T05:04:10Z,NA,NA,NA,,,,,
at://did:plc:wm747lzgrn6v4xookpzdpytu/app.bsky.feed.post/3mlmz6q6sz22i,bafyreieu24mwyvmuyzamhxbevpeyrpridmhkvrp4eukrmbhlcshpblc6ju,justmzrawr.bsky.social,Just Ms.Rawr,"Welp. That's one way to drive down the housing market, but we still can't eat or drink data, and jobs are being made obsolete by AI, so the priorities are off, here. #cdnpoli",,,,0,2,4,0,2026-05-12T05:03:41Z,NA,NA,at://did:plc:kx375dszrbvqtu7o4xxxmojn/app.bsky.feed.post/3mlmrrryvrs2o,,,,,
at://did:plc:ig6dnt4tqgg7iwwtywx3bkvd/app.bsky.feed.post/3mlmz527xak2e,bafyreie3lppd7wwvprldyncq45mwjbifhnamb3bubbpjieuwopfjrhsvmu,robduncan.bsky.social,Rob Duncan,"CAPITALISM IS THE PROBLEM

#auspol #USPOL #USA #us #uspoli #poli #politics #cdnpoli #canada #MeidasMighty #america #history #anticapitalism #anticapitalist #capitalismkills #killCapitalism #capitalism #abolishcapitalism #fuckcapitalism #SocialJustice #ethics #ClassConsciousness #FalseConsciousness",,,,0,3,11,0,2026-05-12T05:02:46Z,NA,NA,NA,,,,,
at://did:plc:abt5tpb7lqr7vopkrkwfswwq/app.bsky.feed.post/3mlmz2vwars2k,bafyreifyluvkr2lg3mvssgs7pjsyzzvwfqffq7z2nzgytcr63uyzcvdc4m,canadareport.org,Canada Report,"Camionnage | Un poids lourd intercepté avec des pneus et des freins déficients

Canada’s fastest news scan: 25+ headlines, no clutter, updated all day: CanadaReport.org

#cdnpoli #Canada #News 
Read Original Article 🔗",,,,0,0,0,0,2026-05-12T05:01:32Z,NA,NA,NA,,,,,
at://did:plc:hxcxag3apoqmi5kcecebbxbm/app.bsky.feed.post/3mlmxtqvwtc2a,bafyreiafuh4arnlkuxymuk7rg5iwb6esrbogbpyfalhemd73gtvjct7u5i,thoughtsnations.bsky.social,Blackfoot Niitsítapi🪶🇨🇦🇺🇸🏳️‍🌈🏳️‍⚧️💙🌎🐾🐾🐝🦋🦅🦬🦫🐋🦆🦉🐧🐦‍⬛🐻🦊,"#CTV-#PowerPlay every political pundit on today talking about the #MajorProjects are all Caucasians!

Don’t ever speak for my people settlers! 🪶😡🌲🌳🦬🦅🦌🐦‍⬛🐺🦊🦉🦫🐟🐋 #ClimateCrisis #TreatyRights #cdnpoli",,,,0,2,3,0,2026-05-12T04:39:39Z,NA,NA,NA,,,,,
at://did:plc:abt5tpb7lqr7vopkrkwfswwq/app.bsky.feed.post/3mlmxf4aptb2p,bafyreif576ms7e65pfuoirdkbdxrzqjeokuwuth6ink4jke53bfewh6dsu,canadareport.org,Canada Report,"Constellation Software Inc., Topicus.com Inc. and Lumine Group Inc. Announce Update to Schedule for Annual Meetings

Canada’s fastest news scan: 25+ headlines, no clutter, updated all day: CanadaReport.org

#cdnpoli #Canada #News #Business #Economy 
Read Original Article 🔗",,,,0,0,0,0,2026-05-12T04:31:27Z,NA,NA,NA,,,,,
at://did:plc:43fith5mnhgvqiafxbp3jq6m/app.bsky.feed.post/3mlmxcouu5s2z,bafyreihhkoaqdpuk4cvlm25maxnrydt3divbmvl4z2xqhfl7piby4gmaee,greencalvin.bsky.social,Calvin Beauchesne,"Alberta has regulations that restrict wind and solar development in areas deemed ‘pristine viewscapes’. The tar sands are visible from outer space. So if it’s big enough to see from space its ok, as long as you can’t see it from your front yard. thenarwhal.ca/alberta-oils... #cdnpoli #abpoli",,,,1,4,5,0,2026-05-12T04:30:49Z,NA,NA,NA,,,,,
at://did:plc:eix3tk3r26zi2p3vyreh3k3b/app.bsky.feed.post/3mlmxaaabv222,bafyreif32xvtx7w3udw26qyqpi6gzvssqfaqqltk2i7px5fdisxz7pef2i,atomicker.bsky.social,NA,"From January - even before the US & Israel attacked #Iran: 

'Canada’s food prices are rising faster than in other major economies, prompting some experts to describe the country as the ""food inflation capital of the G7.""'

#Canada #CDNPoli #CostOfLivingCrisis #Greedflation #Polycrisis",,,,0,2,3,0,2026-05-12T04:28:37Z,NA,NA,NA,,,,,
at://did:plc:sict2qz7mqqa4x27syaowhns/app.bsky.feed.post/3mlmx2zn57c2c,bafyreiebrufxsfop4mu3oru4ajqasz44xxyq6cltd3xf25aey4cera575e,prairiesocial.bsky.social,Prairie Socialist 🇨🇦,"Right now much of our data is stored in the US and is subject to USian law - I much prefer keeping that data in Canadian hands.
The lack of control over our info that is stored in foreign hands is a huge security risk - this is timely and important. We need these for Gripens too.
#canada #cdnpoli",,,,5,0,5,1,2026-05-12T04:25:49Z,at://did:plc:kx375dszrbvqtu7o4xxxmojn/app.bsky.feed.post/3mlmrrryvrs2o,at://did:plc:kx375dszrbvqtu7o4xxxmojn/app.bsky.feed.post/3mlmrrryvrs2o,NA,,,,,
at://did:plc:eix3tk3r26zi2p3vyreh3k3b/app.bsky.feed.post/3mlmwxjlqrs22,bafyreigmfmd2upjj7xx3ltzmof34ldhdv3tloytv5l6bh6bfts6b4u5o5m,atomicker.bsky.social,NA,"""UN's top court says failing to protect planet from climate change could violate international law""

""'Clean, healthy and sustainable environment' is a human right, International Court of Justice says""

www.cbc.ca/news/science...

#ClimateCrisis #CDNPoli #Canada #NoPipelines #ClimateChange",,,,0,2,4,0,2026-05-12T04:23:48Z,NA,NA,NA,,,,,
at://did:plc:mv6loxcddhj3i6pzfvzicc36/app.bsky.feed.post/3mlmwwh6fmk2u,bafyreia2eyq52do4onv552hj64twlkziviammh7zxu6fmk3lk3usfefstq,dennisjkoch.bsky.social,"Dennis ""dejay"" Koch","THE SHATTERED ALLIANCE: America Has Betrayed Canada For The Last Time

The handshake is shattered. The miracle is burning. And as a veteran, I’m telling you: Canada is done playing the vassal.

Elbows up.

#USA #Trump #uspoli #cdnpoli #ElbowsUp

youtu.be/f8O0KLi90p0",,,,0,0,0,0,2026-05-12T04:23:17Z,NA,NA,NA,,,,,
at://did:plc:uxj5ihyuzrgxmuvjeanl57ys/app.bsky.feed.post/3mlmw2bt55g72,bafyreifr7aqtibnedlrwusgqeupo66nkcg4e5ydidlayd62amrgjgwm3bm,chris.mstdn.chrisalemany.ca.ap.brid.gy,Chris Alemany🇺🇦🇨🇦🇪🇸,"There are increasing rumours and reports that two things are happening with the Royal Canadian Air Force.

1) that the Snowbirds may be replaced or cancelled

2) that a decision is imminent on the F35 or split Gripen fighter fleet.

This “long shot” prediction from Esprit de Corps Canadian […]",,,,1,3,0,0,2026-05-12T04:07:37Z,NA,NA,NA,,,,,
at://did:plc:abt5tpb7lqr7vopkrkwfswwq/app.bsky.feed.post/3mlmvpbl6fn2t,bafyreid3mbimveufqlckd2e4vb6kikcxzwqdpvyvk764aiju4cpjp6x6za,canadareport.org,Canada Report,"Dossier santé numérique | Un départ chaotique lundi matin

Canada’s fastest news scan: 25+ headlines, no clutter, updated all day: CanadaReport.org

#cdnpoli #Canada #News 
Read Original Article 🔗",,,,0,1,1,0,2026-05-12T04:01:21Z,NA,NA,NA,,,,,
at://did:plc:i2dpzc6vwt6wohl7h3pxowad/app.bsky.feed.post/3mlmvmjldoc2h,bafyreicqqdxxus2zquuq5c45euxgvhfggttcun5bq4ztvr3bp4fu2ymxzy,ldorak.bsky.social,Ldora🍉🌻🍁,"Jfc. We need to stop Carney. He knows his time is limited and he's going to do as much damage as he can for his technocrat friends and handlers before he goes. A complete sellout traitor.

Call and write to your Liberal MPs, they don't have to go along with this destructive insanity.

#cdnpoli",,,,0,1,4,0,2026-05-12T03:59:50Z,NA,NA,at://did:plc:kx375dszrbvqtu7o4xxxmojn/app.bsky.feed.post/3mlmrrryvrs2o,,,,,
at://did:plc:bfypaxsdpfcj4i2t5qkeu3eh/app.bsky.feed.post/3mlmvggavys2t,bafyreiglggan3vaabhdrdub2zicxcyy3ojzd3znr4eje7hzqasrkejffjq,conorcurtis.bsky.social,Conor Curtis,"Again: policyoptions.irpp.org/2026/04/carn...

There are legitimate reasons to get off U.S. tech & shift Canadians' data to non-U.S. locations.

But building out AI is largely just a scam - an environmentally costly bubble. Steel/concrete/code is not worth cutting services like pharmacare. #CDNpoli",,,,3,16,36,3,2026-05-12T03:56:26Z,NA,NA,NA,,,,,
at://did:plc:3tyv5bvel6rvtaycd3gsk6xd/app.bsky.feed.post/3mlmvgbujss26,bafyreigfcylsstafbfxqqse2twteava4kfim4jpul6qk4z23gkkb3hbgcq,therealmothman.bsky.social,"Izzy, The Mothman","At this point I think it's safe to say that Mark Carney is a bigger and more active threat to Canada than Pierre Poilievre or Danielle Smith. At least their power is extremely limited, Carney's just able to do whatever and fuck us all in the process. #cdnpoli",,,,5,1,6,0,2026-05-12T03:56:19Z,NA,NA,NA,,,,,
at://did:plc:mwagtmvsxuqlgte5iqk3fndm/app.bsky.feed.post/3mlmv7q6m222u,bafyreifvux3cbbchgdqnksunoug6qfaw54fhqg3xl33f7z5kcbwjx5245u,lalegault.bsky.social,LA Legault ⚜️🤌🏻,Elizabeth May is warning 🇨🇦 that it isn’t Poilievre vs. Carney. It is the Liberals and the Conservatives against Canadian democracy. #cdnpoli,,,,1,3,8,0,2026-05-12T03:52:39Z,NA,NA,NA,,,,,
at://did:plc:4xqt7t2zph634drigtdxdmro/app.bsky.feed.post/3mlmv2skorc2l,bafyreiez7lbl3kg4zhlvqdh5s3ly2s5oxvqeel35stvzs3w35sxjzfjnp4,journodale.bsky.social,Dale Smith,"For the late/west coast crowd, my Loonie Politics column: Jason Kenney wants the rest of Canada to clean up his mess #cdnpoli",,,,0,2,8,0,2026-05-12T03:49:54Z,NA,NA,NA,,,,,
at://did:plc:67mpqdmuvarollmm2lqcz6ac/app.bsky.feed.post/3mlmuvbqibc26,bafyreie3xjhcqehibopvyx3m6mjw4iztz34e7j565ougejarpkokyuix2u,coldcollective.bsky.social,4restKC,"Oh yes I'm sure that's fine. 

Who needs ambulances to be timely anyways.

#cdnpoli #abpoli #ableg",,,,0,2,3,0,2026-05-12T03:46:48Z,NA,NA,NA,,,,,
at://did:plc:swu4joy4bgsjrypfbnuckkt7/app.bsky.feed.post/3mlmu63wjz22f,bafyreicwgq77zmuq7ckg4kzow2cfloqzxbfg5owa6ew2atc44gczbqvntq,bornat3b.bsky.social,Born @ 3B #StandUp 🇨🇦,"Why do people want this? Why do they think it will not get this way in any country that allows this? 

youtube.com/shorts/H7FMJ...

#CdnPoli
#ABleg",,,,0,0,0,0,2026-05-12T03:33:53Z,NA,NA,NA,,,,,
at://did:plc:abt5tpb7lqr7vopkrkwfswwq/app.bsky.feed.post/3mlmtzw5w7t2k,bafyreiaxbm2qnskebcwdpz46ye5brs566jj57eyt7chmtefkbnyceklvku,canadareport.org,Canada Report,"US Colleges Report 20% Drop in Foreign Students Over Visa Clampdown

Canada’s fastest news scan: 25+ headlines, no clutter, updated all day: CanadaReport.org

#cdnpoli #Canada #News #Business #Economy 
Read Original Article 🔗",,,,0,0,0,0,2026-05-12T03:31:30Z,NA,NA,NA,,,,,
at://did:plc:jfzh2unjcjsnbw3nntyaipgr/app.bsky.feed.post/3mlmtpxlsm22l,bafyreie2m6mxvrduzar5dc3ov7x6imxci2be3mtx3soxdg5jf4jv7wofem,authorpcollins.bsky.social,NA,"#MTVStars #OscarSoWhite #Vote #Vote4Climate #ItsOurVote #NextElection #CdnPoli #Elxn44 #nomination #awards #award #filmfestival #film #vote #cinema #nominee #theatre #filmmaker #music #shortfilm #director #actor #acteur #mediaset  
www.youtube.com/shorts/iLfun... 
www.msn.com/en-ca/news/w...",,,,0,0,1,0,2026-05-12T03:25:56Z,NA,NA,NA,,,,,
at://did:plc:w7yhpanniwt2sweiorkvec7j/app.bsky.feed.post/3mlmtkxflk22q,bafyreiezmdataih6wuggqujcx6fe5ozdtu6irjp63mte2koqmdymx3jyku,luciecatnip.bsky.social,Lucie🐈‍⬛Catnip ,"You can ban books in school libraries but you can't stop kids from reading them.

calgary.citynews.ca/2026/05/11/a...

#abpoli #cdnpoli",,,,1,21,75,0,2026-05-12T03:23:11Z,NA,NA,NA,,,,,
at://did:plc:3gunqxzhhjp4aicvukudv55y/app.bsky.feed.post/3mlmtkeoqhc23,bafyreifddaxfhhvekqi44gi2headxkpiwhc4dicruhirdaqns2ozdiectu,thekimberglund.bsky.social,kim berglund,"It's time to make Avi Lewis Prime Minister. 
We need many things in BC and Canada but resource sucking billionaire profiting data centres that are a blight on this planet, aren't one of them.

#bcpoli #cdnpoli",,,,0,1,4,0,2026-05-12T03:19:25Z,NA,NA,at://did:plc:kx375dszrbvqtu7o4xxxmojn/app.bsky.feed.post/3mlmrrryvrs2o,,,,,
at://did:plc:deej5pakczvmljahhvrridlp/app.bsky.feed.post/3mlmtev2qmc2i,bafyreifjf5st4t7ggm6aqsedabtadvsyqyk5524y4ztfcr776imhzjhnvi,pat112.bsky.social,Pat,"The review of CUSMA is actually a non event as it requires nothing to be done . 

However the breaking of CUSMA and other potential illegal acts by the US are the real issue and no deal,  CUSMA or otherwise,  can stop that. 

#Cdnpoli #Uspoli",,,,0,0,1,1,2026-05-12T03:19:45Z,NA,NA,NA,,,,,
at://did:plc:4wtl4ihomtq4zax5cz2y62us/app.bsky.feed.post/3mlmt6tdklk27,bafyreifm5ye4hwb3hk2gknsysvyyv3l767vtnmvx4d77l5rkveudszjp5i,shireenj.bsky.social,Shireen Anne Jeejeebhoy ,Solar powered? Wind powered? Geothermal? Or are you going to pollute the air and accelerate #ClimateChange by using coal or natural gas to create electricity? Building should be sustainable and futuristic not anachronistic. Right 🇨🇦? 😀 #cdnpoli,,,,2,0,2,0,2026-05-12T03:16:22Z,NA,NA,at://did:plc:kx375dszrbvqtu7o4xxxmojn/app.bsky.feed.post/3mlmrrryvrs2o,,,,,
at://did:plc:lanvmgthztbuwa3ieqcrzsys/app.bsky.feed.post/3mlmt3abmd22n,bafyreig4244zc4pexk4a7zvk6guveu7q36sm5ip5o4b4szavzlyzu4aq4u,hab3261.bsky.social,Hazel B. 🇨🇦,"The previous statement about him cooperating was a total lie. IMO, Parker plans on selling names to the highest bidder. This is going to be a massive money-making machine for him. #ableg #abpoli #cdnpoli",,,,2,7,18,1,2026-05-12T03:14:22Z,NA,NA,NA,,,,,
at://did:plc:w7yhpanniwt2sweiorkvec7j/app.bsky.feed.post/3mlmt2xoz7k2q,bafyreifmogmsmhlask7p73hgmbmrid6kzpo5jborhb46qhfgk66vhuhnk4,luciecatnip.bsky.social,Lucie🐈‍⬛Catnip ,"""Alberta’s Premier is not ruling out using her authority to approve a provincial separation vote this October, a move independence leaders are now openly urging her to make.""

This is a move members of her own caucus oppose.

#abpoli #ableg #cdnpoli

calgary.citynews.ca/2026/05/11/d...",,,,5,14,16,1,2026-05-12T03:14:14Z,NA,NA,NA,,,,,
at://did:plc:yqoefaqh7523t2hw3wo2g2gw/app.bsky.feed.post/3mlmszcbyqc2y,bafyreignamve577vlf4xd4soh6iz4hbyb34vj63s2jlzq2zrdotpfmnkjq,mariloupage.bsky.social,Marilou,"Le gouvernement Carney a fait le virage techno-fasciste à une vitesse que je n’avais pas anticipé.

Personne ne veut de tes centres de données de 💩

#CdnPoli #stopAI #stopdatacenters",,,,1,1,10,0,2026-05-12T03:13:16Z,NA,NA,at://did:plc:kx375dszrbvqtu7o4xxxmojn/app.bsky.feed.post/3mlmrrryvrs2o,,,,,
at://did:plc:jeibpuiku4aeybewdxqab4w3/app.bsky.feed.post/3mlmsprmkcs2n,bafyreifjbearawxpn6xtp2agjgs775373fasurg6tmtak6zblymtbpzsw4,westernhemlox.bsky.social,Western Hemlox,#cdnpoli,,,,0,0,3,0,2026-05-12T03:07:56Z,NA,NA,at://did:plc:xpgujbkkrjevueb53vpgnetz/app.bsky.feed.post/3mlms22p7lk22,,,,,
at://did:plc:76e4qryfph6q4wmz3li6v2l6/app.bsky.feed.post/3mlmsmy5bcs2h,bafyreie3pn4dlbffgxpg2dihrld2c3fo4pysfkkompbl3vhjxb73lkmiz4,stacescases2.bsky.social,StacesCases2 🇨🇦 📎,"In a stunning interview following her meeting with @mark-carney.bsky.social, @slotkin.senate.gov admitted that #American industries are “feeling it deeply” as Trump’s tariff strategy backfires against the #UnitedStates economy. 🇨🇦 #Cdnpoli #ABpoli #Ableg
youtu.be/ESEAG24GdfI?...",,,,1,3,6,1,2026-05-12T03:06:24Z,NA,NA,NA,,,,,
at://did:plc:tlkakpjayncxubstzzd4dwdt/app.bsky.feed.post/3mlmshfk5jk2o,bafyreihxqqdw37dzwzny7ugtymxpu5ybtpjpyuizmp4t75u4enqzqaop4i,cyborgk9.bsky.social,Cyborg K9 🌹,"""But the Conservatives would be worse…!"" Really? I'm not sure their policies would be much different than what the Liberals are doing under Carney.

Carney's main benefit is that he isn't quite as odious as Poilievre, but that's about it.

#cdnpoli",,,,0,0,1,0,2026-05-12T03:03:15Z,at://did:plc:tlkakpjayncxubstzzd4dwdt/app.bsky.feed.post/3mlmscpqkyk2o,at://did:plc:tlkakpjayncxubstzzd4dwdt/app.bsky.feed.post/3mlmrus4rjc2l,NA,,,,,
at://did:plc:mwagtmvsxuqlgte5iqk3fndm/app.bsky.feed.post/3mlmsfncfq22u,bafyreibbiusopp5iepfi4enszouyf33knqfrbxv3ghi7t7mfauk5hofh7a,lalegault.bsky.social,LA Legault ⚜️🤌🏻,"It can all be over @elizabethemay.bsky.social, if you would just request an Epstein investigation in the House of Commons. You will be remembered forever as the politician who put country over political class. #cdnpoli",,,,1,6,7,0,2026-05-12T03:02:18Z,NA,NA,NA,,,,,
at://did:plc:abt5tpb7lqr7vopkrkwfswwq/app.bsky.feed.post/3mlmse6v6u32d,bafyreicbewyvas2rk54atnoofpnb2bui2wjd5na7qlg2u27qgjzw33jhli,canadareport.org,Canada Report,"Étudiants étrangers | Les effectifs au plus bas depuis la pandémie

Canada’s fastest news scan: 25+ headlines, no clutter, updated all day: CanadaReport.org

#cdnpoli #Canada #News 
Read Original Article 🔗",,,,0,0,0,0,2026-05-12T03:01:27Z,NA,NA,NA,,,,,
at://did:plc:tlkakpjayncxubstzzd4dwdt/app.bsky.feed.post/3mlmscpqkyk2o,bafyreig6c7rhbc6j4awjvmcg3uie2jtr5smffpzxi7bcbwfhqgvi6mjnjy,cyborgk9.bsky.social,Cyborg K9 🌹,"What we want: UBI, better healthcare, better public transit, better railways, an end to fossil fuel extraction, a transition to renewable energy, and taxing the rich more.

What Carney is giving us: AI data centres, privatization, cuts to public services, probably an oil pipeline… :/

#cdnpoli",,,,2,2,4,0,2026-05-12T03:00:38Z,at://did:plc:tlkakpjayncxubstzzd4dwdt/app.bsky.feed.post/3mlmrvs2xi22l,at://did:plc:tlkakpjayncxubstzzd4dwdt/app.bsky.feed.post/3mlmrus4rjc2l,NA,,,,,
at://did:plc:i2grq5k4gqwyilcjuftzluyx/app.bsky.feed.post/3mlmrwjnd4s2y,bafyreid6vvithar5dc5wjzgpmk5fqsenbjyckhqv7a4qrflhpnrsevtqkm,voscovery.bsky.social,Richard Price 🇨🇦,The Danielle Smith of the last week is totally rattled. Prove me wrong. #cdnpoli,,,,0,0,1,0,2026-05-12T02:53:50Z,NA,NA,NA,,,,,
at://did:plc:pizr3tyqsxwuxprk3pvx2yv3/app.bsky.feed.post/3mlmrvxf6qk2n,bafyreig22zdgugaddt4hojaphyysf3biuo4fl43d7eqtx5l5yefqiqoysm,canuck666.bsky.social,Max,"A 42% decline.

Things simply will not be the same anymore. 

A lot of US small businesses will fold by next year. 

#Canada #cdnpoli #ONpoli #ABpoli

www.youtube.com/watch?v=AKSq...",,,,1,3,6,0,2026-05-12T02:53:32Z,NA,NA,NA,,,,,
at://did:plc:tlkakpjayncxubstzzd4dwdt/app.bsky.feed.post/3mlmrvs2xi22l,bafyreiar66efylmhdpywzwmlbiglqdqxr3r4ufsgcrjnzmq72acy2e7jne,cyborgk9.bsky.social,Cyborg K9 🌹,"Have I mentioned I am not very fond of Mark Carney or the Liberals in general? :/

#cdnpoli",,,,1,0,0,0,2026-05-12T02:53:24Z,at://did:plc:tlkakpjayncxubstzzd4dwdt/app.bsky.feed.post/3mlmrus4rjc2l,at://did:plc:tlkakpjayncxubstzzd4dwdt/app.bsky.feed.post/3mlmrus4rjc2l,NA,,,,,
at://did:plc:tlkakpjayncxubstzzd4dwdt/app.bsky.feed.post/3mlmrus4rjc2l,bafyreicew4dq2l3t7ilbtjju2ofqykdf6szk5py5n5vemm3ojekvbgflxi,cyborgk9.bsky.social,Cyborg K9 🌹,"""It's time to pollute the environment and make people dumber with AI data centres!""

#cdnpoli",,,,1,0,6,0,2026-05-12T02:52:51Z,NA,NA,at://did:plc:kx375dszrbvqtu7o4xxxmojn/app.bsky.feed.post/3mlmrrryvrs2o,,,,,
at://did:plc:oprhya4c3rd3prfyypchbd2l/app.bsky.feed.post/3mlmruasyss2v,bafyreih4kx5fun6ct5x2v4tce6ps7yuh5goh2qm6ygpbolqjw6n6s66hsm,ruthmkb.bsky.social,ruthko,"I ❤️ you, Elton!!!

#EltonJohn #Canadian #cdnpoli 

 www.facebook.com/share/r/1CaP...",,,,0,0,2,0,2026-05-12T02:52:33Z,NA,NA,NA,,,,,
at://did:plc:upeoyam5mpawsxn22wmxezfk/app.bsky.feed.post/3mlmrdfhtts2t,bafyreih6ro3jrcmi2gghw4fbx4v2wcfsue7zvzsnkzmakzfoarfptrjsi4,catalystmeow.bsky.social,Cat Alyst 🇨🇦 (they/she),"As Trump and others aim to separate Alberta from Canada, petitions (signable by Canadians, shareable by anyone) urge Canada's government to fight separatism:

1️⃣ www.ourcommons.ca/petitions/en...

2️⃣ www.ourcommons.ca/petitions/en...

3️⃣ www.ourcommons.ca/petitions/en...

#CdnPoli #USDemocracy #MomSky",,,,2,10,12,0,2026-05-12T02:43:10Z,NA,NA,NA,,,,,
at://did:plc:glx2iftaxaiirglk3auu7htn/app.bsky.feed.post/3mlmrc5uebk26,bafyreih7um7aziqiycgzfiin4i4d4zqysek533ktps5jf2bhdi2i27c63q,audricmoses.bsky.social,Audric Moses 🇨🇦,"WOW! First Nations were the most supporti — oh...nevermind...

#ableg #cdnpoli",,,,2,2,9,0,2026-05-12T02:42:30Z,NA,NA,NA,,,,,
at://did:plc:abt5tpb7lqr7vopkrkwfswwq/app.bsky.feed.post/3mlmqoqjpel27,bafyreih5twclnb62mqa4clkjoixze2io5ces25dia6n3pgbun6wajv7qq4,canadareport.org,Canada Report,"IFM Issues Ultimatum Over A$3 Billion Australia Fuel Project

Canada’s fastest news scan: 25+ headlines, no clutter, updated all day: CanadaReport.org

#cdnpoli #Canada #News #Business #Economy 
Read Original Article 🔗",,,,0,0,0,0,2026-05-12T02:31:34Z,NA,NA,NA,,,,,
at://did:plc:mv6loxcddhj3i6pzfvzicc36/app.bsky.feed.post/3mlmqjdcfim23,bafyreidv5zfmpxrfpa4bpvtvhabwan5lhcp4b5q7mhakwykh4sdmt2a7hi,dennisjkoch.bsky.social,"Dennis ""dejay"" Koch","Cancel the Referendum!

#Canada #cdnpoli #abpoli #ableg #YEG #YYC #AlbertaUCP

youtube.com/shorts/PYAXn...",,,,0,4,7,0,2026-05-12T02:28:34Z,NA,NA,NA,,,,,
at://did:plc:eaeuyrvdlqvjgznelgcdimct/app.bsky.feed.post/3mlmpqy4hoc2i,bafyreigsyfc2jsnzvs4akf4l4otfa4gyptd4arunhglhju3lwszklouaxi,madhat59kenwood.bsky.social,Ken Wood part owner of 🇨🇦,👍🇨🇦💪 #cdnpoli,,,,0,0,4,0,2026-05-12T02:14:55Z,NA,NA,at://did:plc:xl5gwwaeebelpr6lij65rmmu/app.bsky.feed.post/3mlmkpgnkhs2r,,,,,
at://did:plc:abt5tpb7lqr7vopkrkwfswwq/app.bsky.feed.post/3mlmoyyk3tt2b,bafyreifuuibo3asn4nkf4ayshtzi4lw7satwlmjkfe5hbdx7ivxfqzp5qm,canadareport.org,Canada Report,"MV Hondius | Les Canadiens à bord n’ont pas eu de contact direct avec une personne infectée

Canada’s fastest news scan: 25+ headlines, no clutter, updated all day: CanadaReport.org

#cdnpoli #Canada #News 
Read Original Article 🔗",,,,0,0,0,0,2026-05-12T02:01:31Z,NA,NA,NA,,,,,
at://did:plc:mwagtmvsxuqlgte5iqk3fndm/app.bsky.feed.post/3mlmoqvvwo22u,bafyreiamezndqeqqrqllmit3qe5j3cqmiskutalrswdgzm7ejo4hcctrhu,lalegault.bsky.social,LA Legault ⚜️🤌🏻,I don’t think anyone should be surprised at this juncture to find out this investment is already being diverted to prioritize men’s teams over women’s teams. #cdnpoli,,,,1,3,2,3,2026-05-12T01:57:05Z,NA,NA,NA,,,,,
at://did:plc:w4xgktzvnu4xyy37xlgp3xki/app.bsky.feed.post/3mlmodwo3q22r,bafyreibkvfv7h6wifzvd4sz4viqj7gftwzigkneyfgeqqwgfgyzl6bhug4,cindylee2102.bsky.social,Lil Cin 🇨🇦,"The very least the #UCP could have done was provide information to us about how to protect ourselves, not fall for scams, etc. 

They couldn't even do the bare minimum!

#ableg #abpoli #cdnpoli",,,,1,12,22,0,2026-05-12T01:49:45Z,NA,NA,at://did:plc:c2avovzu36xeqw2icvxfiz4b/app.bsky.feed.post/3mlmepxugds2m,,,,,
at://did:plc:mwagtmvsxuqlgte5iqk3fndm/app.bsky.feed.post/3mlmo2j2k4k24,bafyreihwpxrxa7lrd2d5qlsxbzhrr2lj5qhxssxk5olmolusb44hngrrci,lalegault.bsky.social,LA Legault ⚜️🤌🏻,👇🏻more on how the Liberals are obfuscating to erase Indigenous people. #cdnpoli,,,,1,1,3,0,2026-05-12T01:44:29Z,at://did:plc:mwagtmvsxuqlgte5iqk3fndm/app.bsky.feed.post/3mlmg7tan4c2b,at://did:plc:mwagtmvsxuqlgte5iqk3fndm/app.bsky.feed.post/3mlkohkfib22d,NA,,,,,
at://did:plc:mwagtmvsxuqlgte5iqk3fndm/app.bsky.feed.post/3mlmnvgaams24,bafyreiebxtwzre3qlr6hrcykmyfmk5d42c6o7ezdjkxkxd6woovzdo3cvy,lalegault.bsky.social,LA Legault ⚜️🤌🏻,"I love his work but I do not forgive Hudson Williams for glazing Carney and letting his endorsement stand while it is being used to do unspeakable things. He is talented & wonderful, I need him to be brave and rescind his endorsement or he is just another fascist collaborator. 
#bcpoli #cdnpoli",,,,0,1,1,0,2026-05-12T01:41:38Z,NA,NA,at://did:plc:mdzeqvc66kimzyvm3lszp7m5/app.bsky.feed.post/3mlmfx6vsfs2p,,,,,
at://did:plc:4jhds6khpgmfkova5vetcm5h/app.bsky.feed.post/3mlmnlw2svk2d,bafyreiegwgcurnjqaip6l5bnwx5www52ldkbdywy3getkamdtax2dltbri,drunkondespair.bsky.social,NA,"The father tried to protect his daughter. They killed him. The child tried to run. They killed her, too.

Another #MarkCarney shared value.

#cdnpoli",,,,0,1,2,0,2026-05-12T01:36:16Z,NA,NA,at://did:plc:4llyqwdqnd6t7ncyvvjzeih7/app.bsky.feed.post/3mlmneqjwrc2t,,,,,
at://did:plc:abt5tpb7lqr7vopkrkwfswwq/app.bsky.feed.post/3mlmndkktnk2k,bafyreid72pmx4ztnwbvlbyxhah3q67tnwj3lrfcki52l4bpldd7owexqje,canadareport.org,Canada Report,"Almonty Industries Reports First Quarter 2026 Financial Results

Canada’s fastest news scan: 25+ headlines, no clutter, updated all day: CanadaReport.org

#cdnpoli #Canada #News #Business #Economy 
Read Original Article 🔗",,,,0,0,0,0,2026-05-12T01:31:37Z,NA,NA,NA,,,,,
at://did:plc:kqqydztpv6lrkmynvlo7zsru/app.bsky.feed.post/3mlmmgogemk2u,bafyreihiohl4amquireffw6pwviu3dqou32xzq5kw2jh5lquffmie6bkt4,kaicable.bsky.social,"Kai, a very old GenX 🇨🇦","Is Canada's boycott of U.S. travel thawing? 

Data from Statistics Canada found that automobile trips were up in April compared to last year.

Tsk, tsk.

#cdnpoli #canada #boycottusa #elbowsup",,,,0,0,1,0,2026-05-12T01:15:33Z,NA,NA,NA,,,,,
at://did:plc:7wmc36uwxgne6bdfvpq4jfwx/app.bsky.feed.post/3mlmmf2h6ws2f,bafyreifszytlpykccveun5cjb2iwb2oqx4yrojlokrskjadlcbhvnykdpy,drunkweather.bsky.social,Drunkweather,"Good thing weather won't be relevant going forward 

🤡 #CDNpoli 🤡",,,,1,0,2,0,2026-05-12T01:14:34Z,NA,NA,at://did:plc:clgthoaouiclezlxbk3yyhj7/app.bsky.feed.post/3mlmkvquwhc27,,,,,
at://did:plc:5hma2vzdervbigdd7gmfg6ph/app.bsky.feed.post/3mlmmd6gvps22,bafyreiemx2nexl2vinrmjdrn7cz3lgjcn3avxmxwoahx3eeikct6r2chai,ellenteapot.ca,ellen teapot 🇨🇦🏳️‍⚧️,"if i were the minister of his majesty’s government for ai and digital transformation, i would at least have a public, conceete list of deliverables for ai and digital transformation within the government’s current mandate by now. #cdnpoli",,,,1,1,5,0,2026-05-12T01:13:31Z,NA,NA,NA,,,,,
at://did:plc:kqqydztpv6lrkmynvlo7zsru/app.bsky.feed.post/3mlmmbo5tdk2u,bafyreihw6nq62su6ytiziwkrh2ec3dabizseytcov2stqwfegolydygqx4,kaicable.bsky.social,"Kai, a very old GenX 🇨🇦","BYD’s latest EV costs just over $10,000, goes 250 miles, and packs a LiDAR, too.

The 2026 Seagull is proof that the future of affordable EVs is already here, just not in the West. 

#cdnpoli #canada 

www.digitaltrends.com/cars/byds-la...",,,,0,3,5,0,2026-05-12T01:12:45Z,NA,NA,NA,,,,,
at://did:plc:r64wzjtkimyq4vkiddzuu6no/app.bsky.feed.post/3mlmlr4z7lk25,bafyreifakyystabq6vh26mqsxjdcdqlanvhrzanklzfmjkicpo3bb2p5jm,bcwildfirewkly.bsky.social,BC Wildfire Weekly - Wildfires + More,"“Middle East could be destination for B.C. lumber exports amid push to diversify” www.cbc.ca/news/canada/... - CBC British Columbia 

#BCPoli #CDNPoli #Forestry #MiddleEast",,,,0,2,0,0,2026-05-12T01:03:27Z,NA,NA,NA,,,,,
at://did:plc:abt5tpb7lqr7vopkrkwfswwq/app.bsky.feed.post/3mlmlnspenn2b,bafyreibjpgxhdvx2a6qt4lelmgylwbmudbjy6n32cfjwig7baq7hofwqni,canadareport.org,Canada Report,"Reculs en environnement | Pourquoi Guilbeault continue-t-il de siéger comme libéral ?

Canada’s fastest news scan: 25+ headlines, no clutter, updated all day: CanadaReport.org

#cdnpoli #Canada #News 
Read Original Article 🔗",,,,0,0,0,0,2026-05-12T01:01:34Z,NA,NA,NA,,,,,
at://did:plc:mv6loxcddhj3i6pzfvzicc36/app.bsky.feed.post/3mlmlnas4hw2i,bafyreicadai3klt4lkqmxphn2knygvrue73dzfcttru4433pbmxji7f3li,dennisjkoch.bsky.social,"Dennis ""dejay"" Koch","#Trump

#Canada

#cdnpoli #uspoli #Putin #Russia #abpoli #ableg #YEG #YYC #Alberta #Ottawa #Sovereignty

#Unite",,,,0,5,4,0,2026-05-12T01:01:15Z,NA,NA,at://did:plc:5t7mfoqwvsxnjqi2hjanyonb/app.bsky.feed.post/3mlml5w3abk2s,,,,,
at://did:plc:aup43vyegw7pvuu7fq6a5dfc/app.bsky.feed.post/3mlmljovijs23,bafyreici3vmb5az5x6jzrcqp46knlnmdixf4e7kssm7luoskm2es7mzuda,walterverse.bsky.social,Walter 🇨🇦 (ウォールター),"You know what would actually help Canadians?  A #UBI.  Provides a floor that people cannot fall through. Improves labour force, education, opportunities.  www.cbc.ca/player/play/...  #cdnpoli",,,,0,1,2,0,2026-05-12T00:59:18Z,at://did:plc:kx375dszrbvqtu7o4xxxmojn/app.bsky.feed.post/3mlljjvqvzs2l,at://did:plc:kx375dszrbvqtu7o4xxxmojn/app.bsky.feed.post/3mlljjvqvzs2l,NA,,,,,
at://did:plc:re7tflvczjceanwkco2bseqb/app.bsky.feed.post/3mlmlixqhnc2a,bafyreiblnuwxzywqrthu2avpx5duwsvdqzzvw3aqio2cedzagbytumayfu,bella-andme.bsky.social,Sherry Lee,"An excellent analysis. Well worth the read.

#onpoli #cdnpoli",,,,0,0,2,0,2026-05-12T00:58:52Z,NA,NA,at://did:plc:k7ulrduhfefoqvo35dz567ow/app.bsky.feed.post/3mlm2lzndm22h,,,,,
at://did:plc:rtczszdhggqmi237zc7syz56/app.bsky.feed.post/3mlmlfanhik2u,bafyreidmvgncwmeql2qm3mu5ox2kos4avlj3agctas2wjjbdxse2dcunuy,letshearit.bsky.social,Jimmy,"""We will chart a new path forward because this is Canada and we decide what happens here"" PM MARK CARNEY. #Cdnpoli #Canada #LeaderShilp #NewWorldOrder #TeamCanada #ElbowsUp #CanadaStrong #PMMarkCanery youtu.be/V10cVpcz-wo?...",,,,0,1,2,0,2026-05-12T00:56:50Z,NA,NA,NA,,,,,
at://did:plc:r64wzjtkimyq4vkiddzuu6no/app.bsky.feed.post/3mlml3mk2jc25,bafyreidmbvi5cdbhu7jqwveut7tyuhhuwprnhx4gszqkoqmx2xq4timpma,bcwildfirewkly.bsky.social,BC Wildfire Weekly - Wildfires + More,"BELIZE: “On May 8, 2026, a one-month state of emergency was declared in specific areas of Belize City and Belize District following a sharp rise in violent crime.” travel.gc.ca/destinations... - Government of Canada

FR: voyage.gc.ca/destinations...

#Belize #CDNPoli #CentralAmerica #TravelAdvisory",,,,0,2,0,0,2026-05-12T00:51:24Z,NA,NA,NA,,,,,
at://did:plc:rtczszdhggqmi237zc7syz56/app.bsky.feed.post/3mlmkxwczus2u,bafyreidiwqku54yod3n6f3itru7wqufijcmjtxtrg6hd55ljwdkyxeneva,letshearit.bsky.social,Jimmy,Canada as moved On #ElbowsUp  #Cdnpoli #Canada #CanadaStrong #PMMarkCanery youtu.be/f8O0KLi90p0?...,,,,0,0,1,0,2026-05-12T00:49:23Z,NA,NA,NA,,,,,
at://did:plc:r64wzjtkimyq4vkiddzuu6no/app.bsky.feed.post/3mlmkxj2sok25,bafyreigwq5zoosqwjla7k3hjeiwbx2kkvkaklusbq7gb463q5zk7xkmhr4,bcwildfirewkly.bsky.social,BC Wildfire Weekly - Wildfires + More,"“The situation in the Middle East is causing travel disruptions and security implications worldwide.” travel.gc.ca/travelling/t... - Government of Canada 

FR: voyage.gc.ca/voyager/pert... 

#CDNPoli #IranWar #MiddleEast #Travel",,,,0,2,1,0,2026-05-12T00:49:07Z,NA,NA,NA,,,,,
at://did:plc:r64wzjtkimyq4vkiddzuu6no/app.bsky.feed.post/3mlmkswo7hc25,bafyreiawkrrymj7iio27dcdr3lvzdfci7huqsf7dbq3iyeorkjw3k2apui,bcwildfirewkly.bsky.social,BC Wildfire Weekly - Wildfires + More,"“The three common rodents known to carry hantavirus in Canada are: the deer mouse, the white-footed mouse and the red-backed vole.” www.cbc.ca/news/health/... - CBC News 

#Alberta #BCPoli #CDNPoli #Hantavirus #MVHondius",,,,0,3,1,0,2026-05-12T00:46:34Z,NA,NA,NA,,,,,
at://did:plc:nl34p4zyo4pdam4qlefmltcc/app.bsky.feed.post/3mlmkrnwpk22t,bafyreigbeu2c3vebsdycfyzv3ohf63mm2ynucab7uxg23nei7aoo5jzdxi,jemotluk.bsky.social,James 🇨🇦,"“They’re cutting things that affect public safety like Weatheradio and also radar science ...""  Nothing says Nation building like cutting things that affect public safety while offering Billionaires tax cuts #cdnpoli",,,,0,3,3,0,2026-05-12T00:45:51Z,NA,NA,NA,,,,,
at://did:plc:aup43vyegw7pvuu7fq6a5dfc/app.bsky.feed.post/3mlmkkoj3hc23,bafyreiawp657cfk75xlxxwn4pw37aakg3t7nrn6prqpuwivrvahsxhjlou,walterverse.bsky.social,Walter 🇨🇦 (ウォールター),www.cbc.ca/news/canada/...  #cdnpoli,,,,0,2,1,0,2026-05-12T00:41:58Z,at://did:plc:kx375dszrbvqtu7o4xxxmojn/app.bsky.feed.post/3mlljjvqvzs2l,at://did:plc:kx375dszrbvqtu7o4xxxmojn/app.bsky.feed.post/3mlljjvqvzs2l,NA,,,,,
at://did:plc:jukf22tcjgd6nt3rtbeao4kt/app.bsky.feed.post/3mlmkhcws522d,bafyreieo6qqp57xn77lx66vb7w5ipic7o6kprhdn75bbrvc5ushfhprzki,trueoak.bsky.social,True Oak,"#DanielleSmith will never be able to equivocally answer Yes to the simple question “Do you stand for Canada?” because either she loves her personal power more than her country or she is actually a separatist. 

#ForeverCanadian
#CDNpoli
#ABpoli",,,,0,6,11,2,2026-05-12T00:40:07Z,NA,NA,NA,,,,,
at://did:plc:4e7vswp5qrqppoxknd2lkfjk/app.bsky.feed.post/3mlmk35lhvc2a,bafyreihjkiicjhbeamgzf5fmvj6sb3oaxfziauknqqwir3z3gtl4f7enfe,cdnelxnstracker.bsky.social,Canadian Elections Tracker,"The 3 major parties in Nova Scotia have all now nominated candidates for the Chéticamp-Margarees-Pleasant Bay by-election.

This is a new riding that will be contested for the first time in the by-election after the Electoral Boundaries Commission created it earlier this year.

#cdnpoli #nspoli",,,,1,0,2,0,2026-05-12T00:33:17Z,NA,NA,NA,,,,,
at://did:plc:abt5tpb7lqr7vopkrkwfswwq/app.bsky.feed.post/3mlmjxpites27,bafyreigmmy3nh4vz62ms6xn2ngekh4xwjl5rhegnnda5koxly7px5i7kaa,canadareport.org,Canada Report,"Trump Takes Aim at Beef, Fuel Prices as Inflation Risks Mount

Canada’s fastest news scan: 25+ headlines, no clutter, updated all day: CanadaReport.org

#cdnpoli #Canada #News #Business #Economy 
Read Original Article 🔗",,,,0,0,0,0,2026-05-12T00:31:19Z,NA,NA,NA,,,,,
at://did:plc:kqqydztpv6lrkmynvlo7zsru/app.bsky.feed.post/3mlmjvrh6bc2u,bafyreid7vaewlnoromv2wcdu4m7gqbvllqqlfm42xvp7vnd6j4kojcbh3m,kaicable.bsky.social,"Kai, a very old GenX 🇨🇦","'Unless Alberta Premier Danielle Smith has misread her meeting last week with Prime Minister Mark Carney, it looks like it’s a go for an oil pipeline from Alberta to B.C.’s west coast.' 

#cdnpoli #canada

thegoldenstar.net/news-columni...",,,,2,1,3,0,2026-05-12T00:30:22Z,NA,NA,NA,,,,,
at://did:plc:ket6p3hpdllgjocxeito6n3l/app.bsky.feed.post/3mlmjt43vus2l,bafyreihs52ltxrqopinjpqsigle7d2wxp7kqcpukzj3lbu5iw6webwvsu4,markkersten.bsky.social,Mark Kersten,"“What is growing is the comfort people have with sharing their denialism. We’re seeing a lot of politicians giving permission to people to be racist... to practise those ideologies.""

Who’s Behind the Residential School Denialism Movement? thetyee.ca/News/2026/05... #cdnpoli",,,,2,7,13,0,2026-05-12T00:28:46Z,NA,NA,NA,,,,,
at://did:plc:b7tjp4yaqcy2crro6sumg5zy/app.bsky.feed.post/3mlmjokcorc2v,bafyreigvxsqmzv5i3keljkt4djxnxixpi4g4ppwkg7t5dddbxyfhguk2qu,nandanainthegarden.bsky.social,Nandana,This is why a #datacenter in #Alberta is DANGEROUS. We are already experiencing drought conditions. #abpoli #ableg #cdnpoli,,,,1,5,9,0,2026-05-12T00:26:11Z,NA,NA,at://did:plc:4u3hwe3p7oy3hoy3amlw7rp2/app.bsky.feed.post/3mlmblapb4y2y,,,,,
at://did:plc:amnhdrsyqrmpomj6qdzc3ved/app.bsky.feed.post/3mlmjhgem4c62,bafyreidbqyem5flze7ctntnmwp4cwimxj6nrzw27oxkylsjln65bse273q,edwing.mstdn.moimeme.ca,Edwin G. :mapleleafroundel:,"Canada’s 🇨🇦 use of AI in government may cause more harm than good

https://mobilesyrup.com/2026/05/11/canadas-use-of-ai-in-government-may-cause-more-harm-than-good/
- - -
L’utilisation de l’IA par le Canada 🇨🇦 dans les gouvernements pourrait causer plus de torts que de bien-faits

// Article en […]",,,,0,5,1,0,2026-05-12T00:22:14Z,NA,NA,NA,,,,,
at://did:plc:iyyzcuc24pgchmsbjnsa3wu3/app.bsky.feed.post/3mlmj3flcak27,bafyreifzvgryyp5ilurmbr3auotqorrhnqbowqmd2jcqdv55f22i763y3q,torontokate.bsky.social,🎶 I Will Choose Freewill 🇨🇦,"""the minimizing of airborne precautions for an event with human-to-human transmission of deadly respiratory virus possibly spread by airborne transmission.""

""until the transmission is specified by the WHO as airborne, wearing a medical mask rather than a respirator mask""🤔

#cdnpoli #onpoli #Bcpoli",,,,2,1,2,0,2026-05-12T00:15:29Z,NA,NA,at://did:plc:klg3tgjw5zznughlc2em55tq/app.bsky.feed.post/3mllxsnlfhc2o,,,,,
at://did:plc:rkyu6mb3uieyk6nel54xwisl/app.bsky.feed.post/3mlmihvbi7c27,bafyreig4zhethuprrtuc3loxp3fn2uhdg5odejhdtif3vv26sxj3azkj3y,smikooman.bsky.social,Doug Johnson 🇨🇦,"Is listening to AI generated music a thing? Who would even do that in the first place? Where do you find it?
#CdnPoli 🇨🇦",,,,0,0,0,0,2026-05-12T00:04:38Z,at://did:plc:rkyu6mb3uieyk6nel54xwisl/app.bsky.feed.post/3mlhabhubu22o,at://did:plc:rkyu6mb3uieyk6nel54xwisl/app.bsky.feed.post/3m7vvmpomp22n,NA,,,,,
at://did:plc:4xqt7t2zph634drigtdxdmro/app.bsky.feed.post/3mlmigijtpc2l,bafyreifcsggod4cua4ilw2cxc33dj5dvl5dc2nxo7qvumbl4k5sul6jj3i,journodale.bsky.social,Dale Smith,"For the evening crowd, my Loonie Politics column on Kenney demanding that federalists across the country do their party against the Alberta separatists when he's the one who empowered and legitimized them in the first place #cdnpoli",,,,0,0,6,0,2026-05-12T00:03:48Z,NA,NA,NA,,,,,
at://did:plc:cotdccb2x4rhir44fokzmszk/app.bsky.feed.post/3mlmidaiho22s,bafyreic7rq5thgpuysnwoetvpd7jfxl2umqbk2i7sv3zaqgsex5wwdc6fq,cmcalgary.bsky.social,cm 🇨🇦,"Government of Canada and TELUS advance work to build sovereign AI infrastructure

This marks a significant step to bringing large-scale data centre capacity online

www.canada.ca/en/innovatio...

#Canada #TELUS #AI #cdnpoli",,,,3,1,5,1,2026-05-12T00:01:58Z,NA,NA,NA,,,,,
at://did:plc:abt5tpb7lqr7vopkrkwfswwq/app.bsky.feed.post/3mlmic7kqbb2z,bafyreif3sqretucl6gzyapjnwfi2477kwa5scihefch4ul2cewkjfaiyae,canadareport.org,Canada Report,"Ce qu’il faut savoir ce lundi | 250 millions en santé, Patrick Bruel et Dossier santé numérique

Canada’s fastest news scan: 25+ headlines, no clutter, updated all day: CanadaReport.org

#cdnpoli #Canada #News 
Read Original Article 🔗",,,,0,0,0,0,2026-05-12T00:01:25Z,NA,NA,NA,,,,,
at://did:plc:3ikpfin23qwpthv3xzwbubtu/app.bsky.feed.post/3mlmhp3puis2f,bafyreiecssz4hy5rcltlean6o66sjclbrangtwfs5hgtv64yof63usu5he,vulpine.meme,Kit Juniper,"She can give $6,000 raises to her MLAs but hey us disabled folks need to deal with up to $400 a less a month.

My families going to be fucking homeless in 4 months due to that.

But I sure hope @daniellesmithab.bsky.social  and Jason Nixon enjoy their bonuses.

#ABPoli #CDNPoli",,,,0,2,9,0,2026-05-11T23:50:43Z,NA,NA,at://did:plc:rhxbqadvbzcaw6kp4vclzjbb/app.bsky.feed.post/3mlmcdxshok2p,,,,,
at://did:plc:ekew4wtc2m4ctroumek7kr4l/app.bsky.feed.post/3mlmhp37mxs2n,bafyreihr3nuudkxruvd3jk3rgfhrad3qz6ae27jdbtnjyrcpl74np2tve4,schmutzie.com,Schmutzie.,#CdnPoli #CanPoli,,,,0,1,7,0,2026-05-11T23:50:42Z,NA,NA,at://did:plc:h5jfa5awx3eqwla76sxncohi/app.bsky.feed.post/3mlmhlamfys2l,,,,,
at://did:plc:sywtwkbhpdibiprqvv7epcto/app.bsky.feed.post/3mlmhoeca7s27,bafyreiarlf6bo4zyyoyfbxhdu65ef4ohphahbq5gilslqkrd5vlz5b2j4u,elliott4mp.bsky.social,"Derek Elliott, Libertarian","Poilievre lectures the Liberals and Carney on discipline, but look at his own party. One of his members, Jamil Jivani, calls Canada shooting ourselves in the foot while Pierre desperately says he speaks only for himself.

Can't lead his party, wants to lead Canada? Hypocrisy. #cdnpoli #Libertarian",,,,0,0,0,0,2026-05-11T23:50:23Z,NA,NA,NA,,,,,
at://did:plc:frwecggow7f5ertmucxfcxqq/app.bsky.feed.post/3mlmhamwh5225,bafyreia6uoamqpece2sizcwtgiovkieprz73jo6luk2tgavxogxnetvm7i,jrmccranker.bsky.social,Jason McCrank,"Weird fucking shit. Also, when I was a kid the world's population was just over 5 billion. We're well over 8 now. I'm 42 years old. Shut the fuck up about the world being underpopulated. #uspoli #cdnpoli",,,,0,0,1,0,2026-05-11T23:42:37Z,NA,NA,at://did:plc:4llrhdclvdlmmynkwsmg5tdc/app.bsky.feed.post/3mlllnap2zi23,,,,,
at://did:plc:dzu7ntlsxj2rlxxob4ymyhwz/app.bsky.feed.post/3mlmh5axfmc2a,bafyreifavru2cmjrfw4vo3zrz5xei7lpmsnbaec2i2ykjqwrhcj55oxz24,grannycanuck.bsky.social,💪🏼🫎🛶🦫🌲💨🪨🌊,"MAPPING TARIFFS
Mapping potential impacts of 
🇺🇸 US tariffs in 🇨🇦 Canada using cell phone data (vs border crossings)
- from the School of Cities at University of Toronto (Interactive) 🔚 #cdnPoli #Never51 #Tariffs #Tourism #Travel #UofT #usPol. mappingtariffs.org/map",,,,0,0,1,0,2026-05-11T23:40:47Z,NA,NA,NA,,,,,
at://did:plc:abt5tpb7lqr7vopkrkwfswwq/app.bsky.feed.post/3mlmgmjx3522p,bafyreiaglba23rx5hv47fart5djer3whlytjrhsywd5lhmew4gucuxzjsm,canadareport.org,Canada Report,"Vecima Declares Quarterly Dividend

Canada’s fastest news scan: 25+ headlines, no clutter, updated all day: CanadaReport.org

#cdnpoli #Canada #News #Business #Economy 
Read Original Article 🔗",,,,0,0,0,0,2026-05-11T23:31:23Z,NA,NA,NA,,,,,
at://did:plc:kqqydztpv6lrkmynvlo7zsru/app.bsky.feed.post/3mlmge2qvu22m,bafyreihiepi6cgxwpb3abrnxlpbtc6u3iwnoxpvyklljcjk4qs6s2nwbrm,kaicable.bsky.social,"Kai, a very old GenX 🇨🇦","GM agrees to pay $12.75 million to settle California lawsuit over the theft and misuse of customers' driving data through its OnStar program

The U.S. is already a security risk.

#boycottusa #cdnpoli #canada

www.engadget.com/2169135/gm-a...",,,,0,0,1,0,2026-05-11T23:26:41Z,at://did:plc:h2thseiou732j3h7hnaexs6a/app.bsky.feed.post/3mlm6zwblys2i,at://did:plc:kqqydztpv6lrkmynvlo7zsru/app.bsky.feed.post/3mlln37qtjc2u,NA,,,,,
at://did:plc:q5zroikqfmpsiaab34af7xom/app.bsky.feed.post/3mlmg2nzfpc2j,bafyreiddvhpdhw3vws3dsa4ukepocikxxogkf4ukgucvosj5oefdk5ppxm,ryanjespersen.bsky.social,Ryan Jespersen,"Canada's spy agency warns Alberta's upcoming referendum is ""rife for disinformation and foreign interference"".

@supriya.bsky.social gets into it. How concerned are you about this?

👀 FULL: rtrj.info/051126Supriya

🎧 FULL: rtrj.info/051126

#abpoli #cdnpoli #RealTalkRJ #CSIS",,,,2,19,35,1,2026-05-11T23:21:24Z,NA,NA,NA,,,,,
at://did:plc:eix3tk3r26zi2p3vyreh3k3b/app.bsky.feed.post/3mlmflswen22w,bafyreiflyrsjk24rn7iyhjijlailwpxaqahbrb47ru56hloswfvjmelpei,atomicker.bsky.social,NA,"“It’s really bad … I think this might be the thing that breaks things,” added another MP, who noted that the Liberal caucus was kept in the dark about the changes until Friday.

#Canada #CDNPoli #ClimateCrisis #ClimateBreakdown #ClimateChange #PolyCrisis",,,,0,2,3,0,2026-05-11T23:13:06Z,NA,NA,at://did:plc:eix3tk3r26zi2p3vyreh3k3b/app.bsky.feed.post/3mlmfbnpg6c2f,,,,,
at://did:plc:eix3tk3r26zi2p3vyreh3k3b/app.bsky.feed.post/3mlmfijkvw222,bafyreidzpmh5oplxqe7jgepuxmnyhyzw3ifb2ft4bengc4xzgcc3pvtppu,atomicker.bsky.social,NA,"“Canadians expected better when they elected this government. They voted for a government that would shield us from the threat posed by the current U.S. administration, not to mimic their legislative agenda”.

#Canada #CDNPoli #ClimateCrisis #ClimateBreakdown #ClimateChange #PolyCrisis",,,,1,3,3,0,2026-05-11T23:11:15Z,NA,NA,at://did:plc:eix3tk3r26zi2p3vyreh3k3b/app.bsky.feed.post/3mlmfbnpg6c2f,,,,,
at://did:plc:rsvzkqxa2xdojwmjljqzs4ik/app.bsky.feed.post/3mlmfehztdk2u,bafyreiac5nlierudw43o2u5sgupkdih6l4oaeohvtv6s4bk7ldikjsltwy,thebreakdownab.bsky.social,The Breakdown AB,"Scoop!

Emails obtained by The Breakdown reveal a $1,000,000 funding cut to social safety net organization ""The Alex"" resulting in decreased programming and multiple job losses. 

#abpoli #ableg #cdnpoli #YYC 

 open.substack.com/pub/thebreak...",,,,6,81,128,5,2026-05-11T23:09:00Z,NA,NA,NA,,,,,
at://did:plc:eix3tk3r26zi2p3vyreh3k3b/app.bsky.feed.post/3mlmfddndo22f,bafyreifd4szgq7w5urv7jttzkwa2jtmxcwffaajmv6zk4bmcdxmd2uzyou,atomicker.bsky.social,NA,"“It’s worse than what Harper did, I agree,” said Steven Guilbeault, the Liberal MP and former environment minister. “This goes beyond what Harper proposed when he was in power, yes, that’s true.”

#Canada #CDNPoli #ClimateCrisis #ClimateBreakdown #ClimateChange #PolyCrisis",,,,0,0,2,0,2026-05-11T23:08:21Z,NA,NA,at://did:plc:eix3tk3r26zi2p3vyreh3k3b/app.bsky.feed.post/3mlmfbnpg6c2f,,,,,
at://did:plc:eix3tk3r26zi2p3vyreh3k3b/app.bsky.feed.post/3mlmfbnpg6c2f,bafyreieecvfgtfqfa2eneefw4si7t7hrvbycszgj654qou3a4acu6dk3ne,atomicker.bsky.social,NA,"""This would represent by far the worst evisceration of environmental law in Canadian history, far worse than what happened under Prime Minister Harper’s government in 2012.”

#Canada #CDNPoli #ClimateCrisis #ClimateBreakdown #ClimateChange #PolyCrisis",,,,0,0,1,4,2026-05-11T23:07:26Z,NA,NA,NA,,,,,
at://did:plc:fw7nfyu73qekvpkioowgugpy/app.bsky.feed.post/3mlmex6r6rk2b,bafyreietrz7zj7fdvglzgkhfuvpfho74fx2ojosaaoqplr3inyrwqhwqee,raedeeton.bsky.social,Rae Deeton,Across Canada Food Banks are short of food. Thousands of Canadians are living on the street. What does our Federal Government intend to do about this? #cdnpoli,,,,2,1,2,1,2026-05-11T23:01:31Z,NA,NA,NA,,,,,
at://did:plc:abt5tpb7lqr7vopkrkwfswwq/app.bsky.feed.post/3mlmewutbyz27,bafyreihnxzmxcz4epdpcgnfpoasifvowrfqwnkjh6eorztm2pmas5scc4m,canadareport.org,Canada Report,"Infractions pédosexuelles | L’avocat Daniel Rochefort accusé d’agression sexuelle sur une mineure

Canada’s fastest news scan: 25+ headlines, no clutter, updated all day: CanadaReport.org

#cdnpoli #Canada #News 
Read Original Article 🔗",,,,0,0,0,0,2026-05-11T23:01:22Z,NA,NA,NA,,,,,
at://did:plc:x2fori67bggzcj2a6c7sj6ur/app.bsky.feed.post/3mlmetdjqds2c,bafyreid37ljwdsm7rmjuya27xihhvbvuygh4e2f4kdl3oydpjkhcrwbjfq,jimmydp01.bsky.social,J Payne,"Canada show your generosity and  ❤️ 

#Elbowsup for the great People of Gaza Palestine who are facing the unfathomable and could use a hand up by supporting this very important initiative;

#Gaza #Palestine 
#Cdnpoli #BCPoli

www.gofundme.com/f/support-be...",,,,0,0,0,0,2026-05-11T22:59:26Z,NA,NA,NA,,,,,
at://did:plc:7lk2ea67pioh2e7tqj5n7whh/app.bsky.feed.post/3mlmesu44h225,bafyreieoq5fzosxe6hky6poubuosjwt4gz6ykttqzshlbhxwu6zhaxhk6i,samspade1941.bsky.social,Samuel Spade,"#cdnpoli #ukpol #auspol #uspol

""Why should Beijing risk entering a hot war or challenging American leadership in the Middle East or elsewhere when the United States is plainly wearing itself down, militarily, fiscally, and politically?""",,,,1,2,4,0,2026-05-11T22:59:07Z,NA,NA,at://did:plc:7lk2ea67pioh2e7tqj5n7whh/app.bsky.feed.post/3mlmeityx722l,,,,,
at://did:plc:ldvnqrqk3hghqcu5qj53uahf/app.bsky.feed.post/3mlmemwtqqc2a,bafyreiaul5kvj5wywywwzrfv4rg637wpt3v5h5j6uawsnzwdg524yxkdry,micropainter.bsky.social,Leeta 🇨🇦," The UCP are afraid of 456,388 Albertans who signed the Forever Canadian petition.

They are also afraid of the millions of angry Albertans whose personal data was illegally exposed, shared, and used by their separatists.

And they should be. Very. Afraid.

#Canada #Alberta #cdnpoli #ableg  #abpoli",,,,0,6,26,0,2026-05-11T22:55:49Z,NA,NA,NA,,,,,
at://did:plc:ypbo2mq6dqcct43gt2sam6el/app.bsky.feed.post/3mlmekagu3p2g,bafyreicvb7eofbboju7vlyuwhafw3od5wdg72buj6dzfo723562em5p3xa,ipolitics.bsky.social,iPolitics,The Senate’s role: compliant or complementary? #cdnpoli #ipolitics,,,,1,2,2,1,2026-05-11T22:54:18Z,NA,NA,NA,,,,,
at://did:plc:bfypaxsdpfcj4i2t5qkeu3eh/app.bsky.feed.post/3mlmeh25vsc2e,bafyreid66kqont6vm4iix35bmgthbjvgcpgh57tetri2llmc67ccj2kvnm,conorcurtis.bsky.social,Conor Curtis,"Again, I think we will see folks like this try to reframe Canadian sovereignty away from progressive values. 

""Unify"" in the name I suspect is no accident.

Don't underestimate where that reframing could lead: 'The abortion debate isn’t prominent in Canada but she wants that to change...' #CDNpoli",,,,1,5,7,0,2026-05-11T22:52:32Z,NA,NA,at://did:plc:zh5dfrgucq2td5ngz2wtlzle/app.bsky.feed.post/3mlmdccfcik2k,,,,,
at://did:plc:fkmrbdlv2yoo5iebg4j6eqjh/app.bsky.feed.post/3mlme5mw64k2e,bafyreiea7orosc4es4lgn52n2l7p7jt72nz2bywtkjs27kvtr3ljdc5mt4,wcelaw.bsky.social,West Coast Environmental Law,"The federal government is proposing to make it easier to kill endangered species, pollute waterways & risk human health, all in the name of fast-tracking resource development projects. #impactassessment #cdnpoli",,,,3,4,5,0,2026-05-11T22:47:17Z,NA,NA,NA,,,,,
at://did:plc:mwagtmvsxuqlgte5iqk3fndm/app.bsky.feed.post/3mlme2qkwqc2f,bafyreihq5hbqbm6lkvlitaeuhgisxqdbwmpcujk5voh6aawfzopi5glrbe,lalegault.bsky.social,LA Legault ⚜️🤌🏻,"A PSA to Canadians, hear her out. 
#cdnpoli #Canadasky",,,,0,7,11,1,2026-05-11T22:45:39Z,NA,NA,NA,,,,,
at://did:plc:mwagtmvsxuqlgte5iqk3fndm/app.bsky.feed.post/3mlmdtobwt22f,bafyreicornyy6bpwjjboub6z42tzrawooqtskz626krfbypjl7esaxy7ei,lalegault.bsky.social,LA Legault ⚜️🤌🏻,Prime Minister Mark Carney is a Liberal for people who listen to what he says. He is a conservative to people who pay attention to what he does. And he is a fascist to people who read the legislation he writes. #cdnpoli,,,,0,6,11,0,2026-05-11T22:41:41Z,NA,NA,NA,,,,,
at://did:plc:ii6oavwfjgy2s33lwrcbjubl/app.bsky.feed.post/3mlmdsst5q22l,bafyreicmpftdxxaadomlzdkrb7svvujlmatfuhvk6ss2vwndcjkls4vlga,robinhood246.bsky.social,B.G. Witch 🇨🇦 🏳️‍⚧️ 🌈,"Platner is absolutely correct. 

Canada faces the same underlying problems. 

Market Carney will continue appeasing corporations and killing government.

Citizens' rights > eternal profit growth #cdnpoli @mark-carney.bsky.social @liberalca.bsky.social",,,,0,0,2,0,2026-05-11T22:41:14Z,NA,NA,NA,,,,,
at://did:plc:nx3fxjnxlrpet6jifjuhbklp/app.bsky.feed.post/3mlmdr3pia22u,bafyreifenypyaqae22mu3d56k2ud4atay6lhb5raqjyy6klns3natov2ym,trailerparkphd.bsky.social,Trailer Park PhD,"Great job, #AlbertaSeparatists! You are one step closer to dying on Hamburger Hill for Supreme Leader #DonaldTrump.

Yay! 

You did it!

#Alberta #CdnPoli #DaniellSmith

youtube.com/shorts/q0Uw9...",,,,0,1,1,0,2026-05-11T22:40:14Z,NA,NA,NA,,,,,
at://did:plc:r64wzjtkimyq4vkiddzuu6no/app.bsky.feed.post/3mlmdpd7los2h,bafyreibdmbjg3iybqfh5gg4tsqgzoep42nmmrdt4ovj3xlmaciqzyp33ry,bcwildfirewkly.bsky.social,BC Wildfire Weekly - Wildfires + More,"“Vancouver and Kamloops will be home to a new data centre cluster under a planned partnership announced by the federal government and Telus.” www.cbc.ca/news/canada/... - CBC British Columbia 

#AI #ArtificialIntelligence #CDNPoli #Data #Kamloops #YVR",,,,2,1,1,3,2026-05-11T22:39:16Z,NA,NA,NA,,,,,
at://did:plc:eaeuyrvdlqvjgznelgcdimct/app.bsky.feed.post/3mlmdlh5olc2u,bafyreifcidvgm4n3bbuvp5bv7x4u2rzav636coqkpmtj4cp3z6rqzxljfy,madhat59kenwood.bsky.social,Ken Wood part owner of 🇨🇦,Just what we do NOT need in 🇨🇦 #cdnpoli,,,,1,3,6,0,2026-05-11T22:37:05Z,NA,NA,at://did:plc:zh5dfrgucq2td5ngz2wtlzle/app.bsky.feed.post/3mlmdccfcik2k,,,,,
at://did:plc:eaeuyrvdlqvjgznelgcdimct/app.bsky.feed.post/3mlmdhcpqd22u,bafyreib5vvheqacr2batuaom6tzxzofgdztkjgepnh4urge2czt3zgiote,madhat59kenwood.bsky.social,Ken Wood part owner of 🇨🇦,Completely misinformed the whole panel. Lavigne calling Black moderate says it all. I can only hope BCers reject this clown car of racist rejects. 🤞 #bcpoli #cdnpoli,,,,0,0,1,0,2026-05-11T22:34:46Z,NA,NA,at://did:plc:zkx5ssoe4pq7pfmckyqumax5/app.bsky.feed.post/3mlmdaf4t5c2b,,,,,
at://did:plc:abt5tpb7lqr7vopkrkwfswwq/app.bsky.feed.post/3mlmdbcofmi2k,bafyreihjjzrquoqhsm6cri2oyceiyidmgy4f2e4jnm4tattlcuexy3vkzy,canadareport.org,Canada Report,"Badger Announces Appointment of Chief Operating Officer

Canada’s fastest news scan: 25+ headlines, no clutter, updated all day: CanadaReport.org

#cdnpoli #Canada #News #Business #Economy 
Read Original Article 🔗",,,,0,0,0,0,2026-05-11T22:31:25Z,NA,NA,NA,,,,,
at://did:plc:zkx5ssoe4pq7pfmckyqumax5/app.bsky.feed.post/3mlmdaf4t5c2b,bafyreie23xcdo33bodmb7qcikk2x7zlx6qb4gfeu53pdx2pe7xlbdp3yeq,traveling4life.bsky.social,Traveler,The panel didn't seem to understand how the BCConservatives came to be. Collapse of the BC United just prior to election. They are a mishmash of two parties- both right to far right. Kate Harrison's comments showed her lack of understanding. #PnP #cdnpoli Agreed - worse than other Con Premiers.,,,,0,1,2,1,2026-05-11T22:30:54Z,at://did:plc:eaeuyrvdlqvjgznelgcdimct/app.bsky.feed.post/3mlmc3ysik227,at://did:plc:eaeuyrvdlqvjgznelgcdimct/app.bsky.feed.post/3mlmc3ysik227,NA,,,,,
at://did:plc:in6t5b6l3wnfwkcuqji57ttg/app.bsky.feed.post/3mlmcu76iis2h,bafyreiddhnl32k53y7z2pf6hysjnkd22kjimyhcvigxd66sriume4ddkca,ccfr-ccdaf.bsky.social,Canadian Coalition for Firearm Rights,"How does penalizing millions of licensed gun owners stop the REAL problem:

Repeat offenders with illegal guns? 🇨🇦 #cdnpoli",,,,0,0,0,0,2026-05-11T22:24:04Z,NA,NA,NA,,,,,
at://did:plc:sywtwkbhpdibiprqvv7epcto/app.bsky.feed.post/3mlmctkawps2l,bafyreiflgvnzrmp3v3l47agdo53cdowbcjzqxhqibcl5rf7rsnq5xufz2q,elliott4mp.bsky.social,"Derek Elliott, Libertarian","The government needs to stop acting like a gatekeeper. We don't need a new ""office"" for every issue. We need to shut down the ones that are blocking progress. Let's make things easier for everyone across the board.

Full video: www.youtube.com/shorts/-w7ZP...

#CdnPoli #Libertarian #Freedom",,,,0,1,1,0,2026-05-11T22:23:48Z,NA,NA,NA,,,,,
at://did:plc:re7tflvczjceanwkco2bseqb/app.bsky.feed.post/3mlmcruda2s22,bafyreigkrjo3padlr4ws3dcomlfwskitgihgqchrq3vtu4zbj2opdeosl4,bella-andme.bsky.social,Sherry Lee,"I fully appreciate that we need reporting on the news about Iran, the war and Trump but I sit shaking my head listening to Katie Nicholson discuss anything Trump says using language as if he is a reasonable, competent leader. Kudos to Katie Nicholson  for that.  Quite a challenge. 
#pnpcbc #cdnpoli",,,,0,0,0,0,2026-05-11T22:22:46Z,NA,NA,NA,,,,,
at://did:plc:eaeuyrvdlqvjgznelgcdimct/app.bsky.feed.post/3mlmcbo25fs27,bafyreietlr3uxtyp6pj6yxa5jfstqgu7fyj55pndfrep463ad7ogj4zfe4,madhat59kenwood.bsky.social,Ken Wood part owner of 🇨🇦,Very good question. After the weekend debate I think this is a great question. Definately a bunch of racist when discussing indigenous. #bcpoli #vanpoli #cdnpoli,,,,0,1,1,0,2026-05-11T22:13:43Z,NA,NA,at://did:plc:t4qjao6o2xfwavfc5ewwvosg/app.bsky.feed.post/3mljfdp5lx226,,,,,
at://did:plc:eaeuyrvdlqvjgznelgcdimct/app.bsky.feed.post/3mlmc3ysik227,bafyreia44qihqxjnclxzodymliqxpfx6mzxg2kizqs4l3hmvsln6dxo6le,madhat59kenwood.bsky.social,Ken Wood part owner of 🇨🇦,"#PnP the #BCConservatives are worse IMO & living here, worse than Smith/Moe/Ford. After watching that debate Im firm on this. A collection of bigots. As for #IanBlack being a moderate give me a bloody break. Wrong hes heavy right leaning listen to him. #bcpoli #cdnpoli",,,,1,0,0,0,2026-05-11T22:10:33Z,NA,NA,NA,,,,,
at://did:plc:re7tflvczjceanwkco2bseqb/app.bsky.feed.post/3mlmbxbmbcc2b,bafyreifot3gvygfmyxegstvgsgv6das5komzpshdanuhikkcnhdab6me6e,bella-andme.bsky.social,Sherry Lee,#abpoli #cdnpoli,,,,0,3,7,0,2026-05-11T22:07:57Z,NA,NA,NA,,,,,
at://did:plc:re7tflvczjceanwkco2bseqb/app.bsky.feed.post/3mlmbp3ub3224,bafyreibon3a5lxqtlcyrqtcccmp7wwhugfdmag76fkn6tzjkrcesqbjzom,bella-andme.bsky.social,Sherry Lee,"And I should explain it’s the Reporter Roundtable I enjoy on Thursday. 
#pnpcbc #cdnpoli",,,,2,0,1,0,2026-05-11T22:03:21Z,at://did:plc:re7tflvczjceanwkco2bseqb/app.bsky.feed.post/3mlmbl7abtk24,at://did:plc:re7tflvczjceanwkco2bseqb/app.bsky.feed.post/3mlmaxx2cas26,NA,,,,,
at://did:plc:abt5tpb7lqr7vopkrkwfswwq/app.bsky.feed.post/3mlmblrfev22z,bafyreicygc2exfe2h4o3i7fwj6ci4qwrwki36hjudypoiddmue2wgans2m,canadareport.org,Canada Report,"Toronto Tech Week reveals new Homecoming speakers

Canada’s fastest news scan: 25+ headlines, no clutter, updated all day: CanadaReport.org

#cdnpoli #Canada #News #Tech #AI 
Read Original Article 🔗",,,,0,1,1,0,2026-05-11T22:01:28Z,NA,NA,NA,,,,,
at://did:plc:re7tflvczjceanwkco2bseqb/app.bsky.feed.post/3mlmbl7abtk24,bafyreia53b54p6pepdvqsbg2tlyrrcvfnslfrn3jlgadq3ubcuyv7a733y,bella-andme.bsky.social,Sherry Lee,"Honestly? The only panels I enjoy - and actually learn something from are Thursday and Friday. 
Really enjoyed the Guilbeault interview.
#pnpcbc #cdnpoli",,,,2,0,1,0,2026-05-11T22:01:09Z,at://did:plc:iuki2csm6jjkts6pcmocbbvs/app.bsky.feed.post/3mlmbdgijwc2r,at://did:plc:re7tflvczjceanwkco2bseqb/app.bsky.feed.post/3mlmaxx2cas26,NA,,,,,
at://did:plc:re7tflvczjceanwkco2bseqb/app.bsky.feed.post/3mlmbgntvuc24,bafyreig3bzzi6qjkhhqu46y224u3tpo6ec7tjctgqeput3tbo7ul7qtiim,bella-andme.bsky.social,Sherry Lee,"Rob Russo makes sense - a review of a 19 vote win - Erskine-Smith’s loss - leaves no doubt, no unanswered questions. It’s such a slim win. Why leave a cloud hanging over it?
#pnpcbc #onpoli #cdnpoli",,,,1,0,1,0,2026-05-11T21:58:37Z,NA,NA,NA,,,,,
at://did:plc:ed63zp3ko7gvx6cfpxko45mo/app.bsky.feed.post/3mlmbfmw6522q,bafyreiehudemdmbesssmfq5xdsgxouwfst26auxqqm2uqiln3qmu6cn5vq,heathermoandco.bsky.social,Heather e^-1/x^2,"Reminder, tomorrow is the deadline to fill out your #Census, Canada! 

Unfortunately, as with anything in the realm of good governance, idiots have to have #MapleMAGA ignorance tantrums about it. 
#cdnpoli",,,,18,32,77,1,2026-05-11T21:58:05Z,NA,NA,NA,,,,,
at://did:plc:eoouaeqa2taou3aqacpjuaq4/app.bsky.feed.post/3mlmbdwjuok2d,bafyreieqzyjczbzx5ncwuwokh2mtjzdhrkc6wjuwbsnpp7cwvlm5nf3fce,alexgoatcher.bsky.social,Alex Goatcher,THANKS TRUDEAU! Prince Albert residents not doing their census papers is all the Libtards' fault! #cdnpoli,,,,1,1,4,0,2026-05-11T21:57:07Z,NA,NA,NA,,,,,
at://did:plc:re7tflvczjceanwkco2bseqb/app.bsky.feed.post/3mlmaxx2cas26,bafyreifrtiykeskjzb3uxwijcpyu5vtufqxhxnnl2dzwwntaxd2llk2ipe,bella-andme.bsky.social,Sherry Lee,"Nope Brad Lavigne. Not a favourite panel. By a long shot. I’m sure there are many others who enjoy it very much. 
#pnpcbc #cdnpoli",,,,1,0,1,0,2026-05-11T21:50:23Z,NA,NA,NA,,,,,
at://did:plc:t4qjao6o2xfwavfc5ewwvosg/app.bsky.feed.post/3mlmawt254c23,bafyreiau5q33shmawjjdkhermrnajbondy547knd55dqypmokjlmqgx6ly,pqpolitics.bsky.social,Pete Quily,"Has Mark Carney put sanctions on far right Israeli terrorist settlers like the European Union did after fascist Hungary became democratic Hungary?

#cdnpoli",,,,0,0,0,0,2026-05-11T21:49:46Z,NA,NA,at://did:plc:r4ve5hjtfjubdwrvlxcad62e/app.bsky.feed.post/3mlmaoi6kpv2z,,,,,
at://did:plc:v3eup4rzroyniw2x7bmsdzgt/app.bsky.feed.post/3mlmarll5sk2p,bafyreidbzjoiqu53bfakwa4aw24tcuh76fiap3xwdbhp7c3ethi47r2rhi,spudislander45.bsky.social,Spudislander45 🇨🇦❤️🌎💪🫡,"Ally and friend of #Putin suggested by #Russia to negotiate war end on #Ukraine?

This is not a serious proposal. Putin will NEVER negotiate peace.  He’d have every one of his citizens used in war before ever giving up land or negotiating end to war.

Ukraine must have peace on their terms. #cdnpoli",,,,0,0,0,0,2026-05-11T21:46:51Z,NA,NA,NA,,,,,
at://did:plc:zkx5ssoe4pq7pfmckyqumax5/app.bsky.feed.post/3mlmar7r73c2u,bafyreiahw7ltdn3o37nntglcpbu2usyq75vo2kq4ah2niml4viqa6lluji,traveling4life.bsky.social,Traveler,Economic growth over the environment does not have to mean at the expense of the environment. #cdnpoli #pnp,,,,0,0,1,0,2026-05-11T21:46:38Z,NA,NA,NA,,,,,
at://did:plc:re7tflvczjceanwkco2bseqb/app.bsky.feed.post/3mlmaqltyhc2q,bafyreifwhptvhmxvqezl54qt6jr3b57ru4dybpylayexot4az7phcb55y4,bella-andme.bsky.social,Sherry Lee,"Love when certain panelists are on during Monday night’s Power Panel. Gives me the opportunity to prepare a salad or peel potatoes. 
#pnpcbc #cdnpoli",,,,0,0,2,0,2026-05-11T21:46:17Z,NA,NA,NA,,,,,
at://did:plc:oxusypvea4j6vq7kavhuoncn/app.bsky.feed.post/3mlma57f5xk2s,bafyreihw6ql22smtgx7bg5s5bwcfw5xtgx6sy4qzqxzfdlshf5swpk3mnm,marktottenpolitics.bsky.social,Mark Totten,"Canadians are experiencing record high levels of debt and bankruptcies in the start of 2026. 

Bankruptcies are at the highest rate since 2009. Mortgage delinquency at the highest rate since 2021. 

How does the liberal spring budget help? It's reported to funnel more wealth to the wealthy. #cdnpoli",,,,0,0,0,0,2026-05-11T21:35:26Z,NA,NA,NA,,,,,
at://did:plc:abt5tpb7lqr7vopkrkwfswwq/app.bsky.feed.post/3mlm7vxiail2t,bafyreia4kgvizfs3sildo4lhltrzqd4etjkbb5qg274x72jwbxba4r7bdu,canadareport.org,Canada Report,"LIFT Provides Update on Timetable for Combination Transaction With Winsome Resources

Canada’s fastest news scan: 25+ headlines, no clutter, updated all day: CanadaReport.org

#cdnpoli #Canada #News #Business #Economy 
Read Original Article 🔗",,,,0,0,0,0,2026-05-11T21:31:23Z,NA,NA,NA,,,,,
at://did:plc:re7tflvczjceanwkco2bseqb/app.bsky.feed.post/3mlm7u7eakk24,bafyreiajm3ywuljkv3zb46un5ig4x2fxlwjsp5dhjctschdk22airgcwru,bella-andme.bsky.social,Sherry Lee,"Scarborough Southwest such a hot property these days. A loss for Erskine-Smith by 19 votes. Just announced yesterday city  council member being investigated by police. 
It used to be so bland and boring. 
#pnpcbc #cdnpoli #onpoli",,,,0,0,1,0,2026-05-11T21:30:24Z,NA,NA,NA,,,,,
at://did:plc:ig6dnt4tqgg7iwwtywx3bkvd/app.bsky.feed.post/3mlm7jkv2322a,bafyreictcrkux4c57lqekljpq5svhsagrw7nbagab4n3kfzgihc34ifvwm,robduncan.bsky.social,Rob Duncan,"""Our economic model is at war with life on earth.""  - Naomi Klein

#auspol #USPOL #USA #us #uspoli #poli #politics #cdnpoli #canada #anticapitalist #capitalismkills #killCapitalism #capitalism #abolishcapitalism #fuckcapitalism #SocialJustice #ethics #FalseConsciousness",,,,0,4,17,1,2026-05-11T21:24:30Z,NA,NA,NA,,,,,
at://did:plc:ig6dnt4tqgg7iwwtywx3bkvd/app.bsky.feed.post/3mlm7bffie22a,bafyreigptntllzpcrt5s6x7nuzgvycgivfd3scad2xolji5vtdxn4uuwla,robduncan.bsky.social,Rob Duncan,"""Something awful is happening to a society when it ceases ... to believe in the report that only poets can make.""

#auspol #USPOL #USA #uspoli #poli #politics #cdnpoli #history #SocialJustice #LongerTables #Socialist #socialism #LeftIsBest #ClassConsciousness #FalseConsciousness #abolishcapitalism",,,,1,2,14,0,2026-05-11T21:19:54Z,NA,NA,NA,,,,,
at://did:plc:r64wzjtkimyq4vkiddzuu6no/app.bsky.feed.post/3mlm76vjmbc2h,bafyreicfhanuohqp6oel5ezi4uot3fpvlp5kxtqmilnrc6xs3amlb7lkxu,bcwildfirewkly.bsky.social,BC Wildfire Weekly - Wildfires + More,"VICTORIA, BRITISH COLUMBIA: “From the airport, the individuals were transported directly to secure, pre-arranged isolation accommodations under strict public health supervision.” www.ctvnews.ca/vancouver/ar... - @ctvnewsvancouver.bsky.social

#BCPoli #CDNPoli #Hantavirus #VancouverIsland #YYJ",,,,1,1,3,0,2026-05-11T21:18:30Z,NA,NA,NA,,,,,
at://did:plc:h2spa3l463coxycuy6iiov2l/app.bsky.feed.post/3mlm76pkmws2u,bafyreicdeizjyd3yd2xarkonkghgwnteismok5avhwh5wtpyrdhx5547gy,shewandersferal.bsky.social,Allison Moon 🌙  🍁,"Oh #BRICS is giving it to the #US from all sides

#AfriCom is seeing criticism
as well they should…

I would imagine most #Canadians are unawares…

#🍁 #CANpoli 🍁 #CDNpoli 🍁  #CanadaSky 🌌 #Alberta",,,,0,0,0,0,2026-05-11T21:18:25Z,NA,NA,NA,,,,,
at://did:plc:kwbtkxw77a5565qckvvpv3d3/app.bsky.feed.post/3mlm73k7qi22d,bafyreifutdnonewwwkn7cio7vem7tlnqa5m6czr6fe7dlnqufyhwx4vjhm,darkwaterphotos.bsky.social,Photography by Douglas 🍁,"On Trade, 

""What Canada cannot do is outsource its trade policy to a U.S. Senate committee.

America can warn us. America can disagree. America can make its case.

But Canada is a country, not a branch plant with a flag.""

— Marcus | The Headline Lab   

#CdnPoli #TheHeadlineLab #EVs 🦾🦾🪖🍁 #ElbowsUp",,,,0,0,5,1,2026-05-11T21:16:37Z,NA,NA,NA,,,,,
at://did:plc:px2esgvbnl7ransisaced6wu/app.bsky.feed.post/3mlm72mgx7s2c,bafyreif4aqo4n3fvgtobnevhxyq4xjtaxtsyi7nn5bvljfkcfequeijitm,stevemilesnet.bsky.social,🟥‬🍁🟥‬𝓢𝓽𝓮𝓿𝓮 𝓜𝓲𝓵𝓮𝓼 𝓝𝓮𝓽🟥‬🍁🟥‬,"Automation: What can you do❓ Invest in it❓
@enemywithinyt.bsky.social 
#Instafollow #Bluesky #Politics #Democracy #Resistance #Canadasky #Canadian #cdnpoli #Boycotts #neverthe51ststate #EightySixFortySeven #nomorewar #NeverVoteConservative #American #USApoli #𝓢𝓽𝓮𝓿𝓮𝓜𝓲𝓵𝓮𝓼𝓝𝓮𝓽
youtu.be/DmILmWQtQDE?...",,,,0,2,3,1,2026-05-11T21:16:07Z,NA,NA,NA,,,,,
at://did:plc:re7tflvczjceanwkco2bseqb/app.bsky.feed.post/3mlm6yzvzz22y,bafyreift2bujf5d6vyogskzys33fquwex4xdztj2fwgyoqzaxzm7j24iue,bella-andme.bsky.social,Sherry Lee,"In all the in-depth detail Steven Guilbeault went into re the government’s major projects push he’s correct when he said that if we go too fast with approval of projects people may lose trust and we need to have confidence in the process. Transparency is necessary. 
#pnpcbc #cdnpoli",,,,1,1,3,0,2026-05-11T21:15:12Z,NA,NA,NA,,,,,
at://did:plc:r64wzjtkimyq4vkiddzuu6no/app.bsky.feed.post/3mlm6yauljk2s,bafyreiggvp6gl7hcwvnnv5wo2buxohyhfplkakgzmumxemtfpmhtirh2aq,bcwildfirewkly.bsky.social,BC Wildfire Weekly - Wildfires + More,"“Henry said the arrival “went very smoothly” and involved coordination between Island Health, the Public Health Agency of Canada, quarantine officers and the Canadian Armed Forces.” cheknews.ca/b-c-s-provin... - @cheknews.ca 

#BCPoli #CDNPoli #Hantavirus #MVHondius #VancouverIsland",,,,0,0,1,0,2026-05-11T21:14:47Z,NA,NA,NA,,,,,
at://did:plc:zkx5ssoe4pq7pfmckyqumax5/app.bsky.feed.post/3mlm6wkwwt22v,bafyreiao75r5dwiss3nc7tq2d42kufixuin62bps4vhokiw76w2okwfhwm,traveling4life.bsky.social,Traveler,Guilbeault makes so much sense. #cdnpoli #pnp,,,,1,0,2,0,2026-05-11T21:13:49Z,NA,NA,NA,,,,,
at://did:plc:mwagtmvsxuqlgte5iqk3fndm/app.bsky.feed.post/3mlm6upp7qc2f,bafyreibvzzjlu4exugif5aloct7zq44irpubhjpanq3xzsbtpyqrbqr6uy,lalegault.bsky.social,LA Legault ⚜️🤌🏻,"Senior Director of North American government and  Regulatory Affairs Natalie Campbell, on Lawful Access Bill C-22: #cdnpoli",,,,2,32,41,2,2026-05-11T21:12:50Z,NA,NA,NA,,,,,
at://did:plc:in6t5b6l3wnfwkcuqji57ttg/app.bsky.feed.post/3mlm6uevwvs2w,bafyreie66zqkwqeg5dg5azkgmhghk2g6i5najv5zvgayq442vttkpthxda,ccfr-ccdaf.bsky.social,Canadian Coalition for Firearm Rights,"""The Supreme Court is interested in something.""

Despite losses at Federal Court (2023) & Court of Appeal (2025), Rod Giltaca explains why Canadians remain optimistic about CCFR v Canada.

""Every case that the Surpreme Court rules in favour of, took the same path that we took to get there."" #cdnpoli",,,,1,0,0,1,2026-05-11T21:12:38Z,NA,NA,NA,,,,,
at://did:plc:r64wzjtkimyq4vkiddzuu6no/app.bsky.feed.post/3mlm6q3mabk2s,bafyreifrhsoaztokpyw2hh3avcwheawxkxcgjceqk7yie7hdcbhzbpidly,bcwildfirewkly.bsky.social,BC Wildfire Weekly - Wildfires + More,"“According to the Government of Canada, there are already more than 40 different types of ticks in Canada.” www.cbc.ca/news/canada/... - CBC Nova Scotia 

#Allergies #CDNPoli #LymeDisease #Ticks",,,,0,0,2,2,2026-05-11T21:10:13Z,NA,NA,NA,,,,,
at://did:plc:ig6dnt4tqgg7iwwtywx3bkvd/app.bsky.feed.post/3mlm6olwyns2a,bafyreibonzpvesn54xv3honbq5l2kh3pv3zpzucsezcxvucfh3geir4ura,robduncan.bsky.social,Rob Duncan,#pedopresident #Pedogarchy #Pedophocracy #25thAmendment #TraitorTrump #USPOL #USA #us #uspoli #poli #politics #cdnpoli #canada #auspol #MeidasMighty #america #history #RemoveTrump #DonaldTrump #Trump #TRUMP #FuckTrump #antifa #AntiTrump #fascistfelon #FightOligarchy #DefundBillionaires #TrumPedo,,,,0,13,26,0,2026-05-11T21:09:23Z,NA,NA,NA,,,,,
at://did:plc:v3eup4rzroyniw2x7bmsdzgt/app.bsky.feed.post/3mlm6ohojhs2p,bafyreigq57i4erjwpee565n5chbzvnj7xv7w6rodfwuic4argzcrhio43m,spudislander45.bsky.social,Spudislander45 🇨🇦❤️🌎💪🫡,"Make your voices heard #Ontario! 

Here’s the website.  SaveTorontoIslands.ca

#MaritStyles talks about #DougFord taking over #TorontoIsland for private airport.  #cdnpoli #Onpoli",,,,0,6,9,0,2026-05-11T21:09:19Z,NA,NA,NA,,,,,
at://did:plc:ig6dnt4tqgg7iwwtywx3bkvd/app.bsky.feed.post/3mlm6mfns2c2a,bafyreiarbw6vjx4s2qlwos3tp7qoyjowjlzeltw6gvy7cfzaa2er2fe3mi,robduncan.bsky.social,Rob Duncan,#pedopresident #Pedogarchy #Pedophocracy #25thAmendment #TraitorTrump #USPOL #USA #us #uspoli #poli #politics #cdnpoli #canada #auspol #MeidasMighty #america #history #RemoveTrump #DonaldTrump #Trump #TRUMP #FuckTrump #antifa #AntiTrump #fascistfelon #FightOligarchy #DefundBillionaires #TrumPedo,,,,0,2,5,0,2026-05-11T21:08:10Z,NA,NA,NA,,,,,
at://did:plc:abt5tpb7lqr7vopkrkwfswwq/app.bsky.feed.post/3mlm6at4nio2z,bafyreibtcg2pv6heuiw2qgcgpnvpfyftpl5jshs3a7ktop4yhlb2x7mtna,canadareport.org,Canada Report,"Shopify posts strong Q1 revenue growth, but stock still falls on slow growth forecast

Canada’s fastest news scan: 25+ headlines, no clutter, updated all day: CanadaReport.org

#cdnpoli #Canada #News #Tech #AI 
Read Original Article 🔗",,,,0,0,0,0,2026-05-11T21:01:40Z,NA,NA,NA,,,,,
at://did:plc:aluhvhowyayoyhqeu2hxinwh/app.bsky.feed.post/3mlm63niazs2v,bafyreidpmr5a5pvmg77kxkukls7f5z5kvldpssb7rsmohssf2adcgtmciu,stephenlautens.bsky.social,Stephen Lautens,"Well, that will make the right-wing and Alberta separatist crowd rush to fill in their census forms... #cdnpoli",,,,5,3,21,0,2026-05-11T20:58:50Z,NA,NA,NA,,,,,
at://did:plc:r64wzjtkimyq4vkiddzuu6no/app.bsky.feed.post/3mlm5vdkxcs2s,bafyreia5vigckw5kajeerkonkram4st4w3rvvpscj7koylrcv2j4ae36ku,bcwildfirewkly.bsky.social,BC Wildfire Weekly - Wildfires + More,"“4 passengers isolating for hantavirus in Victoria are from B.C. and Yukon, top doctor says” www.cbc.ca/news/canada/... - CBC British Columbia 

#BCPoli #CDNPoli #Hantavirus #MVHondius #VictoriaBC #Yukon #YYJ",,,,0,0,0,0,2026-05-11T20:55:16Z,NA,NA,NA,,,,,
at://did:plc:ypbo2mq6dqcct43gt2sam6el/app.bsky.feed.post/3mlm5qnysqt2u,bafyreie53factdg42zy23l6pungm4yozkrypjsuulmv62zhrad5uoslrja,ipolitics.bsky.social,iPolitics,The Great Canadian Upload #cdnpoli #ipolitics,,,,0,0,0,0,2026-05-11T20:52:38Z,NA,NA,NA,,,,,
at://did:plc:jw3ocg24thye7i5sjjhia62e/app.bsky.feed.post/3mlm5mtvxjs2g,bafyreiarvlg4sdrqhdqmqzkclyxzlnjqipeewsfwrfemnjiujxqkctbboi,markhamhislop.bsky.social,Markham Hislop,"Asia’s Electrification Boom Threatens Canadian Pipeline Dreams

A West Coast pipeline didn't make sense before Trump invaded Iran. As Asia scrambles to speed up electrification, it makes even less sense.

Agree or disagree?
#cdnpoli #abpoli 
youtu.be/Spng19NRRcE",,,,5,11,23,3,2026-05-11T20:50:31Z,NA,NA,NA,,,,,
at://did:plc:abt5tpb7lqr7vopkrkwfswwq/app.bsky.feed.post/3mlm4kygzkm2k,bafyreiemoifxzmsdjajq3thu3kdi5lgi7fstozjxncysmfnxlch5e5ont4,canadareport.org,Canada Report,"Definium Therapeutics Announces New Employee Inducement Grants

Canada’s fastest news scan: 25+ headlines, no clutter, updated all day: CanadaReport.org

#cdnpoli #Canada #News #Business #Economy 
Read Original Article 🔗",,,,0,0,0,0,2026-05-11T20:31:34Z,NA,NA,NA,,,,,
at://did:plc:ypbo2mq6dqcct43gt2sam6el/app.bsky.feed.post/3mlm3yibztn23,bafyreihmlqhbpnbpnh2lwpsqpmgredjbhhmsffxh3gwxcsx2fo42ymd5le,ipolitics.bsky.social,iPolitics,Ottawa taps TELUS to help build sovereign AI computing power #cdnpoli #ipolitics,,,,0,0,0,0,2026-05-11T20:21:13Z,NA,NA,NA,,,,,
at://did:plc:eaeuyrvdlqvjgznelgcdimct/app.bsky.feed.post/3mlm3n6ek7s2o,bafyreidkva22c5hlmvdy4m3g5q2wtbk5bk7do6alh6vadeh726f5ufge2y,madhat59kenwood.bsky.social,Ken Wood part owner of 🇨🇦,Truth 👍 #abpoli #cdnpoli,,,,0,1,4,0,2026-05-11T20:14:52Z,NA,NA,at://did:plc:erwcofx42b24pekytwhgwsk3/app.bsky.feed.post/3mlm37t5ark25,,,,,
at://did:plc:jeuzjfwsgn62xfoe7qo4jul5/app.bsky.feed.post/3mlm35ooxvs23,bafyreif6rqjccirtioo674fn5jkn3xepammi7wj3vbsucpme3flmfuvnyq,bigclimate.bsky.social,Bentley ****TALK CLIMATE****,This needs to be fixed and I know who should pay for ALL of it and so do you. #SueBigOil #ClimateChange #cdnpoli #bcpoli,,,,0,2,6,0,2026-05-11T20:06:14Z,NA,NA,at://did:plc:sxywaaocdrjp7aywbhsqpjn7/app.bsky.feed.post/3mllcgrj2gs2h,,,,,
at://did:plc:c7ocgtuam5t56eb72y7d4hnu/app.bsky.feed.post/3mlm2xs5mjk2w,bafyreiffzv6p4mxfjubwji5hq4ioki4ncjzbabeb6fokwwaaxqmxybvb6y,pawbaby2.bsky.social,Marie 🇨🇦 🐸,"Canada doesn’t need grievance politics. It needs backbone.

PM Carney says it plainly!  While the wreckers rage, we build: trade, housing, clean energy, and a sovereign future. 🇨🇦
#cdnpoli #MarkCarney 
#USDemocracy
#Pinks",,,,9,72,136,1,2026-05-11T20:02:56Z,NA,NA,NA,,,,,
at://did:plc:fuak6asmyzr6r34f6er6z4ju/app.bsky.feed.post/3mlm2wwvbic2s,bafyreigli7zjzslfdc2xebtfwex4aus7gwdqordhmmqdom5a4bqebdwvm4,jansplanet.bsky.social,Janet 🇨🇦,"Canada demand @mark-carney.bsky.social change course, invest in Canadians, and enact legislation more like the Scot’s Community Wealth Building Bill. The GoC must #InvestInCanadians stop the cuts, esp in science & Ag, develop renewables & #climate resilience mitigation efforts. #CdnPoli",,,,1,2,11,0,2026-05-11T20:02:52Z,NA,NA,NA,,,,,
at://did:plc:v3eup4rzroyniw2x7bmsdzgt/app.bsky.feed.post/3mlm2whdcw22p,bafyreigepms43idhkjt3l4dz47ruq3akfypgz3uks2k7q6ohaoduo3y37a,spudislander45.bsky.social,Spudislander45 🇨🇦❤️🌎💪🫡,Did mine!  Submitted online.  Easy!  #cdnpoli,,,,4,0,21,1,2026-05-11T20:02:12Z,NA,NA,NA,,,,,
at://did:plc:abt5tpb7lqr7vopkrkwfswwq/app.bsky.feed.post/3mlm2van45i2j,bafyreigdmkrhqv47tscdwabem4hbep7wvi3lmonkxf3sflfu5m3axy42m4,canadareport.org,Canada Report,"“The math is not mathing”: How AI bubble fears are changing Canadian VCs’ investment approach

Canada’s fastest news scan: 25+ headlines, no clutter, updated all day: CanadaReport.org

#cdnpoli #Canada #News #Tech #AI 
Read Original Article 🔗",,,,0,0,1,0,2026-05-11T20:01:30Z,NA,NA,NA,,,,,
at://did:plc:k7ulrduhfefoqvo35dz567ow/app.bsky.feed.post/3mlm2lzndm22h,bafyreidhjgamtl2balnzdufnyktdfiz2zp7hdh5lii4kyd3ncpih5mtyei,spaikin.bsky.social,Steve Paikin,ANALYSIS: The anatomy of a stunner in Scarborough Southwest  www.tvo.org/article/anal... @nateforontario.bsky.social @ontliberal.bsky.social #onpoli #cdnpoli,,,,2,2,13,1,2026-05-11T19:56:22Z,NA,NA,NA,,,,,
at://did:plc:2jfr7qhenekca6f6qtjgwdr4/app.bsky.feed.post/3mlm2l6pkhc2v,bafyreictvlwju4vuh6npfnqy4iivg6juyv6e53nqhzw4t5biiu3f74ld7a,calgaryclimatehub.ca,Calgary Climate Hub, #CostOfClimate #ClimateChange #yyc #abpoli #cdnpoli #CanadaSky #ClimateSky #EnergyTransition #Electrostates #Petrostates #China #Iran #America,,,,0,6,9,0,2026-05-11T19:55:54Z,NA,NA,NA,,,,,
at://did:plc:2jfr7qhenekca6f6qtjgwdr4/app.bsky.feed.post/3mlm2j5uj3k2v,bafyreih75c5nkxuvfa44bgdnokwq4dprmycwxaciz4ugcztoh5qxo6f5c4,calgaryclimatehub.ca,Calgary Climate Hub,"""The cost of climate isn't just measured in dollars, it's measured in tragically missed opportunities to build something better while we still can."" #CostOfClimate #ClimateChange #yyc #abpoli #cdnpoli #CanadaSky #ClimateSky #EnergyTransition #Electrostates #Petrostates #China #Iran #America",,,,0,3,2,1,2026-05-11T19:54:45Z,NA,NA,at://did:plc:2jfr7qhenekca6f6qtjgwdr4/app.bsky.feed.post/3mkpzlgssi226,,,,,
at://did:plc:ifi6xqgbojwquosnkvzx3gna/app.bsky.feed.post/3mlm2cvotnc2v,bafyreibah3t64dfuknobsuqlqxblol6bkgmeprbwdx4ljs2kkkijrfgeve,leftcoasttreefrog.bsky.social,Left Coast Tree Frog 🕊️,"EU agrees sanctions on Israeli settlers over West Bank violence.
#cdnpoli
www.bbc.com/news/article...",,,,0,0,3,0,2026-05-11T19:51:15Z,NA,NA,NA,,,,,
at://did:plc:ralxrfpmgdxc7hmnvujfzjqy/app.bsky.feed.post/3mllzz6gwts2n,bafyreibdgo34y7t6gnofkp3n33abhggm637jmtq7xwcvucakboabq7wsz4,turnbullwhitby.bsky.social,MP Ryan Turnbull 🇨🇦🇺🇦,"These are just some of the ways we are putting more money back in your pockets. ⬇️

#cdnpoli #affordability #Whitby",,,,0,0,2,0,2026-05-11T19:45:48Z,at://did:plc:ralxrfpmgdxc7hmnvujfzjqy/app.bsky.feed.post/3mllzz4yqdc2n,at://did:plc:ralxrfpmgdxc7hmnvujfzjqy/app.bsky.feed.post/3mllzz4yqdc2n,NA,,,,,
at://did:plc:n4pqhwrikpixyolryheangut/app.bsky.feed.post/3mllzyhfvv22s,bafyreialpjhmrro3jbvqx5xb2yzipjqf3ls4qnd6ibqk5ugv463tlh2rn4,albertapitbull.bsky.social,AlbertaPitbull ⚖️ 🇨🇦,"I think that Corb Lund is making lots of new fans. 

We won't forget him. 😘😍❤️

#ableg #abpoli #cdnpoli",,,,0,0,5,0,2026-05-11T19:45:24Z,at://did:plc:64x5pkpfozsljnoqtd7f7p4q/app.bsky.feed.post/3mllqnfx4y22o,at://did:plc:64x5pkpfozsljnoqtd7f7p4q/app.bsky.feed.post/3mllqnfx4y22o,NA,,,,,
at://did:plc:ralxrfpmgdxc7hmnvujfzjqy/app.bsky.feed.post/3mllzxijb622n,bafyreiauaua2vhfwa4z7d3hjk7wakwprvzas5xqukbugrmdornxdxjig2a,turnbullwhitby.bsky.social,MP Ryan Turnbull 🇨🇦🇺🇦,"A stronger Canada is built by workers. From skilled trades training to 100,000 youth summer jobs, we are creating pathways to good careers and stronger communities across the country. Real leadership means investing in people and creating opportunity. 

#Cdnpoli #SkilledTrades #CanadaStrong",,,,0,3,7,0,2026-05-11T19:44:52Z,NA,NA,NA,,,,,
at://did:plc:eix3tk3r26zi2p3vyreh3k3b/app.bsky.feed.post/3mllzuei2os2h,bafyreibap2mskwf7hx3edu24y4v6mdfhu54b2ptab33br3f2mk66qikofq,atomicker.bsky.social,NA,"What we have seen is a ""sleepwalk into increasing dangers over the last decade. And we see these problems growing"", thanks to the ""complete failure in leadership"" in the US and other countries:

#Canada #CDNPoli #ClimateCrisis #ClimateChange #ClimateBreakdown #NoPipelines #USPoli",,,,0,0,0,0,2026-05-11T19:43:08Z,NA,NA,NA,,,,,
at://did:plc:yrior223p4bfadvbknfpxtk2/app.bsky.feed.post/3mllzr4yuok2z,bafyreidcemkaqwau3kn6nnpmpteeg5q3wceilp63ukqr732r6mda7ajndm,shin-kuroi.bsky.social,,"As if #Montreal wasn’t terrible enough.

youtu.be/zcHEulB-uwE?...

#cdnpoli #cndpoli #canada #pollution",,,,0,0,0,0,2026-05-11T19:41:21Z,NA,NA,NA,,,,,
at://did:plc:rsvzkqxa2xdojwmjljqzs4ik/app.bsky.feed.post/3mllzp3tr2c2r,bafyreifke2btx5lgt3zn2ameskc4uwbaifpj3cccg5jadkt7fc6nckj6mm,thebreakdownab.bsky.social,The Breakdown AB,"Today Smith revealed that multiple UCP staffers knew about the separatist data breach and none of them saw anything wrong with it.

“It was just regular oversight of a regular opposition meeting”

(Does Dani not know who the opposition is?)

#abpoli #ableg #cdnpoli",,,,44,94,220,16,2026-05-11T19:40:12Z,NA,NA,NA,,,,,
at://did:plc:qkwj4hstt5ez4jecdqjpcly2/app.bsky.feed.post/3mllzlz3zps2u,bafyreieixkhtyd346oglzh3bygol7hk2u7m5m5qe2vrsseosaavvqfw6li,quoimedia.bsky.social,QUOI Media 🇨🇦,"""Health equity is not about giving some people more. It is about ensuring that everyone has what they need to achieve comparable outcomes for optimal health.

Accepting the truth of health inequity requires us to be honest about the fact that not everyone starts from the same place.""

#cdnpoli",,,,0,1,4,0,2026-05-11T19:38:27Z,at://did:plc:qkwj4hstt5ez4jecdqjpcly2/app.bsky.feed.post/3mllzlxuus22u,at://did:plc:qkwj4hstt5ez4jecdqjpcly2/app.bsky.feed.post/3mllzlxuus22u,NA,,,,,
at://did:plc:abt5tpb7lqr7vopkrkwfswwq/app.bsky.feed.post/3mllz7nbtrb2b,bafyreiduzpg7cq7amqb3wj7albowl3qb6qolagymd46f3msq4twkhonzp4,canadareport.org,Canada Report,"Grosvenor Property Canada names new executive leadership team

Canada’s fastest news scan: 25+ headlines, no clutter, updated all day: CanadaReport.org

#cdnpoli #Canada #News #Business #Economy 
Read Original Article 🔗",,,,0,0,0,0,2026-05-11T19:31:32Z,NA,NA,NA,,,,,
at://did:plc:scijaby6du6jgxawtsawmsqo/app.bsky.feed.post/3mllz6od66s2l,bafyreicfsitepl5ycokbyhrg4j7qv2ayuxekvuuviwt5tci3ydzauyiqtq,infiniteworlds.bsky.social,4 Seasons Total Landscaping,#abpoli #cdnpoli #UnitedCorruptionParty #databreach,,,,0,0,0,0,2026-05-11T19:30:59Z,NA,NA,at://did:plc:lar2o6mnnvln22w6kgnpifli/app.bsky.feed.post/3mllyqapazc2c,,,,,
at://did:plc:tlkakpjayncxubstzzd4dwdt/app.bsky.feed.post/3mllz3nwp2s2x,bafyreibdrfnmf3thjbartilu7i6cowjmdxuekznjl26azgikciotdj3eyq,cyborgk9.bsky.social,Cyborg K9 🌹,"Obviously low birth rates are common across developed nations... but I still think ""make an environment where having kids makes your life even more of a struggle"" is the wrong way to go, policy-wise. :P

#cdnpoli #uspoli",,,,0,0,1,0,2026-05-11T19:29:18Z,at://did:plc:tlkakpjayncxubstzzd4dwdt/app.bsky.feed.post/3mllyxkcf4k2x,at://did:plc:tlkakpjayncxubstzzd4dwdt/app.bsky.feed.post/3mllyxkcf4k2x,NA,,,,,
at://did:plc:eaeuyrvdlqvjgznelgcdimct/app.bsky.feed.post/3mllz3ggaq22h,bafyreicbh36cyhtw2r22cu6sasqt5h6yhwjxb2vfndh3lc5xax7eyv2evy,madhat59kenwood.bsky.social,Ken Wood part owner of 🇨🇦,oh so good 🤣🤣 #uspoli #cdnpoli,,,,0,0,2,0,2026-05-11T19:29:10Z,NA,NA,at://did:plc:bya76aoajvy6ihmaviywjcil/app.bsky.feed.post/3mlk75u3om22e,,,,,
at://did:plc:eaeuyrvdlqvjgznelgcdimct/app.bsky.feed.post/3mllyubtihk2h,bafyreiehn5dtacudqxjcqweutfjv5g3wo3zwtxte3xu6m7jp4g3fxkh6jq,madhat59kenwood.bsky.social,Ken Wood part owner of 🇨🇦,"Its already under control, are you suggesting its not and there's a bigger issue? Because that's BS. This is NOT covid, does not spread like covid. Is not a unknown like covid. Its a well known virus and has been handled for decades. What am I missing in this post? Idk. #cdnpoli",,,,1,0,2,0,2026-05-11T19:25:10Z,NA,NA,at://did:plc:5jotthnaxi2oykgzwzbvhaj6/app.bsky.feed.post/3mllwj42fys2s,,,,,
at://did:plc:eaeuyrvdlqvjgznelgcdimct/app.bsky.feed.post/3mllymhyrfs2h,bafyreihhslgyjcth342f3clph745jyundlkywx4ebeylrcsfydlqz2ddwu,madhat59kenwood.bsky.social,Ken Wood part owner of 🇨🇦,👍 #boycottUSA its working and we'll do better continuing it. #uspoli #cdnpoli,,,,0,0,1,0,2026-05-11T19:20:48Z,NA,NA,at://did:plc:3l6h5tayy6vycige2igmorv4/app.bsky.feed.post/3mllcflgla22h,,,,,
at://did:plc:eaeuyrvdlqvjgznelgcdimct/app.bsky.feed.post/3mllyhrogqk2h,bafyreifd6y4actyog37rbg6dostm66dwvmv6e4n3qlo6tp6m4pqmzqveze,madhat59kenwood.bsky.social,Ken Wood part owner of 🇨🇦,Continual extortion of Canada. Beyond tired of these stupid freaking whiney on going narratives. #Smith you're not getting a pipeline through BC. One is enough we are done. #bcpoli #abpoli #cdnpoli,,,,2,4,3,0,2026-05-11T19:18:11Z,NA,NA,at://did:plc:h7fcxq6223zhow4fpiok3apn/app.bsky.feed.post/3mllv6belus2p,,,,,
at://did:plc:dlywvc252kvz4hc4j24jhwh2/app.bsky.feed.post/3mllyhnwqo22i,bafyreibn24evvg77bnrdoonfy3ak3vajd45xbrzczha4g2pam6ci7grrru,solitudex.bsky.social,X Solitude ∞ 🍁🇨🇦 EH!,"Ahhh, piss off Senator!!! 🍁🖕🏼🍁

www.cbc.ca/player/play/... #CdnPoli",,,,15,14,69,5,2026-05-11T19:18:08Z,NA,NA,NA,,,,,
at://did:plc:ypbo2mq6dqcct43gt2sam6el/app.bsky.feed.post/3mllygsap4k23,bafyreiho5sw4rjzupedfiipvllelimwfjmmxgyfmocpearvrx6xs55gbt4,ipolitics.bsky.social,iPolitics,Short race for submarine fleet contract nears its end #cdnpoli #ipolitics,,,,0,0,0,0,2026-05-11T19:17:38Z,NA,NA,NA,,,,,
at://did:plc:eaeuyrvdlqvjgznelgcdimct/app.bsky.feed.post/3mllyekwtmk2h,bafyreic35tg6f4ygyuhf7ka55p6urzl3d7qh2nuthqljqw5wxqbr7zdsr4,madhat59kenwood.bsky.social,Ken Wood part owner of 🇨🇦,GREAT news. Thank you Ukraine #cdnpoli,,,,1,0,2,0,2026-05-11T19:16:23Z,NA,NA,at://did:plc:4aqzua5vsewimmusg66fyajl/app.bsky.feed.post/3mlltu5nqck2u,,,,,
at://did:plc:eaeuyrvdlqvjgznelgcdimct/app.bsky.feed.post/3mllyarscs22h,bafyreihyk7n735vopehtnpwrnvanfqgl2zxj7573q57jpysnmwa3mezswi,madhat59kenwood.bsky.social,Ken Wood part owner of 🇨🇦,"22 fn years and nobody thinks that's a bloody issue? of course that's how the justice system, mostly male, treat women. 22 years they just let it go on. #cdnpoli #saskpoli",,,,1,0,0,0,2026-05-11T19:14:16Z,NA,NA,at://did:plc:ummaaxwu2hkdue5p47rj7f36/app.bsky.feed.post/3mllwmq7fst2o,,,,,
at://did:plc:4al42ir6fhnwjwbtbg7j6pfd/app.bsky.feed.post/3mllya224mk2q,bafyreidmg5cpuiwswg3azhflcbv5vfnc3frl33iappmkltamt5xeyhi2a4,lyleskinner.bsky.social,Lyle Skinner,"In the Archives, I came across the Government of Canada's complete legal record surrounding the appointment of 4 or 8 additional Senators per s.26 of the Constitution Act, 1867.

This is a letter to the Governor General from PCO and includes communication with the Queen's Private Secretary #cdnpoli",,,,1,0,1,0,2026-05-11T19:14:07Z,NA,NA,NA,,,,,
at://did:plc:wqqfgwkwsx5yljeyyl6xxxzw/app.bsky.feed.post/3mlly3yjdsk2g,bafyreigtczutgzb62i54o727ti6bbge7lpqqis3edwfxokhe57ijvnfd2u,iclmg-csilc.bsky.social,International Civil Liberties Monitoring Group (ICLMG),"Check out our latest News Digest! conta.cc/4vWGjMN 

In this edition:

- Webinaire avec la CSILC : C-22, Loi sur l'accès légal : une surveillance sans précédent

- White hat hackers warn lawful access bill C-22 would make it easier for criminals to penetrate Cdn systems 1/ 
#cdnpoli #stopc22 #Canada",,,,1,1,0,0,2026-05-11T19:11:46Z,NA,NA,NA,,,,,
at://did:plc:eaeuyrvdlqvjgznelgcdimct/app.bsky.feed.post/3mlly2w5mfk2h,bafyreihku4sa5xsigvftnjo7jnztcjcrvddsowjyvy7bzxmyj42mf2cs3u,madhat59kenwood.bsky.social,Ken Wood part owner of 🇨🇦,continued great numbers. Driving the naysayers batty. #cdnpoli,,,,0,0,1,0,2026-05-11T19:10:59Z,NA,NA,at://did:plc:bwnpn6d4ewofwpy56xooo3kb/app.bsky.feed.post/3mllx62wemc2x,,,,,
at://did:plc:eaeuyrvdlqvjgznelgcdimct/app.bsky.feed.post/3mllxxvq5zk2h,bafyreibaurbugx5273lx6bkxyd3mcolsbhwom5oxop2d2ogkhdgjezy33m,madhat59kenwood.bsky.social,Ken Wood part owner of 🇨🇦,👍 full support #cdnpoli,,,,0,0,0,0,2026-05-11T19:09:18Z,NA,NA,at://did:plc:4j57tftvmydigwkoigb23atj/app.bsky.feed.post/3mllxk5ktrr2h,,,,,
at://did:plc:abt5tpb7lqr7vopkrkwfswwq/app.bsky.feed.post/3mllxp5rugt2d,bafyreieafbdh7jso54hptgdwog5aawhbelfacpkzzritefte6ofebrajou,canadareport.org,Canada Report,"🇨🇦 PM Briefing — May 11  
Challenges in federal operations highlight the need for adaptation.  
• Remote work impacts productivity.  
• Rising costs threaten agriculture.  
Lear...

Read: canadareport.org/briefing-2026-05-11-afternoon.html
#cdnpoli",,,,0,0,0,0,2026-05-11T19:04:24Z,NA,NA,NA,,,,,
at://did:plc:mv6loxcddhj3i6pzfvzicc36/app.bsky.feed.post/3mllxcw3pac2d,bafyreiefmzhce6c4rmjojzcqm4glfz34244ime2gxn7fyqpd3yctjz2dla,dennisjkoch.bsky.social,"Dennis ""dejay"" Koch","After 'MAGA influencer' trolls gay couple with baby, support grows for dad who threw punches

Ryley Niemi had no regard for the baby's safety - he's an asshole who should be held accountable for his actions.

#LGBTQ #USA #uspoli #Canada #cdnpoli #EU #UK #Australia

www.yahoo.com/news/article...",,,,2,1,5,0,2026-05-11T18:57:35Z,NA,NA,NA,,,,,
at://did:plc:bwnpn6d4ewofwpy56xooo3kb/app.bsky.feed.post/3mllx62wemc2x,bafyreia33njkyyuudmva3y7yckrka7fwpaugltginrx4eszdp4dok3in3a,stevev68.bsky.social,Steve Valeriote,"Oh look Pierre, reverting back to being a total negative partisan asshole didn't work either... #cdnpoli",,,,1,3,9,1,2026-05-11T18:54:51Z,NA,NA,at://did:plc:2oxlnaoierkgu6jl645tg7va/app.bsky.feed.post/3mllktmk6as2q,,,,,
at://did:plc:ypbo2mq6dqcct43gt2sam6el/app.bsky.feed.post/3mllwwjcdko2j,bafyreie5ihi46myos7rxwfpasjpr6y52q23xuownkvvlpsj5adazrj7hwy,ipolitics.bsky.social,iPolitics,"MPs, senators set to cut back U.S. exchange travel, despite pressure on trade file #cdnpoli #ipolitics",,,,0,0,0,0,2026-05-11T18:50:38Z,NA,NA,NA,,,,,
at://did:plc:egl4mfr2njrr2br4vhya7yrf/app.bsky.feed.post/3mllwh5cxps2d,bafyreidfrgb6f5ry5xsa5yizn36l7sfucuigrni4n4li2nxcx7zkfxnvfe,judy-bug.bsky.social,judy 🇨🇦,"The IDU is a global alliance of #conservative RW parties giving reactionary leaders a respectable stage to coordinate their regressive agendas.  It is a network to amplify white supremacist sympathies & ethnoreligious-fascist ideologies.

Global chairman: Harper; 🇨🇦 chairman: #Poilievre 

#cdnpoli",,,,0,2,3,0,2026-05-11T18:42:06Z,at://did:plc:6hnkpvshsxjgot5figjyardd/app.bsky.feed.post/3mlltgbkkik2q,at://did:plc:6hnkpvshsxjgot5figjyardd/app.bsky.feed.post/3mlltgbkkik2q,NA,,,,,
at://did:plc:xuhwb4qwqmuhvhw7keljcdu2/app.bsky.feed.post/3mllvweq2xt2e,bafyreihvy7hma2m4ss7fioghdszqd6fvox3chwoshtgow667rcwslnxgym,aster-verite.bsky.social,Aster Vérité,"Fuck Canada the land where ""Human Rights"" are really only polished fecal matter with a shiny chrome coating,

Provinces now routinely enact the notwithstanding clause and politicians push charter rights violating legislation as a matter of course.

#cdnpoli 

www.ctvnews.ca/politics/art...",,,,0,0,2,0,2026-05-11T18:32:42Z,NA,NA,NA,,,,,
at://did:plc:4e7vswp5qrqppoxknd2lkfjk/app.bsky.feed.post/3mllvvate6k2p,bafyreifilpxesjtqklyijqvxgaczbu7ca6gokfyz2m7vltmtuozuarbitq,cdnelxnstracker.bsky.social,Canadian Elections Tracker,"NEW: Becky Druhan, Nova Scotia MLA for Lunenburg West has joined the Liberal Party and will seek the leadership of the party.

She was elected twice as a Progressive Conservative before leaving to become an independent last year.

#cdnpoli #nspoli",,,,0,0,2,0,2026-05-11T18:32:03Z,NA,NA,NA,,,,,
at://did:plc:abt5tpb7lqr7vopkrkwfswwq/app.bsky.feed.post/3mllvu757e62z,bafyreidzm5mvqklmjywrwfucd2d4uypvkt56rnnwpfykq6zvqqwi7tcyn4,canadareport.org,Canada Report,"FIT HOUSE OF BRANDS LAUNCHES ATHLETE OWNERSHIP INITIATIVE INTRODUCING A NEW PATHWAY FOR ATHLETES TO PARTICIPATE IN FI...

Canada’s fastest news scan: 25+ headlines, no clutter, updated all day: CanadaReport.org

#cdnpoli #Canada #News #Business #Economy 
Read Original Article 🔗",,,,0,0,0,0,2026-05-11T18:31:26Z,NA,NA,NA,,,,,
at://did:plc:ig6dnt4tqgg7iwwtywx3bkvd/app.bsky.feed.post/3mllvi265k22t,bafyreiclwennudo77kgbl7uzwnyessubqotvuvfghiqyjfthwklgp2nkxm,robduncan.bsky.social,Rob Duncan,"GENERAL STRIKE TO REMOVE TRUMP

#pedopresident #Pedogarchy #Pedophocracy #25thAmendment #TraitorTrump #USPOL #USA #uspoli #poli #politics #cdnpoli #canada #auspol #MeidasMighty #america #history #RemoveTrump #DonaldTrump #Trump #TRUMP #FuckTrump #antifa #FightOligarchy #DefundBillionaires #TrumPedo",,,,0,0,4,0,2026-05-11T18:24:41Z,NA,NA,NA,,,,,
at://did:plc:jw3ocg24thye7i5sjjhia62e/app.bsky.feed.post/3mllvelfzgk2g,bafyreifedee2k7jxlalkqvzyyn3ykmrk4t43faridmco6x2jfcpeo6s3iq,markhamhislop.bsky.social,Markham Hislop,"Strait of Hormuz Just One of Many Vulnerable Global Energy Chokepoints

Abishur ""Mr Geopolitics"" Prakash discusses which other oil/LNG chokepoints in the world might be blockaded next.
#cdnpoli 
youtu.be/zK6jI-whBkY",,,,0,4,12,0,2026-05-11T18:22:43Z,NA,NA,NA,,,,,
at://did:plc:tlkakpjayncxubstzzd4dwdt/app.bsky.feed.post/3mllv6prpqc2d,bafyreicvs3bonuqyzxadp5amz7mar5fccgz6eqstvyql6fuvl7bynzpozq,cyborgk9.bsky.social,Cyborg K9 🌹,"This shouldn't be surprising to anyone.
#cdnpoli #uspoli",,,,0,0,0,1,2026-05-11T18:19:25Z,NA,NA,at://did:plc:nl32untxngcg74dl3w7scd74/app.bsky.feed.post/3mlljhvpza32q,,,,,
at://did:plc:h7fcxq6223zhow4fpiok3apn/app.bsky.feed.post/3mllv6bed3k2p,bafyreihzql6x3rhxp4ac4ydpkbmhrzbb5vwpmyxf3rl4s4qn5oibqi5j5i,dianemarie.bsky.social,Diane Marie 🇨🇦,"Danielle Smith claims that she needs another pipeline (to the west coast) MOU to prove that ""federalism works"". She could barely acknowledge that TMX - which involved the federal government *buying* the project - was clear evidence of that. /2 #cdnpoli #abpoli",,,,3,15,35,2,2026-05-11T18:19:11Z,NA,NA,NA,,,,,
at://did:plc:ig6dnt4tqgg7iwwtywx3bkvd/app.bsky.feed.post/3mllv3oivf22r,bafyreibvigab6htm7jvnlrauah6ojaxcah5eswtcz5jrmsbima4xyylvuy,robduncan.bsky.social,Rob Duncan,#pedopresident #Pedogarchy #Pedophocracy #25thAmendment #TraitorTrump #USPOL #USA #us #uspoli #poli #politics #cdnpoli #canada #auspol #MeidasMighty #america #history #RemoveTrump #DonaldTrump #Trump #TRUMP #FuckTrump #antifa #AntiTrump #fascistfelon #FightOligarchy #DefundBillionaires #TrumPedo,,,,1,2,10,0,2026-05-11T18:17:46Z,NA,NA,NA,,,,,
at://did:plc:ig6dnt4tqgg7iwwtywx3bkvd/app.bsky.feed.post/3mlluzxupy22r,bafyreiec367awujq4jleokydzu264qmegdh63n6bvw3a6djweo3maaey7u,robduncan.bsky.social,Rob Duncan,#auspol #USPOL #USA #us #uspoli #poli #politics #cdnpoli #canada #MeidasMighty #communityovercapitalizm #america #history #anticapitalism #anticapitalist #capitalismkills #killCapitalism #capitalism #abolishcapitalism #fuckcapitalism #SocialJustice #ethics #ClassConsciousness #FalseConsciousness,,,,0,5,11,0,2026-05-11T18:16:48Z,NA,NA,NA,,,,,
at://did:plc:ig6dnt4tqgg7iwwtywx3bkvd/app.bsky.feed.post/3mlluyddh722r,bafyreiasifm73tihiocwnlai5cdnocclq3ngtrtbmip73j5re5q4s45owy,robduncan.bsky.social,Rob Duncan,#pedopresident #Pedogarchy #Pedophocracy #25thAmendment #TraitorTrump #USPOL #USA #us #uspoli #poli #politics #cdnpoli #canada #auspol #MeidasMighty #america #history #RemoveTrump #DonaldTrump #Trump #TRUMP #FuckTrump #antifa #AntiTrump #fascistfelon #FightOligarchy #DefundBillionaires #TrumPedo,,,,0,3,8,0,2026-05-11T18:15:52Z,NA,NA,NA,,,,,
at://did:plc:ig6dnt4tqgg7iwwtywx3bkvd/app.bsky.feed.post/3mlluw57og22r,bafyreidrrjuq4v62okc2tmlbcouc3hvhjlcqe2s3roi6nfib57hv5j275e,robduncan.bsky.social,Rob Duncan,"""Normal"" is not coming back.

#pedopresident #Pedogarchy #Pedophocracy #25thAmendment #TraitorTrump #USPOL #USA #uspoli #poli #politics #cdnpoli #canada #auspol #MeidasMighty #america #history #RemoveTrump #DonaldTrump #Trump #TRUMP #FuckTrump #antifa #FightOligarchy #DefundBillionaires #TrumPedo",,,,0,1,2,0,2026-05-11T18:14:39Z,NA,NA,NA,,,,,
at://did:plc:ig6dnt4tqgg7iwwtywx3bkvd/app.bsky.feed.post/3mlluqvjrgk2r,bafyreieyt726pelx5jqtbtnh2vtck54ue4ryzx4ajcxv5gopsoy2ys3a5u,robduncan.bsky.social,Rob Duncan,"It's capitalism, not rocket science.

#auspol #USPOL #USA #us #uspoli #poli #politics #cdnpoli #canada #MeidasMighty #anticapitalist #capitalismkills #killCapitalism #capitalism #abolishcapitalism #fuckcapitalism #SocialJustice #ethics #ClassConsciousness #FalseConsciousness",,,,0,2,8,0,2026-05-11T18:11:43Z,NA,NA,NA,,,,,
at://did:plc:mv6loxcddhj3i6pzfvzicc36/app.bsky.feed.post/3mlluq2uvgs2n,bafyreigjk5z3oeiyfi4f4wx3pephkffnwk6uomrqm4b5f7ubigst7cce5a,dennisjkoch.bsky.social,"Dennis ""dejay"" Koch","Alberta Separatism

Follow all the news on this section of Global News Edmonton

#abpoli #ableg #cdnpoli #Alberta #News #YEG #YYC

globalnews.ca/tag/alberta-...",,,,0,0,5,0,2026-05-11T18:11:16Z,NA,NA,NA,,,,,
at://did:plc:ig6dnt4tqgg7iwwtywx3bkvd/app.bsky.feed.post/3mlluiyrp322r,bafyreifgdxe237emwud3524pxqzlbphxxmofuhhapamyuqugs6u3fg2rom,robduncan.bsky.social,Rob Duncan,"The window for effective climate action closes soon.

#ClimateEmergency #Renewables #auspol #USPOL #USA #us #uspoli #poli #politics #cdnpoli #canada #MeidasMighty #america  #Ethics #ClimateJustice #abpoli #Klimapolitik #ClimateActionNow #ClimateChange #BCClimateAction #capitalism #FalseConsciousness",,,,0,0,5,0,2026-05-11T18:07:18Z,NA,NA,NA,,,,,
at://did:plc:xzgwn3nornr6v6cdd2fqsdru/app.bsky.feed.post/3mllugbamck2b,bafyreia5org22bmdquyrpfrabmur24e5uh2g3z5yvtpaoh2fyrgpwcv2o4,mikemontreal.bsky.social,Montreal Mike🇨🇦,"Funny.  Suddenly no one is sick enough to warrant an ER visit when the Habs play. 
#cdnpoli

www.cbc.ca/news/canada/...",,,,2,1,7,0,2026-05-11T18:05:48Z,NA,NA,NA,,,,,
at://did:plc:kqqydztpv6lrkmynvlo7zsru/app.bsky.feed.post/3mlluakalq22u,bafyreigq7ul6wrwmudwvmq6oebnm2rvnez33zny3xn2hagjtu5kzui66ma,kaicable.bsky.social,"Kai, a very old GenX 🇨🇦","Should Canadians Resist, Surrender or Rebel Against Trump?

The American Revolution Provides Some Guidance.

Interesting read.

#cdnpoli #canada
opencanada.org/should-canad...",,,,0,0,3,0,2026-05-11T18:02:37Z,NA,NA,NA,,,,,
at://did:plc:abt5tpb7lqr7vopkrkwfswwq/app.bsky.feed.post/3mllu6ilofr27,bafyreifmu6f6sgdcb4ulwwf7ig7gv5mivhd5ruycbjothe2hsvvv75juka,canadareport.org,Canada Report,"Dorval | Incendie suspect dans un commerce

Canada’s fastest news scan: 25+ headlines, no clutter, updated all day: CanadaReport.org

#cdnpoli #Canada #News 
Read Original Article 🔗",,,,0,0,0,0,2026-05-11T18:01:24Z,NA,NA,NA,,,,,
at://did:plc:ig6dnt4tqgg7iwwtywx3bkvd/app.bsky.feed.post/3mllu3wkwzk2s,bafyreif75hbwxn2w4wp6wgzgdmiax23mdw7diuaznqbi64rnbljgtdn5da,robduncan.bsky.social,Rob Duncan,#pedopresident #Pedogarchy #Pedophocracy #25thAmendment #TraitorTrump #USPOL #USA #us #uspoli #poli #politics #cdnpoli #canada #auspol #MeidasMighty #america #history #RemoveTrump #DonaldTrump #Trump #TRUMP #FuckTrump #antifa #AntiTrump #fascistfelon #FightOligarchy #DefundBillionaires #TrumPedo,,,,0,0,6,0,2026-05-11T18:00:07Z,NA,NA,NA,,,,,
at://did:plc:jeibpuiku4aeybewdxqab4w3/app.bsky.feed.post/3mllty7jrhs2v,bafyreiajsj22jeey3qfv2ujrowdlcbd4kzjy26md677zmoh6hsvei7lhoa,westernhemlox.bsky.social,Western Hemlox,"#cdnpoli

www.youtube.com/watch?v=5SfA...",,,,0,0,0,0,2026-05-11T17:57:56Z,NA,NA,NA,,,,,
at://did:plc:j4rrqqwlgedatyuhbcposqz2/app.bsky.feed.post/3mlltmzhejk2k,bafyreibxrmj65i2au3egqwatzaln23dwp5nwmr4kzlacwbrdb5snwq4u3q,danonthelam.bsky.social,Dan Johnson,"Wonder why police don't investigate his South Asian organized crime/gang connections.

#ableg #abpoli #cdnpoli #Alberta #yeg #corruptUCP",,,,0,3,6,1,2026-05-11T17:51:38Z,NA,NA,at://did:plc:ykvfxsnswr6rcwdbwocwqajt/app.bsky.feed.post/3mlls2mzfr22y,,,,,
at://did:plc:i2grq5k4gqwyilcjuftzluyx/app.bsky.feed.post/3mlltk4vxus2f,bafyreiaxpxilhwsmwmqb6z2v7cowicegw5sw432vmiu4wb2ylgcojki6m4,voscovery.bsky.social,Richard Price 🇨🇦,"As suspected the #alberta data breach story broke first overseas and made the link to a U.S. firm. That gives Canadian outlets the cover to start asking Canadian officials about foreign interference. Buckle up. #cdnpoli 

www.theguardian.com/world/2026/m...",,,,0,1,3,0,2026-05-11T17:50:03Z,NA,NA,NA,,,,,
at://did:plc:kqqydztpv6lrkmynvlo7zsru/app.bsky.feed.post/3mlltjnng3k2u,bafyreia7pecn5syedsavi2tv53r6mnv45zqjxmf4uonaan56po5rchy2fa,kaicable.bsky.social,"Kai, a very old GenX 🇨🇦","GM agrees to pay $12.75 million to settle California lawsuit over the theft and misuse of customers' driving data through its OnStar program

The U.S. is already a security risk.

#boycottusa #cdnpoli #canada

www.engadget.com/2169135/gm-a...",,,,0,0,0,0,2026-05-11T17:49:47Z,at://did:plc:kqqydztpv6lrkmynvlo7zsru/app.bsky.feed.post/3mljtmms4ik2q,at://did:plc:kqqydztpv6lrkmynvlo7zsru/app.bsky.feed.post/3mljtmms4ik2q,NA,,,,,
at://did:plc:xzgwn3nornr6v6cdd2fqsdru/app.bsky.feed.post/3mllthwoluc2b,bafyreihi46rmtro6sulqntmkhdf6ev7qhroikx7wexzbjim46panl5sd3u,mikemontreal.bsky.social,Montreal Mike🇨🇦,"Lay the blame directly on Bibi and Trump. 

There was no issue in the Strait of Hormuz until they started one.  

This isn’t the “libs” or “Brookfield” — it’s the current US and Israeli administration. 
#cdnpoli 

www.cbc.ca/news/canada/...",,,,0,0,1,0,2026-05-11T17:48:49Z,NA,NA,NA,,,,,
at://did:plc:in6t5b6l3wnfwkcuqji57ttg/app.bsky.feed.post/3mlltbkwkb223,bafyreigvh5kl2cvpswy26gonbf2mgidffyjh6jqgjinjcdqjjezt7d3fx4,ccfr-ccdaf.bsky.social,Canadian Coalition for Firearm Rights,"ICYMI: Liberal Steven Mackinnon TRIPLES DOWN on the same tired rhetoric about his govt's wasteful, inflationary spending. 

MP Carol Anstey lets him know, underlining Carney's failed gun grab contributing to Canada's $1.3 TRILLION deficit.

(That's $31,013 of debt, per Canadian.)

Crazy! #cdnpoli",,,,1,0,1,0,2026-05-11T17:45:18Z,NA,NA,NA,,,,,
at://did:plc:xzgwn3nornr6v6cdd2fqsdru/app.bsky.feed.post/3mllt323gv22b,bafyreieojwm3o7ghl7fsw3wjsowlzezbee5w3xqvlohmtuinsa6fuawrpm,mikemontreal.bsky.social,Montreal Mike🇨🇦,"Excellent article. 
#cdnpoli #uspoli",,,,0,0,0,0,2026-05-11T17:41:35Z,NA,NA,at://did:plc:tsksqpjisdvtusxq6ide5tzj/app.bsky.feed.post/3mllqiwm6qs2c,,,,,
at://did:plc:kqqydztpv6lrkmynvlo7zsru/app.bsky.feed.post/3mllt262fsk2u,bafyreih6nlbxrlz6o423qu6yowul6rcsrpqdpx7ugkihu6asqbfei2uxb4,kaicable.bsky.social,"Kai, a very old GenX 🇨🇦","NDP, Bloc MPs says feds should impose Buy Canadian policy on Via Rail contract to prevent buying new trains from foreign supplier warning against the ""mistake"" of awarding the contract to a U.S. company.

#cdnpoli #canada
#boycottusa

shorturl.at/pC0VG",,,,0,0,1,0,2026-05-11T17:41:08Z,NA,NA,NA,,,,,
at://did:plc:taj2zzm53ypc45lb25vfslts/app.bsky.feed.post/3mllszy5a3s2l,bafyreigqzkr3irbymmj6bijiaox3myfntxgr3xfc4br2szus3lxx2nnfuu,clairebeauchampmd.bsky.social,Claire Beauchamp MD 🇨🇦,"www.theglobeandmail.com/gift/2596095...
@eleanorolszewski.bsky.social @coreyhogan.ca @mattjeneroux.bsky.social @mark-carney.bsky.social 
#cdnpoli #abpoli 
Why should women stay in the pink collar ghettos?",,,,1,0,1,0,2026-05-11T17:41:00Z,NA,NA,NA,,,,,
at://did:plc:ae3s6ie2znxqm75akdxl3qp5/app.bsky.feed.post/3mllsx3hnns2w,bafyreif66ffgu7k2luw7jnu4lapjsvyamfcqbinmx3sehi2hstm765ivqy,tabmcleod.bsky.social,,"Data from the University of #Toronto researchers suggest that travel to the #usa from #canada has declined more than thought

#cdnpoli #uspolitics #cellphone #tariffs #trump 

mappingtariffs.org/canada-us-vi...",,,,0,0,0,0,2026-05-11T17:39:22Z,NA,NA,NA,,,,,
at://did:plc:kqqydztpv6lrkmynvlo7zsru/app.bsky.feed.post/3mllsot7iy22u,bafyreia2rpmk4sz2lszeqq6sybx2k5qz6kw3op3gzcmrf4vpc5cbjp2una,kaicable.bsky.social,"Kai, a very old GenX 🇨🇦","Temporary Foreign Worker Permits Are Destroying Trucking

A new Teamsters’ report finds that the number of TFW permits approved for truck drivers has quadrupled since 2010.

The trucking industry refuses to create decent work while killing the middle class.

#cdnpoli #canada 
shorturl.at/qUzl6",,,,1,0,3,0,2026-05-11T17:34:50Z,NA,NA,NA,,,,,
at://did:plc:abt5tpb7lqr7vopkrkwfswwq/app.bsky.feed.post/3mllsiyuhra27,bafyreih2ognex3yplidvce7rnexnf4krvapffaroid5stoae34omazt4eq,canadareport.org,Canada Report,"Brazil’s Mastercard Rival Elo Taps Bank of America, Other Banks for US IPO

Canada’s fastest news scan: 25+ headlines, no clutter, updated all day: CanadaReport.org

#cdnpoli #Canada #News #Business #Economy 
Read Original Article 🔗",,,,0,0,0,0,2026-05-11T17:31:29Z,NA,NA,NA,,,,,
at://did:plc:kqqydztpv6lrkmynvlo7zsru/app.bsky.feed.post/3mllsgxdquk2u,bafyreibpnwmixjt3r33j42n2dsyx5utwzekzrrgzkm2amopcny6u6u2ppm,kaicable.bsky.social,"Kai, a very old GenX 🇨🇦","The U.S. Owned National Post Praises White Supremacist Novel ft. Carmen Celestini.

Racist book gets approval from Post columnist

#cdnpoli #canada #DefundPostMedia 
#boycottusa #racistusa 

readthecatch.ca/national-pos...",,,,0,0,2,0,2026-05-11T17:30:23Z,NA,NA,NA,,,,,
at://did:plc:kqqydztpv6lrkmynvlo7zsru/app.bsky.feed.post/3mlls6fagas2u,bafyreidsinh22qjba6xyusc5kylkmngrpue2j2h57rub4vj3hpmdivp3vq,kaicable.bsky.social,"Kai, a very old GenX 🇨🇦","Basic Income is key to averting a dystopian future

#cdnpoli #canada

doreenn.substack.com/p/basic-inco...",,,,0,2,6,0,2026-05-11T17:25:40Z,NA,NA,NA,,,,,
at://did:plc:ykvfxsnswr6rcwdbwocwqajt/app.bsky.feed.post/3mlls2mzfr22y,bafyreiarenoeas54afrndiepuw43vyq6fppsvsb4kvux5e2iujouahv3za,anniegirl.bsky.social,Ann Petersen-Kane,"They are all so fucking corrupt and up to their eye-balls in separatism. #ableg #abpoli #cdnpoli 

UCP staffer appears to have been more than just 'observing' the doxxing of Jason Kenney www.nationalobserver.com/2026/05/08/i...",,,,2,11,23,1,2026-05-11T17:23:30Z,NA,NA,NA,,,,,
at://did:plc:2yp3qbkyxd5znzhtsq4n2wml/app.bsky.feed.post/3mllrwsei422x,bafyreibcdrznnfggxa4e52jtmf4355xppmn2vlq54gh5my4afpzbgjmzkm,tk1ng.bsky.social,Tim King,"LQ measures how concentrated each country is in a defined set of advanced industries/technologies, such as IT & information services, computers & electronics, pharmaceuticals, electrical equipment, machinery, motor vehicles, basic and fabricated metals, chemicals & other transport equipment #cdnpoli",,,,0,0,0,0,2026-05-11T17:21:20Z,at://did:plc:2yp3qbkyxd5znzhtsq4n2wml/app.bsky.feed.post/3mllrtkb5ks2x,at://did:plc:2yp3qbkyxd5znzhtsq4n2wml/app.bsky.feed.post/3mllrtkb5ks2x,NA,,,,,
at://did:plc:2yp3qbkyxd5znzhtsq4n2wml/app.bsky.feed.post/3mllrtkb5ks2x,bafyreibv2jh5zjwumbwsh57qdxowvumguufzcbwile36c3ga4lje7x5n2y,tk1ng.bsky.social,Tim King,"""China overperforms relative to the size of its economy, with an LQ of 1.36 (meaning 36% above the global average). By comparison, America underperforms with an LQ of just 0.88 (12% below average)""

#Canada's is 0.58 (42% below avg) #cdnpoli
@mark-carney.bsky.social 

itif.org/publications...",,,,1,0,0,0,2026-05-11T17:19:32Z,NA,NA,NA,,,,,
at://did:plc:mv6loxcddhj3i6pzfvzicc36/app.bsky.feed.post/3mllrhi6zjs2s,bafyreiftwjqfvhxjgeyikivlyjbr26nptxjtmmrlbmgpjaemaknn3bzwsa,dennisjkoch.bsky.social,"Dennis ""dejay"" Koch","Your elector information should not be treated as political ammunition.

It is protected democratic infrastructure.

- TheBreakdownAB

#abpoli #ableg #YEG #YYC #Alberta #cdnpoli #AlbertaUCP",,,,0,1,5,0,2026-05-11T17:12:45Z,NA,NA,at://did:plc:6x4uv4s2njfsmbg6dq2tijld/app.bsky.feed.post/3mllpyexnac2e,,,,,
at://did:plc:abt5tpb7lqr7vopkrkwfswwq/app.bsky.feed.post/3mllqt4w6by2j,bafyreihih57od3jwmikzkunqu3t7f6gszztxj35ioh6foj3hmqui2s7xqi,canadareport.org,Canada Report,"La revue de presse de Paul Arcand | Le Canadien domine les Sabres, violence et crypto et le sport qui augmente le plu...

Canada’s fastest news scan: 25+ headlines, no clutter, updated all day: CanadaReport.org

#cdnpoli #Canada #News 
Read Original Article 🔗",,,,0,0,0,0,2026-05-11T17:01:21Z,NA,NA,NA,,,,,
at://did:plc:kqqydztpv6lrkmynvlo7zsru/app.bsky.feed.post/3mllqnz475c2u,bafyreicprhqp3ruryx7dskb5dao74lofdlmearroksjbydjeza7eypg5dq,kaicable.bsky.social,"Kai, a very old GenX 🇨🇦","As war sends oil profits surging, calls grow louder for a windfall tax.

The Iran war’s expected upside for Canadian oil majors has prompted some organizations and politicians to call for a levy.

#cdnpoli #canada

corporateknights.com/energy/as-wa...",,,,0,0,2,0,2026-05-11T16:58:33Z,NA,NA,NA,,,,,
at://did:plc:64x5pkpfozsljnoqtd7f7p4q/app.bsky.feed.post/3mllqnfx4y22o,bafyreia7sqvwnsxq47wvwqydsirvhrk553hhj5zdhrgtav2pkgvpsmpetq,nigelb.bsky.social,NigelBankes,"Meantime, those of us who are proudly woke celebrate Lund for putting his own life on hold for months, all in order to fight for an important cause he truly believes in.
#cdnpoli #abpoli",,,,5,21,68,1,2026-05-11T16:58:10Z,NA,NA,at://did:plc:mxpubbcj3tclc25zczup3f52/app.bsky.feed.post/3mlln4x33xc2k,,,,,
at://did:plc:kqqydztpv6lrkmynvlo7zsru/app.bsky.feed.post/3mllqmdfzp22u,bafyreiawrnfw4mncukgwdxzjd2f7vdhxyvaeavoc2y6iiemimy33aojf2e,kaicable.bsky.social,"Kai, a very old GenX 🇨🇦","Canada’s silence at the UN exposes a buried history of slavery at home.

Canada’s abstention on a recent United Nations reparations vote cannot erase its role in two centuries of slavery.

#cdnpoli #canada

ricochet.media/justice/cana...",,,,0,0,1,0,2026-05-11T16:57:37Z,NA,NA,NA,,,,,
at://did:plc:fw7nfyu73qekvpkioowgugpy/app.bsky.feed.post/3mllqgkplvs2n,bafyreibbutyk53noan33t6feoefbeyf54ina7zjgg2is566r3lvjnlhfgu,raedeeton.bsky.social,Rae Deeton,Mark Carney intends to sell off Canada's airports. #cdnpoli,,,,0,1,2,0,2026-05-11T16:54:19Z,NA,NA,at://did:plc:keg3c3lhpxiihjho4e7auzaq/app.bsky.feed.post/3mllpeggc2c2v,,,,,
at://did:plc:jw3ocg24thye7i5sjjhia62e/app.bsky.feed.post/3mllqggewfs24,bafyreid7jkqtblecrghmuevyqimez2s7j5z3qev2kkaxbkdzrvycf56nfa,markhamhislop.bsky.social,Markham Hislop,"Trump’s Iran Quagmire Disrupting Global Energy Stability

Donald Trump is the worst president in the history of the United States.

His mishandling of the Strait of Hormuz debacle is just one data point, says @UofT Prof Jack Cunningham
#cdnpoli #uspoli
youtu.be/cU5OzPfjVAI",,,,0,2,12,0,2026-05-11T16:54:17Z,NA,NA,NA,,,,,
at://did:plc:ykvfxsnswr6rcwdbwocwqajt/app.bsky.feed.post/3mllplgb4yc2s,bafyreicndcqebnmmdygigj3bkfg5okp246xp5x762odcdulr3vtxnhigke,anniegirl.bsky.social,Ann Petersen-Kane,"When I hear the phrase ""Fortress North America"", I imagine its dungeons stuffed with Canadians and Mexicans. It's not inspiring. #cdnpoli",,,,0,4,13,0,2026-05-11T16:39:09Z,NA,NA,NA,,,,,
at://did:plc:kqqydztpv6lrkmynvlo7zsru/app.bsky.feed.post/3mllpkjsdi22u,bafyreia3uvkc36ricltsajd26wgc624kvntbbq4jnqpdfef2u67uha3qya,kaicable.bsky.social,"Kai, a very old GenX 🇨🇦","Uber Drivers Have Won A Contract For The First Time In Canada

About time!

#bcpoli #abpoli #cdnpoli #canada #unions #labour

www.readthemaple.com/uber-drivers...",,,,0,2,4,0,2026-05-11T16:38:43Z,NA,NA,NA,,,,,
at://did:plc:kqqydztpv6lrkmynvlo7zsru/app.bsky.feed.post/3mllpdn62rc2u,bafyreieheq7747whjmjb356rdeszww33qdfxlegxv2e2ztoim5mcbdq4oq,kaicable.bsky.social,"Kai, a very old GenX 🇨🇦","Mark Carney's plan to boost competition is nothing more than a reduction in red tape to get the government out of the way - certainly not to defeat Canada’s monopolies  

Stop me if you’ve heard this before, possibly under Paul Martin or Stephen Harper...

#cdnpoli #canada 

shorturl.at/32feP",,,,0,0,3,0,2026-05-11T16:34:52Z,NA,NA,NA,,,,,
at://did:plc:abt5tpb7lqr7vopkrkwfswwq/app.bsky.feed.post/3mllp5msu7f2b,bafyreies3exexiuj3ny65r6kaezf6lhy27umcqkldn5s6ue5ugtimiamnu,canadareport.org,Canada Report,"US Home Resales Barely Rise as Key Selling Season Begins

Canada’s fastest news scan: 25+ headlines, no clutter, updated all day: CanadaReport.org

#cdnpoli #Canada #News #Business #Economy 
Read Original Article 🔗",,,,0,0,0,0,2026-05-11T16:31:29Z,NA,NA,NA,,,,,
at://did:plc:kqqydztpv6lrkmynvlo7zsru/app.bsky.feed.post/3mlloo5nbes2u,bafyreic226qlwke7kvjoi7mq3eabulv2veqhpxvxcsadftwlj4ajh4xciu,kaicable.bsky.social,"Kai, a very old GenX 🇨🇦","Mark Carney Knows Privatization Worsens Conditions, That's the Point

#cdnpoli #canada #neoliberalism

readthecatch.ca/carney-knows...",,,,0,3,7,1,2026-05-11T16:22:51Z,NA,NA,NA,,,,,
at://did:plc:re7tflvczjceanwkco2bseqb/app.bsky.feed.post/3mllonnuovc2t,bafyreidtwifwwmaktxztqwpdo7xf6zqx5cc452gtmr4oobf2p4nho74wwm,bella-andme.bsky.social,Sherry Lee,"Thank you Minister @anitaoakvilleeast.bsky.social 
Those children need to be returned - long ago.
#cdnpoli",,,,0,0,0,0,2026-05-11T16:22:40Z,NA,NA,at://did:plc:4euncr44a5aflpbcbjhvjvdo/app.bsky.feed.post/3mlloa33dkk2v,,,,,
at://did:plc:eaeuyrvdlqvjgznelgcdimct/app.bsky.feed.post/3mllomphjc22h,bafyreig7nnwj2qknbaei32scdcde3cnf7iwzhwzyicnqacw5ruwct4sob4,madhat59kenwood.bsky.social,Ken Wood part owner of 🇨🇦,Read educate people. #cdnpoli 👇,,,,0,0,1,0,2026-05-11T16:21:58Z,NA,NA,at://did:plc:kqsdfw4cj532lp7bidtdzyyz/app.bsky.feed.post/3mlllelchfs2i,,,,,
at://did:plc:ruhwgda4uh6aaj4qe5ncapj3/app.bsky.feed.post/3mllomijayc2u,bafyreigfptnpebz7cq76qvtkn2kknv4sq5muip4qyc5drghq36z7pxrwjy,neilforreal.bsky.social,Neil,"What Michigan Sen. Elissa Slotkin and other U.S. politicians miss with their warnings to Canada about embracing Chinese trade is that we aren't being fooled by China, we're simply wary of the U.S. AND China, who are both equally transactional and untrustworthy.  #cdnpoli
www.cbc.ca/news/politic...",,,,1,2,6,1,2026-05-11T16:21:52Z,NA,NA,NA,,,,,
at://did:plc:eaeuyrvdlqvjgznelgcdimct/app.bsky.feed.post/3mlloklhz3c2h,bafyreicllaa37qol2sp3qrqqoi4dvgqaz5oa6pqzlxy3csqxegznlk2gum,madhat59kenwood.bsky.social,Ken Wood part owner of 🇨🇦,🇨🇦 built fast and safe after WWII Those homes many still stand. The bldg codes are not changed. Nor should they be. #cdnpoli,,,,1,0,3,0,2026-05-11T16:20:47Z,at://did:plc:wcxi3smv7cat5467faxykqzi/app.bsky.feed.post/3mlllo24y3k2d,at://did:plc:jzjhu672veifvnae33gunnf3/app.bsky.feed.post/3mllgpamx2k2f,NA,,,,,
at://did:plc:eaeuyrvdlqvjgznelgcdimct/app.bsky.feed.post/3mllodo6jns2h,bafyreidfacxdrtezm2die2cpw5hax7v3b5rebli2chyhxox3koif6z2ayq,madhat59kenwood.bsky.social,Ken Wood part owner of 🇨🇦,Need to keep these POSs in the light. Need to know them and call them out. They are disgusting and racist. #bcpoli #cdnpoli,,,,1,0,3,0,2026-05-11T16:16:55Z,NA,NA,at://did:plc:kbmqvf3f2oo4s7j2b6d4ye4h/app.bsky.feed.post/3mllm62f7ts2p,,,,,
at://did:plc:5o2no5oxmt7tqcwc6pbdsc3x/app.bsky.feed.post/3mllocmhp722b,bafyreifkwdcpfeu7df74ajudpc4judp4m2pua5bkk2geonf53ptnvbc234,andreasor.bsky.social,"Andreas 🇨🇦 Fella 💙 #AbolishICE, start from scratch","Naheed Nenshi: #Alberta #UCP #Cdnpoli How dare he contact the police and not help the UCP coverup this #DataBreach. #Traitors #Treason #Maple-MAGA

vt.tiktok.com/ZS9TnTxaA/",,,,1,4,9,0,2026-05-11T16:16:22Z,NA,NA,NA,,,,,
at://did:plc:e4qglzjpa4pcasim3rpqsicy/app.bsky.feed.post/3mlloa4mils2p,bafyreidaejv5x7d5qfcivq22titcpgmcbjece2ahwdekaovc6xw6gcqrne,thesaanichdaily.bsky.social,Club Saanich,"Notice that he said ""feel"" safe because we already are statistically safer than ever but politicians like Carney and the media use safety as a tactic to increase the surveillance state.

#cdnpoli",,,,1,3,8,0,2026-05-11T16:14:57Z,NA,NA,at://did:plc:kx375dszrbvqtu7o4xxxmojn/app.bsky.feed.post/3mlljjvqvzs2l,,,,,
at://did:plc:xem6ong7n3vuco364pevzcfu/app.bsky.feed.post/3mllo6itk522i,bafyreicjw3io3sxpivb2iluybsyrzevub3favr6uokpif37wjm5k6s26e4,ourclimatejourney.bsky.social,Our Climate Journey,".𖥔 ݁ ˖ Renewable energy is the future… ⊹ ࣪ ˖

Source: www.theenergymix.com/asia-races-a...

#greensky #cdnpoli #uspoli",,,,0,0,0,0,2026-05-11T16:14:09Z,NA,NA,NA,,,,,
at://did:plc:eaeuyrvdlqvjgznelgcdimct/app.bsky.feed.post/3mllnwmlrb22h,bafyreigoesbyisdffbimet4v5ihmx5nlep4mbr4eoyosi6w6jfrjd27yse,madhat59kenwood.bsky.social,Ken Wood part owner of 🇨🇦,Good news #cdnpoli,,,,0,0,1,0,2026-05-11T16:09:37Z,NA,NA,at://did:plc:jzjhu672veifvnae33gunnf3/app.bsky.feed.post/3mllgql74vk2f,,,,,
at://did:plc:sgkn3mngslzbvvhy6xlpphoh/app.bsky.feed.post/3mllnqi5e7s2g,bafyreidhxg4uaunoyqi3b6ue3d7lkmeztqzdltnc6z2zqwbz2zj3sjcgaa,cleanenergycanada.org,Clean Energy Canada,"🇨🇦🔌 In this week's Clean Energy Review: The policies ‘Canada Strong’ can’t happen without, Canada welcomes the first signs of a more affordable EV market, and an Arctic community in Quebec successfully swaps diesel for clean energy. 
#cdnpoli #energytransition",,,,0,0,4,0,2026-05-11T16:06:14Z,NA,NA,NA,,,,,
at://did:plc:ii6oavwfjgy2s33lwrcbjubl/app.bsky.feed.post/3mllnjv7wrk2d,bafyreiclduazt6zo6lky7xgp7wdgg5s4x3iq4lhns6nxfy6fppqkradfvi,robinhood246.bsky.social,B.G. Witch 🇨🇦 🏳️‍⚧️ 🌈,"Canadian Senators are appointed, effectively, for life.

Why do unelected, unaccountable, establishment figures control which laws we can pass?

I'd love some democracy in my democracy #cdnpoli",,,,0,1,2,0,2026-05-11T16:02:31Z,NA,NA,NA,,,,,
at://did:plc:abt5tpb7lqr7vopkrkwfswwq/app.bsky.feed.post/3mllnhwfx3y2k,bafyreiaugrip7ymckfyk5asbsfiszskvltw4fpft5xwvocdncec6ncmvse,canadareport.org,Canada Report,"Canada’s plan to ban crypto ATMs worries industry, advocates

Canada’s fastest news scan: 25+ headlines, no clutter, updated all day: CanadaReport.org

#cdnpoli #Canada #News #Tech #AI 
Read Original Article 🔗",,,,0,0,0,0,2026-05-11T16:01:24Z,NA,NA,NA,,,,,
at://did:plc:ralxrfpmgdxc7hmnvujfzjqy/app.bsky.feed.post/3mllnevmzus2n,bafyreihlair7dnamgi5zycinkanp3pmm2qxfl2zuqzmsgwszj4tcbcpjfq,turnbullwhitby.bsky.social,MP Ryan Turnbull 🇨🇦🇺🇦,"A stronger Canada is built by workers. From skilled trades training to 100,000 youth summer jobs, we are creating pathways to good careers and stronger communities across the country. Real leadership means investing in people and creating opportunity. 

#Cdnpoli #SkilledTrades #CanadaStrong",,,,0,1,2,0,2026-05-11T16:05:57Z,NA,NA,NA,,,,,
at://did:plc:ii6oavwfjgy2s33lwrcbjubl/app.bsky.feed.post/3mllnduny5s2d,bafyreidpu5hi43h4einrpj5qy2ri7izyrzwe5qdye6p62b72kqpm2qp6ku,robinhood246.bsky.social,B.G. Witch 🇨🇦 🏳️‍⚧️ 🌈,"Why does the Notwithstanding clause exist?

Why is our country geared to protect the powerful and the angry? #cdnpoli",,,,0,0,0,0,2026-05-11T15:59:09Z,NA,NA,NA,,,,,
at://did:plc:7ycfilosz2dmgcnqbh76jdol/app.bsky.feed.post/3mlln5q75h22w,bafyreidf4f2js2tndq5x6a4xlv7axmer34edshqimodnfcgkh4njhy4434,coolxenu.bsky.social,Cool Xenu 8647,"They are scared of the truth, like all modern conservatives.

#ableg #cdnpoli",,,,0,1,14,0,2026-05-11T15:55:42Z,at://did:plc:oqxoq7btbkztewuzmallzuvo/app.bsky.feed.post/3mllmkdoq6c23,at://did:plc:oqxoq7btbkztewuzmallzuvo/app.bsky.feed.post/3mllmkdoq6c23,NA,,,,,
at://did:plc:kqqydztpv6lrkmynvlo7zsru/app.bsky.feed.post/3mlln37qtjc2u,bafyreieeu7a3niozvmthemuesvuzfxz6cgpahr5rtqbtfhz3eeqw7a2tcm,kaicable.bsky.social,"Kai, a very old GenX 🇨🇦","GM agrees to pay $12.75 million to settle California lawsuit over misuse of customers' driving data through its OnStar program

The U.S. is already a security risk.

#boycottusa #cdnpoli #canada

www.engadget.com/2169135/gm-a...",,,,2,13,23,0,2026-05-11T15:54:21Z,NA,NA,NA,,,,,
at://did:plc:7ycfilosz2dmgcnqbh76jdol/app.bsky.feed.post/3mllmxe63r22w,bafyreibvoigmfem74xlpiqwey33glonx2knnowbpxvnlatp7h4xmymbxsm,coolxenu.bsky.social,Cool Xenu 8647,"Alt-right rag Epoch had an uptick. Sad.

Epoch and Druthers make great liners for the bottom of your compsting pail.

#cdnpoli",,,,0,0,0,0,2026-05-11T15:52:08Z,at://did:plc:kjjhbsc3pp3vkqjsivk6z2yd/app.bsky.feed.post/3mllg6zvams24,at://did:plc:kjjhbsc3pp3vkqjsivk6z2yd/app.bsky.feed.post/3mllg6zvams24,NA,,,,,
at://did:plc:x2ge66dlb4pw7ssk2lhte536/app.bsky.feed.post/3mllmvu2l4c2f,bafyreifns5rghne4yi7ji3t3fbmqy2pdk4xsjobgrfi2wuarfoqg3jqpki,saskboy.bsky.social,Saskboy from Saskatchewan,"The message has changed. Why try to convince people Carney hasn't flipped? Yeah, it sucks to have thought he was a better guy and supported him, and found out this now.

#cdnpoli",,,,2,0,2,0,2026-05-11T15:51:18Z,at://did:plc:faijealz6vwlhf5bo2w2bxof/app.bsky.feed.post/3mllknq4lxk2t,at://did:plc:x2ge66dlb4pw7ssk2lhte536/app.bsky.feed.post/3mlljfbrdx22f,NA,,,,,
at://did:plc:jw3ocg24thye7i5sjjhia62e/app.bsky.feed.post/3mllmtvsrsk24,bafyreibtpiogmaakqprm4ml4fl4qvulosbduwoangtqqacdhm4salhe3ku,markhamhislop.bsky.social,Markham Hislop,"Canada's Got Future Energy Demand All Wrong

@IEA data shows that clean electricity's share of energy demand growth is now almost 60% - and it's growing each year.
#cdnpoli #abpoli #bcpoli 
markhamhislop.substack.com/p/canadas-go...",,,,4,23,40,2,2026-05-11T15:50:14Z,NA,NA,NA,,,,,
at://did:plc:yiykf4gzuc7ofsnvmdmee5kz/app.bsky.feed.post/3mllmtcx7e22w,bafyreihd5zrx73q4mbkcqt2efj3rqc6kvmwguogqht2y4tki3vko25teqa,hope50.bsky.social,,"The Conservatives are all under the big tent of the IDU.org. The conservatives and the ultra right wing are on the same Harper mission. No government, just ideology. #cdnpoli",,,,1,2,3,0,2026-05-11T15:49:58Z,at://did:plc:qlf74ykzfhfl7odgxq7ofren/app.bsky.feed.post/3mlljj2uoos2h,at://did:plc:qlf74ykzfhfl7odgxq7ofren/app.bsky.feed.post/3mlljj2uoos2h,NA,,,,,
at://did:plc:lin2g3h6fvle3fdrs5nqmkiy/app.bsky.feed.post/3mllmtckmz22q,bafyreidcga2d77oytqs7uitkshp4eaod5l5aw7pecjrcgml4z2ewexizua,canadiancontent.bsky.social,Not That Kind Of Canadian,"And oldie but a goodie.

""Free Canada
Trade Mulroney""

Button

#cdnpoli",,,,0,0,1,0,2026-05-11T15:49:55Z,at://did:plc:4ownlsrdmnvwgzmcdi2bof6s/app.bsky.feed.post/3mlle6vwoi226,at://did:plc:4ownlsrdmnvwgzmcdi2bof6s/app.bsky.feed.post/3mlle6vwoi226,NA,,,,,
at://did:plc:i2grq5k4gqwyilcjuftzluyx/app.bsky.feed.post/3mllmljfal22l,bafyreicanmdmrcwzf6sc3cjecg23ewribfvxt3tymcvnyrjleonh3hmlru,voscovery.bsky.social,Richard Price 🇨🇦,"Jamil Jivani really is 🇨🇦 ‘s JD Vance. It’s so bad it would be funny, if it was so bad. #cdnpoli",,,,0,0,1,0,2026-05-11T15:45:32Z,NA,NA,NA,,,,,
at://did:plc:7ycfilosz2dmgcnqbh76jdol/app.bsky.feed.post/3mllmkxatdc2w,bafyreigbu3phpr4lg27ewehmwv26s7yed5bbrodmhxyxfvtimtfaikx2iu,coolxenu.bsky.social,Cool Xenu 8647,"Mormons have too many ""m""s in their religion's name.

#USA #MAGA #Utah

#cdnpoli",,,,0,0,1,0,2026-05-11T15:45:12Z,NA,NA,at://did:plc:q7rv2wta4qb2534kxjmbr6dm/app.bsky.feed.post/3mlllqfhp5u2o,,,,,
at://did:plc:q6icpg6i4nzcuzbjyhtosjyk/app.bsky.feed.post/3mllmi5grm22f,bafyreihy2ricrhfc4gwz4hyis7uejfhbqrfur3njdp6c3jokp2p2ydeus4,plrstill.bsky.social,Pamela Ross,trump is sounding a lot like #BaghdadBob from the #IraqWar #uspoli #cdnpoli,,,,0,0,0,0,2026-05-11T15:43:41Z,NA,NA,NA,,,,,
at://did:plc:oxb3kmal3netfpfkgkxlragl/app.bsky.feed.post/3mllmcpqp7c2q,bafyreibkbfkrr3rdnisu2p7fvdguxycoynuwrbqan4jeg7umcedva23vie,denisesf5.bsky.social,DeniseSF5 🇨🇦*🇺🇦*🇩🇪,#cdnpoli #canada,,,,0,1,4,0,2026-05-11T15:40:39Z,NA,NA,NA,,,,,
at://did:plc:bbnve3u34qpmusulfzkei3p2/app.bsky.feed.post/3mllma7sivk2k,bafyreie7q3ztg7pmuydeogsiwihzbosvyjpc2jiqlc6xc4lbelaomsdrdq,fluxliner.bsky.social,Flux Liner,"I Love My Liberal Canada !!!!
#Alberta #Canada #cdnpoli  heeee haaaaa",,,,0,0,0,0,2026-05-11T15:39:14Z,at://did:plc:2oxlnaoierkgu6jl645tg7va/app.bsky.feed.post/3mllktmk6as2q,at://did:plc:2oxlnaoierkgu6jl645tg7va/app.bsky.feed.post/3mllktmk6as2q,NA,,,,,
at://did:plc:7ycfilosz2dmgcnqbh76jdol/app.bsky.feed.post/3mllm3oyujs2w,bafyreihklbxamc4cpbzv4cq2jj2vco2udhn2fqliby5logk5frjlp42bcu,coolxenu.bsky.social,Cool Xenu 8647,"There are plenty of greedy, selfish Canadians.  We call them conservatives.

#cdnpoli",,,,2,2,36,0,2026-05-11T15:36:41Z,at://did:plc:2w45zyhuklwihpdc7oj3mi63/app.bsky.feed.post/3mllkv4kire2d,at://did:plc:2w45zyhuklwihpdc7oj3mi63/app.bsky.feed.post/3mllkv4kire2d,NA,,,,,
at://did:plc:istu2catmtwuynu7jlh6buzl/app.bsky.feed.post/3mlllvolbks2k,bafyreigijr7wzfpq6egvpzz5kawfiodafpbcht4zq7htrcncdevrutwhvu,elcanaco.bsky.social,elcanaco.bsky.social,"Let's check in on the Fascist States of America...

AOC as a presidential candidate, consolidating votes of the left, Latinos, soccer moms, and the Black community is a winning combination.

But also, a leftist president would be a positive way forward for the US.

#Trump #fascism #AOC #cdnpoli",,,,0,0,4,0,2026-05-11T15:33:19Z,NA,NA,at://did:plc:vz3gs36c5xyidrrd4ucmrdmu/app.bsky.feed.post/3mljnwfqalk2r,,,,,
at://did:plc:ykvfxsnswr6rcwdbwocwqajt/app.bsky.feed.post/3mlllu2xj4k25,bafyreia7w4n6s3uftb77iymjoh3telckdeqa72saoemzaibk2iw5xm2vvm,anniegirl.bsky.social,Ann Petersen-Kane,Canadian security clearance is a joke if someone like her can get it. #cdnpoli #abpoli #ableg,,,,3,16,41,0,2026-05-11T15:32:25Z,NA,NA,at://did:plc:htozz7cklgxvzxbzhfjm4djh/app.bsky.feed.post/3mllg6oqgns2k,,,,,
at://did:plc:abt5tpb7lqr7vopkrkwfswwq/app.bsky.feed.post/3mllls5shtm2k,bafyreiav4dpqmuyoyrcz54d3uohzp4okwuh7dbgppjhdteavz3socgrk6q,canadareport.org,Canada Report,"Inside a year of chaos and conflict at Kevin Hart’s media company

Canada’s fastest news scan: 25+ headlines, no clutter, updated all day: CanadaReport.org

#cdnpoli #Canada #News #Business #Economy 
Read Original Article 🔗",,,,0,0,0,0,2026-05-11T15:31:21Z,NA,NA,NA,,,,,
at://did:plc:4xqt7t2zph634drigtdxdmro/app.bsky.feed.post/3mlllpsw5is2l,bafyreiaejkdzyybpreav32iiae54gwtwwkd6nxfungdum4ygzokcrsr554,journodale.bsky.social,Dale Smith,"For the Monday morning crowd, my Loonie Politics Quick Take on why the Alberta voter list leak should be a cue for MPs to strengthen privacy provisions in Bill C-25. #cdnpoli",,,,0,0,0,0,2026-05-11T15:30:06Z,NA,NA,NA,,,,,
at://did:plc:azikujfdbcqnvznzdysyf3wh/app.bsky.feed.post/3mlllhoyfjs2j,bafyreihyvrzvfntyv3neuq73bls4c54nkpxb43pqskxy3opj5y4tebdkmi,courtellingson.bsky.social,Court Ellingson,"Domestic violence survivors, judges, journalists, law enforcement officials are all at high risk & all of us are at risk of fraud.

This is unacceptable.

To make matters worse, the UCP Caucus has also confirmed their staff attended the meeting.

#abpoli #ableg #Alberta #Canada #cdnpoli",,,,1,0,1,0,2026-05-11T15:25:31Z,at://did:plc:azikujfdbcqnvznzdysyf3wh/app.bsky.feed.post/3ml7gujj3422c,at://did:plc:azikujfdbcqnvznzdysyf3wh/app.bsky.feed.post/3ml7gujivak2c,NA,,,,,
at://did:plc:7ycfilosz2dmgcnqbh76jdol/app.bsky.feed.post/3mlll7hv3ks2w,bafyreiabqziwj7i4x2vjhnkq3nkfqbuudnsdl2igiruruxirhu52d3k25e,coolxenu.bsky.social,Cool Xenu 8647,"Ole Mitch is always shooting his mouth off....

#ableg #cdnpoli",,,,0,0,0,0,2026-05-11T15:20:53Z,at://did:plc:xpgujbkkrjevueb53vpgnetz/app.bsky.feed.post/3mlkhk5rymc2o,at://did:plc:xpgujbkkrjevueb53vpgnetz/app.bsky.feed.post/3mlkhk5rymc2o,NA,,,,,
at://did:plc:w4xgktzvnu4xyy37xlgp3xki/app.bsky.feed.post/3mllkuzgeb227,bafyreignduhkywjpozxhh7ahdjbyrhpblvywrfjuk7zyizsmg4wazn337y,cindylee2102.bsky.social,Lil Cin 🇨🇦,"""It behooves us to fully digest the fact that we are currently engaged in a rational debate about our future with the sort of people whose capacity for self-reflection is exhausted when the Tim Hortons drive-thru menu switches screens"". 
#abpoli #ableg #cdnpoli",,,,0,6,9,0,2026-05-11T15:15:03Z,NA,NA,at://did:plc:4fhfllxcnnzqosradtz336ye/app.bsky.feed.post/3mlir4uw5pk2c,,,,,
at://did:plc:xvhfw6ch4oy4yez2kbu5wrhl/app.bsky.feed.post/3mllkqpxpgc2o,bafyreidvtt7klhkzbwf3kws7n2xsmpfo5qha6cnzvx5eemjsbrkf3dcj6u,linzi-the-artist.bsky.social,Lindsay Brambles🇨🇦,"We can't afford to cave, b/c that will set up a poorer future for our descendants. #Canadians shouldn't fool themselves into believing a Democrat in the WH will reverse any bad deal we get from the US. #cdnpoli

#Canada Should Call Trump’s Bluff on CUSMA Trade Talks open.substack.com/pub/thewalru...",,,,0,0,0,0,2026-05-11T15:12:40Z,NA,NA,NA,,,,,
at://did:plc:2ynlbrdcl77cqoo3s75dzvt7/app.bsky.feed.post/3mllkbgcggl2f,bafyreiczanmpfy53nvxf6jj3gorukaqshb346hbzoqied7hepuocxfe6ym,lockdownludonaut.bsky.social,Lockdown Ludonaut,"🍁👇🏼Fight back, #Canada Buy the #OperationCanCon #gamebooks this #CanadaDay. 

#Never51 #CdnPoli

🏒Buy them today
www.amazon.ca/dp/B0F6Z4W71...",,,,0,0,0,0,2026-05-11T15:04:04Z,NA,NA,NA,,,,,
at://did:plc:abt5tpb7lqr7vopkrkwfswwq/app.bsky.feed.post/3mllk4x4jjl2t,bafyreiddhejxudjtstjqkuudh2rnswoaufejsoobnljyg4liq2uh5mmomi,canadareport.org,Canada Report,"Planète bleue, idées vertes | Les excréments de pitou bientôt en compost ?

Canada’s fastest news scan: 25+ headlines, no clutter, updated all day: CanadaReport.org

#cdnpoli #Canada #News 
Read Original Article 🔗",,,,0,0,0,0,2026-05-11T15:01:35Z,NA,NA,NA,,,,,
at://did:plc:migpri6ukqvsbz7j7iy7hdxu/app.bsky.feed.post/3mllk3ioxir2c,bafyreiegbqn7o5bc3lm32deua62vlz6qkk36ohecmhrrihrkclszgkpcn4,breakfastscotch.bsky.social,Breakfast Scotch National,"Alberta Assures Disabled Residents Starvation Builds Character | Read More: tinyurl.com/36kwvpvc 

#NEWS | #BSN | #CANADA | #ALBERTA | #AB | #DANIELLESMITH | #CDNPOLI | #ABPOLI | #UCP | #NDP | #LIBERALS | #CONSERVATIVES | #AISH",,,,1,1,9,0,2026-05-11T15:00:47Z,NA,NA,NA,,,,,
at://did:plc:pedpziwws5vkocuq76mokn7c/app.bsky.feed.post/3mllk2bd3t22s,bafyreibhwvb75wop5a3ctpvx57pgjdbl3ebmgpcbos65y7wtlda5q3bo2e,deepgreendesign.bsky.social,Deep Green Design,"I support science-based and evidence based policy. 🧪

Attempting to affiliate me with any political party is a failure on your part. Do better.

Perform due diligence before your sadly fabricated sloppy mess hits my timeline.

Critical thinking helps everyone, try it next time. 

#CdnPoli #VoteBlue",,,,0,0,0,0,2026-05-11T15:00:09Z,NA,NA,NA,,,,,
at://did:plc:l2ycnbx3yrvz4tgyhey3lztg/app.bsky.feed.post/3mllk26omlk2e,bafyreieifk6iwxpmeskvcueqo7kxz3yexn2mna4totpkcced5pbc2icxhu,blakehamiltonca.bsky.social,Blake Hamilton,"First-Past-The-Post Fail League❗️
Canada Federal Edition 🇨🇦🗳️!

Today’s champion:

Jeff Kibble
MP for Cowichan—Malahat—Langford

Won with only 37.2% of total voter ballots cast

Multi-Member #ProportionalRepresentation please! Like & share if you agree!￼
#cdnpoli #ElectoralReform #MakeVotesMatter",,,,0,0,0,0,2026-05-11T15:00:04Z,NA,NA,NA,,,,,
at://did:plc:in6t5b6l3wnfwkcuqji57ttg/app.bsky.feed.post/3mlljxyugkk27,bafyreig225xlobc46ioip4g7bhbgqrtcwxu27und2sa5eq5wflr7lrboti,ccfr-ccdaf.bsky.social,Canadian Coalition for Firearm Rights,"WATCH: Premier Smith tells @davidakin.bsky.social, green-lighting a pipeline would not be enough to calm Alberta separation.

She underlined 3 main drivers the PM will need to solve:
1. Building a pipeline
2. Fixing the immigration system
3. Cancelling the gun grab

Will Mark Carney listen? #cdnpoli",,,,1,0,0,0,2026-05-11T14:58:53Z,NA,NA,NA,,,,,
at://did:plc:pedpziwws5vkocuq76mokn7c/app.bsky.feed.post/3mllju2ulys2s,bafyreiayezl3yd6ewrd6jfyrdjqfnfjsrhppaj7h6swyqh32rlluatsnae,deepgreendesign.bsky.social,Deep Green Design,"Many do not trust police in Canada, that’s a problem. 

Canada requires an upgrade to policing quality and effectiveness.

Canada requires a Royal Commission on Policing. Adding more officers won’t fix the dysfunction.

#CdnPoli #RCOP",,,,0,0,12,0,2026-05-11T14:56:38Z,at://did:plc:kx375dszrbvqtu7o4xxxmojn/app.bsky.feed.post/3mlljjvqvzs2l,at://did:plc:kx375dszrbvqtu7o4xxxmojn/app.bsky.feed.post/3mlljjvqvzs2l,NA,,,,,
at://did:plc:oprhya4c3rd3prfyypchbd2l/app.bsky.feed.post/3mlljtyogv223,bafyreifp5llngdoaijajh4tynwbkcyqrsnxfnhtmx57gtxl6lu4ay3kq3y,ruthmkb.bsky.social,ruthko,"Have you ever woken up in the morning and said to yourself ""I don't want to read or watch any news...too depressing...""?

It's happening to me more and more frequently these days.

#cdnpoli #worldpoli #uspoli",,,,0,0,4,0,2026-05-11T14:56:38Z,NA,NA,NA,,,,,
at://did:plc:oskhctwwyye5sjjgufdcnzi6/app.bsky.feed.post/3mlljox6mrc2y,bafyreihic3j2wdksynobzlq5zn45bytccgwxrwvb4in2uxbf477gsxtgz4,cuthillh.bsky.social,100 Percent Canadian 🇨🇦,This does scare the hell out of me. #privacy #databreach #abpoli #cdnpoli,,,,0,2,1,0,2026-05-11T14:53:45Z,NA,NA,at://did:plc:nyh2lnwqxcmf4rfnx5b6afip/app.bsky.feed.post/3mlljkl6mg22f,,,,,
at://did:plc:ly26j5p7exctv7c4cdmu6etc/app.bsky.feed.post/3mlljjry6qs2q,bafyreif6da36agus4qh346pba3ji6szgrptboa6fc2my7txn7nyzajcyti,janniemcjanjan.bsky.social,JannieMcJJ,"#UK is in the ""find out"" phase of the ""privatise everything & sell off our public services to foreign investment funds"" boom that began with Thatcher.
We run a bit behind, with #Conservative gov'ts like Ontario's getting into #SEZs and overpaying #OHIP to private healthcare.
#greed
#cdnpoli
#onpoli",,,,0,1,3,0,2026-05-11T14:50:52Z,at://did:plc:ebnpvh2qn74h56bqgsus4fur/app.bsky.feed.post/3mllbqnfqrs2m,at://did:plc:ebnpvh2qn74h56bqgsus4fur/app.bsky.feed.post/3mllbqnfqrs2m,NA,,,,,
at://did:plc:4c2eayeaiwryhoftnznatth3/app.bsky.feed.post/3mlljfzr5bs2k,bafyreidrl6ieyhyghwnatqi7zvuip3ik3i3j7lrh5ikwxrowpqhmroy4uy,shiftaction.bsky.social,Shift: Action for Pension Wealth & Planet Health,"With so much at stake, OTPP must fix its flawed new climate strategy to meet its long-term obligations to its members. 

Ontario teachers can help by using our action tool to send a letter to OTPP: No investments in LNG and pipelines! #cdnpoli #onpoli #bcpoli win.newmode.net/shiftaction/...",,,,0,2,3,0,2026-05-11T14:48:47Z,at://did:plc:4c2eayeaiwryhoftnznatth3/app.bsky.feed.post/3mlljfzr4ck2k,at://did:plc:4c2eayeaiwryhoftnznatth3/app.bsky.feed.post/3mlljfybvks2k,NA,,,,,
at://did:plc:4c2eayeaiwryhoftnznatth3/app.bsky.feed.post/3mlljfybvks2k,bafyreid5762xdtnaqftbae6dvqtdgn6izmlybge3zf4fex2scrmd6ftkjq,shiftaction.bsky.social,Shift: Action for Pension Wealth & Planet Health,"While the Ontario Teachers’ Pension Plan (OTPP)'s new climate strategy includes some positive steps, it abandons OTPP’s previous climate ambition and leadership, and leaves the door open to new gas investments. #cdnpoli #onpoli",,,,2,6,7,0,2026-05-11T14:48:47Z,NA,NA,NA,,,,,
at://did:plc:x2ge66dlb4pw7ssk2lhte536/app.bsky.feed.post/3mlljfbrdx22f,bafyreifpf7nmab7tdmlvgpixde2eegbjlxgt76cdekvwwwtiie6jmqkmw4,saskboy.bsky.social,Saskboy from Saskatchewan,"Meanwhile the PM says he thinks Canadians are open to further integration. Outrageous that he's attempting to gaslight Canadians in that way.

#cdnpoli",,,,3,5,15,1,2026-05-11T14:48:21Z,NA,NA,at://did:plc:yzjmgg6uorsfs2bm6txotdx6/app.bsky.feed.post/3mllir2uyss27,,,,,
at://did:plc:5o2no5oxmt7tqcwc6pbdsc3x/app.bsky.feed.post/3mlljarl5nk2b,bafyreihlk7yagdxbwtle5x2i2wla6b75nhcqqgsiijzwqpqephiebuzfhe,andreasor.bsky.social,"Andreas 🇨🇦 Fella 💙 #AbolishICE, start from scratch",Cultural Perspective: #Cdnpoli #Canada #PMMarkCarney #ElbowsUp,,,,2,13,23,0,2026-05-11T14:45:50Z,NA,NA,NA,,,,,
at://did:plc:4xqt7t2zph634drigtdxdmro/app.bsky.feed.post/3mllizsmc7s2l,bafyreia7rcwnr4qh6ba6rscpgkdau3sammd2jyhpx24olsxy6y7cwxajia,journodale.bsky.social,Dale Smith,"For the Monday morning crowd, my weekend Loonie Politics column: Jason Kenney wants the rest of Canada to clean up his mess #cdnpoli",,,,0,0,1,1,2026-05-11T14:41:56Z,NA,NA,NA,,,,,
at://did:plc:jqrhqia7u2k2djghwccdrrrb/app.bsky.feed.post/3mllizb7kh532,bafyreiczd5lpflaksand7wn6i32663rrx57rehzsqw4lk7g6nrercsb3da,davidm-yeg.beige.party.ap.brid.gy,DavidM_yeg,"The announcement of a new Governor General leaves me we a few thoughts about GG Mary Simon

How is it possible that it’s been five years since she was appointed?
Her appointment with all its firsts was a good and important step for Canada.
I hope we can continue to create space for indigenous […]",,,,0,0,0,0,2026-05-11T14:41:47Z,NA,NA,NA,,,,,
at://did:plc:7ycfilosz2dmgcnqbh76jdol/app.bsky.feed.post/3mlliyvw4f22w,bafyreia7y7wwhoece7gl4dz54cz6kmfubryt5flunrbhgcpv4tuv7g3n2a,coolxenu.bsky.social,Cool Xenu 8647,"In Alberta, voters are stupid.

#ableg #cdnpoli",,,,1,0,0,0,2026-05-11T14:41:26Z,at://did:plc:xvhfw6ch4oy4yez2kbu5wrhl/app.bsky.feed.post/3mllgy57p322k,at://did:plc:xvhfw6ch4oy4yez2kbu5wrhl/app.bsky.feed.post/3mllgy57p322k,NA,,,,,
at://did:plc:7ycfilosz2dmgcnqbh76jdol/app.bsky.feed.post/3mlliw5jomk2w,bafyreifth3yjpj5j52a3g2orpdqsqlga5nfuwurxzbf43osov6fsuhq2dy,coolxenu.bsky.social,Cool Xenu 8647,"Rural Albertans are very proud of their willful ignorance and will protect that at all costs.

#ableg #cdnpoli",,,,1,0,0,0,2026-05-11T14:39:53Z,at://did:plc:xvhfw6ch4oy4yez2kbu5wrhl/app.bsky.feed.post/3mlj4fsvjfk2k,at://did:plc:xvhfw6ch4oy4yez2kbu5wrhl/app.bsky.feed.post/3mlj4fsvjfk2k,NA,,,,,
at://did:plc:go6lnimas6bzfthjvcaulmya/app.bsky.feed.post/3mllitmnt3s23,bafyreigtiwcza7sb2ndwqzxpokrtyiadre6jbjdnz27d2pm5mhz2dmu2du,jbnewt.bsky.social,Jackson Newt,The relationship has been irreparably ruptured but we’re open to deeper integration ??? This #Carney is a gaslighting fool and is destroying Canada .   #Cdnpoli #Canada #Trade #USA #Trump www.ctvnews.ca/canada/artic...,,,,0,0,0,0,2026-05-11T14:38:22Z,NA,NA,NA,,,,,
at://did:plc:yzjmgg6uorsfs2bm6txotdx6/app.bsky.feed.post/3mllir2uyss27,bafyreidy5vwcsncau3rfwqb7myt3kljqbjf5tt2pnaqoc4qg6jm5wyxxze,davenlsn.bsky.social,Dave Nelson 🇨🇦,"Just how much has Canadian travel to the U.S. declined? Researchers suggest it’s more than we thought.

The group instead looked at cellphone activity in major U.S. metropolitan areas, and said they found a median decline in visits of 42 per cent.
#cdnpoli

vancouverisland.ctvnews.ca/world/trumps...",,,,1,21,27,1,2026-05-11T14:37:05Z,NA,NA,NA,,,,,
at://did:plc:xvhfw6ch4oy4yez2kbu5wrhl/app.bsky.feed.post/3mlliowq7ns2l,bafyreifqnf7nwgt6qxrrymoenmsfkivyx3xz2e4awghlz5ayu43s7h7ud4,linzi-the-artist.bsky.social,Lindsay Brambles🇨🇦,"Is the global ubiquity of #UnitedStates culture a new kind of colonialism? It has reshaped the social dynamic of many countries, from film & TV dominance to fast food franchises. Even as other countries grow wealthier & more independent, they seem also to become more Americanized. #cdnpoli #uspoli",,,,0,0,1,0,2026-05-11T14:35:50Z,NA,NA,NA,,,,,
at://did:plc:i2grq5k4gqwyilcjuftzluyx/app.bsky.feed.post/3mlliixdx3s2v,bafyreiazb5p37k55pukksuvcpesgsoqn3gkilqgnnwiso6sblot6e3ovvu,voscovery.bsky.social,Richard Price 🇨🇦,"Every country in the world has issues they are totally irrational about. In Canada that’s pipelines. The discourse, misinformation, ignorance and emotion, from everyone, is fucking embarrassing and is hurting the country. #cdnpoli",,,,0,1,3,0,2026-05-11T14:32:31Z,NA,NA,NA,,,,,
at://did:plc:abt5tpb7lqr7vopkrkwfswwq/app.bsky.feed.post/3mllihhulwi2j,bafyreifbjnhhg3dzposwvw7kxvtjssmcs76azg77b3dn5ywysi4km5x44i,canadareport.org,Canada Report,"Bill Gates-Backed Fervo Energy Boosts IPO Target to $1.8 Billion

Canada’s fastest news scan: 25+ headlines, no clutter, updated all day: CanadaReport.org

#cdnpoli #Canada #News #Business #Economy 
Read Original Article 🔗",,,,0,0,0,0,2026-05-11T14:31:41Z,NA,NA,NA,,,,,
at://did:plc:52x4hgh43acag3ecs2qi57tr/app.bsky.feed.post/3mllidb6qw223,bafyreifu7syqvtghct4vbau4zuf4bbdvpukufezoktyaa2olqv3qxyisae,albertagirl67.bsky.social,albertagirl67 🇨🇦🇺🇦👊🐧🔥,"Idk #cdnpoli but I'd have concerns if Carney, with the experience he has & the knowledge he is privy to the rest of us aren't, makes decisions on complex issues based on the online polling of what is a largely ignorant (statement of fact, not a judgement) population. His reasons need to be shared.",,,,0,0,1,0,2026-05-11T14:29:19Z,at://did:plc:b3nlsopwvdn246ccpxctzsw4/app.bsky.feed.post/3mlkwriymdc2w,at://did:plc:b3nlsopwvdn246ccpxctzsw4/app.bsky.feed.post/3mlkwriymdc2w,NA,,,,,
at://did:plc:eoouaeqa2taou3aqacpjuaq4/app.bsky.feed.post/3mlli4fybzk2d,bafyreieqfkysje7np3stckyajzbz4hnquycsbzaxtlsozuzznxox6s2tnq,alexgoatcher.bsky.social,Alex Goatcher,"""Energy""....that's oil and gas, kids. Clean energy, China and Europe are beating us in that category. #cdnpoli",,,,0,0,0,0,2026-05-11T14:25:30Z,NA,NA,at://did:plc:h56y5u5aeddrqpljvplgsbf2/app.bsky.feed.post/3mllhccwv2s25,,,,,
at://did:plc:xvhfw6ch4oy4yez2kbu5wrhl/app.bsky.feed.post/3mllhycbtps2c,bafyreibwm3wwbactpif7soxvnvhva3lllv6w7amlbabyqllyvpx3zamyri,linzi-the-artist.bsky.social,Lindsay Brambles🇨🇦,"Seems every day one comes across yet another reason to despair for the future of this world. Greed is destroying the promise of tomorrow & life for our descendants. #Canada #cdnpoli #environment

“Green Finance” Promises to Save the Planet. It’s Doing the Opposite
open.substack.com/pub/thewalru...",,,,0,0,1,0,2026-05-11T14:23:12Z,NA,NA,NA,,,,,
at://did:plc:52x4hgh43acag3ecs2qi57tr/app.bsky.feed.post/3mllhoobx2c23,bafyreicqdmo6j6mfgjlqdhafz2tkoi5otxtfym7dhme7po7it6ml3czqwm,albertagirl67.bsky.social,albertagirl67 🇨🇦🇺🇦👊🐧🔥,Kenney wants everyone to forget that he is the one who as a political strategy actively cultivated & pandered to extremists to create the UCP under his leadership. Then they ate him. We are here thanks to Kenney's greed for power. He can't fix what he deliberately f**ked up. #abpoli #cdnpoli,,,,0,0,0,0,2026-05-11T14:17:48Z,at://did:plc:b3nlsopwvdn246ccpxctzsw4/app.bsky.feed.post/3mll4o5xghn2s,at://did:plc:b3nlsopwvdn246ccpxctzsw4/app.bsky.feed.post/3mll4o5xghn2s,NA,,,,,
at://did:plc:7ycfilosz2dmgcnqbh76jdol/app.bsky.feed.post/3mllhm7bczs2w,bafyreic2zamag2lu5ye6pthjfor2vj5cpr5mxnfdjymf6b3b7kjzqgalui,coolxenu.bsky.social,Cool Xenu 8647,"One of Thiel's political operatives, Jamil Jivani, is currently trying to maga-ize Canada through  #StephenHarper's #ConservativePartyOfCanada.

#cdnpoli

#USA #MAGA dipshits.",,,,0,0,0,0,2026-05-11T14:16:26Z,NA,NA,at://did:plc:emhyi4kljodgqlusdsopgfgd/app.bsky.feed.post/3mll37z3g3s2q,,,,,
at://did:plc:ypbo2mq6dqcct43gt2sam6el/app.bsky.feed.post/3mllhm3duwm2j,bafyreidx7pyakl3lhrikxp6mkwccmhdudn74bkdsw3eoxpg3fdviijxwiq,ipolitics.bsky.social,iPolitics,"Economic growth now tops environment as priority in energy policy, poll suggests #cdnpoli #ipolitics",,,,0,0,0,0,2026-05-11T14:16:22Z,NA,NA,NA,,,,,
at://did:plc:bqvcoxdpr4lp3qmq5cng2w4i/app.bsky.feed.post/3mllhlgp6rs2m,bafyreibujcg6ymligr5np33ryru3pupl6nwvkjp5r2zpjavv4envfajbrq,ogcanada.bsky.social,Unapologetic Lee 🇨🇦,Trump’s Vietnam. #cdnpoli,,,,0,0,2,0,2026-05-11T14:16:01Z,NA,NA,at://did:plc:nyxviptfyic2lvuorkr5yy3y/app.bsky.feed.post/3mlk3wyxddk2v,,,,,
at://did:plc:4xqt7t2zph634drigtdxdmro/app.bsky.feed.post/3mllh6ui6pk2l,bafyreihbmqslfxj4eergn3zzieqphxj3hke2xljk42atfr2iw57c3scncq,journodale.bsky.social,Dale Smith,Roundup post: Mixed messages about deeper integration #cdnpoli,,,,1,0,4,0,2026-05-11T14:08:58Z,NA,NA,NA,,,,,
at://did:plc:rgk6xquxjkufq2un4heudl3o/app.bsky.feed.post/3mllh6ld6qc2m,bafyreict7ughrciftwappghwmpa6kzduez7xrwdsmxbspim4aaikubmfoy,stephenjwt.bsky.social,Stephen Thomas,"What a profound and shameful waste of public money. 

Those who say we ""can't afford"" renewables are the same people who will waste $26B refurbishing legacy coal plants for the privilege of over-paying for power for the next 25 years. 

#coal #skpoli #cdnpoli #energysky

www.cbc.ca/news/canada/...",,,,0,0,2,0,2026-05-11T14:08:49Z,NA,NA,NA,,,,,
at://did:plc:7ycfilosz2dmgcnqbh76jdol/app.bsky.feed.post/3mllh3zvgx22w,bafyreiap3s7nhoemjewb2n76vtrgezb2tpe275tcrdwba3zocfuaots4g4,coolxenu.bsky.social,Cool Xenu 8647,"Rural Albertans are very proud and protective of their willful ignorance. 

Their greed and selfishness is breathtaking.

#cdnpoli #ableg",,,,1,0,3,0,2026-05-11T14:07:23Z,at://did:plc:lin2g3h6fvle3fdrs5nqmkiy/app.bsky.feed.post/3mllg565smc2q,at://did:plc:rsvzkqxa2xdojwmjljqzs4ik/app.bsky.feed.post/3mlldfzkhec24,NA,,,,,
at://did:plc:rsvzkqxa2xdojwmjljqzs4ik/app.bsky.feed.post/3mllh362j6k24,bafyreid32d5dfm2admr5igrsuwfz7a2grpjix6vuve4o4xqw3h2djemnni,thebreakdownab.bsky.social,The Breakdown AB,"New episode!

And it’s a crossover between The Breakdown and @readtheorchard.org!

Separatist data breach! The current NDP strategy against Smith! The disassembly of democratic protections in Alberta! The future of journalism & more!

#abpoli #ableg #cdnpoli

podcasts.apple.com/ca/podcast/t...",,,,0,23,55,2,2026-05-11T14:06:56Z,NA,NA,NA,,,,,
at://did:plc:7ycfilosz2dmgcnqbh76jdol/app.bsky.feed.post/3mllgzihma22w,bafyreiedgxxjjmxe5uosjbdqmblc445zzu3h5eglioqn34ige6v4ybjxhe,coolxenu.bsky.social,Cool Xenu 8647,"General strike comes to mind. You know, kind of like what the Maple MAGAs did in Coutts when Dani begged for help from the feds?

#ableg #cdnpoli",,,,0,0,0,0,2026-05-11T14:05:58Z,at://did:plc:7kx3n2axsjesslqcry4q53ws/app.bsky.feed.post/3mllfw3fmek2s,at://did:plc:rsvzkqxa2xdojwmjljqzs4ik/app.bsky.feed.post/3mlldfzkhec24,NA,,,,,
at://did:plc:xvhfw6ch4oy4yez2kbu5wrhl/app.bsky.feed.post/3mllgy57p322k,bafyreidf4xa5msttvu4mrfkjnoe2cpgrvehkgmppgc5xdc2nxujaxwooru,linzi-the-artist.bsky.social,Lindsay Brambles🇨🇦,"Honestly, do we need to relearn the lessons about how coal is ruinous to not only to the land, but to the health of people & to the economy. #cdnpoli #Canada #Alberta

Country Singer Corb Lund Called “Woke Bastard” for Protesting Coal Mining in Alberta
open.substack.com/pub/thewalru...",,,,1,1,3,0,2026-05-11T14:05:13Z,NA,NA,NA,,,,,
at://did:plc:7ycfilosz2dmgcnqbh76jdol/app.bsky.feed.post/3mllgx2bopc2w,bafyreifzj3y7zvcikg4cxidb2ylqjzi5w7vw2hsjbpue2culoybyj57ooq,coolxenu.bsky.social,Cool Xenu 8647,"Rural Albertans are very proud of their ignorance.

#ableg #cdnpoli",,,,0,0,7,0,2026-05-11T14:04:36Z,at://did:plc:ivfsuhienuamw6k6wvrgvaoe/app.bsky.feed.post/3mlldoinqqc22,at://did:plc:rsvzkqxa2xdojwmjljqzs4ik/app.bsky.feed.post/3mlldfzkhec24,NA,,,,,
at://did:plc:7ycfilosz2dmgcnqbh76jdol/app.bsky.feed.post/3mllgrolhbk2w,bafyreicydwk2ko46gpz76yr74ofpci4xqa3gsaxkyghftm667ua2waiu7i,coolxenu.bsky.social,Cool Xenu 8647,"Jivani's owner, Peter Thiel, pays him a bonus every time he utters vile racist tropes.

#cdnpoli",,,,0,0,5,0,2026-05-11T14:01:36Z,at://did:plc:w7hneehw2imt4n47zmzesstg/app.bsky.feed.post/3mlldrkzxvk2s,at://did:plc:b3hopsken4bqeslq6w42gf5l/app.bsky.feed.post/3mllbaadns22i,NA,,,,,
at://did:plc:abt5tpb7lqr7vopkrkwfswwq/app.bsky.feed.post/3mllgrcg7zn2k,bafyreibmreuvhyog2nuv3qmusi2rhrh2j3encbj5syjho4f6mxit5r37ue,canadareport.org,Canada Report,"Cryptomonnaies | Enlèvements à la chaîne

Canada’s fastest news scan: 25+ headlines, no clutter, updated all day: CanadaReport.org

#cdnpoli #Canada #News 
Read Original Article 🔗",,,,0,0,0,0,2026-05-11T14:01:23Z,NA,NA,NA,,,,,
at://did:plc:7ycfilosz2dmgcnqbh76jdol/app.bsky.feed.post/3mllgpc4cok2w,bafyreifg53jxyl23hvty3hdxyqajykrxyrsqym6ogywumzw7ljgnpyuszm,coolxenu.bsky.social,Cool Xenu 8647,"My MP, #FrankCaputo, swears he is not a racist but does not publicly repudiate his racist fellow party members.

#cdnpoli #bcpoli",,,,1,0,2,0,2026-05-11T14:00:16Z,at://did:plc:4zhs7rbmbrjyblozh3zqt7is/app.bsky.feed.post/3mlldvxjbj22j,at://did:plc:b3hopsken4bqeslq6w42gf5l/app.bsky.feed.post/3mllbaadns22i,NA,,,,,
at://did:plc:xvhfw6ch4oy4yez2kbu5wrhl/app.bsky.feed.post/3mllgpaf6z22m,bafyreidn6ly4lm57bxcxz642ofbx44lewwejrawzxpv4cchzhfmllhxgqa,linzi-the-artist.bsky.social,Lindsay Brambles🇨🇦,"#Canada is at a crucial crossroads in its history, facing a fight not only from the #UnitedStates, but also from separatists forces--especially those in #Alberta. It is time for Albertans & all Canadians to start fighting back. #cdnpoli

No One Is Coming To Save Us open.substack.com/pub/charliea...",,,,0,1,1,0,2026-05-11T14:00:15Z,NA,NA,NA,,,,,
at://did:plc:mgmhq5daplfs52ztiocmae74/app.bsky.feed.post/3mllgnlaoyk23,bafyreicrjxo2pejtxinpn57jdf3x3yx4qoq4fnbv6rhnzdrhfeuv7wkzkm,o-tawdry.bsky.social,Bridget McGrath 🇨🇦,"It's like a Harperite has infiltrated Canada's Liberal Party. 

#cdnpoli #onpoli

www.ctvnews.ca/politics/art...",,,,0,3,5,0,2026-05-11T13:59:21Z,NA,NA,NA,,,,,
at://did:plc:7ycfilosz2dmgcnqbh76jdol/app.bsky.feed.post/3mllgn7h5ws2w,bafyreigjqzebphxsczbrdtvbc3bmh7oxlduaugnuiwab2dozeqq6ec6iv4,coolxenu.bsky.social,Cool Xenu 8647,"#StephenHarper's #ConservativePartyOfCanada: not racist... but number one with racists!

#cdnpoli",,,,0,0,1,0,2026-05-11T13:59:06Z,at://did:plc:b3hopsken4bqeslq6w42gf5l/app.bsky.feed.post/3mllbaadns22i,at://did:plc:b3hopsken4bqeslq6w42gf5l/app.bsky.feed.post/3mllbaadns22i,NA,,,,,
at://did:plc:asoznhbjzx27cxeqfb3y7x34/app.bsky.feed.post/3mllglruafc2k,bafyreibul4wqbo5k2uxmcrnkeausbrerzfx6qtlhmvypzbirj6ijj5s62e,shakespearesgal.bsky.social,Canadian Loyalist 🇨🇦,"Wah, wah, wah … get your own house in order and then maybe we’ll talk … maybe

Vive le Canada! 🇨🇦 

#cdnpoli",,,,1,4,10,0,2026-05-11T13:58:19Z,NA,NA,NA,,,,,
at://did:plc:jeuzjfwsgn62xfoe7qo4jul5/app.bsky.feed.post/3mllgkubqck2x,bafyreiht7aiijhbhuff7fcjbqgm3xwsor75faqmliyyscaze4hdes7jcji,bigclimate.bsky.social,Bentley ****TALK CLIMATE****,#MarkCarney #cdnpoli #AviLewis bsky.app/profile/bigc...,,,,1,3,5,1,2026-05-11T13:57:49Z,at://did:plc:jeuzjfwsgn62xfoe7qo4jul5/app.bsky.feed.post/3mllep6g3522x,at://did:plc:jeuzjfwsgn62xfoe7qo4jul5/app.bsky.feed.post/3mlheyn2qrk2b,at://did:plc:jeuzjfwsgn62xfoe7qo4jul5/app.bsky.feed.post/3mllgcm4x2c2x,,,,,
at://did:plc:deej5pakczvmljahhvrridlp/app.bsky.feed.post/3mllgiupdps22,bafyreiaugjya5oy4uxeraujo6n2hyjq7d7q2f4b7yafldgoqq654rbidha,pat112.bsky.social,Pat,"EU imposes sanctions on 16 officials over helping Russia abduct thousands of Ukrainian children, 

while Trump says just fk the kids like I do 

#Cdnpoli #Uspoli #Russia 
abcnews.com/Internationa...",,,,0,2,2,0,2026-05-11T13:56:45Z,NA,NA,NA,,,,,
at://did:plc:4ownlsrdmnvwgzmcdi2bof6s/app.bsky.feed.post/3mllgigyets26,bafyreidw6ciqkku2s4dkrkabftr4solqwulhx4uadkj7af4yxr25r7ywk4,peipolitical.bsky.social,PEIPolitical 🇨🇦,"😂👏🖕🤣🔥  LOL LOL LOL LOL LOL 
MAGAs Are Fuming After Email Confirms They Will Never Get Their $500 Trump Phones or Deposits Back
The T1 'Trump phone' promised a 'Made in the USA' build but left buyers without devices or refunds. #cdnpoli 
www.ibtimes.co.uk/trump-mobile...",,,,15,21,42,1,2026-05-11T13:56:28Z,NA,NA,NA,,,,,
at://did:plc:jeuzjfwsgn62xfoe7qo4jul5/app.bsky.feed.post/3mllgcm4x2c2x,bafyreifmo34ery76df6azbzcjnhdeikxgafdkca5nvb3tb6oz3vxh2gtie,bigclimate.bsky.social,Bentley ****TALK CLIMATE****,The Banker #MarkCarney rode #ElbowsUp to power and is now using it to fork over YOUR money to the already wealthy at a rate that'd make even a Conservative blush. This is standard #ShockDoctrine www.nationalobserver.com/2025/12/01/a... #cdnpoli,,,,0,4,6,1,2026-05-11T13:53:16Z,at://did:plc:jeuzjfwsgn62xfoe7qo4jul5/app.bsky.feed.post/3mllg3xvsnc2x,at://did:plc:jeuzjfwsgn62xfoe7qo4jul5/app.bsky.feed.post/3mlld76qzhk2x,NA,,,,,
at://did:plc:deej5pakczvmljahhvrridlp/app.bsky.feed.post/3mllgcj5o7s22,bafyreie5t3yvmyx5iztfmdtwmk4xc5dgi46xnckigwceduavtmgavt2gqi,pat112.bsky.social,Pat,"Fury as massive Georgia data center uses 30 million gallons of water through secret 'unbilled' pipes 

while residents suffer low pressure

#Cdnpoli #Uspoli 
www.dailymail.com/news/article...",,,,1,3,5,1,2026-05-11T13:53:09Z,NA,NA,NA,,,,,
at://did:plc:lin2g3h6fvle3fdrs5nqmkiy/app.bsky.feed.post/3mllg565smc2q,bafyreieyhrqs5fiufzh3x2kig7i67ocjukrcetqfajbbtp6dbd6lf2uo7q,canadiancontent.bsky.social,Not That Kind Of Canadian,"I suggested brining in the federal privacy commissioner.

They will have jurisdiction.

If the recall movemnt failed, don't expect a change in the next election.

Sorry, but from here it looks like enough Albertan's either don't care or like what they are seeing.

Kind of like the US

#cdnpoli",,,,2,2,6,0,2026-05-11T13:50:08Z,at://did:plc:7kx3n2axsjesslqcry4q53ws/app.bsky.feed.post/3mllfw3fmek2s,at://did:plc:rsvzkqxa2xdojwmjljqzs4ik/app.bsky.feed.post/3mlldfzkhec24,NA,,,,,
at://did:plc:7erknbz7f4wsocjxci2n4hlk/app.bsky.feed.post/3mllg3kmbhd2l,bafyreievz27bsxo6345byts6nejgydza5udu6rh47by4gfi7ldoixd44lm,kpateonthehill.bsky.social,Senator Kim Pate,"Stay tuned to #BillS2 in the House of Commons as the government decides the future of #SenCA amendments that would end the discriminatory two-parent rule & #End2ndGen. 🍁's credibility and commitment to reconciliation hang in the balance. 3/3 #cdnpoli
 
To learn more: www.ubcic.bc.ca/indian_act_s...",,,,0,0,2,0,2026-05-11T13:49:17Z,at://did:plc:7erknbz7f4wsocjxci2n4hlk/app.bsky.feed.post/3mllg3kmbhc2l,at://did:plc:7erknbz7f4wsocjxci2n4hlk/app.bsky.feed.post/3mllg3km5kc2l,NA,,,,,
at://did:plc:deej5pakczvmljahhvrridlp/app.bsky.feed.post/3mllfnnxk4k22,bafyreibvwmutoeoit52gms64y6oipasa656ikpi5mhqwsdhdc7nj2hjtny,pat112.bsky.social,Pat,"Gaza: Doctors Under Attack makers dare BBC to cut their BAFTAs speech after impartiality row

While the lies from Israel and their media agents - eg National Post - keep coming the Truth can no longer  be quelled. 

#Cdnpoli #Uspoli #Israel 
metro.co.uk/2026/05/10/g...",,,,0,1,2,1,2026-05-11T13:41:30Z,NA,NA,NA,,,,,
at://did:plc:rsvzkqxa2xdojwmjljqzs4ik/app.bsky.feed.post/3mllfkn4wts24,bafyreidx4kko6aqagdvtuueedfxstie7uuuxeagrdvoje2yf6sfsvnl33y,thebreakdownab.bsky.social,The Breakdown AB,"New episode!

And it’s a crossover between The Breakdown and @readtheorchard.org!

Separatist data breach! The current NDP strategy against Smith! The disassembly of democratic protections in Alberta! The future of journalism & more!

#abpoli #ableg #cdnpoli",,,,0,8,19,0,2026-05-11T13:39:49Z,NA,NA,NA,,,,,
at://did:plc:egl4mfr2njrr2br4vhya7yrf/app.bsky.feed.post/3mllfizsztc24,bafyreicbojebp7zsb74beajnt4fuxxfzyzrmyxhhzvx7pjiyfarh4g2q2q,judy-bug.bsky.social,judy 🇨🇦," The “Epstein class” is a web of billionaires, politicians, professors, royals, financiers, & cultural elites who protected each other while ordinary people paid the price. 

#Cdnpoli #USPoli #UKpoli #Epstein #AnandGiridharadas #MAGA #Cdnmedia #ReleasetheFiles #CanadaSky 

youtu.be/i9hhlpKg4ZY?...",,,,1,1,2,0,2026-05-11T13:38:54Z,NA,NA,NA,,,,,
at://did:plc:5gd2whpd44ksvqnwdygaqw5j/app.bsky.feed.post/3mllfgjb3os2w,bafyreigcki3wxlogq2k7rxx7mrqz53wtlphgavdm4v7i34eolzhsy37gvi,sadiex.bsky.social,sadie,"🇨🇦🍁 Not really a surprise, tx to the needy greedy one.
#elbowsup #never51 #democracy #tourism #cdnpoli #uspoli

www.theguardian.com/world/2026/m...",,,,0,0,1,0,2026-05-11T13:37:29Z,NA,NA,NA,,,,,
at://did:plc:abt5tpb7lqr7vopkrkwfswwq/app.bsky.feed.post/3mllf3yehbm22,bafyreiacsrcmorr4fzrsytzzpqegseslaig7rhhapi2bfsub4k2rr4amqu,canadareport.org,Canada Report,"Thousands of Canadians to Come Together for MS Walk This May to Support the MS Community

Canada’s fastest news scan: 25+ headlines, no clutter, updated all day: CanadaReport.org

#cdnpoli #Canada #News #Business #Economy 
Read Original Article 🔗",,,,0,0,0,0,2026-05-11T13:31:34Z,NA,NA,NA,,,,,
at://did:plc:deej5pakczvmljahhvrridlp/app.bsky.feed.post/3mllevq6f3c22,bafyreidlyr5m6fmebktwnv5rt4z6qb7nsahdu3mgoqzfc2mgzdcds2euui,pat112.bsky.social,Pat,"Iran spokesman says Tehran doesn't care if US not happy with response to peace proposal and is not alone in that sentiment as the US and Israel , are War Criminals attacking the world

#Cdnpoli #Uspoli #Israel #Iran 
apnews.com/video/iran-s...",,,,0,2,5,0,2026-05-11T13:28:08Z,NA,NA,NA,,,,,
at://did:plc:kl3tgzj3eoyutlmgxysdxnnr/app.bsky.feed.post/3mllesdqix22p,bafyreifa6luj4m3yucjl77och5fqirbpatqklhmj3g4lvsgsguxj3rfdga,jacerealstoryy.bsky.social,Jace,"The #CIA #Covert Operation: Episode 3

open.substack.com/pub/jacereal...

#Trump #TransnationalRepression #England #Qatar #Egypt #Norway #Sweden #Norway #USA #CDNPoli
#Canucks
#LeafsForever
#NHLPlayoffs
#MothersDay
#Canada
#AI
#Gaming
#News
#Tech",,,,0,0,0,0,2026-05-11T13:26:15Z,NA,NA,NA,,,,,
at://did:plc:4ownlsrdmnvwgzmcdi2bof6s/app.bsky.feed.post/3mllepd3u4226,bafyreieq4ej6peo4rovg7wh4robagrkuvcmni2yarlzsy45mrgyh5wvlgy,peipolitical.bsky.social,PEIPolitical 🇨🇦,Peter D Jones - Trump Did It To Biden First. Poilievre did it to Trudeau. Now he's doing it to Carney! #cdnpoli,,,,2,27,39,1,2026-05-11T13:24:33Z,NA,NA,NA,,,,,
at://did:plc:h2spa3l463coxycuy6iiov2l/app.bsky.feed.post/3mllenr5crs2k,bafyreigumcvdpfzaml3lv3nkl4zwnrx7evkddkuvj34ko5gyfihdzmejpa,shewandersferal.bsky.social,Allison Moon 🌙  🍁,🍁 #CANpoli 🍁 #CDNpoli 🍁  #CanadaSky 🌌 #Canadiana,,,,0,1,3,0,2026-05-11T13:23:39Z,at://did:plc:h2spa3l463coxycuy6iiov2l/app.bsky.feed.post/3mlldiye6hk22,at://did:plc:h2spa3l463coxycuy6iiov2l/app.bsky.feed.post/3mlldiye6hk22,NA,,,,,
at://did:plc:jeuzjfwsgn62xfoe7qo4jul5/app.bsky.feed.post/3mllen42rt22x,bafyreihxyxpwejyc5y3qtwxds4kvdpvgvxkc4v7nhdyc6qzferbjqbcb3y,bigclimate.bsky.social,Bentley ****TALK CLIMATE****,bsky.app/profile/bigc... #MarkCarney #AviLewis #cdnpoli,,,,0,6,10,0,2026-05-11T13:23:18Z,at://did:plc:jeuzjfwsgn62xfoe7qo4jul5/app.bsky.feed.post/3mlld76qzhk2x,at://did:plc:jeuzjfwsgn62xfoe7qo4jul5/app.bsky.feed.post/3mlld76qzhk2x,at://did:plc:jeuzjfwsgn62xfoe7qo4jul5/app.bsky.feed.post/3mlheyn2qrk2b,,,,,
at://did:plc:deej5pakczvmljahhvrridlp/app.bsky.feed.post/3mllefvo5yk22,bafyreienacifr2zwx6mylworysz4i3igxi6ovtijlim3cpii3ub5hqud2a,pat112.bsky.social,Pat,"The Poilievre Effect 

Asked how they would vote in a federal election

 if Trump were no longer president and 

a Democrat were in office, 

44 per cent said Liberal, and 36 per cent said Conservative.
Abacus Data Poll 

#Cdnpoli 
www.msn.com/en-ca/news/c...",,,,0,0,1,0,2026-05-11T13:19:13Z,NA,NA,NA,,,,,
at://did:plc:4ownlsrdmnvwgzmcdi2bof6s/app.bsky.feed.post/3mlle6vwoi226,bafyreicn3gwxegfokkbldhjifae5xbahovquscqsm7y4m76llqqaqs4b4u,peipolitical.bsky.social,PEIPolitical 🇨🇦,"Most People Forget What Brian Mulroney and the Conservative Party Actually Did to Canada! 
Mark Carney is attempting to undo much of the damage and reliance on the US from when Mulroney sold out Canada. #cdnpoli",,,,9,23,60,1,2026-05-11T13:15:21Z,NA,NA,NA,,,,,
at://did:plc:ixt6yldqvtcamcarm6fpgqo5/app.bsky.feed.post/3mlldxbs5is2s,bafyreigqo5bw46uvnsrc77wusnq2nmuut6xmlq4hgaddw2gkwqf2jvatli,shortstackfella.bsky.social,Short Stack Fella 🇨🇦🇺🇦,"Senate bill proposes giving Ottawa the power to confiscate Russian state assets

#cdnpoli #Ukraine #Canada

www.theglobeandmail.com/politics/art...",,,,0,1,6,0,2026-05-11T13:11:05Z,NA,NA,NA,,,,,
at://did:plc:lin2g3h6fvle3fdrs5nqmkiy/app.bsky.feed.post/3mlldtlxfgs2q,bafyreifedfsqzpms6fuohg4qa4jbt5irhlodruxc6t5k3wknjacfdfh3dy,canadiancontent.bsky.social,Not That Kind Of Canadian,"Crown to sell personal information!

AB, you deserve all you will get if you do not shut DS down before it is too late.

Maybe ask for help from the federal privacy commissioner?

Not my data or I would do it myself.

#cdnpoli

www.priv.gc.ca/en/",,,,1,1,7,0,2026-05-11T13:09:00Z,at://did:plc:rsvzkqxa2xdojwmjljqzs4ik/app.bsky.feed.post/3mlldfzkhec24,at://did:plc:rsvzkqxa2xdojwmjljqzs4ik/app.bsky.feed.post/3mlldfzkhec24,NA,,,,,
at://did:plc:deej5pakczvmljahhvrridlp/app.bsky.feed.post/3mlldlpws2k22,bafyreid4ylwtjqres2vv3xjfqx6iiatknyfpxu7tbclviqccj7qnrtrw74,pat112.bsky.social,Pat,"Farmers confront Trump  US War Criminal rising cost of fertilizer and fuel as spring seeding underway

#Cdnpoli 
www.cbc.ca/news/canada/...",,,,0,0,1,0,2026-05-11T13:04:38Z,NA,NA,NA,,,,,
at://did:plc:h2spa3l463coxycuy6iiov2l/app.bsky.feed.post/3mlldjqtqok22,bafyreievqwkqgu6ujoiij5cqdi4zlu4wvzawcvbt43qt2ak5kakpbru5fi,shewandersferal.bsky.social,Allison Moon 🌙  🍁,"like I haven’t said it for years…

🍁 #CANpoli 🍁 #CDNpoli 🍁  #CanadaSky 🌌 #PrivacyRights",,,,0,1,2,0,2026-05-11T13:03:30Z,at://did:plc:h2spa3l463coxycuy6iiov2l/app.bsky.feed.post/3mll53q4ijs2e,at://did:plc:4ownlsrdmnvwgzmcdi2bof6s/app.bsky.feed.post/3mll24xobus2d,NA,,,,,
at://did:plc:h2spa3l463coxycuy6iiov2l/app.bsky.feed.post/3mlldiye6hk22,bafyreiaaopdamlzi3a3yg47s6swkp2b7ywmu63iigfpnsh7tqexlo3wu4a,shewandersferal.bsky.social,Allison Moon 🌙  🍁,"like I haven’t said it for years…

🍁 #CANpoli 🍁 #CDNpoli 🍁  #CanadaSky 🌌 #PrivacyRights",,,,2,2,2,0,2026-05-11T13:03:05Z,NA,NA,NA,,,,,
at://did:plc:abt5tpb7lqr7vopkrkwfswwq/app.bsky.feed.post/3mlldgakldq2z,bafyreif4jybsqtamncb2smvsqzheemn7jd5zzfgh4z2niktam2vhvmcsl4,canadareport.org,Canada Report,"Crise des infrastructures | Vers une hausse des taxes municipales ?

Canada’s fastest news scan: 25+ headlines, no clutter, updated all day: CanadaReport.org

#cdnpoli #Canada #News 
Read Original Article 🔗",,,,0,1,1,0,2026-05-11T13:01:30Z,NA,NA,NA,,,,,
at://did:plc:rsvzkqxa2xdojwmjljqzs4ik/app.bsky.feed.post/3mlld7nfcss24,bafyreiclcyvvr4zavyqfynjbacoblsdnopcnl34paukiqfoc5cbmdvztg4,thebreakdownab.bsky.social,The Breakdown AB,"Scott Sinclair’s return to the UCP not only comes with the benefit of getting his constituency back…

Not only has the UCP dropped him from their “Progressive Conservative” Lawsuit…

But it’s pretty clear Scottie’s return was in the works for a while!

#abpoli #ableg #cdnpoli",,,,1,26,44,1,2026-05-11T12:57:51Z,NA,NA,NA,,,,,
at://did:plc:jeuzjfwsgn62xfoe7qo4jul5/app.bsky.feed.post/3mlld76qzhk2x,bafyreicdbwnqpldritpddgg5qmc5qayce6i4kvz4hmhqs5jcvhl5esjesi,bigclimate.bsky.social,Bentley ****TALK CLIMATE****,"I say AGAIN: #AviLewis is speaking my language. There is a choice beyond the Conservative #Poilievre & the conservative-in-all-but-name #MarkCarney. There's far worse things than a #LiberalMinority with #NDP as #OfficialOpposition, in fact, that's how we got #UniversalHealthcare. 
#cdnpoli #abpoli",,,,7,18,45,4,2026-05-11T12:57:38Z,NA,NA,NA,,,,,
at://did:plc:iga4jdwfpruz47byvryy56tz/app.bsky.feed.post/3mlld6ilif22e,bafyreiejygsxfc3siwd2akzkt7nztgu6v6okqye6gmbmkiq75dlvlpyumq,thisiswilladams.bsky.social,Will Adams,"Huge congrats to Michael Harris on becoming Deputy Leader of the Libertarian Party! If anyone can finally figure out how we're going to pay for the roads without using a cent of tax money, it's definitely you.

Can't wait to see the plan (and the tolls). Proud of you, man! 🤠🛣️ #CDNpoli #ABpoli",,,,1,0,0,0,2026-05-11T12:57:22Z,NA,NA,NA,,,,,
at://did:plc:deej5pakczvmljahhvrridlp/app.bsky.feed.post/3mlld5oyr6222,bafyreigwrrnbkd2l7rad26qmbkpwky7k4rwfulshe3n5h2vkorricwz4e4,pat112.bsky.social,Pat,"Totally irrelevant narcissistic U.S. senator has the extreme arrogance and overinflated self importance to say Canada should be cautious of making deals with China, whom the US did $414 billion in trade with in 2025.  Just F Off 

#Cdnpoli #Uspoli  #FOffSenator #BoycottUSA
www.cbc.ca/news/politic...",,,,3,1,6,0,2026-05-11T12:56:46Z,NA,NA,NA,,,,,
at://did:plc:in6t5b6l3wnfwkcuqji57ttg/app.bsky.feed.post/3mlld5kccpk2m,bafyreicuom5ctgvr6j5bhriojxmgqteaxh7d34v5jhdysqtqsoipcbkz5m,ccfr-ccdaf.bsky.social,Canadian Coalition for Firearm Rights,"ILLEGAL GUNS: U.S. authorities announced arrests on Friday of 3 suspects — including 2 Canadian citizens — who attempted to smuggle 90 illegal firearms into Canada. Cumulatively, the maximum sentences each faces, if convicted, is 35 years in prison. #cdnpoli

Read More: www.cbc.ca/news/world/n...",,,,2,0,1,0,2026-05-11T12:56:45Z,NA,NA,NA,,,,,
at://did:plc:3l6h5tayy6vycige2igmorv4/app.bsky.feed.post/3mllc6rs5vk2h,bafyreifqxgqd7vm2kq7si2r2jkwpt5ybsfggghbg27sb3qolrfgzdupg2y,minibubbly.bsky.social,Cheryl in Nova Scotia 🇨🇦🍁🍁,"OTTAWA — A House of Commons committee has amended a proposed bill that would criminalize sexual deepfakes to ensure it covers “nearly nude” images. #Canada #cdnpoli

www.ctvnews.ca/politics/art...",,,,0,10,24,1,2026-05-11T12:39:28Z,NA,NA,NA,,,,,
at://did:plc:cn34k3kvoqnx47xaitq2fnm3/app.bsky.feed.post/3mllc63cim22u,bafyreihz2f4jdqwo3smnmxuy2mykwd4btafi2goqddic6iy3xffrskuufm,whatfuntimes.bsky.social,Jim Mike,"Hrm, given the airline lobby in Canada what are the odds this plays into the CPC’s new anti-Alto rhetoric? #cdnpoli 🇨🇦",,,,1,2,6,0,2026-05-11T12:39:04Z,NA,NA,at://did:plc:6ml4nxrk45cy23jay5hc2npp/app.bsky.feed.post/3mll5brz5ec2u,,,,,
at://did:plc:67mpqdmuvarollmm2lqcz6ac/app.bsky.feed.post/3mllc47i6s22q,bafyreian3a7jq6pvt52hrvdb43do3dvysyrr7ne7kk3o2j6zscixiu7wma,coldcollective.bsky.social,4restKC,"So Keir Starmer loses the election, rightly so. 

And yet on his way out does more for Britain than Carney has done in a year.

He's nationalizing one of their core industries, steel. 

#cdnpoli #abpoli",,,,0,1,1,0,2026-05-11T12:38:01Z,NA,NA,NA,,,,,
at://did:plc:abt5tpb7lqr7vopkrkwfswwq/app.bsky.feed.post/3mllbqu4gyt2z,bafyreig44u6ysnvru25te57udayimuslczphbigwes32apsjhrmns2v3q4,canadareport.org,Canada Report,"VoltaGrid Announces $1 Billion Strategic Equity Investment from Blackstone and Halliburton to Fund Growth and Acquisi...

Canada’s fastest news scan: 25+ headlines, no clutter, updated all day: CanadaReport.org

#cdnpoli #Canada #News #Business #Economy 
Read Original Article 🔗",,,,0,0,0,0,2026-05-11T12:31:40Z,NA,NA,NA,,,,,
at://did:plc:4jhds6khpgmfkova5vetcm5h/app.bsky.feed.post/3mllbhmyqns2a,bafyreifzsgg2tfsa765lmnv6jhop4lqjmt3jlshsjzeqwyahs3fiv3soz4,drunkondespair.bsky.social,NA,"If the cowardly and racist #EU does impose meaningless sanctions on several settlers, expect the cowardly and racist #MarkCarney to follow suit with more pretend sanctions. #cdnpoli",,,,0,0,0,0,2026-05-11T12:26:29Z,NA,NA,at://did:plc:4jhds6khpgmfkova5vetcm5h/app.bsky.feed.post/3mllbco4oa22a,,,,,
at://did:plc:sywtwkbhpdibiprqvv7epcto/app.bsky.feed.post/3mllbh23lgc2n,bafyreidydgnxthhujfudzgnlqlttphd64tzdwsq7qwrt2e56lqb3tc6teq,elliott4mp.bsky.social,"Derek Elliott, Libertarian","Ottawa’s New Project Plan: More Control, Not More Growth
#cdnpoli #libertarian #politics #canada 
youtube.com/shorts/-w7ZP...",,,,0,1,1,0,2026-05-11T12:26:10Z,NA,NA,NA,,,,,
at://did:plc:4jhds6khpgmfkova5vetcm5h/app.bsky.feed.post/3mllb34cvtc2a,bafyreiavjvhk2gfh64iipgovxaney76ryxdvcpbz6frs2o2yq52zhxqpvy,drunkondespair.bsky.social,NA,"Destroying schools, hospitals, and orchards, in the service of ethnic cleansing and genocide, another #MarkCarney shared value. #cdnpoli

t.me/thecradlemed...",,,,0,0,0,0,2026-05-11T12:19:30Z,NA,NA,NA,,,,,
at://did:plc:q53ibv7ujf27tbhk7ar76tfz/app.bsky.feed.post/3mllaza37ck2p,bafyreibof3cfr4biut5nfh5sh6kfruhbzf7u6y5c6lt5zq3h7htkd4bhpq,marc55.bsky.social,Marc 🍁,"Cutting that many civil service is a sure fire way to lose the next election. 
Where? Are 28,000 people going to find gainful employment at the wages they're used to, and have adjusted their standard of living to. 

WTF Carney? 
#cdnpoli",,,,0,1,2,0,2026-05-11T12:18:28Z,NA,NA,at://did:plc:ormie3tjweyhnqckjlzowoxg/app.bsky.feed.post/3mle6eefu4k2y,,,,,
at://did:plc:kqqydztpv6lrkmynvlo7zsru/app.bsky.feed.post/3mllapo4rec2u,bafyreifcz52pxyeuuidexhhmdf4p7gfvo3g44ixr5z3d7xotsqkasfrx3u,kaicable.bsky.social,"Kai, a very old GenX 🇨🇦","Private health insurance giants Manulife, Canada Life, and Sun Life  are “key partners” in Danielle Smith government’s efforts to create a privatized, U.S.-style health care system in Alberta.

#abpoli #bcpoli #cdnpoli #canada

canadians.org/analysis/gia...",,,,2,7,10,2,2026-05-11T12:13:09Z,NA,NA,NA,,,,,
at://did:plc:4jhds6khpgmfkova5vetcm5h/app.bsky.feed.post/3mllabt63jc2a,bafyreieem36nfoo6vjbnoabj27lzpjv2dxqkb43b3bpu53ff4d5ccudyoq,drunkondespair.bsky.social,NA,"Tungsten bombs against civilians, another #MarkCarney shared value. #cdnpoli

t.me/geopolitics_...",,,,0,0,0,0,2026-05-11T12:05:22Z,NA,NA,NA,,,,,
at://did:plc:re7tflvczjceanwkco2bseqb/app.bsky.feed.post/3mlla6leji22c,bafyreidc4qbqarj2vlnqlhc5tzldjfh6o6smfm6nypvwxcb3eu34b4p3lm,bella-andme.bsky.social,Sherry Lee,"And I'm sure that data breach has played into this - if not yet - it very likely could. That makes me incredibly angry.
#abpoli #cdnpoli",,,,0,10,16,0,2026-05-11T12:03:33Z,NA,NA,at://did:plc:3l6h5tayy6vycige2igmorv4/app.bsky.feed.post/3mll7m66u3s2h,,,,,
at://did:plc:mgmhq5daplfs52ztiocmae74/app.bsky.feed.post/3mlla6aqsf22t,bafyreicxor5jrtlsfr7whao44wlpwe5cjlda2k33w25s24rvtyjobcgizu,o-tawdry.bsky.social,Bridget McGrath 🇨🇦,"This is happening all across Canada but sure, build those pipelines, decimate environmental protections and cut social programs both federally and provincially. 

Our corporate overlords need more private islands and yachts to get there.

#cdnpoli #onpoli #abpoli #bcpoli

www.cbc.ca/news/canada/...",,,,1,4,5,1,2026-05-11T12:03:23Z,NA,NA,NA,,,,,
at://did:plc:abt5tpb7lqr7vopkrkwfswwq/app.bsky.feed.post/3mlla2pddtr2p,bafyreib3qf6kkze3xmflk5rqa57yui5wigf4b3f5ifkqolo4xvreodikwu,canadareport.org,Canada Report,"Ottawa plans to spin off federal semiconductor facility into “commercial entity”

Canada’s fastest news scan: 25+ headlines, no clutter, updated all day: CanadaReport.org

#cdnpoli #Canada #News #Tech #AI 
Read Original Article 🔗",,,,0,0,0,0,2026-05-11T12:01:22Z,NA,NA,NA,,,,,
at://did:plc:4ownlsrdmnvwgzmcdi2bof6s/app.bsky.feed.post/3mll7zcf7cc26,bafyreielzylsbvprywp5acpeftpzqjlqlkoycmenxohsq3ygpglbq7525a,peipolitical.bsky.social,PEIPolitical 🇨🇦,"Isn't that convenient? Bullshit. Show us the money!
P.E.I. government's public sector pay bill a 'poor' attempt at a Sunshine List
Proposed database won't include government employees' names or exact pay. #cdnpoli 
www.cbc.ca/news/canada/...",,,,0,6,14,1,2026-05-11T12:00:37Z,NA,NA,NA,,,,,
at://did:plc:z22iojvb45xno3nblfy6fcwg/app.bsky.feed.post/3mll7yj7t3d2n,bafyreifp3a47qfg67q3yi3fm4x7l2tmh7hwrsd4sutev7m243y6cffvule,trendtags.bsky.social,Trending Tags (Beta),"🌟 BlueSky trending hashtags (1h):

#mcm #nsfw #monochromemonday #photography #art #milf #青空ごはん部 #섹블 #aiイラスト #sexy #boobs #aiart #cdnpoli #model #porn",,,,0,0,6,1,2026-05-11T12:00:09Z,NA,NA,NA,,,,,
at://did:plc:4ownlsrdmnvwgzmcdi2bof6s/app.bsky.feed.post/3mll7xf4cbk26,bafyreifkaie4xt4k2io42gmgjsidjmy6rg7o5z4osmwphut3acf7xcg55e,peipolitical.bsky.social,PEIPolitical 🇨🇦,"Crocodile tears from MAGA Moms!
""I'll put up with it for a little longer if it means it will be better for the nation."" #cdnpoli",,,,6,2,18,2,2026-05-11T11:59:32Z,NA,NA,NA,,,,,
at://did:plc:re7tflvczjceanwkco2bseqb/app.bsky.feed.post/3mll6lymkts2u,bafyreicoetjkn56j2ofmfqhtdrmytqke5isdjv5pj4omrncudpmqqsobmi,bella-andme.bsky.social,Sherry Lee,"A ""pin the tail on the donkey"" op ed about why Pierre can't quit Justin. Excellent tie in to ""Brokeback Mountain"".
#cdnpoli

Time for Pierre to quit Justin
open.substack.com/pub/adlibsub...",,,,1,1,2,0,2026-05-11T11:35:17Z,NA,NA,NA,,,,,
at://did:plc:4ownlsrdmnvwgzmcdi2bof6s/app.bsky.feed.post/3mll6jzlgyk26,bafyreicdrypodvgmt7n7wlj3wmsnnf6xyzs7c6hr7utvsnnzrtkmn324qa,peipolitical.bsky.social,PEIPolitical 🇨🇦,"This is why Trump melted down about Fox News & Ro Khanna.
Ro called out Trump for being an inept moron that's controlled by Netanyahu. #cdnpoli",,,,7,39,111,6,2026-05-11T11:34:09Z,NA,NA,NA,,,,,
at://did:plc:abt5tpb7lqr7vopkrkwfswwq/app.bsky.feed.post/3mll6f5fdvt2b,bafyreigoekeykkma3yvvh75u5av4ofsdwbfg7yglbeps4sn3q5agtnwmma,canadareport.org,Canada Report,"Ongwe Minerals Reports Expansion of Manga Bedrock Anomaly, Increasing Grades and Width to the East, Omatjete Gold Pro...

Canada’s fastest news scan: 25+ headlines, no clutter, updated all day: CanadaReport.org

#cdnpoli #Canada #News #Business #Economy 
Read Original Article 🔗",,,,0,0,0,0,2026-05-11T11:31:25Z,NA,NA,NA,,,,,
at://did:plc:4ownlsrdmnvwgzmcdi2bof6s/app.bsky.feed.post/3mll6dg35zs26,bafyreihufyvitlodlfpoqhipwhcbq23x4tfra3dzqf2qh6zeltrdmjjxse,peipolitical.bsky.social,PEIPolitical 🇨🇦,"Lieu: Are there photos of Trump with girls of uncertain age?
$ash Patel: No
Lieu: How do you know?
Patel: It would have been brought to light.
Lieu: That’s not true because no one knew about the creepy birthday message until the WSJ disclosed it. #cdnpoli",,,,1,14,46,2,2026-05-11T11:30:28Z,NA,NA,NA,,,,,
at://did:plc:4ownlsrdmnvwgzmcdi2bof6s/app.bsky.feed.post/3mll5vrnio226,bafyreihipfri2wsknxrtxlqsp3bv4qdzcoh42ve5ft6l3dr7u7xouexl5e,peipolitical.bsky.social,PEIPolitical 🇨🇦,"Hungarian PM is the new headache for Trump. 🔥
🇭🇺Péter Magyar : ""American puppet Orbán, has links to oligarchs who are transferring tens of billions to the United Arab Emirates and the United States. I am going to suspend it.""
#cdnpoli",,,,12,55,182,4,2026-05-11T11:22:50Z,NA,NA,NA,,,,,
at://did:plc:4ownlsrdmnvwgzmcdi2bof6s/app.bsky.feed.post/3mll5q7m4b226,bafyreib7t3t6dkci37dcqr6b5f2n7iiqzqmqr43zln35l72kwmze6aqmyi,peipolitical.bsky.social,PEIPolitical 🇨🇦,"Benzie: ""What Danielle Smith has done is open a can of worms to solve a problem within the UCP just as David Cameron opened a can of worms to solve a problem in the UK Conservative Party ... why would you ask a question at the risk of finding an answer that you don't want. #cdnpoli",,,,2,10,24,0,2026-05-11T11:19:43Z,NA,NA,NA,,,,,
at://did:plc:rlcoxketrj26yu5hgn3izwaz/app.bsky.feed.post/3mll5bqnfx22i,bafyreiddttwowg7rki3w6ovncvcnm33kv6jjrmbh5dmo22dmtfzin6nawe,janfromthebruce.bsky.social,JanFromTheBruce 🍁,"Every day I am going to post this (permission from Del Schilling).

Will you join me?

Over 5700+ Missing & Murdered Indigenous Women & Girls

#MMIWG #cdnpoli",,,,0,4,10,0,2026-05-11T11:11:36Z,NA,NA,NA,,,,,
at://did:plc:abt5tpb7lqr7vopkrkwfswwq/app.bsky.feed.post/3mll4w6seno2d,bafyreiapohdjtsj5nlzxqbpwggeojydep454rgtivm35gjg6vtizzlennm,canadareport.org,Canada Report,"🇨🇦 Morning Briefing — May 11  
Rising costs challenge farmers as spring seeding begins.  
• Inflation pressures food security.  
• Vendasta's AI deal boosts tech landscape.  
Re...

Read: canadareport.org/briefing-2026-05-11-morning.html
#cdnpoli",,,,0,0,1,0,2026-05-11T11:05:10Z,NA,NA,NA,,,,,
at://did:plc:go6lnimas6bzfthjvcaulmya/app.bsky.feed.post/3mll4tntvqc2l,bafyreihze3fwlrqjyh6cdyn4uf2rhivi6zufgjbkuco72yt6aft5kwckqq,jbnewt.bsky.social,Jackson Newt,This is absolutely “Dirty Pool“ and unthinkable for a Customer Driven transportation #Airline . #Westlet is an embarrassment to the industry . Why does the Federal #Liberals allow this nonsense to continue day after day . #Cdnpoli #Canada www.cbc.ca/news/gopubli...,,,,0,0,0,0,2026-05-11T11:03:38Z,NA,NA,NA,,,,,
at://did:plc:h3y7rhw6ao6nk5mmuskplxco/app.bsky.feed.post/3mll4s2nzms2a,bafyreid2smoyhu43djg442qchbzca62e4p43lwt6bjidl65nbwnfph6kqm,brainiackim.bsky.social,Brainiac Kim 🇨🇦,We are sliding back to bring like Americans if we don't want to have a universal pharmacare www.cbc.ca/news/canada/... #cdnpoli,,,,1,0,1,0,2026-05-11T11:02:52Z,NA,NA,NA,,,,,
at://did:plc:kqqydztpv6lrkmynvlo7zsru/app.bsky.feed.post/3mll4nmgqys2q,bafyreih3o2m6lrhaloyhmvgkdhllcc2sp2sm5cxkkhvl4erj64stlhf4sy,kaicable.bsky.social,"Kai, a very old GenX 🇨🇦","Q: If killing journalists is a war crime, why isn’t anyone stopping it?

A: Captured politicians and media.

#cdnpoli #canada
#boycottusa #DefundIsrael #warcrimes #genocide #gaza #lebanon

j-source.ca/if-killing-j...",,,,0,1,2,0,2026-05-11T11:00:25Z,NA,NA,NA,,,,,
at://did:plc:k6a35s56ijvrb4zjkq4ojll5/app.bsky.feed.post/3mll4nerytf2l,bafyreihzusfshahvimg6vj4b4rnubp7lcfimie4mbyqrorqjgw3kstdmwe,toptags.bsky.social,Trending Hashtags,"🌟 BlueSky trending hashtags (1h) #16-30:

#nature #イラスト #earworm #oc #섹트 #illustration #birdoftheday #cum #porn #realnsfw #lockedon #cock #cdnpoli #blueskymonday #furry

👇 #1-15 trending hashtags",,,,0,0,4,0,2026-05-11T11:00:14Z,NA,NA,at://did:plc:z22iojvb45xno3nblfy6fcwg/app.bsky.feed.post/3mll4nemb3r2x,,,,,
at://did:plc:k6a35s56ijvrb4zjkq4ojll5/app.bsky.feed.post/3mll4neg3zj2w,bafyreiepxcft3aznmfmiiymvrx5j6zh2v6xzgqznmbvlxzf5t4wbed5g5y,toptags.bsky.social,Trending Hashtags,"🔥 BlueSky trending hashtags (30m) #16-30:

#nature #cdnpoli #illustration #arsecastextra #milf #gamedev #ass #birds #야노 #イラスト #furry #oc #realnsfw #nationaleatwhatyouwantday #tits

👇 #1-15 trending hashtags",,,,0,1,4,0,2026-05-11T11:00:13Z,NA,NA,at://did:plc:z22iojvb45xno3nblfy6fcwg/app.bsky.feed.post/3mll4ne3drj2z,,,,,
at://did:plc:fuu6bocgrf4aonbnu7wkdsy7/app.bsky.feed.post/3mll4ecafjs2y,bafyreict54qpootlq3lbdk2jqqhgwer3ofnmz6eoh3ipv3kg2xz7cdnkje,theubiquitousj-man.bsky.social,The Ubiquitous J-Man,"Researchers find 42% drop in Canadians visiting US metro areas amid Trump 2.0.

www.theguardian.com/world/2026/m...

#CdnPoli 🇨🇦
#USpoli
#CanadaStrong 🍁
#ElbowsUp 💪🏼",,,,0,2,5,0,2026-05-11T10:55:10Z,NA,NA,NA,,,,,
at://did:plc:z22iojvb45xno3nblfy6fcwg/app.bsky.feed.post/3mll3sdudsr2z,bafyreieqatrqg63b2jyypepa3xit7jeoh4gebat74kunnq4cvxffjobjxq,trendtags.bsky.social,Trending Tags (Beta),"🚀 BlueSky trending hashtags (15m):

#earworm #photography #art #mcm #nsfw #monochromemonday #青空ごはん部 #nationaleatwhatyouwantday #섹블 #boobs #aiイラスト #cdnpoli #arsecastextra #oc #gay",,,,0,0,4,1,2026-05-11T10:45:07Z,NA,NA,NA,,,,,
at://did:plc:4ownlsrdmnvwgzmcdi2bof6s/app.bsky.feed.post/3mll35fssjc2d,bafyreidbxityul5hi4f7hv3lp4ityykdim6rvhlwy2nf2pykfzcdo2lqhy,peipolitical.bsky.social,PEIPolitical 🇨🇦,"Fareed Zakaria exposes Donald Trump's severe cognitive decline and erratic behavior.
The US President literally threatens to destroy Iran and begs them for a deal on the exact same day. #cdnpoli",,,,2,20,46,1,2026-05-11T10:33:25Z,NA,NA,NA,,,,,
at://did:plc:6ajcww7vqdopg3xvcafh42od/app.bsky.feed.post/3mll32musas2u,bafyreifxpemgbs3z5sootz2oqrniva5k5j6vb3ksm4pdywbetmrthlnfai,alonghurst.bsky.social,Andrew Longhurst 🇨🇦 🍉,"My new research study finds that the Ontario provincial government's funding austerity is harming patient access to hospital care

🧵

#onpoli #cdnpoli

www.policyalternatives.ca/news-researc...",,,,4,74,120,12,2026-05-11T10:31:52Z,NA,NA,NA,,,,,
at://did:plc:abt5tpb7lqr7vopkrkwfswwq/app.bsky.feed.post/3mll2zq3sbg2k,bafyreiepzbwpgdrqwkbptstgefvdiry6fhd6q5q7fiattirexb3mhlvn2u,canadareport.org,Canada Report,"Canada has to build new industries while solidifying the old ones

Canada’s fastest news scan: 25+ headlines, no clutter, updated all day: CanadaReport.org

#cdnpoli #Canada #News #Business #Economy 
Read Original Article 🔗",,,,0,0,0,0,2026-05-11T10:31:21Z,NA,NA,NA,,,,,
at://did:plc:k6a35s56ijvrb4zjkq4ojll5/app.bsky.feed.post/3mll2xkomcm2l,bafyreicak72jdowuofqrunpogf3v6v4gkdgluq2drf72oozaj37zmtehfi,toptags.bsky.social,Trending Hashtags,"🔥 BlueSky trending hashtags (30m) #16-30:

#gay #eck #hot #boobs #porn #blackandwhite #aiart #monochrome #illustration #ass #cock #pussy #tits #nude #cdnpoli

👇 #1-15 trending hashtags",,,,0,0,2,0,2026-05-11T10:30:08Z,NA,NA,at://did:plc:z22iojvb45xno3nblfy6fcwg/app.bsky.feed.post/3mll2xkj54r23,,,,,
at://did:plc:z22iojvb45xno3nblfy6fcwg/app.bsky.feed.post/3mll2xjyqx72e,bafyreif4andnvkqp6h3z4lay53tbbdyrjpkjhqlplhpfttua6tgrmvsbgy,trendtags.bsky.social,Trending Tags (Beta),"🚀 BlueSky trending hashtags (15m):

#mcm #photography #nsfw #arsecastextra #섹블 #monochromemonday #art #섹트 #cdnpoli #bluesky #青空ごはん部 #realnsfw #birds #イラスト #oc",,,,0,0,6,1,2026-05-11T10:30:08Z,NA,NA,NA,,,,,
at://did:plc:4ownlsrdmnvwgzmcdi2bof6s/app.bsky.feed.post/3mll2wr5kws2d,bafyreibq7hyhp4aldywqp6mu44aly4vugztlnexzzucswtdfjab2fbiusq,peipolitical.bsky.social,PEIPolitical 🇨🇦,"Nenshi on a UCP staffer's failure to alert the party after Jason Kenney’s private info was shared: ""Danielle Smith has created a culture where that kind of putting your political rival's life in danger doesn't raise any red flags. What kind of unethical immoral culture is that?"" #cdnpoli",,,,6,27,62,1,2026-05-11T10:29:42Z,NA,NA,NA,,,,,
at://did:plc:4ownlsrdmnvwgzmcdi2bof6s/app.bsky.feed.post/3mll2sav2gc2d,bafyreiflriicctirrhmotzokkmrdjhwhenzar27orla7qh24tysoczdzve,peipolitical.bsky.social,PEIPolitical 🇨🇦,"Nenshi on Smith's handling of voter data breach: ""I have never seen a govt respond so badly to a crisis as this govt has. They haven't even put out a tip sheet for people on how they can protect their data, so we had to do it. But really they've acted as though they're just lashing out.""
#cdnpoli",,,,6,32,84,1,2026-05-11T10:27:10Z,NA,NA,NA,,,,,
at://did:plc:4ownlsrdmnvwgzmcdi2bof6s/app.bsky.feed.post/3mll2o7ykzk2d,bafyreie65y4r3inq2vyu4nfoobsscqmvuzg4qfi27ze7oryahwt37bp2pu,peipolitical.bsky.social,PEIPolitical 🇨🇦,"Epic response 👇
Trump at 10:00 AM — “I can't think of anybody in history that should get the Nobel Prize more than me. Nobody else settled wars.”
🇮🇷 Iran at 10:05 AM — ""This idiot actually started a war against us, lost it, and fools everyone by saying he settled it. Absolutely crazy."" #cdnpoli",,,,4,8,37,0,2026-05-11T10:24:56Z,NA,NA,NA,,,,,
at://did:plc:fuu6bocgrf4aonbnu7wkdsy7/app.bsky.feed.post/3mll2kdfqvk2y,bafyreihxhvvy32yey2l3hd7wkslpr7c3rq3qf63l7grqs2sxnkgcalbmf4,theubiquitousj-man.bsky.social,The Ubiquitous J-Man,"Good Article!
And 100% accurate!!
Give it a read.
😎

""It’s time for Pierre Poilievre to finally quit Justin Trudeau""...

www.thestar.com/opinion/cont...

#CdnPoli 🇨🇦
#MapleMAGA🍁
#PierrePoilievreIsLyingToYou🤥
#NeverPoilievre 🚫
#NeverVoteConservative 🚫🗳️",,,,2,2,5,0,2026-05-11T10:22:45Z,NA,NA,NA,,,,,
at://did:plc:4ownlsrdmnvwgzmcdi2bof6s/app.bsky.feed.post/3mll2ijdjz22d,bafyreibbn4fzi7jwmg7stqywfrnba6ymndwprntjcxotvdvuzvlj26acoe,peipolitical.bsky.social,PEIPolitical 🇨🇦,"President Macron — That 79 year old keeps running his mouth, and it always leads to actual conflict.
We in France pay every day for a war we never wanted, but started by a fool. #cdnpoli",,,,31,262,715,14,2026-05-11T10:21:44Z,NA,NA,NA,,,,,
at://did:plc:4ownlsrdmnvwgzmcdi2bof6s/app.bsky.feed.post/3mll2cqqnis2d,bafyreialhh6wg6eiqjnf777h2rijrapwy3uzcx52ata5vgtlqfun2ysfaa,peipolitical.bsky.social,PEIPolitical 🇨🇦,"Charlie Angus: ""When Donald Trump started threatening our nation, to make us beg to be part of the US. Danielle Smith went down to Mar-a-Lago. She didn't go down with Alberta business leaders. She didn't go down as part of Team Canada. She went down with Jordan Peterson and Kevin O'Leary."" #cdnpoli",,,,9,91,174,5,2026-05-11T10:18:30Z,NA,NA,NA,,,,,
at://did:plc:4ownlsrdmnvwgzmcdi2bof6s/app.bsky.feed.post/3mll24xobus2d,bafyreihzcbhz67avculfxsqmsai5tf3quunhwmraokoemif3qhbznqsfie,peipolitical.bsky.social,PEIPolitical 🇨🇦,"PM Carney: ""Those whose politics is to destroy, to demolish, dismantle, they're not going to change their instincts. This is, in many respects, this is their moment. We can't match them by being timid imitations of them. #cdnpoli",,,,10,125,310,15,2026-05-11T10:15:16Z,NA,NA,NA,,,,,
at://did:plc:4ownlsrdmnvwgzmcdi2bof6s/app.bsky.feed.post/3mlkzwd7vzk2d,bafyreidk256lguhjczuwmc7qidnemxedfmxqcu3of5kt6vf4dasaurxxoi,peipolitical.bsky.social,PEIPolitical 🇨🇦,"Canada’s booze bans led to 63 per cent fall in exports: U.S. industry body. #cdnpoli 
globalnews.ca/news/1183714...",,,,7,21,76,1,2026-05-11T10:11:35Z,NA,NA,NA,,,,,
at://did:plc:kqqydztpv6lrkmynvlo7zsru/app.bsky.feed.post/3mlkzusexes2q,bafyreiak4rkl7gpy4cucoe3iv56rerf2ayagr5nqj7ocuzhaxn5fbvqgha,kaicable.bsky.social,"Kai, a very old GenX 🇨🇦","Excellent policy start.

BAN Airbnb from non-primary residences.

#bcpoli #abpoli #nbpoli #onpoli #cdnpoli #canada #realestate

thinkpol.ca/2026/03/25/b...",,,,0,8,13,0,2026-05-11T10:10:45Z,NA,NA,NA,,,,,
at://did:plc:ypbo2mq6dqcct43gt2sam6el/app.bsky.feed.post/3mlkzhpjhpd2q,bafyreigxy3j64clqa3b6cmwfwce5dg3ejbbhkki5m3y2rtzp4hn2rebkpe,ipolitics.bsky.social,iPolitics,"Solomon, Robertson hit the stage at Vancouver tech summit #cdnpoli #ipolitics",,,,0,0,0,0,2026-05-11T10:03:23Z,NA,NA,NA,,,,,
at://did:plc:abt5tpb7lqr7vopkrkwfswwq/app.bsky.feed.post/3mlkzei4wau2p,bafyreicikkbg5zftauxdqkftoo2hy4eegtowv3lylhjrh42t57ny7p3lly,canadareport.org,Canada Report,"Congrès préélectoral de Québec solidaire | Ruba Ghazal veut une plateforme « crédible »

Canada’s fastest news scan: 25+ headlines, no clutter, updated all day: CanadaReport.org

#cdnpoli #Canada #News 
Read Original Article 🔗",,,,0,0,0,0,2026-05-11T10:01:34Z,NA,NA,NA,,,,,
at://did:plc:q53ibv7ujf27tbhk7ar76tfz/app.bsky.feed.post/3mlkyz3hgfc2p,bafyreidbxejljau5tumgqlmr7oyeicxqbnzukkqzybqv7iuocbm7lpunhi,marc55.bsky.social,Marc 🍁,"David Akin fail for not going: ""What the fuck are you even talking about?"" 
#ableg #cdnpoli",,,,3,6,17,0,2026-05-11T09:55:13Z,NA,NA,at://did:plc:4euncr44a5aflpbcbjhvjvdo/app.bsky.feed.post/3mlja47wu552c,,,,,
at://did:plc:ypbo2mq6dqcct43gt2sam6el/app.bsky.feed.post/3mlkyhg6nma22,bafyreif6l5hrmjzbxnx4hrp773r6eh6pbqf3dkp23q2uom7ze5dgzcbmhu,ipolitics.bsky.social,iPolitics,Liberal MP Erskine-Smith loses nomination battle for Ontario provincial byelection #cdnpoli #ipolitics,,,,0,0,0,0,2026-05-11T09:45:19Z,NA,NA,NA,,,,,
at://did:plc:ypbo2mq6dqcct43gt2sam6el/app.bsky.feed.post/3mlky6zulzf2y,bafyreidf4dowayxxz7ic562je3qhh5oralxbtw4d4y3yt5dsgysxlruuji,ipolitics.bsky.social,iPolitics,Bill to help authorities probe online activities raises widespread privacy fears #cdnpoli #ipolitics,,,,1,0,0,0,2026-05-11T09:40:38Z,NA,NA,NA,,,,,
at://did:plc:e2pdzlrs3z23vjmizjuvk4vv/app.bsky.feed.post/3mlky2i4dsk2n,bafyreia7he6vrp3qctaujyf3tcahgizaqrju32eoinwyli25qx7kcaqeie,josemachismo.bsky.social,José Machismo 🇨🇦🇪🇸🤘,"I can’t imagine that it’s easy to type with Donald Trump’s cock in your mouth, so kudos to Conrad Black, I guess.

#cnpoli #cdnpoli",,,,1,0,2,0,2026-05-11T09:38:05Z,NA,NA,NA,,,,,
at://did:plc:abt5tpb7lqr7vopkrkwfswwq/app.bsky.feed.post/3mlkxoqyvhz2p,bafyreihwtl4bzp4gnifycavnro32swpdtfpdld6ywye55mg2riprttmuya,canadareport.org,Canada Report,"Goliath Resources Strengthens Its Advisory Board With The Addition Of Alan Edwards

Canada’s fastest news scan: 25+ headlines, no clutter, updated all day: CanadaReport.org

#cdnpoli #Canada #News #Business #Economy 
Read Original Article 🔗",,,,0,0,0,0,2026-05-11T09:31:32Z,NA,NA,NA,,,,,
at://did:plc:q53ibv7ujf27tbhk7ar76tfz/app.bsky.feed.post/3mlkwnyijoc2p,bafyreig76ky2642pfq346u3larel5kjpx5k6pxrd4v3kozxerq74nooqum,marc55.bsky.social,Marc 🍁,"Conservatives. Just can't stop the Trudeau hatred.

What a sad, sad group.
#cdnpoli",,,,1,0,4,0,2026-05-11T09:13:13Z,NA,NA,NA,,,,,
at://did:plc:q53ibv7ujf27tbhk7ar76tfz/app.bsky.feed.post/3mlkwb4wk7s2p,bafyreieomeljklggkmhsppk7wd3aaeb3toherboxodutzcnvdp4h3wo3aa,marc55.bsky.social,Marc 🍁,"Houston is now blaming Trudeau as well.

Wholey Hannah.
#cdnpoli",,,,1,0,3,0,2026-05-11T09:06:04Z,NA,NA,NA,,,,,
at://did:plc:r64wzjtkimyq4vkiddzuu6no/app.bsky.feed.post/3mlkw3e54q22z,bafyreict5a43n2klksome7mtf6uhixayeeyvxehal3rvw6abtfnho2r2iq,bcwildfirewkly.bsky.social,BC Wildfire Weekly - Wildfires + More,"“Hantavirus: what happens to cruise ship passengers now and will they quarantine?” www.theguardian.com/world/2026/m... - @theguardian.com 

#AusPol #CDNPoli #France #Germany #Greece #Hantavirus #India #MVHondius #Philippines #Spain #Tenerife #TheNetherlands #UKPoli #USPoli",,,,0,3,6,1,2026-05-11T09:02:49Z,NA,NA,NA,,,,,
at://did:plc:abt5tpb7lqr7vopkrkwfswwq/app.bsky.feed.post/3mlkvz4aubg2j,bafyreicsqnjguoueq24uc5dg5ecpqauai3qtwb5cfmdmwtnnxnyc5cs7je,canadareport.org,Canada Report,"Closing the loop: How Mastercard is building for agentic commerce

Canada’s fastest news scan: 25+ headlines, no clutter, updated all day: CanadaReport.org

#cdnpoli #Canada #News #Tech #AI 
Read Original Article 🔗",,,,0,0,0,0,2026-05-11T09:01:31Z,NA,NA,NA,,,,,
at://did:plc:h2spa3l463coxycuy6iiov2l/app.bsky.feed.post/3mlkvtziakc2d,bafyreiaf67gs5txblgjbvmb3tn7hthh2656imvjzhqv3rhz6q65oqhy73y,shewandersferal.bsky.social,Allison Moon 🌙  🍁,"Meanwhile:
#WhiteHouse-bankrolled #seditionist #GOPwannabe weirdos like #DonbasDanielle & #PierrePoiLIEvre are pushing #StatesRights! #FreeDumbs in #Canadian provinces…

🍁 #CANpoli 🍁 #CDNpoli 🍁  #CanadaSky 🌌 #Murica 🇺🇸",,,,0,0,0,0,2026-05-11T08:58:45Z,at://did:plc:vpfavbhwv4okwh6ydgp5uxf6/app.bsky.feed.post/3mlk4gtiync2a,at://did:plc:vpfavbhwv4okwh6ydgp5uxf6/app.bsky.feed.post/3mlk2gwt3sk2a,NA,,,,,
at://did:plc:abt5tpb7lqr7vopkrkwfswwq/app.bsky.feed.post/3mlkud6u4dg2k,bafyreia7nssuqbf5cac3rs2h3gu5qq5dx5nswuiqasuhvfixwfunvrlyse,canadareport.org,Canada Report,"Bessent’s Unprecedented Grasp on Japanese Policy Tests Takaichi

Canada’s fastest news scan: 25+ headlines, no clutter, updated all day: CanadaReport.org

#cdnpoli #Canada #News #Business #Economy 
Read Original Article 🔗",,,,0,0,0,0,2026-05-11T08:31:23Z,NA,NA,NA,,,,,
at://did:plc:6vh4wzz3v5dqizbpmppvyatk/app.bsky.feed.post/3mlku5wf22s2z,bafyreifci6zlhvp7o2apbbedym7mjsnulaugnrhfgfatyqb2gwfjyvr2h4,totemsunrise.bsky.social,totemsunrise,"“A Maple Ridge, B.C., food bank says it is being forced to make difficult choices as demand reaches record levels and donations continue to decline.” www.cbc.ca/news/canada/... - CBC British Columbia 

#BCPoli #CDNPoli #CostOfLiving #FoodInsecurity #FoodSecurity",,,,0,1,1,0,2026-05-11T08:28:26Z,NA,NA,NA,,,,,
at://did:plc:r64wzjtkimyq4vkiddzuu6no/app.bsky.feed.post/3mlktugywv22z,bafyreifrgprlhbfeanqfc2kjfoltplgsdernxurtdbmzc5zkv6bt7gmdkq,bcwildfirewkly.bsky.social,BC Wildfire Weekly - Wildfires + More,"VICTORIA, BRITISH COLUMBIA: “Canadians from ship at centre of hantavirus outbreak land in Victoria” www.cbc.ca/news/canada/... - CBC British Columbia 

#BCPoli #CDNPoli #Hantavirus #MVHondius #VictoriaBC #YYJ",,,,0,0,1,0,2026-05-11T08:23:09Z,NA,NA,NA,,,,,
at://did:plc:ig6dnt4tqgg7iwwtywx3bkvd/app.bsky.feed.post/3mlktizo7ek23,bafyreicnsh3edmhmhaubuhttbg5ky53kviinczd7z5mu5dn5jz7wq5v2qq,robduncan.bsky.social,Rob Duncan,#auspol #USPOL #USA #us #uspoli #poli #politics #cdnpoli #canada #MeidasMighty #communityovercapitalizm #america #history #anticapitalism #anticapitalist #capitalismkills #killCapitalism #capitalism #abolishcapitalism #fuckcapitalism #SocialJustice #ethics #ClassConsciousness #FalseConsciousness,,,,0,2,11,0,2026-05-11T08:16:58Z,NA,NA,NA,,,,,
at://did:plc:abt5tpb7lqr7vopkrkwfswwq/app.bsky.feed.post/3mlksnz4ipg2z,bafyreiasvq3lms4jukkib537rornmkmg3w7w5rypcjmn2cerlydubqg5ty,canadareport.org,Canada Report,"Logement  | Québec solidaire veut augmenter les sanctions contre les propriétaires abusifs

Canada’s fastest news scan: 25+ headlines, no clutter, updated all day: CanadaReport.org

#cdnpoli #Canada #News 
Read Original Article 🔗",,,,0,0,0,0,2026-05-11T08:01:38Z,NA,NA,NA,,,,,
at://did:plc:abt5tpb7lqr7vopkrkwfswwq/app.bsky.feed.post/3mlkqy32rqc2k,bafyreianpxnspbot5uchskpcaijdwk7qnl72vmp3lkiuluag4255oq46q4,canadareport.org,Canada Report,"RBI Should Dial Back Rupee Intervention, Former Governor Says

Canada’s fastest news scan: 25+ headlines, no clutter, updated all day: CanadaReport.org

#cdnpoli #Canada #News #Business #Economy 
Read Original Article 🔗",,,,0,0,0,0,2026-05-11T07:31:28Z,NA,NA,NA,,,,,
at://did:plc:bwnpn6d4ewofwpy56xooo3kb/app.bsky.feed.post/3mlkqip7msc2i,bafyreifhirtzvofxeyklfqjts432bbe3564lq4hwebv7crc34ofibvmndy,stevev68.bsky.social,Steve Valeriote,"Right wing loons:  ""The left wing scientists are manufacturing another virus shutdown and this time we're not going to take it""

Scientists: ""This isn't another COVID pandemic, this virus doesn't spread easily, remain calm"".

The anti-vax crowd are broken souls. 

#uspoli #cdnpoli",,,,0,1,6,1,2026-05-11T07:22:52Z,NA,NA,NA,,,,,
at://did:plc:abt5tpb7lqr7vopkrkwfswwq/app.bsky.feed.post/3mlkpcoaoy32p,bafyreieeyjan7nmms3idedbrnoex2byqfqav4uwwdysk2uuk6hn2f4hqre,canadareport.org,Canada Report,"Dossier santé numérique | Une première fin de semaine sans problème majeur

Canada’s fastest news scan: 25+ headlines, no clutter, updated all day: CanadaReport.org

#cdnpoli #Canada #News 
Read Original Article 🔗",,,,0,0,0,0,2026-05-11T07:01:36Z,NA,NA,NA,,,,,
at://did:plc:jucq2h6357pkybesaib7422z/app.bsky.feed.post/3mlknwws3ys26,bafyreiaslh2y6hev7heangvkwpsqc7ekcs6ko7lpu7unef45cfnyc26w4a,jocalynclark.bsky.social,Jocalyn Clark,#MedicalJournals #GlobalHealth #Migration #HealthPolicy #Canada #cdnpoli,,,,0,0,0,0,2026-05-11T06:37:28Z,at://did:plc:jucq2h6357pkybesaib7422z/app.bsky.feed.post/3mlknww6jzk26,at://did:plc:jucq2h6357pkybesaib7422z/app.bsky.feed.post/3mlknwp6g5k26,NA,,,,,
at://did:plc:abt5tpb7lqr7vopkrkwfswwq/app.bsky.feed.post/3mlknmj42gb2k,bafyreiay76h3m7oo7jsdpyxtgl4lbd3uji2zln5ez2wrmtovptrl7jsebe,canadareport.org,Canada Report,"Race for Critical Minerals Leaves EU Struggling to Keep Up

Canada’s fastest news scan: 25+ headlines, no clutter, updated all day: CanadaReport.org

#cdnpoli #Canada #News #Business #Economy 
Read Original Article 🔗",,,,0,0,0,0,2026-05-11T06:31:19Z,NA,NA,NA,,,,,
at://did:plc:enxqwi3p34i4etwwd4vgz3xy/app.bsky.feed.post/3mlkn3fvcjh2j,bafyreiclotttppzida3kgu6geyz7cpftlygchio6si3rab456exwwem3v4,sheenasharp.bsky.social,Sheena Sharp,"But not climate policy. If the NDP had forced PR, we would not be having this discussion. Illusions of grandeur at our expense. #cdnpoli",,,,1,0,4,0,2026-05-11T06:21:45Z,NA,NA,at://did:plc:jeuzjfwsgn62xfoe7qo4jul5/app.bsky.feed.post/3mlheyn2qrk2b,,,,,
at://did:plc:x2fori67bggzcj2a6c7sj6ur/app.bsky.feed.post/3mlkmbn4ufc2w,bafyreial2dxt2rhol3w2lbd4247rrtlrcdo2mkm6gos6zvqopxm2ez63uy,jimmydp01.bsky.social,J Payne,"Canada show your generosity and  ❤️ 

#Elbowsup for the great People of Gaza Palestine who are facing the unfathomable and could use a hand up by supporting this very important initiative;

#Gaza #Palestine 
#Cdnpoli #BCPoli

www.gofundme.com/f/support-be...",,,,0,0,0,0,2026-05-11T06:08:01Z,NA,NA,NA,,,,,
at://did:plc:abt5tpb7lqr7vopkrkwfswwq/app.bsky.feed.post/3mlklxc2ryr2d,bafyreigzy4ea3t75hrrfuhexifjg2tozt3sspap7bau3dpxk4v4eb6ufnq,canadareport.org,Canada Report,"Hantavirus à bord du MV Hondius | Les derniers passagers canadiens sont rentrés au pays

Canada’s fastest news scan: 25+ headlines, no clutter, updated all day: CanadaReport.org

#cdnpoli #Canada #News 
Read Original Article 🔗",,,,0,0,0,0,2026-05-11T06:01:33Z,NA,NA,NA,,,,,
at://did:plc:mwagtmvsxuqlgte5iqk3fndm/app.bsky.feed.post/3mlklhavdd22p,bafyreidwjrglqigr252x4ps2usk3j2v76agv3b34fil3uoeixnlel2cbl4,lalegault.bsky.social,LA Legault ⚜️🤌🏻,"« Canada must pass Bill S-2 as amended by the Senate without further delay. By removing the second-generation cut-off rule, also known as the ‘disappearing Indian formula,’ it ensures there isn’t a legislative extinction date for each First Nation. » #polcan #cdnpoli",,,,1,11,28,0,2026-05-11T05:52:35Z,NA,NA,at://did:plc:b3nlsopwvdn246ccpxctzsw4/app.bsky.feed.post/3mljr3i2inu2e,,,,,
at://did:plc:x7zfdc4ikywihvwin76a6toa/app.bsky.feed.post/3mlkl7qb4mq52,bafyreigpdmpzpk6vgowwlapbj6vliyga4oyhgllvo2vdmgxw65vzvm2ega,marius-gs.mastodon.social.ap.brid.gy,Marius Fortuna_3,"https://youtube.com/shorts/HdwCjmsyz64

#Canada #MeidasCanada #LouiseArbour #Cdnpoli",,,,0,0,0,0,2026-05-11T05:48:24Z,NA,NA,NA,,,,,
at://did:plc:ig6dnt4tqgg7iwwtywx3bkvd/app.bsky.feed.post/3mlkkvt775k2g,bafyreiey5nx2w2pjqdb23dlkhg5mwz5tsi4w4kzfcwq6ozr744hitn4q5m,robduncan.bsky.social,Rob Duncan,#auspol #USPOL #USA #us #uspoli #poli #politics #cdnpoli #canada #MeidasMighty #america #communityovercapitalizm #history #Ethics #SocialJustice #LongerTables #DemocraticSocialist #Ecosocialism #Socialist #socialism #LeftIsBest #ClassConsciousness #FalseConsciousness #abolishcapitalism #HumanRights,,,,0,1,8,0,2026-05-11T05:42:59Z,NA,NA,NA,,,,,
at://did:plc:ig6dnt4tqgg7iwwtywx3bkvd/app.bsky.feed.post/3mlkkckesak2g,bafyreiduiz55eci25pdhqprg35esjw7kbs5f2jcjtosvyhmwgyjlqw5hp4,robduncan.bsky.social,Rob Duncan,"NEVER DESERT THE DREAM OF A BETTER WORLD

#auspol #USPOL #USA #us #uspoli #poli #politics #cdnpoli #canada #MeidasMighty #america #SocialJustice #LongerTables #DemocraticSocialist #Ecosocialism #Socialist #socialism #LeftIsBest #ClassConsciousness #FalseConsciousness #abolishcapitalism #HumanRights",,,,0,1,2,0,2026-05-11T05:32:07Z,NA,NA,NA,,,,,
at://did:plc:abt5tpb7lqr7vopkrkwfswwq/app.bsky.feed.post/3mlkkbcrmhh22,bafyreigo5cnlrkp5xgov23ujcu6mbtun5emx46uz4y4efl45f2vxvcnjem,canadareport.org,Canada Report,"Australia’s Budget May Lead to Lower Bond Supply, Analysts Say

Canada’s fastest news scan: 25+ headlines, no clutter, updated all day: CanadaReport.org

#cdnpoli #Canada #News #Business #Economy 
Read Original Article 🔗",,,,0,0,0,0,2026-05-11T05:31:22Z,NA,NA,NA,,,,,
at://did:plc:ma5n7cq5oubn424zpxipovbg/app.bsky.feed.post/3mlkjnyzkcs2u,bafyreiei27orofcblnyyesjrmuk7tl5j3apxogzybxx4fs7qw4mboyojci,marushka-t.bsky.social,Marushka-T,#ABpoli #cdnpoli #canadasky #Alberta #separatism #foreigninterference,,,,0,0,0,0,2026-05-11T05:20:57Z,NA,NA,at://did:plc:xl3w4e5jxslqeaglaqit2ql3/app.bsky.feed.post/3mljeatyvs22s,,,,,
at://did:plc:ig6dnt4tqgg7iwwtywx3bkvd/app.bsky.feed.post/3mlkjkzfz222g,bafyreigptkgoule3sgnjhvivxbdmxzaaw23rtynaxzg6o3c4fvwvrkv72a,robduncan.bsky.social,Rob Duncan,#pedopresident #Pedogarchy #Pedophocracy #25thAmendment #TraitorTrump #USPOL #USA #us #uspoli #poli #politics #cdnpoli #canada #auspol #MeidasMighty #america #history #RemoveTrump #DonaldTrump #Trump #TRUMP #FuckTrump #antifa #AntiTrump #fascistfelon #FightOligarchy #DefundBillionaires #TrumPedo,,,,0,2,5,0,2026-05-11T05:18:57Z,NA,NA,NA,,,,,
at://did:plc:ig6dnt4tqgg7iwwtywx3bkvd/app.bsky.feed.post/3mlkjh44mb22g,bafyreidhadgpptiw6amdyl2b4qeygy5vhdb2gjmw7x3uv24jkjts5ub4ta,robduncan.bsky.social,Rob Duncan,#pedopresident #Pedogarchy #Pedophocracy #25thAmendment #TraitorTrump #USPOL #USA #us #uspoli #poli #politics #cdnpoli #canada #auspol #MeidasMighty #america #history #RemoveTrump #DonaldTrump #Trump #TRUMP #FuckTrump #antifa #AntiTrump #fascistfelon #FightOligarchy #DefundBillionaires #TrumPedo,,,,0,9,23,0,2026-05-11T05:16:47Z,NA,NA,NA,,,,,
at://did:plc:ig6dnt4tqgg7iwwtywx3bkvd/app.bsky.feed.post/3mlkjezdbq22g,bafyreifxhstsm6lztiqcingjdc2y7qsixtzdi352slpj6bjknmaalfztbu,robduncan.bsky.social,Rob Duncan,#auspol #USPOL #USA #us #uspoli #poli #politics #cdnpoli #canada #MeidasMighty #america #communityovercapitalizm #history #Ethics #SocialJustice #LongerTables #DemocraticSocialist #Ecosocialism #Socialist #socialism #LeftIsBest #ClassConsciousness #FalseConsciousness #abolishcapitalism #HumanRights,,,,0,5,7,0,2026-05-11T05:15:36Z,NA,NA,NA,,,,,
at://did:plc:x2ge66dlb4pw7ssk2lhte536/app.bsky.feed.post/3mlkiynrumk26,bafyreiccx4ndqbsw2unjg743d6jnv5vgjxfym3imal6un5lrulyykyxrde,saskboy.bsky.social,Saskboy from Saskatchewan,"x.com/i/status/205... there are signs Carney is worse than Harper.

#cdnpoli",,,,0,0,0,0,2026-05-11T05:08:39Z,at://did:plc:ny5w2k6brb2kdubxnevke6li/app.bsky.feed.post/3mlezvtqko222,at://did:plc:ny5w2k6brb2kdubxnevke6li/app.bsky.feed.post/3mlezvtqko222,NA,,,,,
at://did:plc:abt5tpb7lqr7vopkrkwfswwq/app.bsky.feed.post/3mlkilt5t5b27,bafyreig3j5lilwx3yiviw2yvd2zgdhl56vlzlwr2a5u5fmour2begkuki4,canadareport.org,Canada Report,"Former defence minister Harjit Sajjan’s new startup lays groundwork for public listing

Canada’s fastest news scan: 25+ headlines, no clutter, updated all day: CanadaReport.org

#cdnpoli #Canada #News #Tech #AI 
Read Original Article 🔗",,,,0,0,1,0,2026-05-11T05:01:27Z,NA,NA,NA,,,,,
at://did:plc:k5zp2oxoeyf7fsvj2ijmcbve/app.bsky.feed.post/3mlkh77jwfs2r,bafyreiekt4kra4fqswxff3kufomjowyujnkvaccvbgalmrcbdwtsgi4qem,laurenshirleyj.bsky.social,LaurenSJ,"""They will be screened and assessed by local public health officials and transported directly to safe, pre-arranged lodgings, where they will begin an initial 21-day self-isolation period under daily monitoring. Isolation period may be extended to up to 42 days if required.” #cdnpoli",,,,0,1,2,1,2026-05-11T04:36:32Z,NA,NA,NA,,,,,
at://did:plc:b7yl72cikfforgnt2lxh2zbr/app.bsky.feed.post/3mlkh4hcgts2k,bafyreic2r47gh6o2on4lhebqb7rbbkkl3sfrzuzix6f5bbcgfqlerkgvna,ijustwant2bfree.bsky.social,NA,"""There's your problem...""

Now how we get serious about stopping the flow of smuggled firearms into Canada, and get rid of the expensive and useless ""assault-style firearms"" gun grab and the equally pointless ""handgun freeze"".
#cdnnews #cdnpoli #GunGrab #ScrapTheBan #firearms #SportShooting",,,,0,0,0,0,2026-05-11T04:34:59Z,NA,NA,NA,,,,,
at://did:plc:abt5tpb7lqr7vopkrkwfswwq/app.bsky.feed.post/3mlkgwfkl4d2k,bafyreieu4lvz36k324pdxuedemnfalshe7snhwcq2ydrrydszxbs5x4y7q,canadareport.org,Canada Report,"Philippine Peso Falling Trajectory Defies Rate Hike Expectations

Canada’s fastest news scan: 25+ headlines, no clutter, updated all day: CanadaReport.org

#cdnpoli #Canada #News #Business #Economy 
Read Original Article 🔗",,,,0,0,0,0,2026-05-11T04:31:34Z,NA,NA,NA,,,,,
at://did:plc:k5zp2oxoeyf7fsvj2ijmcbve/app.bsky.feed.post/3mlkgi3vmo22r,bafyreigyzjwrkvzvsu2nfgdrlhk3ls35l3woze4eqm2qqz4oimuzaashma,laurenshirleyj.bsky.social,LaurenSJ,"“Eastern European organized crime has certainly been involved, and this isn’t just a big city problem, it’s happening straight across the country,” says CTV News crime specialist, Mark Mendelson.  #cdnpoli",,,,0,2,0,0,2026-05-11T04:23:36Z,NA,NA,NA,,,,,
at://did:plc:upeoyam5mpawsxn22wmxezfk/app.bsky.feed.post/3mlkfu4qlls2w,bafyreifksirixac75m5hk4afilpbtkyq2mdq3g6lyrcwx76olyjh5lxwui,catalystmeow.bsky.social,Cat Alyst 🇨🇦 (they/she),"#CdnPoli #USDemocracy #MomSky

The Trump administration sits in 3rd place in an Abacus Data poll (abacusdata.ca/canadian-pol...).

2,478 Canadians were polled between April 30 and May 5. The margin of error is ±2%.

“What are the 3 most important issues facing Canada today? Please select 3 issues.”",,,,3,23,39,0,2026-05-11T04:12:26Z,NA,NA,NA,,,,,
at://did:plc:abt5tpb7lqr7vopkrkwfswwq/app.bsky.feed.post/3mlkfahzl5b2t,bafyreiawidxtkvrwlicxegbeg3ef4jlhnlitajsjaqem7rjaildfpe3cnm,canadareport.org,Canada Report,"Women’s Equity Lab Manitoba closes Fund 3 at $300,000

Canada’s fastest news scan: 25+ headlines, no clutter, updated all day: CanadaReport.org

#cdnpoli #Canada #News #Tech #AI 
Read Original Article 🔗",,,,0,0,0,0,2026-05-11T04:01:25Z,NA,NA,NA,,,,,
at://did:plc:ifi6xqgbojwquosnkvzx3gna/app.bsky.feed.post/3mlkejopinc23,bafyreide3coj4s7gbbxdt343yvbfd7shc6h67r7afclqbhrbwksw22rzqi,leftcoasttreefrog.bsky.social,Left Coast Tree Frog 🕊️,"Gaza documentary dropped by the BBC wins BAFTA.
A documentary exposing Israel’s attacks on Gaza’s hospitals and the killing of 1,700 Palestinian medics won Best Current Affairs at the BAFTAs. 
#cdnpoli 
www.aljazeera.com/video/newsfe...",,,,1,28,69,1,2026-05-11T03:48:41Z,NA,NA,NA,,,,,
at://did:plc:f5jnbpzq6a67rf2m3s3gu64l/app.bsky.feed.post/3mlkehhbcgs2f,bafyreidjwtypcutv7ug5xqsxivvqvbwj7zh3pjnupq4cgkpszs4erd6cvu,ericdoherty.bsky.social,Eric Doherty,"Trump has declared war on bike and roll lanes, as the obedient (if rather erratic) servant of Big Oil. Of course Timbit Trumpers like Premiers Smith and Ford are following along 🤦🤷 #abpoli #onpoli #cdnpoli #urbantruth",,,,1,7,19,0,2026-05-11T03:47:31Z,NA,NA,NA,,,,,
at://did:plc:4xqt7t2zph634drigtdxdmro/app.bsky.feed.post/3mlkeamc5wc25,bafyreihqwf5bnr3nti6dkpalhfxaicbfmzhrrkuzriylc7diffpeofjqly,journodale.bsky.social,Dale Smith,"For the late/west coast crowd, my Loonie Politics column: Jason Kenney wants the rest of Canada to clean up his mess #cdnpoli",,,,0,3,8,0,2026-05-11T03:43:36Z,NA,NA,NA,,,,,
at://did:plc:lbc6ml2rcnug65zsmapj7pkh/app.bsky.feed.post/3mlkdv43nv22m,bafyreib3dselqugr55kmkxmjxyc6chvicksvmakb2mici5kpfwd6b7xdmu,ntrnchck.bsky.social,Ntrn Chck,"""In paleo-climate terms, New Orleans is gone; the question is how long it has""

I don't know how science can be any clearer, and we keep delaying real climate action

#climate #environment #cdnpoli",,,,0,2,2,0,2026-05-11T03:37:10Z,NA,NA,at://did:plc:ny5w2k6brb2kdubxnevke6li/app.bsky.feed.post/3mlkbfcp7xk2x,,,,,
at://did:plc:upeoyam5mpawsxn22wmxezfk/app.bsky.feed.post/3mlkdljnd772d,bafyreidwjnacebzeecb4rako3hlh5o7qfi2n2gnla6y6nlow4tolvfieee,catalystmeow.bsky.social,Cat Alyst 🇨🇦 (they/she),"“If Canada and the United States reach a new trade agreement, how confident are you that the Trump administration will actually live by the terms of the deal?”

🇨🇦:

9% Very confident
17% Somewhat confident
28% Not very confident
38% Not confident at all
8% Not sure

#CdnPoli #USDemocracy #MomSky",,,,14,35,59,1,2026-05-11T03:31:50Z,NA,NA,NA,,,,,
at://did:plc:abt5tpb7lqr7vopkrkwfswwq/app.bsky.feed.post/3mlkdkon6r427,bafyreiaribwig34cijxcl5smot6vhknhkzrtxbykkf4n24ps7wka5iejaq,canadareport.org,Canada Report,"British Businesses Turning to Temporary Staff to Cope With Volatility

Canada’s fastest news scan: 25+ headlines, no clutter, updated all day: CanadaReport.org

#cdnpoli #Canada #News #Business #Economy 
Read Original Article 🔗",,,,0,0,0,0,2026-05-11T03:31:20Z,NA,NA,NA,,,,,
at://did:plc:jeuzjfwsgn62xfoe7qo4jul5/app.bsky.feed.post/3mlkcxm67o22b,bafyreidgkic2l7ptidy6xlbiq3ysc5p4cr72b7gaiaa53tdhphpe5dm6yi,bigclimate.bsky.social,Bentley ****TALK CLIMATE****,#MarkCarney #cdnpoli #AviLewis #ClimateChange bsky.app/profile/bigc...,,,,1,3,6,0,2026-05-11T03:20:42Z,at://did:plc:jeuzjfwsgn62xfoe7qo4jul5/app.bsky.feed.post/3mlhgt5sfds2b,at://did:plc:jeuzjfwsgn62xfoe7qo4jul5/app.bsky.feed.post/3mlheyn2qrk2b,at://did:plc:jeuzjfwsgn62xfoe7qo4jul5/app.bsky.feed.post/3mla2ptqffk2w,,,,,
at://did:plc:2jfr7qhenekca6f6qtjgwdr4/app.bsky.feed.post/3mlkcfhonp22j,bafyreibsdpuienp2rfmszdtz3fwlugwtmyfhsla5wzjhtied7qlpunbhqi,calgaryclimatehub.ca,Calgary Climate Hub,#ClimateAction #EnergyTransition #ClimateChange #yyc #yyccc #abpoli #cdnpoli bsky.app/profile/calg...,,,,0,3,0,0,2026-05-11T03:10:31Z,at://did:plc:2jfr7qhenekca6f6qtjgwdr4/app.bsky.feed.post/3mljqri6qy22m,at://did:plc:2jfr7qhenekca6f6qtjgwdr4/app.bsky.feed.post/3mljqri6qy22m,at://did:plc:2jfr7qhenekca6f6qtjgwdr4/app.bsky.feed.post/3mljc75nlak2k,,,,,
at://did:plc:ig6dnt4tqgg7iwwtywx3bkvd/app.bsky.feed.post/3mlkbypqhd223,bafyreiglr33luhq3v3m3gagpl3yrek5gro6ry3tfofwud3nr4nwytmmbwm,robduncan.bsky.social,Rob Duncan,#pedopresident #Pedogarchy #Pedophocracy #25thAmendment #TraitorTrump #USPOL #USA #us #uspoli #poli #politics #cdnpoli #canada #auspol #MeidasMighty #america #history #RemoveTrump #DonaldTrump #Trump #TRUMP #FuckTrump #antifa #AntiTrump #fascistfelon #FightOligarchy #DefundBillionaires #TrumPedo,,,,0,4,12,0,2026-05-11T03:03:32Z,NA,NA,NA,,,,,
at://did:plc:abt5tpb7lqr7vopkrkwfswwq/app.bsky.feed.post/3mlkbvgsn552p,bafyreicns352idzaicagivi6gbqnsqjm2rkgqd5vlylcnwhzhkzjlfwa4q,canadareport.org,Canada Report,"Fin de l’année scolaire | Alloprof mise sur TikTok et YouTube

Canada’s fastest news scan: 25+ headlines, no clutter, updated all day: CanadaReport.org

#cdnpoli #Canada #News 
Read Original Article 🔗",,,,0,0,0,0,2026-05-11T03:01:33Z,NA,NA,NA,,,,,
at://did:plc:eaeuyrvdlqvjgznelgcdimct/app.bsky.feed.post/3mlkbrpmeic2y,bafyreihgbahwgltdzqlxt6oixpj2zqvsphchy4owrpvq6s3g37xc65hxfu,madhat59kenwood.bsky.social,Ken Wood part owner of 🇨🇦,"A very good read. Alarming just how hurtful, racist and ignorant the residential school deniers are IMO. Worth the time folks informative #cdnpoli #bcpoli 🪶 👇",,,,0,2,2,0,2026-05-11T02:59:27Z,NA,NA,at://did:plc:tm7uvmb263f5xymsvximzn4g/app.bsky.feed.post/3mldvlltupk22,,,,,
at://did:plc:ixhsi4sic6ffucq4j6wqgesu/app.bsky.feed.post/3mlkbd2yywc2i,bafyreiaw3zpoedz4yvn3ucx64gaskhiqfj755venruhv3j3ztx2ky5tcry,mckay.pub,Andy McKay 🇨🇦,"The proper responses to the Iran war is of course, to double down on green energy as fast as possible.

But you won’t hear that much from Canadian politicians who just want to build pipelines.

www.theguardian.com/environment/...

#cdnpoli",,,,0,3,7,0,2026-05-11T02:51:20Z,NA,NA,NA,,,,,
at://did:plc:opuhw6d5egejzaog7p5wa6ez/app.bsky.feed.post/3mlkal2lpis2y,bafyreieli3nuflbhrznoe26mcydqnsjkxtjib33fe4hfuefy2kdx4tfwvi,yeguablancaa.bsky.social,Mercedes Lenz,"My animosity cannot be politely expressed,but it's towards a particular political class. Not seeing my American friends and cousins and everything good about the US ever again is collateral damage. The other thing is feeling these wolves breathing down our own necks. We must take a stand #cdnpoli",,,,0,0,0,0,2026-05-11T02:37:52Z,at://did:plc:o5wlr3gi4tz23ake7ef23ejs/app.bsky.feed.post/3mlikododis2q,at://did:plc:o5wlr3gi4tz23ake7ef23ejs/app.bsky.feed.post/3mlikododis2q,NA,,,,,
at://did:plc:abt5tpb7lqr7vopkrkwfswwq/app.bsky.feed.post/3mlka7nxisw2t,bafyreic4iaom4q2e3fg3vi5ratt7jjkgloknzcfs632eiorlezmckp5ws4,canadareport.org,Canada Report,"EMGA arranges US$ 25M debt finance for Vietnam’s EVF

Canada’s fastest news scan: 25+ headlines, no clutter, updated all day: CanadaReport.org

#cdnpoli #Canada #News #Business #Economy 
Read Original Article 🔗",,,,0,0,0,0,2026-05-11T02:31:29Z,NA,NA,NA,,,,,
at://did:plc:f3fugbaf3nzkbqasasceerr4/app.bsky.feed.post/3mlka2h3cx22l,bafyreibyky5qbxh7esb3ksi6v45pj3tpfoaii3zjflxxx4azeoppf7nt5i,factsmtr.bsky.social,Factsmtr,"Smith cited foreign interference risk to get CSIS clearance. Her government cited the RCMP to dismiss that same risk. 

Both can't be true. The PCO approved it anyway. 

Here's the facts:  factsmtr.substack.com/p/the-nation...

#abpoli #alberta #canada #cdnpoli",,,,1,5,7,0,2026-05-11T02:28:37Z,NA,NA,NA,,,,,
at://did:plc:mv6loxcddhj3i6pzfvzicc36/app.bsky.feed.post/3mlk7u7krbs2w,bafyreignkvu5zgduhhkjkgvx3axsdmu52x53iv7iqktcfkpt6uzrvjvw2m,dennisjkoch.bsky.social,"Dennis ""dejay"" Koch","Smith Must End Separation Talk After Data Leak

@ryanjespersen.bsky.social 

A massive data breach exposing the personal information of nearly three million Alberta voters

#abpoli #ableg #YEG #YYC #Alberta #AlbertaUCP #cdnpoli

www.youtube.com/live/JF8_2DQ...",,,,1,4,8,0,2026-05-11T02:25:06Z,NA,NA,NA,,,,,
at://did:plc:h2spa3l463coxycuy6iiov2l/app.bsky.feed.post/3mlk7ns245s2v,bafyreid4xiah353brjq5xmii5rxtr574wzcnphvs7axkyqbchtxuorq6ni,shewandersferal.bsky.social,Allison Moon 🌙  🍁,"we all know, #UCP & #PoilLIEvre #GOPwannabeTories want #Oligarch #fascism for #Canadians

🍁 #CANpoli 🍁 #CDNpoli 🍁
  #CanadaSky 🌌 #Canadiana",,,,0,1,2,0,2026-05-11T02:21:32Z,NA,NA,NA,,,,,
at://did:plc:7lueeglwmok6fmza7rfsnwpw/app.bsky.feed.post/3mlk6vq4a2c2c,bafyreibugdwku2njcycdnmxu4hucmliqro7tvwpk57quhypasxqn7rnvaq,jennyyeremiy.bsky.social,"Jenny Yeremiy, P. Geoph 🪶🌿🇵🇸🇳🇬🇱🇧🇨🇦","👋 Albertans, Canadians, & US states. Watch 👀 an important 60 minutes segment tonight about gerrymandering out minority & progressive votes in Louisiana.

A relinquishing of voter’s rights in the name of “progress” by the State Governor. 🤮 
#VoteThemOut #ForThe99percent #uspoli #abpoli #cdnpoli",,,,0,7,13,0,2026-05-11T02:08:10Z,NA,NA,NA,,,,,
at://did:plc:6cri3nbgdxvfuwdgav73lbce/app.bsky.feed.post/3mlk6mdfm7s2i,bafyreibgbzfrkp3qomqqpgk26wxvggvhijybxsb3sdothc5v6f472csye4,uncoverthenews.bsky.social,UncoverTheNews,"Names. Addresses. Politics. 👀
@trueeager.bsky.social  says Albertans have every reason to be furious about the data breach 🔥
Full Episode -May 8 2026: www.youtube.com/watch?v=qfaF...
#cdnpoli #Alberta #Politics #Privacy #abpoli",,,,0,2,0,0,2026-05-11T02:02:48Z,NA,NA,NA,,,,,
at://did:plc:nojsdi2vbnqidm37brlyfgta/app.bsky.feed.post/3mlk6kef5u22k,bafyreicxfumoqqglo7g2b53yzljc3go4hb43aplu4e2kbuourh6wm2eaju,hipmum29.bsky.social,hipmum29 🇨🇦,"#cdnpoli #AI #TumblerRidge 
Canada MUST legislate AI NOW!!!",,,,0,0,0,0,2026-05-11T02:01:41Z,NA,NA,at://did:plc:tvd5qt6oxfqh7nopgpgydiin/app.bsky.feed.post/3mljry2ki6s2p,,,,,
at://did:plc:abt5tpb7lqr7vopkrkwfswwq/app.bsky.feed.post/3mlk6k6nbb62j,bafyreieh6udm7uqdul2euivniioxgvtswuqf2faert5u54r5g535kvu5yu,canadareport.org,Canada Report,"Un projet de loi visant à aider la police suscite des inquiétudes pour la vie privée

Canada’s fastest news scan: 25+ headlines, no clutter, updated all day: CanadaReport.org

#cdnpoli #Canada #News 
Read Original Article 🔗",,,,0,0,0,0,2026-05-11T02:01:34Z,NA,NA,NA,,,,,
at://did:plc:eaeuyrvdlqvjgznelgcdimct/app.bsky.feed.post/3mlk6b3y7cc2r,bafyreieptwhui3ia7x3yeukcxtef6ifaxy3f5vgr5a5bkyhwy4cv4sw27m,madhat59kenwood.bsky.social,Ken Wood part owner of 🇨🇦,"@slotkin.senate.gov condesending tone as if you or 🇺🇲 are in any position to be providing anything to 🇨🇦. We no longer see 🇺🇲 as an ally. Our biggest threat is your country. Stick to your own failing democracy and leave 🇨🇦 alone. Your thiughts, concerns are not welcome. #cdnpoli #uspoli",,,,0,5,10,0,2026-05-11T01:56:29Z,NA,NA,at://did:plc:oyrohcfwvoxxuwbd6gqnvlxn/app.bsky.feed.post/3mlk57sgyx22n,,,,,
at://did:plc:eaeuyrvdlqvjgznelgcdimct/app.bsky.feed.post/3mlk635mxes2r,bafyreiadidsjwzrer7nac5gt72uk433nkbsctdlhxzos7bri26r2bjiaxi,madhat59kenwood.bsky.social,Ken Wood part owner of 🇨🇦,@slotkin.senate.gov 🇨🇦's are not interested you telling us what to do or whom we should be cautious with. 🇺🇲 is a bigger threat to 🇨🇦 than any other country. Id suggest you spend more time trying to save 🇺🇲 & keep your nose out of 🇨🇦's business #boycottUSA #cdnpoli #uspoli,,,,1,7,16,2,2026-05-11T01:53:09Z,NA,NA,NA,,,,,
at://did:plc:ifi6xqgbojwquosnkvzx3gna/app.bsky.feed.post/3mlk5zdeo5k2p,bafyreieitfmcoxikyszt5udvkuxynldxed27o65zqbhbe7wprs44mhled4,leftcoasttreefrog.bsky.social,Left Coast Tree Frog 🕊️,"‘Americans are literally getting squeezed’: A top economist on why your wages are disappearing while the rich keep booking vacations.
#cdnpoli
finance.yahoo.com/economy/arti...",,,,0,3,4,0,2026-05-11T01:52:10Z,NA,NA,NA,,,,,
at://did:plc:jeuzjfwsgn62xfoe7qo4jul5/app.bsky.feed.post/3mlk5ps7lq226,bafyreigytkmullxjrhfcsawnf7nhxwtpundfauxvuv3ltq7gx6z65ahr6u,bigclimate.bsky.social,Bentley ****TALK CLIMATE****,#MarkCarney #cdnpoli #ClimateChange #AviLewis,,,,0,4,7,0,2026-05-11T01:46:49Z,NA,NA,at://did:plc:jeuzjfwsgn62xfoe7qo4jul5/app.bsky.feed.post/3mlheyn2qrk2b,,,,,
at://did:plc:2jfr7qhenekca6f6qtjgwdr4/app.bsky.feed.post/3mlk4uankzk26,bafyreicjiaivjli5mffq66ewn4ei7xvhft2ync6ytzbrhazgh7hx7zmkym,calgaryclimatehub.ca,Calgary Climate Hub,"JOIN: www.calgaryclimatehub.ca/membership

VOLUNTEER: www.calgaryclimatehub.ca/volunteer

DONATE: www.calgaryclimatehub.ca/donate

TREE PARTY! www.calgaryclimatehub.ca/tree_party2026

#ClimateAction #EnergyTransition #ClimateChange #yyc #yyccc #abpoli #cdnpoli",,,,0,3,6,0,2026-05-11T01:31:24Z,NA,NA,at://did:plc:2jfr7qhenekca6f6qtjgwdr4/app.bsky.feed.post/3mlk4s642ik26,,,,,
at://did:plc:abt5tpb7lqr7vopkrkwfswwq/app.bsky.feed.post/3mlk4u6ghbc2k,bafyreidnl3rjftxk3cq6qnbfr562em4lbjiupu3rzi74yx32s3zeyaeqea,canadareport.org,Canada Report,"Galantas Gold Announces $85 Million Private Placement

Canada’s fastest news scan: 25+ headlines, no clutter, updated all day: CanadaReport.org

#cdnpoli #Canada #News #Business #Economy 
Read Original Article 🔗",,,,0,0,0,0,2026-05-11T01:31:23Z,NA,NA,NA,,,,,
at://did:plc:2jfr7qhenekca6f6qtjgwdr4/app.bsky.feed.post/3mlk4s642ik26,bafyreic6unul6sy3vzhfxdghs5y7rbssca2qp4kcttx4f3uxlj5qimw63m,calgaryclimatehub.ca,Calgary Climate Hub,"Happy #MothersDay to all of the moms! You make the world go around! 

#ClimateAction #EnergyTransition #ClimateChange #yyc #yyccc #abpoli #cdnpoli",,,,0,3,5,1,2026-05-11T01:30:58Z,NA,NA,NA,,,,,
at://did:plc:6cri3nbgdxvfuwdgav73lbce/app.bsky.feed.post/3mlk4hp4ut22i,bafyreidgle6raxwwnz5ybplsaotyeedne7xvm2swdofphvigxwafyn266e,uncoverthenews.bsky.social,UncoverTheNews,"Leaked voter data. Legal threats. BIG questions. 😬
@trueeager.bsky.social reacts to cease & desist letters tied to Alberta’s elector list 🇨🇦🔥
Full Episode ⬇️
May 8 2026: www.youtube.com/watch?v=qfaF...
#cdnpoli #Privacy #Alberta #Politics #Abpoli",,,,0,1,0,0,2026-05-11T01:24:34Z,NA,NA,NA,,,,,
at://did:plc:abt5tpb7lqr7vopkrkwfswwq/app.bsky.feed.post/3mlk36shdfh2k,bafyreiae673uwjww3ydv3itw6pxipdjlfyszh44jm3ixu54smdxeauip4a,canadareport.org,Canada Report,"Production d’énergie verte | Des villes québécoises misent sur le soleil pour renflouer leurs coffres

Canada’s fastest news scan: 25+ headlines, no clutter, updated all day: CanadaReport.org

#cdnpoli #Canada #News 
Read Original Article 🔗",,,,0,0,1,0,2026-05-11T01:01:32Z,NA,NA,NA,,,,,
at://did:plc:ii6oavwfjgy2s33lwrcbjubl/app.bsky.feed.post/3mlk2zzpyb22d,bafyreib2k2pvbtvgsdihnp73siffneguciyxheje6wqzhyuqddmqdehi2u,robinhood246.bsky.social,B.G. Witch 🇨🇦 🏳️‍⚧️ 🌈,"Put your excess wealth in the Soverign Investment Fund! More money from citizens to corporations!

More 3 bedroom houses in suburbs WILL save us!

Maybe Mark can use the money to subsidize the poor grocery cartels?? #cdnpoli",,,,0,1,3,0,2026-05-11T00:58:51Z,NA,NA,NA,,,,,
at://did:plc:vra4zxnkszgpiic23dwltxny/app.bsky.feed.post/3mlk2yvr5q3r2,bafyreibjqipwqf7ucmtovlmlbx4uq6ih4yoz7pe4znczuofy5qk2nqv3mi,harold.mastodon.social.ap.brid.gy,Harold Jarche,"""I think the point that I would make and did make to Canadian leaders is, just because we have become more difficult doesn't mean the Chinese are always the straightest shooters when it comes to national security,"" Slotkin told host Rosemary Barton […]",,,,0,0,2,1,2026-05-11T00:58:20Z,NA,NA,NA,,,,,
at://did:plc:mv6loxcddhj3i6pzfvzicc36/app.bsky.feed.post/3mlk2ydp4zc25,bafyreigptomvmotupa3q6nmhlby6arbdgm2rm64bgptjisrzbblwj7m74a,dennisjkoch.bsky.social,"Dennis ""dejay"" Koch"," THE MAGA SCHEME TO BREAK UP CANADA 
@charlieangus.substack.com.web.brid.gy

In this episode, Meidas Canada reports from the Alberta Legislature where Danielle Smith is putting the Donbas playbook into action

#abpoli #ableg #YEG #YYC #cdnpoli #AlbertaUCP

youtu.be/xy7m7mCX1TQ",,,,0,8,7,1,2026-05-11T00:57:56Z,NA,NA,NA,,,,,
at://did:plc:7ycfilosz2dmgcnqbh76jdol/app.bsky.feed.post/3mlk2rxx2gs2u,bafyreih64jshplk5n73ilekkdqhiuzyahdcfkufezbv66ytyk4wuzurzem,coolxenu.bsky.social,Cool Xenu 8647,"It's what #Israel's ruling #Zionist terrorists must do to feel sexual relief.

#cdnpoli",,,,0,0,1,0,2026-05-11T00:54:21Z,NA,NA,at://did:plc:nphj4mp22ccn5czmjwzegtva/app.bsky.feed.post/3mljxw66tqk2u,,,,,
at://did:plc:ig6dnt4tqgg7iwwtywx3bkvd/app.bsky.feed.post/3mlk2ki7ysk2q,bafyreifmidf4jx5c34oix7mvwmqxpzytr4wwvigzaqr2i3nbkwsojeqczq,robduncan.bsky.social,Rob Duncan,#auspol #USPOL #USA #us #uspoli #poli #politics #cdnpoli #canada #MeidasMighty #communityovercapitalizm #america #history #anticapitalism #anticapitalist #capitalismkills #killCapitalism #capitalism #abolishcapitalism #fuckcapitalism #SocialJustice #ethics #ClassConsciousness #FalseConsciousness,,,,2,4,13,0,2026-05-11T00:50:14Z,NA,NA,NA,,,,,
at://did:plc:mv6loxcddhj3i6pzfvzicc36/app.bsky.feed.post/3mlk2i2d3ek25,bafyreihqcyvccnvzy6fmgmtib3zsifecezg2ctfv2e5sye2kgwmd2kr2se,dennisjkoch.bsky.social,"Dennis ""dejay"" Koch","How Canada Quietly Holds America’s Survival Hostage - Geography Explains

#USA #Trump #uspoli #Canada #cdnpoli

youtu.be/41K75_33ihI",,,,0,0,0,0,2026-05-11T00:48:49Z,NA,NA,NA,,,,,
at://did:plc:deej5pakczvmljahhvrridlp/app.bsky.feed.post/3mlk2e4lhj22z,bafyreicqtr72chxsnphzlmthkznhvbu6igyrmf5s57bd4ocm4m6vbroodi,pat112.bsky.social,Pat,"A May poll still has the liberals far ahead of the Cons .

#Cdnpoli",,,,0,0,1,0,2026-05-11T00:46:38Z,NA,NA,NA,,,,,
at://did:plc:7hy5iuitgvm7g4eqruidn2mm/app.bsky.feed.post/3mlk244hkxc2a,bafyreidas2fg3x56qfsrnsao3lprqaq2y7stc4yo3t7csog4rf3kc6noli,whistlerheidi.bsky.social,Whistler Heidi🇨🇦,"Hope my fellow Canadians are paying attention & keeping their eyes open & elbows up! 

We're under attack via the same fascist forces that have destroyed America, & are currently chipping away at the UK via Nigel Farage & the Reform Party. We must not allow this 2 take root in Canada! 🇨🇦 #cdnpoli",,,,1,9,21,0,2026-05-11T00:42:08Z,NA,NA,at://did:plc:xl3w4e5jxslqeaglaqit2ql3/app.bsky.feed.post/3mljeatyvs22s,,,,,
at://did:plc:eaeuyrvdlqvjgznelgcdimct/app.bsky.feed.post/3mlk22f7wis2a,bafyreiav2ykaieehmh2gai2j7aem4qwzyfqs3p5i47tcvivztmdwenay2y,madhat59kenwood.bsky.social,Ken Wood part owner of 🇨🇦,It all does not and can not be done over night. Not one bloody Party has a magic wand. Thus instant fix belief is not realistic. #cdnpoli,,,,1,0,1,0,2026-05-11T00:41:10Z,at://did:plc:v3eup4rzroyniw2x7bmsdzgt/app.bsky.feed.post/3mljzf2524s2t,at://did:plc:kx375dszrbvqtu7o4xxxmojn/app.bsky.feed.post/3mlherrqonk2m,NA,,,,,
at://did:plc:ifi6xqgbojwquosnkvzx3gna/app.bsky.feed.post/3mljzvl2w2k24,bafyreiecgqpevvvwat732f4x4ruppvcvkiiscdauu3vetdo3sjlfglaso4,leftcoasttreefrog.bsky.social,Left Coast Tree Frog 🕊️,"Casper the foster mom owl has raised hundreds of rescued owlets as her own.
Casper has been fostering baby owls at a raptor rehabilitation centre in Delta, British Columbia since 1999.
#bcpoli #cdnpoli
www.cbc.ca/news/canada/...",,,,0,6,18,0,2026-05-11T00:38:29Z,NA,NA,NA,,,,,
at://did:plc:ifi6xqgbojwquosnkvzx3gna/app.bsky.feed.post/3mljzj2zz5k2n,bafyreidqjcu7hugzxrovrkkz5ugtq2yuiqryq4kpjm5hc3suxo43sn4vm4,leftcoasttreefrog.bsky.social,Left Coast Tree Frog 🕊️,"Trump's warmongering buddy, Netanyahu suggested that Israel is looking to wean itself off  America's financial support and go it alone 🤥   I’m in no mood for fiction or political theatre from a war criminal, so let’s just skip viewing this rot.
#cdnpoli
www.thedailybeast.com/trumps-war-p...",,,,4,7,25,1,2026-05-11T00:31:29Z,NA,NA,NA,,,,,
at://did:plc:abt5tpb7lqr7vopkrkwfswwq/app.bsky.feed.post/3mljzizmjzf2p,bafyreiemzfb6yhugqzoawe2myw6ik7yy6nfs3rss7co2ruoii3s2slafgq,canadareport.org,Canada Report,"US Stock Futures Slip as US-Iran Deal Hope Fades: Markets Wrap

Canada’s fastest news scan: 25+ headlines, no clutter, updated all day: CanadaReport.org

#cdnpoli #Canada #News #Business #Economy 
Read Original Article 🔗",,,,0,0,0,0,2026-05-11T00:31:27Z,NA,NA,NA,,,,,
at://did:plc:deej5pakczvmljahhvrridlp/app.bsky.feed.post/3mljzgprum22z,bafyreiaxp6e535edhdfcd4hzywr524u42zoo6mekkyxrzjqbhh36ai3rpy,pat112.bsky.social,Pat,"Just a reminder that perseverance often wins the day, plus it feels good to be doing something to send a message. 

#Cdnpoli #Uspoli  #BoycottUSA",,,,3,6,12,0,2026-05-11T00:30:18Z,NA,NA,NA,,,,,
at://did:plc:v3eup4rzroyniw2x7bmsdzgt/app.bsky.feed.post/3mljyu6d5i22t,bafyreihobouxqgrzhyhl2jx5fmxas4rdti5fco2jyzc63vys43ohg2q6lu,spudislander45.bsky.social,Spudislander45 🇨🇦❤️🌎💪🫡,"HELL NO‼️. 

Hands off our #Canada #pension plan and contributions. 

The government needs to support contributions of workers and employers so the small pensions #CPP does provide, allows Canadians to #retire with some source of income to retire with dignity after a lifetime of work. 

#cdnpoli",,,,0,9,17,1,2026-05-11T00:19:48Z,NA,NA,NA,,,,,
at://did:plc:ifi6xqgbojwquosnkvzx3gna/app.bsky.feed.post/3mljyhah2wk2x,bafyreidbivheqok2kezqq4rvhi527rw3sjullpjbl3o6qnfg4unld2guuy,leftcoasttreefrog.bsky.social,Left Coast Tree Frog 🕊️,"Maple Ridge food bank says soaring demand, falling donations forcing difficult decisions.
Friends in Need says it served more than 1,000 households in April as fresh food shortages become more common.
#bcpoli #vanpoli #cdnpoli
www.cbc.ca/news/canada/...",,,,0,2,2,0,2026-05-11T00:12:34Z,NA,NA,NA,,,,,
at://did:plc:52x4hgh43acag3ecs2qi57tr/app.bsky.feed.post/3mljy6xln2s22,bafyreiecxrtz7elypvecmibcnekxekb3a2bv676t6ecukzvoyl4ja6cxre,albertagirl67.bsky.social,albertagirl67 🇨🇦🇺🇦👊🐧🔥,There's 3million people in Alberta to whom this is now an irrelevant question. #cdnpoli,,,,0,1,6,0,2026-05-11T00:07:55Z,NA,NA,at://did:plc:b3nlsopwvdn246ccpxctzsw4/app.bsky.feed.post/3mlgfsrnebb2w,,,,,
at://did:plc:fuak6asmyzr6r34f6er6z4ju/app.bsky.feed.post/3mljxxbk7ts2k,bafyreid555qbqwmq2zjtbcvzkdjtudhpdway5ubquslcx54zk6jeo7swt4,jansplanet.bsky.social,Janet 🇨🇦,"“For single mothers, indeed all women, the failure of the Spring Economic Update to prioritize poverty reduction and economic resilience is further compounded by the government’s austerity efforts that are  eroding access to critical public services.”
#StopCarneysCuts #CdnPoli #Poverty",,,,1,9,20,0,2026-05-11T00:03:39Z,NA,NA,NA,,,,,
at://did:plc:fuu6bocgrf4aonbnu7wkdsy7/app.bsky.feed.post/3mljxw3zsr22e,bafyreihm4ueyzaltecw6qcjoc44sl36vcwb3iowzwnvhp3myfs2mgfkyq4,theubiquitousj-man.bsky.social,The Ubiquitous J-Man,"Classic!
😂

#CdnPoli 🇨🇦
#MapleMAGA🍁
#PierrePoilievreIsLyingToYou🤥
#NeverPoilievre 🚫
#NeverVoteConservative 🚫🗳️",,,,0,0,0,0,2026-05-11T00:02:58Z,at://did:plc:erwcofx42b24pekytwhgwsk3/app.bsky.feed.post/3mjfo4ntjv22c,at://did:plc:erwcofx42b24pekytwhgwsk3/app.bsky.feed.post/3mjfo4ntjv22c,NA,,,,,
at://did:plc:fuu6bocgrf4aonbnu7wkdsy7/app.bsky.feed.post/3mljxtubu2k2e,bafyreiauvvyriny6epbvxz22bkv7u6pn665wjt74dwojk5nvkpynw7d2sa,theubiquitousj-man.bsky.social,The Ubiquitous J-Man,"🤔

#CdnPoli 🇨🇦
#MapleMAGA🍁
#PierrePoilievreIsLyingToYou🤥
#NeverPoilievre 🚫
#NeverVoteConservative 🚫🗳️",,,,1,0,0,0,2026-05-11T00:01:44Z,at://did:plc:dlywvc252kvz4hc4j24jhwh2/app.bsky.feed.post/3mjgepm7uac2p,at://did:plc:dlywvc252kvz4hc4j24jhwh2/app.bsky.feed.post/3mjgepm7uac2p,NA,,,,,
at://did:plc:abt5tpb7lqr7vopkrkwfswwq/app.bsky.feed.post/3mljxtk3p5s2k,bafyreicpaogdranfjgrsdlggnc7xdxvrb2w5heeldlcacp6if5k33bigf4,canadareport.org,Canada Report,"Biopharma giant Sanofi to grow Toronto presence with expanded AI centre

Canada’s fastest news scan: 25+ headlines, no clutter, updated all day: CanadaReport.org

#cdnpoli #Canada #News #Tech #AI 
Read Original Article 🔗",,,,0,0,0,0,2026-05-11T00:01:32Z,NA,NA,NA,,,,,
at://did:plc:mv6loxcddhj3i6pzfvzicc36/app.bsky.feed.post/3mljxrat74k2a,bafyreiakdani4joe33kxwas4a666ghwi5pcsledrxv2wvbonlnxx7baus4,dennisjkoch.bsky.social,"Dennis ""dejay"" Koch"," Good Talk -- Do Canadians Care About Alberta?

The Bridge with Peter Mansbridge

There's a lot happening on the Alberta story and it seems to get messier by the week.  Bruce and Chantal have their Good Talk thoughts on this and more.

#abpoli #ableg #YEG #YYC #Alberta #cdnpoli

youtu.be/5SfAD1Fj83E",,,,1,3,5,0,2026-05-11T00:00:17Z,NA,NA,NA,,,,,
at://did:plc:52x4hgh43acag3ecs2qi57tr/app.bsky.feed.post/3mljxnjleoc22,bafyreievlk7nlimtawtvxmgsvmy3jlb6kogtctiaexnbo3v66ov3us4dbm,albertagirl67.bsky.social,albertagirl67 🇨🇦🇺🇦👊🐧🔥,#cdnpoli,,,,0,0,0,0,2026-05-10T23:58:10Z,NA,NA,at://did:plc:tm7uvmb263f5xymsvximzn4g/app.bsky.feed.post/3mlgvkb3emk2b,,,,,
at://did:plc:r64wzjtkimyq4vkiddzuu6no/app.bsky.feed.post/3mljxkd4mqs2o,bafyreicdvcdhtnf3fu5lwzimfc3nlkkpw3frv3u6oujrgxsofcpyqkbyaq,bcwildfirewkly.bsky.social,BC Wildfire Weekly - Wildfires + More,"CANADA: “Understanding the hantavirus incubation period as cruise ship passengers return” www.ctvnews.ca/video/2026/0... - CTV News

#BCPoli #CDNPoli #Hantavirus #MVHondius cc: #CanaryIslands #Tenerife",,,,0,3,5,0,2026-05-10T23:56:25Z,NA,NA,NA,,,,,
at://did:plc:deej5pakczvmljahhvrridlp/app.bsky.feed.post/3mljxkb6u6s2z,bafyreig2d3vnqinbojfpqjn7qhjmaskqtbbidmqzqlb6vkcibj3c5qtcru,pat112.bsky.social,Pat,"Respect is earned , as is disdain. 

#Cdnpoli #Uspoli #EU",,,,0,0,2,0,2026-05-10T23:56:25Z,NA,NA,NA,,,,,
at://did:plc:deej5pakczvmljahhvrridlp/app.bsky.feed.post/3mljxdsfbik2z,bafyreic2rhvc55ovjdpyzuvxzcdorqtjc4lue42czr6wz5zcpvxhvubew4,pat112.bsky.social,Pat,"Pariah 

#Cdnpoli #Uspoli #EU",,,,0,1,3,0,2026-05-10T23:52:48Z,NA,NA,NA,,,,,
at://did:plc:lanvmgthztbuwa3ieqcrzsys/app.bsky.feed.post/3mljx7z34y22w,bafyreifh3gynixohcfw6ti4wtedbpksaic756dpmjlrfdquzcs62evahva,hab3261.bsky.social,Hazel B. 🇨🇦,This is not going to help us. #ableg #abpoli #cdnpoli,,,,1,13,23,0,2026-05-10T23:50:41Z,NA,NA,NA,,,,,
at://did:plc:r64wzjtkimyq4vkiddzuu6no/app.bsky.feed.post/3mljx4olmws2o,bafyreibydaprcw56umjszypc4kkgvqwwuuykjvdwxehvvy5nt53c7lvp5a,bcwildfirewkly.bsky.social,BC Wildfire Weekly - Wildfires + More,"“Dr. Bonnie Henry has issued a statement about the arrival of four Canadians from the cruise ship MV Hondius in B.C.” vancouver.citynews.ca/2026/05/10/b... - @citynewsvancouver.bsky.social 

#BCPoli #CDNPoli #Hantavirus #MVHondius cc: #CanaryIslands #Tenerife",,,,1,0,4,0,2026-05-10T23:48:48Z,NA,NA,NA,,,,,
at://did:plc:r64wzjtkimyq4vkiddzuu6no/app.bsky.feed.post/3mljwsundik2o,bafyreiclphmwz26sxhcr74fuxearab7hawot2kefowcciteeay63vvplru,bcwildfirewkly.bsky.social,BC Wildfire Weekly - Wildfires + More,"“The boost over the last two years comes as the world grapples with major armed conflicts and geopolitical uncertainty, and as Canada commits billions in new military funding after years of falling short of its Nato obligations.” www.bbc.com/news/article... - BBC News

#CanadianForces #CDNPoli #NATO",,,,1,3,2,0,2026-05-10T23:43:18Z,NA,NA,NA,,,,,
at://did:plc:52x4hgh43acag3ecs2qi57tr/app.bsky.feed.post/3mljwmh2ssc22,bafyreihuzqusjvbttle4emllw4wvhxsj36lov2eorfmuugxpgcysfjnjvq,albertagirl67.bsky.social,albertagirl67 🇨🇦🇺🇦👊🐧🔥,#abpoli #cdnpoli,,,,0,2,3,0,2026-05-10T23:39:40Z,NA,NA,at://did:plc:serlxfuuco5zwtgjbezfqib5/app.bsky.feed.post/3mljbi6wnn22i,,,,,
at://did:plc:k5zp2oxoeyf7fsvj2ijmcbve/app.bsky.feed.post/3mljw7yxkkc2v,bafyreiglmf66p2pymdg24u5bl3julomv5y45rmomal5nwenork32eeyoxa,laurenshirleyj.bsky.social,LaurenSJ,"He might dive even further after the Freedom Conference...
""We won’t dive into editorials here, but the data speak for themselves: this may be the lowest point for Poilievre’s CPC since 2022."" #cdnpoli",,,,1,2,5,0,2026-05-10T23:32:45Z,NA,NA,NA,,,,,
at://did:plc:abt5tpb7lqr7vopkrkwfswwq/app.bsky.feed.post/3mljw5v2pdp2z,bafyreihyhaqj3hsdj57z46g7pe4x5y6kze4j46m6v6wkbycw7xavkmq23m,canadareport.org,Canada Report,"Momentum-Obsessed Traders Seek Clues on Iran Truce

Canada’s fastest news scan: 25+ headlines, no clutter, updated all day: CanadaReport.org

#cdnpoli #Canada #News #Business #Economy 
Read Original Article 🔗",,,,0,0,1,0,2026-05-10T23:31:32Z,NA,NA,NA,,,,,
at://did:plc:r64wzjtkimyq4vkiddzuu6no/app.bsky.feed.post/3mljvwclehs2o,bafyreiaqmbmthxqd24y4gazcdnhr6plpjk5wuxplniywxv7t755nwtrp2q,bcwildfirewkly.bsky.social,BC Wildfire Weekly - Wildfires + More,"“4 Canadians isolating from hantavirus cruise in ‘critical period’ B.C. top doctor” globalnews.ca/news/1184261... - Global News

#BCPoli #CanaryIslands #CDNPoli #Hantavirus #MVHondius #Tenerife",,,,0,1,5,0,2026-05-10T23:27:18Z,NA,NA,NA,,,,,
at://did:plc:gva6uzmzlyxlecg7jlzozzfs/app.bsky.feed.post/3mljvuu4yyk2y,bafyreightmxrjwohke5y4xemen6toc75v27b47hq5ilcpgwkqe6ozkektu,jamiemackinnon.bsky.social,Jamie MacKinnon🇨🇦,"www.politico.eu/article/hels...

""The limits were enforced with 70 new speed cameras, and a policing strategy.""

#ONpoli
#Cdnpoli
#Ottawa
#Toronto
#Montreal
#Calgary
#cars",,,,1,12,24,4,2026-05-10T23:26:30Z,NA,NA,NA,,,,,
at://did:plc:r64wzjtkimyq4vkiddzuu6no/app.bsky.feed.post/3mljvhjizpk2o,bafyreidn6kq26vcyehhmjpfcewqqxllukbpfthatjx6varfdoh54mnv4fm,bcwildfirewkly.bsky.social,BC Wildfire Weekly - Wildfires + More,"“The four Canadian citizens who were aboard a cruise ship stricken by a rare hantavirus outbreak are being flown to British Columbia, according to the federal government.” www.cbc.ca/news/canada/... - CBC British Columbia 

#BCPoli #CDNPoli #Hantavirus #MVHondius cc: #CanaryIslands #Tenerife",,,,0,1,1,0,2026-05-10T23:19:05Z,NA,NA,NA,,,,,
at://did:plc:ovf5l46vctrnscii22bmlzud/app.bsky.feed.post/3mljv7wnztk2a,bafyreibrrjff76ykbheevjfo5r6eushdxq5jouq6iltthgmt4bwb23mery,lisa1111can.bsky.social,Lisa E 🇨🇦,"#DanielleSmithIsaLIAR
#UCPCorruption
#abpoli
#Cdnpoli",,,,0,1,2,0,2026-05-10T23:14:48Z,NA,NA,at://did:plc:rsvzkqxa2xdojwmjljqzs4ik/app.bsky.feed.post/3mlhpkyimrc24,,,,,
at://did:plc:x2fori67bggzcj2a6c7sj6ur/app.bsky.feed.post/3mljuthc7qc2w,bafyreic4zuhatuhpxrkyj25cnncqfwdalnx7zhzns74u5izcjtjqcero4e,jimmydp01.bsky.social,J Payne,"Canada show your generosity and  ❤️ 

#Elbowsup for the great People of Gaza Palestine who are facing the unfathomable and could use a hand up by supporting this very important initiative;

#Gaza #Palestine 
#Cdnpoli #BCPoli

www.gofundme.com/f/support-be...",,,,0,0,0,0,2026-05-10T23:07:50Z,NA,NA,NA,,,,,
at://did:plc:x2fori67bggzcj2a6c7sj6ur/app.bsky.feed.post/3mljurp5mjk2w,bafyreicuoq3cyxyjxarddvwmmftfvamsgmjt6nvr5nklpfhajhuv52uqxu,jimmydp01.bsky.social,J Payne,"● Expell Israel's Ambassador to Canada and the consulate staff home for consultation. 

● Demand a full and real ceasefire without any conditions. 

● Boycott, divest and sanction the Israelis economy. 

#ICC #ICJ #BDS

#genocide 
#Cdnpoli
#Gaza #Palestine",,,,0,0,0,0,2026-05-10T23:06:50Z,at://did:plc:x2fori67bggzcj2a6c7sj6ur/app.bsky.feed.post/3mljuo6s6ss2w,at://did:plc:x2fori67bggzcj2a6c7sj6ur/app.bsky.feed.post/3mljuo6s6ss2w,NA,,,,,
at://did:plc:x2fori67bggzcj2a6c7sj6ur/app.bsky.feed.post/3mljuqitozs2w,bafyreidca45a22n6x3xaiidinhi4g76xiuey7b5lq2ohlpxrif65uaolle,jimmydp01.bsky.social,J Payne,"The five banks named in the fund’s statement were;

● Hapoalim

● Bank Leumi

● Mizrahi Tefahot Bank

● First International Bank of Israel 

● FIBI Holdings 

#ethniccleansing

#ICC #ICJ #BDS 

#genocide 
#Cdnpoli
#Gaza #Palestine",,,,0,0,0,0,2026-05-10T23:06:09Z,at://did:plc:x2fori67bggzcj2a6c7sj6ur/app.bsky.feed.post/3mljuo6s6ss2w,at://did:plc:x2fori67bggzcj2a6c7sj6ur/app.bsky.feed.post/3mljuo6s6ss2w,NA,,,,,
at://did:plc:x2fori67bggzcj2a6c7sj6ur/app.bsky.feed.post/3mljupteqmc2w,bafyreiebwmj565f7iln45jjfmfvmxgq5garfa3555eim65nff7voackvxe,jimmydp01.bsky.social,J Payne,"● Expell the Israeli Ambassador to Canada for the crime of genocide against the Palestinians.

●  An EMBARGO on everything Israeli, domestic or military, services and parts and partnerships

● Canada could lead a UN Peace Mission to implement a Real ceasefire without any conditions

#Cdnpoli",,,,0,0,0,0,2026-05-10T23:05:47Z,at://did:plc:x2fori67bggzcj2a6c7sj6ur/app.bsky.feed.post/3mljuo6s6ss2w,at://did:plc:x2fori67bggzcj2a6c7sj6ur/app.bsky.feed.post/3mljuo6s6ss2w,NA,,,,,
at://did:plc:x2fori67bggzcj2a6c7sj6ur/app.bsky.feed.post/3mljupgzvts2w,bafyreib4trxy5c5tdydhqmqfakqeiaoej5ogsqadko4zfonaazk6hkxifa,jimmydp01.bsky.social,J Payne,"#Cdnpoli 
#Gaza #Palestine 

#UNRWA 

● Make the perpetrators the USA & Israel pay for reconstruction of Gaza. 

● acknowledge & respect 1947 boundaries or leave Palestine. 

● Netanyahu is a wanted criminal. He and the Israelis should be held to account.",,,,0,0,0,0,2026-05-10T23:05:34Z,at://did:plc:x2fori67bggzcj2a6c7sj6ur/app.bsky.feed.post/3mljuo6s6ss2w,at://did:plc:x2fori67bggzcj2a6c7sj6ur/app.bsky.feed.post/3mljuo6s6ss2w,NA,,,,,
at://did:plc:x2fori67bggzcj2a6c7sj6ur/app.bsky.feed.post/3mljuo6s6ss2w,bafyreibkkt7b5ncvkwsq4xaxvlfseljeqvyfcyrmej4bvp2i54tpx3reke,jimmydp01.bsky.social,J Payne,""" His son, Mohammed, said the burial had been coordinated in advance with Israeli security forces, which provided all necessary permits. ""

@mark-carney.bsky.social 
@anitaoakvilleeast.bsky.social 

#ICC #ICJ 

#Gaza #Palestine 
#Cdnpoli #BCPoli

www.aljazeera.com/news/2026/5/...",,,,4,0,0,0,2026-05-10T23:04:55Z,NA,NA,NA,,,,,
at://did:plc:lanvmgthztbuwa3ieqcrzsys/app.bsky.feed.post/3mljulvnpck2r,bafyreia6gzadkt5e335gxgf75acoe3fhbg2uir6xlctvefg3soe5ol5wa4,hab3261.bsky.social,Hazel B. 🇨🇦,It’s been 11 days since Albertans learned their voter data was breached — and Danielle Smith remains silent. No public address. No accountability. #ableg #abpoli #cdnpoli #VoterDataBreach #UCPCorruption #LeadershipFail,,,,7,38,61,3,2026-05-10T23:03:40Z,NA,NA,NA,,,,,
at://did:plc:x2fori67bggzcj2a6c7sj6ur/app.bsky.feed.post/3mljujn4iyc2w,bafyreid67jokjwkeghhwsq2j6yufazb3uwdyhkhhqp26v472k74wswy4uu,jimmydp01.bsky.social,J Payne,""" ... without warning an Israeli warplane struck, bringing his family’s multistorey building down on top of them ... ""

@mark-carney.bsky.social 
@anitaoakvilleeast.bsky.social 
@eleanorolszewski.bsky.social 

#ICC #ICJ 

#Gaza #Palestine 
#Cdnpoli

www.aljazeera.com/features/202...",,,,0,0,0,0,2026-05-10T23:02:20Z,NA,NA,NA,,,,,
at://did:plc:r64wzjtkimyq4vkiddzuu6no/app.bsky.feed.post/3mljuj565wk2o,bafyreiftajz7tsqdptjyryr22bkun2lbetuhcpaainaybjnshkuhkvwjri,bcwildfirewkly.bsky.social,BC Wildfire Weekly - Wildfires + More,"“Transport Canada’s Office of Boating Safety is responsible for overseeing regulations, standards and policies, enforcement and technical services for recreational vessels.” tc.canada.ca/en/marine-tr... - Transport Canada

FR: tc.canada.ca/fr/transport...

#BoatingSafety #CDNPoli

2/2",,,,0,0,1,0,2026-05-10T23:02:05Z,at://did:plc:r64wzjtkimyq4vkiddzuu6no/app.bsky.feed.post/3mljuf4rr6k2o,at://did:plc:r64wzjtkimyq4vkiddzuu6no/app.bsky.feed.post/3mljuf4rr6k2o,NA,,,,,
at://did:plc:abt5tpb7lqr7vopkrkwfswwq/app.bsky.feed.post/3mljuhwucgj2z,bafyreieq4634zgkoigjz4n6vggfu3xgkbemoh6kvkj744nv3gkaifra5jm,canadareport.org,Canada Report,"Canada’s real workforce crisis isn’t AI, it’s the entry-level experience gap

Canada’s fastest news scan: 25+ headlines, no clutter, updated all day: CanadaReport.org

#cdnpoli #Canada #News #Tech #AI 
Read Original Article 🔗",,,,0,0,0,0,2026-05-10T23:01:22Z,NA,NA,NA,,,,,
at://did:plc:kqqydztpv6lrkmynvlo7zsru/app.bsky.feed.post/3mlju7vplzs2q,bafyreig5ko3gdi763zlot3llkyrtnrf7oiii4n364tjpv3pzifcdgtwo4y,kaicable.bsky.social,"Kai, a very old GenX 🇨🇦","Const. Samuel Culic should have been fired for taking and sharing sexualized photos of a female prisoner.

Instead he was given a 40 day paid vacation by other cops looking into the matter.

It's no wonder many Canadians don't trust cops.

#corruption #graft #RCMP
#bcpoli #abpoli #cdnpoli #canada",,,,0,0,4,0,2026-05-10T22:56:52Z,NA,NA,at://did:plc:owyl5siz6ibqxwxls4szerlx/app.bsky.feed.post/3mljglya4kc2a,,,,,
at://did:plc:v3eup4rzroyniw2x7bmsdzgt/app.bsky.feed.post/3mlju6h367s22,bafyreidoykrfubvmm4xhjy3ok7i4b3tzamnafyqecnymur3b3red3mdxym,spudislander45.bsky.social,Spudislander45 🇨🇦❤️🌎💪🫡,"Canadian govt needs to treat this with the seriousness it demands. 

I agree the tech companies must follow our laws.  Cdn must enforce them  

MPSolomon is far too cavalier 

#cdnpoli #OpenAi #PrivacyLaws",,,,3,10,17,2,2026-05-10T22:56:05Z,NA,NA,NA,,,,,
at://did:plc:bqvcoxdpr4lp3qmq5cng2w4i/app.bsky.feed.post/3mlju5hh2jk2x,bafyreih453p6itlytptpi7spahpmynbjkzgboinpttlpbmjcb2c3vhjvn4,ogcanada.bsky.social,Unapologetic Lee 🇨🇦,"Mothers make up almost  82% of single parent families in Canada, that’s over 1.5 million moms doing it alone. #mothersday #cdnpoli 

I hope someone recognized you today.",,,,0,13,30,0,2026-05-10T22:55:31Z,NA,NA,NA,,,,,
at://did:plc:h3y7rhw6ao6nk5mmuskplxco/app.bsky.feed.post/3mljtwaez5k2n,bafyreieruqkqz3bdnu73kgzlc2hboxvhrinjzcunuj6s2z3lhmmhcss2ie,brainiackim.bsky.social,Brainiac Kim 🇨🇦,"In Canada, women can take 1.5 yrs off for maternity leave, at a reduced income. So a woman who has 5 yrs at an organization could in reality only have 2 yrs of actual work experience. At the federal government, many women don't really work, they take the 90% pay for being away on mat leave. #cdnpoli",,,,0,0,0,0,2026-05-10T22:51:28Z,NA,NA,NA,,,,,
at://did:plc:kqqydztpv6lrkmynvlo7zsru/app.bsky.feed.post/3mljtmms4ik2q,bafyreiex7vekjovpr4lumiml23cxy5fjfmdpt6hmhljjorkipcqi5pjnvu,kaicable.bsky.social,"Kai, a very old GenX 🇨🇦","Should Canada also be worried about the national security risks of US EVs from a clearly hostile nation on our border?

I think much more so.

#cdnpoli #canada
#boycottusa",,,,1,0,4,0,2026-05-10T22:46:06Z,NA,NA,at://did:plc:7clmz2hekkwvdy5xwo5vqtk2/app.bsky.feed.post/3mljti6as6t2d,,,,,
at://did:plc:oqrlb6ouek7aa3bthvddehv3/app.bsky.feed.post/3mljt3ipqxc2q,bafyreigygrk5yx2hrv2zomalgwk27svbalmixmrdrtwrsbybuj6iked3ni,caff3.bsky.social,,"No security PP is meeting secretly with US persons.????
#cdnpoli",,,,0,0,0,0,2026-05-10T22:36:28Z,NA,NA,at://did:plc:fsnjqjjaydqcccikgspjakff/app.bsky.feed.post/3mlgu66n3qk2n,,,,,
at://did:plc:abt5tpb7lqr7vopkrkwfswwq/app.bsky.feed.post/3mljssiv7oq2z,bafyreiaafxzf2y243wrqgg27feisbwmkyegivpxatp7eiopcz2hvo2erga,canadareport.org,Canada Report,"Trump Aims to Press Xi Over China’s Approach to War in Iran

Canada’s fastest news scan: 25+ headlines, no clutter, updated all day: CanadaReport.org

#cdnpoli #Canada #News #Business #Economy 
Read Original Article 🔗",,,,0,0,0,0,2026-05-10T22:31:29Z,NA,NA,NA,,,,,
at://did:plc:bwv6gvaroufvze76wapwrwyk/app.bsky.feed.post/3mljsnh4ggc24,bafyreifauds42xnglwxqztwqbybnk5nh3rk7r3q7tcz2ofwgnnyfr6ycee,hasmanian.bsky.social,Hasmanian ,"Considering strained ties, US senator should be cautious of telling Canada what to do. Especially when the US government's Cloud Act makes them exactly as untrustworthy as the Chinese government.
#cdnpoli",,,,0,0,0,0,2026-05-10T22:28:41Z,NA,NA,NA,,,,,
at://did:plc:re7tflvczjceanwkco2bseqb/app.bsky.feed.post/3mljs3iynws2a,bafyreicectjzaben54gwietxtwxllweu33qmcu5437xcpndsk6z4s47i5q,bella-andme.bsky.social,Sherry Lee,"“It is unclear if Erskine-Smith still intends to launch that leadership bid. He is, however, raising the possibility of challenging the results of Hafiz’s narrow win -- Erskine-Smith said he lost by 19 votes among more than 1,400 cast.”

19 votes? 
#onpoli #cdnpoli

www.ctvnews.ca/toronto/poli...",,,,0,0,2,0,2026-05-10T22:18:38Z,NA,NA,NA,,,,,
at://did:plc:ekew4wtc2m4ctroumek7kr4l/app.bsky.feed.post/3mljrscp5lk2c,bafyreiah667fp7t5rrrsrgtjisyzng2zoiichjelyzdjgjj73rbmrmsove,schmutzie.com,Schmutzie.,#CdnPoli #CanPoli,,,,0,2,8,0,2026-05-10T22:13:28Z,NA,NA,at://did:plc:serlxfuuco5zwtgjbezfqib5/app.bsky.feed.post/3mljbi6wnn22i,,,,,
at://did:plc:robz445cug55h632frrf7yjt/app.bsky.feed.post/3mljrnx6an22h,bafyreifn6ehlylyce3sj4bsdfzxnxqixldy5ngrjuzyaa7xwayrkt3jihu,johnqpublic.bsky.social,John Q Public,"Remember Hosers, many of these “Alberta Separatist” accounts are paid foreign fakes.

They are professional bad actors that amplify disinformation to sow division in Canada, just like the convoy.

#foreverCanada
#never51
#abpoli
#cdnpoli",,,,0,5,3,0,2026-05-10T22:11:04Z,NA,NA,NA,,,,,
at://did:plc:sywtwkbhpdibiprqvv7epcto/app.bsky.feed.post/3mljrgxkr2c22,bafyreigavzgesk2ajdbasrlsbjq44najvmiarm5zed2jrge3qugil7chpy,elliott4mp.bsky.social,"Derek Elliott, Libertarian","Trading your data for a deal at a shop is a choice you make. But being threatened with a fine by the government for those same details is just wrong.
You own your info and you should be the one to decide who gets to see it.
Let’s make it voluntary. 
#cdnpoli #census #libertarian",,,,1,1,2,0,2026-05-10T22:07:13Z,NA,NA,NA,,,,,
at://did:plc:oqrlb6ouek7aa3bthvddehv3/app.bsky.feed.post/3mljrd5scjk2q,bafyreihoqu4dpyw3qvu346tx7gcd26rrsfsbpipqlh5iz7ci2jkuhw77zm,caff3.bsky.social,,"🍁No security Pierre is meeting with several US 
representatives this weekend.  No security threat.
No security Pierre is a potential threat.  He may not even know it.  Security threats are popping up in CPC.  Lots of 'secret' meetings with foreigners.  Shhhh!
#cdnpoli",,,,0,0,0,0,2026-05-10T22:04:58Z,NA,NA,NA,,,,,
at://did:plc:abt5tpb7lqr7vopkrkwfswwq/app.bsky.feed.post/3mljr4t3jxw2k,bafyreieiu5xmxviij6sxs2b6j6aplzbcxnwquy7c4mylteiashgkajliw4,canadareport.org,Canada Report,"Alison Kaizer says founders must build hiring muscles in the AI era

Canada’s fastest news scan: 25+ headlines, no clutter, updated all day: CanadaReport.org

#cdnpoli #Canada #News #Tech #AI 
Read Original Article 🔗",,,,0,0,0,0,2026-05-10T22:01:28Z,NA,NA,NA,,,,,
at://did:plc:ruhwgda4uh6aaj4qe5ncapj3/app.bsky.feed.post/3mljqxrdkjc2b,bafyreift52q5nok725qpp2yamprmdegfxgtyyp6dvup6oiog4hrgkflnsa,neilforreal.bsky.social,Neil,"The Alberta separatist movement is being stoked by Russian misinformation and funded by MAGA money. The company you keep ... 
#abpoli #cdnpoli",,,,1,3,8,0,2026-05-10T21:58:38Z,NA,NA,at://did:plc:xl3w4e5jxslqeaglaqit2ql3/app.bsky.feed.post/3mljeatyvs22s,,,,,
